14:36:08.414 debug: 2026/8/31 14:36:08
14:36:08.415 debug: Project: D:\GameByself\Cocos\Project1
14:36:08.415 debug: Targets: editor,preview
14:36:08.428 debug: Incremental file seems great.
14:36:08.429 debug: Engine path: C:\ProgramData\cocos\editors\Creator\3.8.8\resources\resources\3d\engine
14:36:08.441 debug: Initializing target [Editor]
14:36:08.441 debug: Loading cache
14:36:08.491 debug: Loading cache costs 50.14990000000034ms.
14:36:08.492 debug: Engine features shipped in editor: base,gfx-webgl,gfx-webgl2,gfx-empty,gfx-webgpu,3d,animation,skeletal-animation,2d,rich-text,mask,graphics,ui-skew,ui,affine-transform,sorting-2d,particle,particle-2d,physics-framework,physics-cannon,physics-physx,physics-ammo,physics-builtin,physics-2d-framework,physics-2d-box2d-jsb,physics-2d-box2d,physics-2d-builtin,physics-2d-box2d-wasm,intersection-2d,primitive,profiler,occlusion-query,geometry-renderer,debug-renderer,audio,video,xr,light-probe,terrain,webview,tween,tiled-map,vendor-google,spine-3.8,spine-4.2,dragon-bones,marionette,procedural-animation,custom-pipeline,custom-pipeline-builtin-scripts,custom-pipeline-post-process,legacy-pipeline,websocket,websocket-server,meshopt
14:36:08.492 debug: Our import map(foo:/bar): {
  "imports": {
    "cc": "cce:/internal/x/cc"
  }
}
14:36:08.492 debug: Initializing target [Preview]
14:36:08.492 debug: Loading cache
14:36:08.565 debug: Loading cache costs 73.03549999999996ms.
14:36:08.566 debug: Our import map(foo:/bar): {
  "imports": {
    "cc": "cce:/internal/x/cc"
  }
}
14:36:08.639 debug: Sync engine features: 2d,3d,affine-transform,animation,audio,base,custom-pipeline,dragon-bones,gfx-webgl,graphics,intersection-2d,light-probe,marionette,mask,particle,particle-2d,physics-2d-box2d,physics-ammo,primitive,profiler,rich-text,skeletal-animation,spine-3.8,terrain,tiled-map,tween,ui,ui-skew,video,websocket,webview
14:36:08.643 debug: Reset databases. Enumerated domains: [
  {
    "root": "db://internal/",
    "physical": "C:\\ProgramData\\cocos\\editors\\Creator\\3.8.8\\resources\\resources\\3d\\engine\\editor\\assets"
  },
  {
    "root": "db://assets/",
    "physical": "D:\\GameByself\\Cocos\\Project1\\assets"
  }
]
14:36:08.644 debug: Our import map(foo:/bar): {
  "imports": {
    "cc": "cce:/internal/x/cc",
    "db://internal/": "file:///C:/ProgramData/cocos/editors/Creator/3.8.8/resources/resources/3d/engine/editor/assets/",
    "db://assets/": "file:///D:/GameByself/Cocos/Project1/assets/"
  }
}
14:36:08.646 debug: Our import map(foo:/bar): {
  "imports": {
    "cc": "cce:/internal/x/cc",
    "db://internal/": "file:///C:/ProgramData/cocos/editors/Creator/3.8.8/resources/resources/3d/engine/editor/assets/",
    "db://assets/": "file:///D:/GameByself/Cocos/Project1/assets/"
  }
}
14:36:08.647 debug: Pulling asset-db.
14:36:08.654 debug: Fetch asset-db cost: 6.482500000000073ms.
14:36:08.657 debug: Build iteration starts.
Number of accumulated asset changes: 7
Feature changed: false
14:36:08.657 debug: Target(editor) build started.
14:36:08.662 debug: Detected change: cce:/internal/x/cc. Last mtime: Thu Jan 01 1970 08:00:06 GMT+0800 (中国标准时间), Current mtime: Thu Jan 01 1970 08:00:13 GMT+0800 (中国标准时间)
14:36:08.663 debug: Inspect cce:/internal/x/cc
14:36:08.737 debug: transform url: 'cce:/internal/x/cc' costs: 74.60 ms
14:36:08.740 debug: Resolve cce:/internal/x/cc-fu/base from cce:/internal/x/cc as external dependency cce:/internal/x/cc-fu/base.
14:36:08.740 debug: Resolve cce:/internal/x/cc-fu/gfx-webgl from cce:/internal/x/cc as external dependency cce:/internal/x/cc-fu/gfx-webgl.
14:36:08.741 debug: Resolve cce:/internal/x/cc-fu/gfx-webgl2 from cce:/internal/x/cc as external dependency cce:/internal/x/cc-fu/gfx-webgl2.
14:36:08.741 debug: Resolve cce:/internal/x/cc-fu/gfx-empty from cce:/internal/x/cc as external dependency cce:/internal/x/cc-fu/gfx-empty.
14:36:08.741 debug: Resolve cce:/internal/x/cc-fu/gfx-webgpu from cce:/internal/x/cc as external dependency cce:/internal/x/cc-fu/gfx-webgpu.
14:36:08.741 debug: Resolve cce:/internal/x/cc-fu/3d from cce:/internal/x/cc as external dependency cce:/internal/x/cc-fu/3d.
14:36:08.741 debug: Resolve cce:/internal/x/cc-fu/animation from cce:/internal/x/cc as external dependency cce:/internal/x/cc-fu/animation.
14:36:08.742 debug: Resolve cce:/internal/x/cc-fu/skeletal-animation from cce:/internal/x/cc as external dependency cce:/internal/x/cc-fu/skeletal-animation.
14:36:08.742 debug: Resolve cce:/internal/x/cc-fu/2d from cce:/internal/x/cc as external dependency cce:/internal/x/cc-fu/2d.
14:36:08.742 debug: Resolve cce:/internal/x/cc-fu/sorting from cce:/internal/x/cc as external dependency cce:/internal/x/cc-fu/sorting.
14:36:08.742 debug: Resolve cce:/internal/x/cc-fu/rich-text from cce:/internal/x/cc as external dependency cce:/internal/x/cc-fu/rich-text.
14:36:08.742 debug: Resolve cce:/internal/x/cc-fu/mask from cce:/internal/x/cc as external dependency cce:/internal/x/cc-fu/mask.
14:36:08.742 debug: Resolve cce:/internal/x/cc-fu/graphics from cce:/internal/x/cc as external dependency cce:/internal/x/cc-fu/graphics.
14:36:08.742 debug: Resolve cce:/internal/x/cc-fu/ui-skew from cce:/internal/x/cc as external dependency cce:/internal/x/cc-fu/ui-skew.
14:36:08.742 debug: Resolve cce:/internal/x/cc-fu/ui from cce:/internal/x/cc as external dependency cce:/internal/x/cc-fu/ui.
14:36:08.743 debug: Resolve cce:/internal/x/cc-fu/affine-transform from cce:/internal/x/cc as external dependency cce:/internal/x/cc-fu/affine-transform.
14:36:08.743 debug: Resolve cce:/internal/x/cc-fu/sorting-2d from cce:/internal/x/cc as external dependency cce:/internal/x/cc-fu/sorting-2d.
14:36:08.743 debug: Resolve cce:/internal/x/cc-fu/particle from cce:/internal/x/cc as external dependency cce:/internal/x/cc-fu/particle.
14:36:08.743 debug: Resolve cce:/internal/x/cc-fu/particle-2d from cce:/internal/x/cc as external dependency cce:/internal/x/cc-fu/particle-2d.
14:36:08.743 debug: Resolve cce:/internal/x/cc-fu/physics-framework from cce:/internal/x/cc as external dependency cce:/internal/x/cc-fu/physics-framework.
14:36:08.743 debug: Resolve cce:/internal/x/cc-fu/physics-cannon from cce:/internal/x/cc as external dependency cce:/internal/x/cc-fu/physics-cannon.
14:36:08.743 debug: Resolve cce:/internal/x/cc-fu/physics-physx from cce:/internal/x/cc as external dependency cce:/internal/x/cc-fu/physics-physx.
14:36:08.743 debug: Resolve cce:/internal/x/cc-fu/physics-ammo from cce:/internal/x/cc as external dependency cce:/internal/x/cc-fu/physics-ammo.
14:36:08.743 debug: Resolve cce:/internal/x/cc-fu/physics-builtin from cce:/internal/x/cc as external dependency cce:/internal/x/cc-fu/physics-builtin.
14:36:08.743 debug: Resolve cce:/internal/x/cc-fu/physics-2d-framework from cce:/internal/x/cc as external dependency cce:/internal/x/cc-fu/physics-2d-framework.
14:36:08.743 debug: Resolve cce:/internal/x/cc-fu/physics-2d-box2d-jsb from cce:/internal/x/cc as external dependency cce:/internal/x/cc-fu/physics-2d-box2d-jsb.
14:36:08.743 debug: Resolve cce:/internal/x/cc-fu/physics-2d-box2d from cce:/internal/x/cc as external dependency cce:/internal/x/cc-fu/physics-2d-box2d.
14:36:08.743 debug: Resolve cce:/internal/x/cc-fu/physics-2d-builtin from cce:/internal/x/cc as external dependency cce:/internal/x/cc-fu/physics-2d-builtin.
14:36:08.743 debug: Resolve cce:/internal/x/cc-fu/physics-2d-box2d-wasm from cce:/internal/x/cc as external dependency cce:/internal/x/cc-fu/physics-2d-box2d-wasm.
14:36:08.743 debug: Resolve cce:/internal/x/cc-fu/intersection-2d from cce:/internal/x/cc as external dependency cce:/internal/x/cc-fu/intersection-2d.
14:36:08.743 debug: Resolve cce:/internal/x/cc-fu/primitive from cce:/internal/x/cc as external dependency cce:/internal/x/cc-fu/primitive.
14:36:08.744 debug: Resolve cce:/internal/x/cc-fu/profiler from cce:/internal/x/cc as external dependency cce:/internal/x/cc-fu/profiler.
14:36:08.744 debug: Resolve cce:/internal/x/cc-fu/geometry-renderer from cce:/internal/x/cc as external dependency cce:/internal/x/cc-fu/geometry-renderer.
14:36:08.744 debug: Resolve cce:/internal/x/cc-fu/audio from cce:/internal/x/cc as external dependency cce:/internal/x/cc-fu/audio.
14:36:08.744 debug: Resolve cce:/internal/x/cc-fu/video from cce:/internal/x/cc as external dependency cce:/internal/x/cc-fu/video.
14:36:08.744 debug: Resolve cce:/internal/x/cc-fu/xr from cce:/internal/x/cc as external dependency cce:/internal/x/cc-fu/xr.
14:36:08.744 debug: Resolve cce:/internal/x/cc-fu/light-probe from cce:/internal/x/cc as external dependency cce:/internal/x/cc-fu/light-probe.
14:36:08.744 debug: Resolve cce:/internal/x/cc-fu/terrain from cce:/internal/x/cc as external dependency cce:/internal/x/cc-fu/terrain.
14:36:08.744 debug: Resolve cce:/internal/x/cc-fu/webview from cce:/internal/x/cc as external dependency cce:/internal/x/cc-fu/webview.
14:36:08.744 debug: Resolve cce:/internal/x/cc-fu/tween from cce:/internal/x/cc as external dependency cce:/internal/x/cc-fu/tween.
14:36:08.744 debug: Resolve cce:/internal/x/cc-fu/tiled-map from cce:/internal/x/cc as external dependency cce:/internal/x/cc-fu/tiled-map.
14:36:08.744 debug: Resolve cce:/internal/x/cc-fu/vendor-google from cce:/internal/x/cc as external dependency cce:/internal/x/cc-fu/vendor-google.
14:36:08.744 debug: Resolve cce:/internal/x/cc-fu/spine from cce:/internal/x/cc as external dependency cce:/internal/x/cc-fu/spine.
14:36:08.744 debug: Resolve cce:/internal/x/cc-fu/dragon-bones from cce:/internal/x/cc as external dependency cce:/internal/x/cc-fu/dragon-bones.
14:36:08.744 debug: Resolve cce:/internal/x/cc-fu/custom-pipeline from cce:/internal/x/cc as external dependency cce:/internal/x/cc-fu/custom-pipeline.
14:36:08.745 debug: Resolve cce:/internal/x/cc-fu/custom-pipeline-post-process from cce:/internal/x/cc as external dependency cce:/internal/x/cc-fu/custom-pipeline-post-process.
14:36:08.745 debug: Resolve cce:/internal/x/cc-fu/legacy-pipeline from cce:/internal/x/cc as external dependency cce:/internal/x/cc-fu/legacy-pipeline.
14:36:08.745 debug: Detected change: cce:/internal/x/prerequisite-imports. Last mtime: Thu Jan 01 1970 08:36:30 GMT+0800 (中国标准时间), Current mtime: Thu Jan 01 1970 08:00:13 GMT+0800 (中国标准时间)
14:36:08.745 debug: Inspect cce:/internal/x/prerequisite-imports
14:36:08.777 debug: transform url: 'cce:/internal/x/prerequisite-imports' costs: 31.60 ms
14:36:08.781 debug: Resolve file:///C:/ProgramData/cocos/editors/Creator/3.8.8/resources/resources/3d/engine/editor/assets/default_renderpipeline/builtin-dof-pass.ts from cce:/internal/x/prerequisite-imports as file:///C:/ProgramData/cocos/editors/Creator/3.8.8/resources/resources/3d/engine/editor/assets/default_renderpipeline/builtin-dof-pass.ts.
14:36:08.782 debug: Resolve file:///C:/ProgramData/cocos/editors/Creator/3.8.8/resources/resources/3d/engine/editor/assets/default_renderpipeline/builtin-pipeline-pass.ts from cce:/internal/x/prerequisite-imports as file:///C:/ProgramData/cocos/editors/Creator/3.8.8/resources/resources/3d/engine/editor/assets/default_renderpipeline/builtin-pipeline-pass.ts.
14:36:08.783 debug: Resolve file:///C:/ProgramData/cocos/editors/Creator/3.8.8/resources/resources/3d/engine/editor/assets/default_renderpipeline/builtin-pipeline-settings.ts from cce:/internal/x/prerequisite-imports as file:///C:/ProgramData/cocos/editors/Creator/3.8.8/resources/resources/3d/engine/editor/assets/default_renderpipeline/builtin-pipeline-settings.ts.
14:36:08.785 debug: Resolve file:///C:/ProgramData/cocos/editors/Creator/3.8.8/resources/resources/3d/engine/editor/assets/default_renderpipeline/builtin-pipeline-types.ts from cce:/internal/x/prerequisite-imports as file:///C:/ProgramData/cocos/editors/Creator/3.8.8/resources/resources/3d/engine/editor/assets/default_renderpipeline/builtin-pipeline-types.ts.
14:36:08.787 debug: Resolve file:///C:/ProgramData/cocos/editors/Creator/3.8.8/resources/resources/3d/engine/editor/assets/default_renderpipeline/builtin-pipeline.ts from cce:/internal/x/prerequisite-imports as file:///C:/ProgramData/cocos/editors/Creator/3.8.8/resources/resources/3d/engine/editor/assets/default_renderpipeline/builtin-pipeline.ts.
14:36:08.788 debug: Resolve file:///C:/ProgramData/cocos/editors/Creator/3.8.8/resources/resources/3d/engine/editor/assets/tools/debug-view-runtime-control.ts from cce:/internal/x/prerequisite-imports as file:///C:/ProgramData/cocos/editors/Creator/3.8.8/resources/resources/3d/engine/editor/assets/tools/debug-view-runtime-control.ts.
14:36:08.789 debug: Resolve file:///D:/GameByself/Cocos/Project1/assets/Scripts/Car.ts from cce:/internal/x/prerequisite-imports as file:///D:/GameByself/Cocos/Project1/assets/Scripts/Car.ts.
14:36:08.789 debug: Resolve cce:/internal/code-quality/cr.mjs from file:///C:/ProgramData/cocos/editors/Creator/3.8.8/resources/resources/3d/engine/editor/assets/default_renderpipeline/builtin-dof-pass.ts as cce:/internal/code-quality/cr.mjs.
14:36:08.790 debug: Detected change: cce:/internal/code-quality/cr.mjs. Last mtime: Sun Aug 30 2026 16:37:17 GMT+0800 (中国标准时间), Current mtime: Mon Aug 31 2026 14:35:55 GMT+0800 (中国标准时间)
14:36:08.790 debug: Inspect cce:/internal/code-quality/cr.mjs
14:36:08.812 debug: transform url: 'cce:/internal/code-quality/cr.mjs' costs: 21.50 ms
14:36:08.814 debug: Resolve cc from file:///C:/ProgramData/cocos/editors/Creator/3.8.8/resources/resources/3d/engine/editor/assets/default_renderpipeline/builtin-dof-pass.ts as cce:/internal/x/cc.
14:36:08.815 debug: Resolve cc from file:///C:/ProgramData/cocos/editors/Creator/3.8.8/resources/resources/3d/engine/editor/assets/default_renderpipeline/builtin-dof-pass.ts as cce:/internal/x/cc.
14:36:08.815 debug: Resolve cc from file:///C:/ProgramData/cocos/editors/Creator/3.8.8/resources/resources/3d/engine/editor/assets/default_renderpipeline/builtin-dof-pass.ts as cce:/internal/x/cc.
14:36:08.815 debug: Resolve cc/env from file:///C:/ProgramData/cocos/editors/Creator/3.8.8/resources/resources/3d/engine/editor/assets/default_renderpipeline/builtin-dof-pass.ts as external dependency cc/env.
14:36:08.816 debug: Resolve ./builtin-pipeline-settings from file:///C:/ProgramData/cocos/editors/Creator/3.8.8/resources/resources/3d/engine/editor/assets/default_renderpipeline/builtin-dof-pass.ts as file:///C:/ProgramData/cocos/editors/Creator/3.8.8/resources/resources/3d/engine/editor/assets/default_renderpipeline/builtin-pipeline-settings.ts.
14:36:08.819 debug: Resolve ./builtin-pipeline-pass from file:///C:/ProgramData/cocos/editors/Creator/3.8.8/resources/resources/3d/engine/editor/assets/default_renderpipeline/builtin-dof-pass.ts as file:///C:/ProgramData/cocos/editors/Creator/3.8.8/resources/resources/3d/engine/editor/assets/default_renderpipeline/builtin-pipeline-pass.ts.
14:36:08.821 debug: Resolve ./builtin-pipeline from file:///C:/ProgramData/cocos/editors/Creator/3.8.8/resources/resources/3d/engine/editor/assets/default_renderpipeline/builtin-dof-pass.ts as file:///C:/ProgramData/cocos/editors/Creator/3.8.8/resources/resources/3d/engine/editor/assets/default_renderpipeline/builtin-pipeline.ts.
14:36:08.821 debug: Resolve cce:/internal/code-quality/cr.mjs from file:///C:/ProgramData/cocos/editors/Creator/3.8.8/resources/resources/3d/engine/editor/assets/default_renderpipeline/builtin-pipeline-settings.ts as cce:/internal/code-quality/cr.mjs.
14:36:08.822 debug: Resolve cc from file:///C:/ProgramData/cocos/editors/Creator/3.8.8/resources/resources/3d/engine/editor/assets/default_renderpipeline/builtin-pipeline-settings.ts as cce:/internal/x/cc.
14:36:08.822 debug: Resolve cc from file:///C:/ProgramData/cocos/editors/Creator/3.8.8/resources/resources/3d/engine/editor/assets/default_renderpipeline/builtin-pipeline-settings.ts as cce:/internal/x/cc.
14:36:08.822 debug: Resolve cc from file:///C:/ProgramData/cocos/editors/Creator/3.8.8/resources/resources/3d/engine/editor/assets/default_renderpipeline/builtin-pipeline-settings.ts as cce:/internal/x/cc.
14:36:08.823 debug: Resolve cc/env from file:///C:/ProgramData/cocos/editors/Creator/3.8.8/resources/resources/3d/engine/editor/assets/default_renderpipeline/builtin-pipeline-settings.ts as external dependency cc/env.
14:36:08.828 debug: Resolve ./builtin-pipeline-types from file:///C:/ProgramData/cocos/editors/Creator/3.8.8/resources/resources/3d/engine/editor/assets/default_renderpipeline/builtin-pipeline-settings.ts as file:///C:/ProgramData/cocos/editors/Creator/3.8.8/resources/resources/3d/engine/editor/assets/default_renderpipeline/builtin-pipeline-types.ts.
14:36:08.829 debug: Resolve cc from file:///C:/ProgramData/cocos/editors/Creator/3.8.8/resources/resources/3d/engine/editor/assets/default_renderpipeline/builtin-pipeline-types.ts as cce:/internal/x/cc.
14:36:08.829 debug: Resolve cc from file:///C:/ProgramData/cocos/editors/Creator/3.8.8/resources/resources/3d/engine/editor/assets/default_renderpipeline/builtin-pipeline-types.ts as cce:/internal/x/cc.
14:36:08.829 debug: Resolve cc from file:///C:/ProgramData/cocos/editors/Creator/3.8.8/resources/resources/3d/engine/editor/assets/default_renderpipeline/builtin-pipeline-types.ts as cce:/internal/x/cc.
14:36:08.829 debug: Resolve cce:/internal/code-quality/cr.mjs from file:///C:/ProgramData/cocos/editors/Creator/3.8.8/resources/resources/3d/engine/editor/assets/default_renderpipeline/builtin-pipeline-pass.ts as cce:/internal/code-quality/cr.mjs.
14:36:08.830 debug: Resolve cc from file:///C:/ProgramData/cocos/editors/Creator/3.8.8/resources/resources/3d/engine/editor/assets/default_renderpipeline/builtin-pipeline-pass.ts as cce:/internal/x/cc.
14:36:08.830 debug: Resolve cc from file:///C:/ProgramData/cocos/editors/Creator/3.8.8/resources/resources/3d/engine/editor/assets/default_renderpipeline/builtin-pipeline-pass.ts as cce:/internal/x/cc.
14:36:08.830 debug: Resolve cc from file:///C:/ProgramData/cocos/editors/Creator/3.8.8/resources/resources/3d/engine/editor/assets/default_renderpipeline/builtin-pipeline-pass.ts as cce:/internal/x/cc.
14:36:08.831 debug: Resolve ./builtin-pipeline-settings from file:///C:/ProgramData/cocos/editors/Creator/3.8.8/resources/resources/3d/engine/editor/assets/default_renderpipeline/builtin-pipeline-pass.ts as file:///C:/ProgramData/cocos/editors/Creator/3.8.8/resources/resources/3d/engine/editor/assets/default_renderpipeline/builtin-pipeline-settings.ts.
14:36:08.831 debug: Resolve cc/env from file:///C:/ProgramData/cocos/editors/Creator/3.8.8/resources/resources/3d/engine/editor/assets/default_renderpipeline/builtin-pipeline-pass.ts as external dependency cc/env.
14:36:08.832 debug: Resolve cce:/internal/code-quality/cr.mjs from file:///C:/ProgramData/cocos/editors/Creator/3.8.8/resources/resources/3d/engine/editor/assets/default_renderpipeline/builtin-pipeline.ts as cce:/internal/code-quality/cr.mjs.
14:36:08.832 debug: Resolve cc from file:///C:/ProgramData/cocos/editors/Creator/3.8.8/resources/resources/3d/engine/editor/assets/default_renderpipeline/builtin-pipeline.ts as cce:/internal/x/cc.
14:36:08.832 debug: Resolve cc from file:///C:/ProgramData/cocos/editors/Creator/3.8.8/resources/resources/3d/engine/editor/assets/default_renderpipeline/builtin-pipeline.ts as cce:/internal/x/cc.
14:36:08.832 debug: Resolve cc from file:///C:/ProgramData/cocos/editors/Creator/3.8.8/resources/resources/3d/engine/editor/assets/default_renderpipeline/builtin-pipeline.ts as cce:/internal/x/cc.
14:36:08.832 debug: Resolve cc/env from file:///C:/ProgramData/cocos/editors/Creator/3.8.8/resources/resources/3d/engine/editor/assets/default_renderpipeline/builtin-pipeline.ts as external dependency cc/env.
14:36:08.834 debug: Resolve ./builtin-pipeline-types from file:///C:/ProgramData/cocos/editors/Creator/3.8.8/resources/resources/3d/engine/editor/assets/default_renderpipeline/builtin-pipeline.ts as file:///C:/ProgramData/cocos/editors/Creator/3.8.8/resources/resources/3d/engine/editor/assets/default_renderpipeline/builtin-pipeline-types.ts.
14:36:08.835 debug: Resolve cc from file:///C:/ProgramData/cocos/editors/Creator/3.8.8/resources/resources/3d/engine/editor/assets/tools/debug-view-runtime-control.ts as cce:/internal/x/cc.
14:36:08.835 debug: Resolve cc from file:///C:/ProgramData/cocos/editors/Creator/3.8.8/resources/resources/3d/engine/editor/assets/tools/debug-view-runtime-control.ts as cce:/internal/x/cc.
14:36:08.835 debug: Resolve cc from file:///C:/ProgramData/cocos/editors/Creator/3.8.8/resources/resources/3d/engine/editor/assets/tools/debug-view-runtime-control.ts as cce:/internal/x/cc.
14:36:08.835 debug: Resolve cc from file:///D:/GameByself/Cocos/Project1/assets/Scripts/Car.ts as cce:/internal/x/cc.
14:36:08.835 debug: Resolve cc from file:///D:/GameByself/Cocos/Project1/assets/Scripts/Car.ts as cce:/internal/x/cc.
14:36:08.835 debug: Resolve cc from file:///D:/GameByself/Cocos/Project1/assets/Scripts/Car.ts as cce:/internal/x/cc.
14:36:08.857 debug: Target(editor) ends with cost 199.44500000000153ms.
14:36:08.858 debug: Target(preview) build started.
14:36:08.867 debug: Detected change: cce:/internal/x/cc. Last mtime: Thu Jan 01 1970 08:00:06 GMT+0800 (中国标准时间), Current mtime: Thu Jan 01 1970 08:00:13 GMT+0800 (中国标准时间)
14:36:08.867 debug: Inspect cce:/internal/x/cc
14:36:08.931 debug: transform url: 'cce:/internal/x/cc' costs: 63.60 ms
14:36:08.934 debug: Resolve cce:/internal/x/cc-fu/2d from cce:/internal/x/cc as external dependency cce:/internal/x/cc-fu/2d.
14:36:08.934 debug: Resolve cce:/internal/x/cc-fu/sorting from cce:/internal/x/cc as external dependency cce:/internal/x/cc-fu/sorting.
14:36:08.934 debug: Resolve cce:/internal/x/cc-fu/3d from cce:/internal/x/cc as external dependency cce:/internal/x/cc-fu/3d.
14:36:08.936 debug: Resolve cce:/internal/x/cc-fu/affine-transform from cce:/internal/x/cc as external dependency cce:/internal/x/cc-fu/affine-transform.
14:36:08.936 debug: Resolve cce:/internal/x/cc-fu/animation from cce:/internal/x/cc as external dependency cce:/internal/x/cc-fu/animation.
14:36:08.936 debug: Resolve cce:/internal/x/cc-fu/audio from cce:/internal/x/cc as external dependency cce:/internal/x/cc-fu/audio.
14:36:08.936 debug: Resolve cce:/internal/x/cc-fu/base from cce:/internal/x/cc as external dependency cce:/internal/x/cc-fu/base.
14:36:08.936 debug: Resolve cce:/internal/x/cc-fu/custom-pipeline from cce:/internal/x/cc as external dependency cce:/internal/x/cc-fu/custom-pipeline.
14:36:08.936 debug: Resolve cce:/internal/x/cc-fu/dragon-bones from cce:/internal/x/cc as external dependency cce:/internal/x/cc-fu/dragon-bones.
14:36:08.937 debug: Resolve cce:/internal/x/cc-fu/gfx-webgl from cce:/internal/x/cc as external dependency cce:/internal/x/cc-fu/gfx-webgl.
14:36:08.937 debug: Resolve cce:/internal/x/cc-fu/graphics from cce:/internal/x/cc as external dependency cce:/internal/x/cc-fu/graphics.
14:36:08.937 debug: Resolve cce:/internal/x/cc-fu/intersection-2d from cce:/internal/x/cc as external dependency cce:/internal/x/cc-fu/intersection-2d.
14:36:08.937 debug: Resolve cce:/internal/x/cc-fu/light-probe from cce:/internal/x/cc as external dependency cce:/internal/x/cc-fu/light-probe.
14:36:08.937 debug: Resolve cce:/internal/x/cc-fu/mask from cce:/internal/x/cc as external dependency cce:/internal/x/cc-fu/mask.
14:36:08.937 debug: Resolve cce:/internal/x/cc-fu/particle from cce:/internal/x/cc as external dependency cce:/internal/x/cc-fu/particle.
14:36:08.937 debug: Resolve cce:/internal/x/cc-fu/particle-2d from cce:/internal/x/cc as external dependency cce:/internal/x/cc-fu/particle-2d.
14:36:08.937 debug: Resolve cce:/internal/x/cc-fu/physics-2d-box2d from cce:/internal/x/cc as external dependency cce:/internal/x/cc-fu/physics-2d-box2d.
14:36:08.937 debug: Resolve cce:/internal/x/cc-fu/physics-2d-framework from cce:/internal/x/cc as external dependency cce:/internal/x/cc-fu/physics-2d-framework.
14:36:08.937 debug: Resolve cce:/internal/x/cc-fu/physics-ammo from cce:/internal/x/cc as external dependency cce:/internal/x/cc-fu/physics-ammo.
14:36:08.937 debug: Resolve cce:/internal/x/cc-fu/physics-framework from cce:/internal/x/cc as external dependency cce:/internal/x/cc-fu/physics-framework.
14:36:08.937 debug: Resolve cce:/internal/x/cc-fu/primitive from cce:/internal/x/cc as external dependency cce:/internal/x/cc-fu/primitive.
14:36:08.937 debug: Resolve cce:/internal/x/cc-fu/profiler from cce:/internal/x/cc as external dependency cce:/internal/x/cc-fu/profiler.
14:36:08.937 debug: Resolve cce:/internal/x/cc-fu/rich-text from cce:/internal/x/cc as external dependency cce:/internal/x/cc-fu/rich-text.
14:36:08.937 debug: Resolve cce:/internal/x/cc-fu/skeletal-animation from cce:/internal/x/cc as external dependency cce:/internal/x/cc-fu/skeletal-animation.
14:36:08.937 debug: Resolve cce:/internal/x/cc-fu/spine from cce:/internal/x/cc as external dependency cce:/internal/x/cc-fu/spine.
14:36:08.937 debug: Resolve cce:/internal/x/cc-fu/terrain from cce:/internal/x/cc as external dependency cce:/internal/x/cc-fu/terrain.
14:36:08.937 debug: Resolve cce:/internal/x/cc-fu/tiled-map from cce:/internal/x/cc as external dependency cce:/internal/x/cc-fu/tiled-map.
14:36:08.937 debug: Resolve cce:/internal/x/cc-fu/tween from cce:/internal/x/cc as external dependency cce:/internal/x/cc-fu/tween.
14:36:08.937 debug: Resolve cce:/internal/x/cc-fu/ui from cce:/internal/x/cc as external dependency cce:/internal/x/cc-fu/ui.
14:36:08.937 debug: Resolve cce:/internal/x/cc-fu/ui-skew from cce:/internal/x/cc as external dependency cce:/internal/x/cc-fu/ui-skew.
14:36:08.937 debug: Resolve cce:/internal/x/cc-fu/video from cce:/internal/x/cc as external dependency cce:/internal/x/cc-fu/video.
14:36:08.938 debug: Resolve cce:/internal/x/cc-fu/webview from cce:/internal/x/cc as external dependency cce:/internal/x/cc-fu/webview.
14:36:08.938 debug: Detected change: cce:/internal/x/prerequisite-imports. Last mtime: Thu Jan 01 1970 08:36:30 GMT+0800 (中国标准时间), Current mtime: Thu Jan 01 1970 08:00:13 GMT+0800 (中国标准时间)
14:36:08.938 debug: Inspect cce:/internal/x/prerequisite-imports
14:36:08.966 debug: transform url: 'cce:/internal/x/prerequisite-imports' costs: 28.60 ms
14:36:08.970 debug: Resolve file:///C:/ProgramData/cocos/editors/Creator/3.8.8/resources/resources/3d/engine/editor/assets/default_renderpipeline/builtin-dof-pass.ts from cce:/internal/x/prerequisite-imports as file:///C:/ProgramData/cocos/editors/Creator/3.8.8/resources/resources/3d/engine/editor/assets/default_renderpipeline/builtin-dof-pass.ts.
14:36:08.971 debug: Resolve file:///C:/ProgramData/cocos/editors/Creator/3.8.8/resources/resources/3d/engine/editor/assets/default_renderpipeline/builtin-pipeline-pass.ts from cce:/internal/x/prerequisite-imports as file:///C:/ProgramData/cocos/editors/Creator/3.8.8/resources/resources/3d/engine/editor/assets/default_renderpipeline/builtin-pipeline-pass.ts.
14:36:08.972 debug: Resolve file:///C:/ProgramData/cocos/editors/Creator/3.8.8/resources/resources/3d/engine/editor/assets/default_renderpipeline/builtin-pipeline-settings.ts from cce:/internal/x/prerequisite-imports as file:///C:/ProgramData/cocos/editors/Creator/3.8.8/resources/resources/3d/engine/editor/assets/default_renderpipeline/builtin-pipeline-settings.ts.
14:36:08.973 debug: Resolve file:///C:/ProgramData/cocos/editors/Creator/3.8.8/resources/resources/3d/engine/editor/assets/default_renderpipeline/builtin-pipeline-types.ts from cce:/internal/x/prerequisite-imports as file:///C:/ProgramData/cocos/editors/Creator/3.8.8/resources/resources/3d/engine/editor/assets/default_renderpipeline/builtin-pipeline-types.ts.
14:36:08.975 debug: Resolve file:///C:/ProgramData/cocos/editors/Creator/3.8.8/resources/resources/3d/engine/editor/assets/default_renderpipeline/builtin-pipeline.ts from cce:/internal/x/prerequisite-imports as file:///C:/ProgramData/cocos/editors/Creator/3.8.8/resources/resources/3d/engine/editor/assets/default_renderpipeline/builtin-pipeline.ts.
14:36:08.976 debug: Resolve file:///C:/ProgramData/cocos/editors/Creator/3.8.8/resources/resources/3d/engine/editor/assets/tools/debug-view-runtime-control.ts from cce:/internal/x/prerequisite-imports as file:///C:/ProgramData/cocos/editors/Creator/3.8.8/resources/resources/3d/engine/editor/assets/tools/debug-view-runtime-control.ts.
14:36:08.977 debug: Resolve file:///D:/GameByself/Cocos/Project1/assets/Scripts/Car.ts from cce:/internal/x/prerequisite-imports as file:///D:/GameByself/Cocos/Project1/assets/Scripts/Car.ts.
14:36:08.977 debug: Resolve cce:/internal/code-quality/cr.mjs from file:///C:/ProgramData/cocos/editors/Creator/3.8.8/resources/resources/3d/engine/editor/assets/default_renderpipeline/builtin-dof-pass.ts as cce:/internal/code-quality/cr.mjs.
14:36:08.978 debug: Detected change: cce:/internal/code-quality/cr.mjs. Last mtime: Sun Aug 30 2026 16:37:17 GMT+0800 (中国标准时间), Current mtime: Mon Aug 31 2026 14:35:55 GMT+0800 (中国标准时间)
14:36:08.978 debug: Inspect cce:/internal/code-quality/cr.mjs
14:36:08.997 debug: transform url: 'cce:/internal/code-quality/cr.mjs' costs: 19.30 ms
14:36:09.000 debug: Resolve cc from file:///C:/ProgramData/cocos/editors/Creator/3.8.8/resources/resources/3d/engine/editor/assets/default_renderpipeline/builtin-dof-pass.ts as cce:/internal/x/cc.
14:36:09.000 debug: Resolve cc from file:///C:/ProgramData/cocos/editors/Creator/3.8.8/resources/resources/3d/engine/editor/assets/default_renderpipeline/builtin-dof-pass.ts as cce:/internal/x/cc.
14:36:09.000 debug: Resolve cc from file:///C:/ProgramData/cocos/editors/Creator/3.8.8/resources/resources/3d/engine/editor/assets/default_renderpipeline/builtin-dof-pass.ts as cce:/internal/x/cc.
14:36:09.001 debug: Resolve cc/env from file:///C:/ProgramData/cocos/editors/Creator/3.8.8/resources/resources/3d/engine/editor/assets/default_renderpipeline/builtin-dof-pass.ts as external dependency cc/env.
14:36:09.003 debug: Resolve ./builtin-pipeline-settings from file:///C:/ProgramData/cocos/editors/Creator/3.8.8/resources/resources/3d/engine/editor/assets/default_renderpipeline/builtin-dof-pass.ts as file:///C:/ProgramData/cocos/editors/Creator/3.8.8/resources/resources/3d/engine/editor/assets/default_renderpipeline/builtin-pipeline-settings.ts.
14:36:09.005 debug: Resolve ./builtin-pipeline-pass from file:///C:/ProgramData/cocos/editors/Creator/3.8.8/resources/resources/3d/engine/editor/assets/default_renderpipeline/builtin-dof-pass.ts as file:///C:/ProgramData/cocos/editors/Creator/3.8.8/resources/resources/3d/engine/editor/assets/default_renderpipeline/builtin-pipeline-pass.ts.
14:36:09.007 debug: Resolve ./builtin-pipeline from file:///C:/ProgramData/cocos/editors/Creator/3.8.8/resources/resources/3d/engine/editor/assets/default_renderpipeline/builtin-dof-pass.ts as file:///C:/ProgramData/cocos/editors/Creator/3.8.8/resources/resources/3d/engine/editor/assets/default_renderpipeline/builtin-pipeline.ts.
14:36:09.007 debug: Resolve cce:/internal/code-quality/cr.mjs from file:///C:/ProgramData/cocos/editors/Creator/3.8.8/resources/resources/3d/engine/editor/assets/default_renderpipeline/builtin-pipeline-settings.ts as cce:/internal/code-quality/cr.mjs.
14:36:09.007 debug: Resolve cc from file:///C:/ProgramData/cocos/editors/Creator/3.8.8/resources/resources/3d/engine/editor/assets/default_renderpipeline/builtin-pipeline-settings.ts as cce:/internal/x/cc.
14:36:09.007 debug: Resolve cc from file:///C:/ProgramData/cocos/editors/Creator/3.8.8/resources/resources/3d/engine/editor/assets/default_renderpipeline/builtin-pipeline-settings.ts as cce:/internal/x/cc.
14:36:09.007 debug: Resolve cc from file:///C:/ProgramData/cocos/editors/Creator/3.8.8/resources/resources/3d/engine/editor/assets/default_renderpipeline/builtin-pipeline-settings.ts as cce:/internal/x/cc.
14:36:09.007 debug: Resolve cc/env from file:///C:/ProgramData/cocos/editors/Creator/3.8.8/resources/resources/3d/engine/editor/assets/default_renderpipeline/builtin-pipeline-settings.ts as external dependency cc/env.
14:36:09.008 debug: Resolve ./builtin-pipeline-types from file:///C:/ProgramData/cocos/editors/Creator/3.8.8/resources/resources/3d/engine/editor/assets/default_renderpipeline/builtin-pipeline-settings.ts as file:///C:/ProgramData/cocos/editors/Creator/3.8.8/resources/resources/3d/engine/editor/assets/default_renderpipeline/builtin-pipeline-types.ts.
14:36:09.009 debug: Resolve cc from file:///C:/ProgramData/cocos/editors/Creator/3.8.8/resources/resources/3d/engine/editor/assets/default_renderpipeline/builtin-pipeline-types.ts as cce:/internal/x/cc.
14:36:09.009 debug: Resolve cc from file:///C:/ProgramData/cocos/editors/Creator/3.8.8/resources/resources/3d/engine/editor/assets/default_renderpipeline/builtin-pipeline-types.ts as cce:/internal/x/cc.
14:36:09.009 debug: Resolve cc from file:///C:/ProgramData/cocos/editors/Creator/3.8.8/resources/resources/3d/engine/editor/assets/default_renderpipeline/builtin-pipeline-types.ts as cce:/internal/x/cc.
14:36:09.009 debug: Resolve cce:/internal/code-quality/cr.mjs from file:///C:/ProgramData/cocos/editors/Creator/3.8.8/resources/resources/3d/engine/editor/assets/default_renderpipeline/builtin-pipeline-pass.ts as cce:/internal/code-quality/cr.mjs.
14:36:09.009 debug: Resolve cc from file:///C:/ProgramData/cocos/editors/Creator/3.8.8/resources/resources/3d/engine/editor/assets/default_renderpipeline/builtin-pipeline-pass.ts as cce:/internal/x/cc.
14:36:09.009 debug: Resolve cc from file:///C:/ProgramData/cocos/editors/Creator/3.8.8/resources/resources/3d/engine/editor/assets/default_renderpipeline/builtin-pipeline-pass.ts as cce:/internal/x/cc.
14:36:09.009 debug: Resolve cc from file:///C:/ProgramData/cocos/editors/Creator/3.8.8/resources/resources/3d/engine/editor/assets/default_renderpipeline/builtin-pipeline-pass.ts as cce:/internal/x/cc.
14:36:09.011 debug: Resolve ./builtin-pipeline-settings from file:///C:/ProgramData/cocos/editors/Creator/3.8.8/resources/resources/3d/engine/editor/assets/default_renderpipeline/builtin-pipeline-pass.ts as file:///C:/ProgramData/cocos/editors/Creator/3.8.8/resources/resources/3d/engine/editor/assets/default_renderpipeline/builtin-pipeline-settings.ts.
14:36:09.012 debug: Resolve cc/env from file:///C:/ProgramData/cocos/editors/Creator/3.8.8/resources/resources/3d/engine/editor/assets/default_renderpipeline/builtin-pipeline-pass.ts as external dependency cc/env.
14:36:09.012 debug: Resolve cce:/internal/code-quality/cr.mjs from file:///C:/ProgramData/cocos/editors/Creator/3.8.8/resources/resources/3d/engine/editor/assets/default_renderpipeline/builtin-pipeline.ts as cce:/internal/code-quality/cr.mjs.
14:36:09.012 debug: Resolve cc from file:///C:/ProgramData/cocos/editors/Creator/3.8.8/resources/resources/3d/engine/editor/assets/default_renderpipeline/builtin-pipeline.ts as cce:/internal/x/cc.
14:36:09.012 debug: Resolve cc from file:///C:/ProgramData/cocos/editors/Creator/3.8.8/resources/resources/3d/engine/editor/assets/default_renderpipeline/builtin-pipeline.ts as cce:/internal/x/cc.
14:36:09.012 debug: Resolve cc from file:///C:/ProgramData/cocos/editors/Creator/3.8.8/resources/resources/3d/engine/editor/assets/default_renderpipeline/builtin-pipeline.ts as cce:/internal/x/cc.
14:36:09.012 debug: Resolve cc/env from file:///C:/ProgramData/cocos/editors/Creator/3.8.8/resources/resources/3d/engine/editor/assets/default_renderpipeline/builtin-pipeline.ts as external dependency cc/env.
14:36:09.016 debug: Resolve ./builtin-pipeline-types from file:///C:/ProgramData/cocos/editors/Creator/3.8.8/resources/resources/3d/engine/editor/assets/default_renderpipeline/builtin-pipeline.ts as file:///C:/ProgramData/cocos/editors/Creator/3.8.8/resources/resources/3d/engine/editor/assets/default_renderpipeline/builtin-pipeline-types.ts.
14:36:09.016 debug: Resolve cc from file:///C:/ProgramData/cocos/editors/Creator/3.8.8/resources/resources/3d/engine/editor/assets/tools/debug-view-runtime-control.ts as cce:/internal/x/cc.
14:36:09.017 debug: Resolve cc from file:///C:/ProgramData/cocos/editors/Creator/3.8.8/resources/resources/3d/engine/editor/assets/tools/debug-view-runtime-control.ts as cce:/internal/x/cc.
14:36:09.017 debug: Resolve cc from file:///C:/ProgramData/cocos/editors/Creator/3.8.8/resources/resources/3d/engine/editor/assets/tools/debug-view-runtime-control.ts as cce:/internal/x/cc.
14:36:09.017 debug: Resolve cc from file:///D:/GameByself/Cocos/Project1/assets/Scripts/Car.ts as cce:/internal/x/cc.
14:36:09.017 debug: Resolve cc from file:///D:/GameByself/Cocos/Project1/assets/Scripts/Car.ts as cce:/internal/x/cc.
14:36:09.017 debug: Resolve cc from file:///D:/GameByself/Cocos/Project1/assets/Scripts/Car.ts as cce:/internal/x/cc.
14:36:09.035 debug: Target(preview) ends with cost 175.7489000000005ms.
14:36:12.705 debug: Pulling asset-db.
14:36:13.186 debug: Fetch asset-db cost: 480.80159999999887ms.
14:36:13.187 debug: Build iteration starts.
Number of accumulated asset changes: 7
Feature changed: false
14:36:13.187 debug: Target(editor) build started.
14:36:13.192 debug: Detected change: cce:/internal/x/prerequisite-imports. Last mtime: Thu Jan 01 1970 08:00:13 GMT+0800 (中国标准时间), Current mtime: Thu Jan 01 1970 08:00:18 GMT+0800 (中国标准时间)
14:36:13.192 debug: Inspect cce:/internal/x/prerequisite-imports
14:36:13.212 debug: transform url: 'cce:/internal/x/prerequisite-imports' costs: 20.10 ms
14:36:13.216 debug: Resolve file:///C:/ProgramData/cocos/editors/Creator/3.8.8/resources/resources/3d/engine/editor/assets/default_renderpipeline/builtin-dof-pass.ts from cce:/internal/x/prerequisite-imports as file:///C:/ProgramData/cocos/editors/Creator/3.8.8/resources/resources/3d/engine/editor/assets/default_renderpipeline/builtin-dof-pass.ts.
14:36:13.217 debug: Resolve file:///C:/ProgramData/cocos/editors/Creator/3.8.8/resources/resources/3d/engine/editor/assets/default_renderpipeline/builtin-pipeline-pass.ts from cce:/internal/x/prerequisite-imports as file:///C:/ProgramData/cocos/editors/Creator/3.8.8/resources/resources/3d/engine/editor/assets/default_renderpipeline/builtin-pipeline-pass.ts.
14:36:13.218 debug: Resolve file:///C:/ProgramData/cocos/editors/Creator/3.8.8/resources/resources/3d/engine/editor/assets/default_renderpipeline/builtin-pipeline-settings.ts from cce:/internal/x/prerequisite-imports as file:///C:/ProgramData/cocos/editors/Creator/3.8.8/resources/resources/3d/engine/editor/assets/default_renderpipeline/builtin-pipeline-settings.ts.
14:36:13.220 debug: Resolve file:///C:/ProgramData/cocos/editors/Creator/3.8.8/resources/resources/3d/engine/editor/assets/default_renderpipeline/builtin-pipeline-types.ts from cce:/internal/x/prerequisite-imports as file:///C:/ProgramData/cocos/editors/Creator/3.8.8/resources/resources/3d/engine/editor/assets/default_renderpipeline/builtin-pipeline-types.ts.
14:36:13.221 debug: Resolve file:///C:/ProgramData/cocos/editors/Creator/3.8.8/resources/resources/3d/engine/editor/assets/default_renderpipeline/builtin-pipeline.ts from cce:/internal/x/prerequisite-imports as file:///C:/ProgramData/cocos/editors/Creator/3.8.8/resources/resources/3d/engine/editor/assets/default_renderpipeline/builtin-pipeline.ts.
14:36:13.222 debug: Resolve file:///C:/ProgramData/cocos/editors/Creator/3.8.8/resources/resources/3d/engine/editor/assets/tools/debug-view-runtime-control.ts from cce:/internal/x/prerequisite-imports as file:///C:/ProgramData/cocos/editors/Creator/3.8.8/resources/resources/3d/engine/editor/assets/tools/debug-view-runtime-control.ts.
14:36:13.223 debug: Resolve file:///D:/GameByself/Cocos/Project1/assets/Scripts/Car.ts from cce:/internal/x/prerequisite-imports as file:///D:/GameByself/Cocos/Project1/assets/Scripts/Car.ts.
14:36:13.236 debug: Target(editor) ends with cost 48.40459999999803ms.
14:36:13.236 debug: Target(preview) build started.
14:36:13.241 debug: Detected change: cce:/internal/x/prerequisite-imports. Last mtime: Thu Jan 01 1970 08:00:13 GMT+0800 (中国标准时间), Current mtime: Thu Jan 01 1970 08:00:18 GMT+0800 (中国标准时间)
14:36:13.241 debug: Inspect cce:/internal/x/prerequisite-imports
14:36:13.262 debug: transform url: 'cce:/internal/x/prerequisite-imports' costs: 20.60 ms
14:36:13.266 debug: Resolve file:///C:/ProgramData/cocos/editors/Creator/3.8.8/resources/resources/3d/engine/editor/assets/default_renderpipeline/builtin-dof-pass.ts from cce:/internal/x/prerequisite-imports as file:///C:/ProgramData/cocos/editors/Creator/3.8.8/resources/resources/3d/engine/editor/assets/default_renderpipeline/builtin-dof-pass.ts.
14:36:13.267 debug: Resolve file:///C:/ProgramData/cocos/editors/Creator/3.8.8/resources/resources/3d/engine/editor/assets/default_renderpipeline/builtin-pipeline-pass.ts from cce:/internal/x/prerequisite-imports as file:///C:/ProgramData/cocos/editors/Creator/3.8.8/resources/resources/3d/engine/editor/assets/default_renderpipeline/builtin-pipeline-pass.ts.
14:36:13.269 debug: Resolve file:///C:/ProgramData/cocos/editors/Creator/3.8.8/resources/resources/3d/engine/editor/assets/default_renderpipeline/builtin-pipeline-settings.ts from cce:/internal/x/prerequisite-imports as file:///C:/ProgramData/cocos/editors/Creator/3.8.8/resources/resources/3d/engine/editor/assets/default_renderpipeline/builtin-pipeline-settings.ts.
14:36:13.271 debug: Resolve file:///C:/ProgramData/cocos/editors/Creator/3.8.8/resources/resources/3d/engine/editor/assets/default_renderpipeline/builtin-pipeline-types.ts from cce:/internal/x/prerequisite-imports as file:///C:/ProgramData/cocos/editors/Creator/3.8.8/resources/resources/3d/engine/editor/assets/default_renderpipeline/builtin-pipeline-types.ts.
14:36:13.272 debug: Resolve file:///C:/ProgramData/cocos/editors/Creator/3.8.8/resources/resources/3d/engine/editor/assets/default_renderpipeline/builtin-pipeline.ts from cce:/internal/x/prerequisite-imports as file:///C:/ProgramData/cocos/editors/Creator/3.8.8/resources/resources/3d/engine/editor/assets/default_renderpipeline/builtin-pipeline.ts.
14:36:13.273 debug: Resolve file:///C:/ProgramData/cocos/editors/Creator/3.8.8/resources/resources/3d/engine/editor/assets/tools/debug-view-runtime-control.ts from cce:/internal/x/prerequisite-imports as file:///C:/ProgramData/cocos/editors/Creator/3.8.8/resources/resources/3d/engine/editor/assets/tools/debug-view-runtime-control.ts.
14:36:13.276 debug: Resolve file:///D:/GameByself/Cocos/Project1/assets/Scripts/Car.ts from cce:/internal/x/prerequisite-imports as file:///D:/GameByself/Cocos/Project1/assets/Scripts/Car.ts.
14:36:13.292 debug: Target(preview) ends with cost 55.16320000000269ms.
14:56:30.084 debug: Build iteration starts.
Number of accumulated asset changes: 0
Feature changed: true
14:56:30.086 debug: Sync engine features: 2d,3d,affine-transform,animation,audio,base,custom-pipeline,dragon-bones,gfx-webgl,graphics,intersection-2d,light-probe,marionette,mask,particle,particle-2d,physics-2d-box2d,physics-builtin,primitive,profiler,rich-text,skeletal-animation,spine-3.8,terrain,tiled-map,tween,ui,ui-skew,video,websocket,webview
14:56:30.086 debug: Target(editor) build started.
14:56:30.103 debug: Target(editor) ends with cost 16.463599999900907ms.
14:56:30.103 debug: Target(preview) build started.
14:56:30.106 debug: Detected change: cce:/internal/x/cc. Last mtime: Thu Jan 01 1970 08:00:13 GMT+0800 (中国标准时间), Current mtime: Thu Jan 01 1970 08:20:35 GMT+0800 (中国标准时间)
14:56:30.106 debug: Inspect cce:/internal/x/cc
14:56:30.146 debug: transform url: 'cce:/internal/x/cc' costs: 39.50 ms
14:56:30.147 debug: Resolve cce:/internal/x/cc-fu/2d from cce:/internal/x/cc as external dependency cce:/internal/x/cc-fu/2d.
14:56:30.147 debug: Resolve cce:/internal/x/cc-fu/sorting from cce:/internal/x/cc as external dependency cce:/internal/x/cc-fu/sorting.
14:56:30.148 debug: Resolve cce:/internal/x/cc-fu/3d from cce:/internal/x/cc as external dependency cce:/internal/x/cc-fu/3d.
14:56:30.148 debug: Resolve cce:/internal/x/cc-fu/affine-transform from cce:/internal/x/cc as external dependency cce:/internal/x/cc-fu/affine-transform.
14:56:30.148 debug: Resolve cce:/internal/x/cc-fu/animation from cce:/internal/x/cc as external dependency cce:/internal/x/cc-fu/animation.
14:56:30.148 debug: Resolve cce:/internal/x/cc-fu/audio from cce:/internal/x/cc as external dependency cce:/internal/x/cc-fu/audio.
14:56:30.148 debug: Resolve cce:/internal/x/cc-fu/base from cce:/internal/x/cc as external dependency cce:/internal/x/cc-fu/base.
14:56:30.148 debug: Resolve cce:/internal/x/cc-fu/custom-pipeline from cce:/internal/x/cc as external dependency cce:/internal/x/cc-fu/custom-pipeline.
14:56:30.148 debug: Resolve cce:/internal/x/cc-fu/dragon-bones from cce:/internal/x/cc as external dependency cce:/internal/x/cc-fu/dragon-bones.
14:56:30.148 debug: Resolve cce:/internal/x/cc-fu/gfx-webgl from cce:/internal/x/cc as external dependency cce:/internal/x/cc-fu/gfx-webgl.
14:56:30.148 debug: Resolve cce:/internal/x/cc-fu/graphics from cce:/internal/x/cc as external dependency cce:/internal/x/cc-fu/graphics.
14:56:30.148 debug: Resolve cce:/internal/x/cc-fu/intersection-2d from cce:/internal/x/cc as external dependency cce:/internal/x/cc-fu/intersection-2d.
14:56:30.148 debug: Resolve cce:/internal/x/cc-fu/light-probe from cce:/internal/x/cc as external dependency cce:/internal/x/cc-fu/light-probe.
14:56:30.148 debug: Resolve cce:/internal/x/cc-fu/mask from cce:/internal/x/cc as external dependency cce:/internal/x/cc-fu/mask.
14:56:30.149 debug: Resolve cce:/internal/x/cc-fu/particle from cce:/internal/x/cc as external dependency cce:/internal/x/cc-fu/particle.
14:56:30.150 debug: Resolve cce:/internal/x/cc-fu/particle-2d from cce:/internal/x/cc as external dependency cce:/internal/x/cc-fu/particle-2d.
14:56:30.151 debug: Resolve cce:/internal/x/cc-fu/physics-2d-box2d from cce:/internal/x/cc as external dependency cce:/internal/x/cc-fu/physics-2d-box2d.
14:56:30.151 debug: Resolve cce:/internal/x/cc-fu/physics-2d-framework from cce:/internal/x/cc as external dependency cce:/internal/x/cc-fu/physics-2d-framework.
14:56:30.151 debug: Resolve cce:/internal/x/cc-fu/physics-builtin from cce:/internal/x/cc as external dependency cce:/internal/x/cc-fu/physics-builtin.
14:56:30.151 debug: Resolve cce:/internal/x/cc-fu/physics-framework from cce:/internal/x/cc as external dependency cce:/internal/x/cc-fu/physics-framework.
14:56:30.151 debug: Resolve cce:/internal/x/cc-fu/primitive from cce:/internal/x/cc as external dependency cce:/internal/x/cc-fu/primitive.
14:56:30.151 debug: Resolve cce:/internal/x/cc-fu/profiler from cce:/internal/x/cc as external dependency cce:/internal/x/cc-fu/profiler.
14:56:30.151 debug: Resolve cce:/internal/x/cc-fu/rich-text from cce:/internal/x/cc as external dependency cce:/internal/x/cc-fu/rich-text.
14:56:30.151 debug: Resolve cce:/internal/x/cc-fu/skeletal-animation from cce:/internal/x/cc as external dependency cce:/internal/x/cc-fu/skeletal-animation.
14:56:30.151 debug: Resolve cce:/internal/x/cc-fu/spine from cce:/internal/x/cc as external dependency cce:/internal/x/cc-fu/spine.
14:56:30.151 debug: Resolve cce:/internal/x/cc-fu/terrain from cce:/internal/x/cc as external dependency cce:/internal/x/cc-fu/terrain.
14:56:30.151 debug: Resolve cce:/internal/x/cc-fu/tiled-map from cce:/internal/x/cc as external dependency cce:/internal/x/cc-fu/tiled-map.
14:56:30.151 debug: Resolve cce:/internal/x/cc-fu/tween from cce:/internal/x/cc as external dependency cce:/internal/x/cc-fu/tween.
14:56:30.151 debug: Resolve cce:/internal/x/cc-fu/ui from cce:/internal/x/cc as external dependency cce:/internal/x/cc-fu/ui.
14:56:30.151 debug: Resolve cce:/internal/x/cc-fu/ui-skew from cce:/internal/x/cc as external dependency cce:/internal/x/cc-fu/ui-skew.
14:56:30.151 debug: Resolve cce:/internal/x/cc-fu/video from cce:/internal/x/cc as external dependency cce:/internal/x/cc-fu/video.
14:56:30.151 debug: Resolve cce:/internal/x/cc-fu/webview from cce:/internal/x/cc as external dependency cce:/internal/x/cc-fu/webview.
14:56:30.165 debug: Target(preview) ends with cost 62.23340000002645ms.
15:01:01.681 debug: Dispatch build request for time accumulated 1 asset changes.
15:01:01.683 debug: Build iteration starts.
Number of accumulated asset changes: 1
Feature changed: false
15:01:01.684 debug: Target(editor) build started.
15:01:01.689 debug: Detected change: cce:/internal/x/prerequisite-imports. Last mtime: Thu Jan 01 1970 08:00:18 GMT+0800 (中国标准时间), Current mtime: Thu Jan 01 1970 08:25:06 GMT+0800 (中国标准时间)
15:01:01.689 debug: Inspect cce:/internal/x/prerequisite-imports
15:01:01.711 debug: transform url: 'cce:/internal/x/prerequisite-imports' costs: 21.10 ms
15:01:01.713 debug: Resolve file:///C:/ProgramData/cocos/editors/Creator/3.8.8/resources/resources/3d/engine/editor/assets/default_renderpipeline/builtin-dof-pass.ts from cce:/internal/x/prerequisite-imports as file:///C:/ProgramData/cocos/editors/Creator/3.8.8/resources/resources/3d/engine/editor/assets/default_renderpipeline/builtin-dof-pass.ts.
15:01:01.715 debug: Resolve file:///C:/ProgramData/cocos/editors/Creator/3.8.8/resources/resources/3d/engine/editor/assets/default_renderpipeline/builtin-pipeline-pass.ts from cce:/internal/x/prerequisite-imports as file:///C:/ProgramData/cocos/editors/Creator/3.8.8/resources/resources/3d/engine/editor/assets/default_renderpipeline/builtin-pipeline-pass.ts.
15:01:01.717 debug: Resolve file:///C:/ProgramData/cocos/editors/Creator/3.8.8/resources/resources/3d/engine/editor/assets/default_renderpipeline/builtin-pipeline-settings.ts from cce:/internal/x/prerequisite-imports as file:///C:/ProgramData/cocos/editors/Creator/3.8.8/resources/resources/3d/engine/editor/assets/default_renderpipeline/builtin-pipeline-settings.ts.
15:01:01.718 debug: Resolve file:///C:/ProgramData/cocos/editors/Creator/3.8.8/resources/resources/3d/engine/editor/assets/default_renderpipeline/builtin-pipeline-types.ts from cce:/internal/x/prerequisite-imports as file:///C:/ProgramData/cocos/editors/Creator/3.8.8/resources/resources/3d/engine/editor/assets/default_renderpipeline/builtin-pipeline-types.ts.
15:01:01.718 debug: Resolve file:///C:/ProgramData/cocos/editors/Creator/3.8.8/resources/resources/3d/engine/editor/assets/default_renderpipeline/builtin-pipeline.ts from cce:/internal/x/prerequisite-imports as file:///C:/ProgramData/cocos/editors/Creator/3.8.8/resources/resources/3d/engine/editor/assets/default_renderpipeline/builtin-pipeline.ts.
15:01:01.720 debug: Resolve file:///C:/ProgramData/cocos/editors/Creator/3.8.8/resources/resources/3d/engine/editor/assets/tools/debug-view-runtime-control.ts from cce:/internal/x/prerequisite-imports as file:///C:/ProgramData/cocos/editors/Creator/3.8.8/resources/resources/3d/engine/editor/assets/tools/debug-view-runtime-control.ts.
15:01:01.722 debug: Resolve file:///D:/GameByself/Cocos/Project1/assets/Scripts/Car.ts from cce:/internal/x/prerequisite-imports as file:///D:/GameByself/Cocos/Project1/assets/Scripts/Car.ts.
15:01:01.722 debug: Detected change: file:///D:/GameByself/Cocos/Project1/assets/Scripts/Car.ts. Last mtime: Sun Aug 30 2026 17:13:33 GMT+0800 (中国标准时间)@5a936fee-f461-43c4-babc-9a428dd9672d, Current mtime: Mon Aug 31 2026 15:01:00 GMT+0800 (中国标准时间)@5a936fee-f461-43c4-babc-9a428dd9672d
15:01:01.722 debug: Inspect file:///D:/GameByself/Cocos/Project1/assets/Scripts/Car.ts
15:01:01.799 debug: transform url: 'file:///D:/GameByself/Cocos/Project1/assets/Scripts/Car.ts' costs: 76.30 ms
15:01:01.801 debug: Resolve cc from file:///D:/GameByself/Cocos/Project1/assets/Scripts/Car.ts as cce:/internal/x/cc.
15:01:01.801 debug: Resolve cc from file:///D:/GameByself/Cocos/Project1/assets/Scripts/Car.ts as cce:/internal/x/cc.
15:01:01.801 debug: Resolve cc from file:///D:/GameByself/Cocos/Project1/assets/Scripts/Car.ts as cce:/internal/x/cc.
15:01:01.815 debug: Target(editor) ends with cost 130.77309999987483ms.
15:01:01.815 debug: Target(preview) build started.
15:01:01.819 debug: Detected change: cce:/internal/x/prerequisite-imports. Last mtime: Thu Jan 01 1970 08:00:18 GMT+0800 (中国标准时间), Current mtime: Thu Jan 01 1970 08:25:06 GMT+0800 (中国标准时间)
15:01:01.819 debug: Inspect cce:/internal/x/prerequisite-imports
15:01:01.846 debug: transform url: 'cce:/internal/x/prerequisite-imports' costs: 26.70 ms
15:01:01.849 debug: Resolve file:///C:/ProgramData/cocos/editors/Creator/3.8.8/resources/resources/3d/engine/editor/assets/default_renderpipeline/builtin-dof-pass.ts from cce:/internal/x/prerequisite-imports as file:///C:/ProgramData/cocos/editors/Creator/3.8.8/resources/resources/3d/engine/editor/assets/default_renderpipeline/builtin-dof-pass.ts.
15:01:01.852 debug: Resolve file:///C:/ProgramData/cocos/editors/Creator/3.8.8/resources/resources/3d/engine/editor/assets/default_renderpipeline/builtin-pipeline-pass.ts from cce:/internal/x/prerequisite-imports as file:///C:/ProgramData/cocos/editors/Creator/3.8.8/resources/resources/3d/engine/editor/assets/default_renderpipeline/builtin-pipeline-pass.ts.
15:01:01.853 debug: Resolve file:///C:/ProgramData/cocos/editors/Creator/3.8.8/resources/resources/3d/engine/editor/assets/default_renderpipeline/builtin-pipeline-settings.ts from cce:/internal/x/prerequisite-imports as file:///C:/ProgramData/cocos/editors/Creator/3.8.8/resources/resources/3d/engine/editor/assets/default_renderpipeline/builtin-pipeline-settings.ts.
15:01:01.854 debug: Resolve file:///C:/ProgramData/cocos/editors/Creator/3.8.8/resources/resources/3d/engine/editor/assets/default_renderpipeline/builtin-pipeline-types.ts from cce:/internal/x/prerequisite-imports as file:///C:/ProgramData/cocos/editors/Creator/3.8.8/resources/resources/3d/engine/editor/assets/default_renderpipeline/builtin-pipeline-types.ts.
15:01:01.856 debug: Resolve file:///C:/ProgramData/cocos/editors/Creator/3.8.8/resources/resources/3d/engine/editor/assets/default_renderpipeline/builtin-pipeline.ts from cce:/internal/x/prerequisite-imports as file:///C:/ProgramData/cocos/editors/Creator/3.8.8/resources/resources/3d/engine/editor/assets/default_renderpipeline/builtin-pipeline.ts.
15:01:01.857 debug: Resolve file:///C:/ProgramData/cocos/editors/Creator/3.8.8/resources/resources/3d/engine/editor/assets/tools/debug-view-runtime-control.ts from cce:/internal/x/prerequisite-imports as file:///C:/ProgramData/cocos/editors/Creator/3.8.8/resources/resources/3d/engine/editor/assets/tools/debug-view-runtime-control.ts.
15:01:01.858 debug: Resolve file:///D:/GameByself/Cocos/Project1/assets/Scripts/Car.ts from cce:/internal/x/prerequisite-imports as file:///D:/GameByself/Cocos/Project1/assets/Scripts/Car.ts.
15:01:01.858 debug: Detected change: file:///D:/GameByself/Cocos/Project1/assets/Scripts/Car.ts. Last mtime: Sun Aug 30 2026 17:13:33 GMT+0800 (中国标准时间)@5a936fee-f461-43c4-babc-9a428dd9672d, Current mtime: Mon Aug 31 2026 15:01:00 GMT+0800 (中国标准时间)@5a936fee-f461-43c4-babc-9a428dd9672d
15:01:01.858 debug: Inspect file:///D:/GameByself/Cocos/Project1/assets/Scripts/Car.ts
15:01:01.936 debug: transform url: 'file:///D:/GameByself/Cocos/Project1/assets/Scripts/Car.ts' costs: 77.60 ms
15:01:01.938 debug: Resolve cc from file:///D:/GameByself/Cocos/Project1/assets/Scripts/Car.ts as cce:/internal/x/cc.
15:01:01.938 debug: Resolve cc from file:///D:/GameByself/Cocos/Project1/assets/Scripts/Car.ts as cce:/internal/x/cc.
15:01:01.939 debug: Resolve cc from file:///D:/GameByself/Cocos/Project1/assets/Scripts/Car.ts as cce:/internal/x/cc.
15:01:01.955 debug: Target(preview) ends with cost 139.72660000016913ms.
15:07:01.903 debug: Dispatch build request for time accumulated 1 asset changes.
15:07:01.906 debug: Build iteration starts.
Number of accumulated asset changes: 1
Feature changed: false
15:07:01.907 debug: Target(editor) build started.
15:07:01.911 debug: Detected change: cce:/internal/x/prerequisite-imports. Last mtime: Thu Jan 01 1970 08:25:06 GMT+0800 (中国标准时间), Current mtime: Thu Jan 01 1970 08:31:06 GMT+0800 (中国标准时间)
15:07:01.911 debug: Inspect cce:/internal/x/prerequisite-imports
15:07:01.925 debug: transform url: 'cce:/internal/x/prerequisite-imports' costs: 13.80 ms
15:07:01.927 debug: Resolve file:///C:/ProgramData/cocos/editors/Creator/3.8.8/resources/resources/3d/engine/editor/assets/default_renderpipeline/builtin-dof-pass.ts from cce:/internal/x/prerequisite-imports as file:///C:/ProgramData/cocos/editors/Creator/3.8.8/resources/resources/3d/engine/editor/assets/default_renderpipeline/builtin-dof-pass.ts.
15:07:01.928 debug: Resolve file:///C:/ProgramData/cocos/editors/Creator/3.8.8/resources/resources/3d/engine/editor/assets/default_renderpipeline/builtin-pipeline-pass.ts from cce:/internal/x/prerequisite-imports as file:///C:/ProgramData/cocos/editors/Creator/3.8.8/resources/resources/3d/engine/editor/assets/default_renderpipeline/builtin-pipeline-pass.ts.
15:07:01.928 debug: Resolve file:///C:/ProgramData/cocos/editors/Creator/3.8.8/resources/resources/3d/engine/editor/assets/default_renderpipeline/builtin-pipeline-settings.ts from cce:/internal/x/prerequisite-imports as file:///C:/ProgramData/cocos/editors/Creator/3.8.8/resources/resources/3d/engine/editor/assets/default_renderpipeline/builtin-pipeline-settings.ts.
15:07:01.929 debug: Resolve file:///C:/ProgramData/cocos/editors/Creator/3.8.8/resources/resources/3d/engine/editor/assets/default_renderpipeline/builtin-pipeline-types.ts from cce:/internal/x/prerequisite-imports as file:///C:/ProgramData/cocos/editors/Creator/3.8.8/resources/resources/3d/engine/editor/assets/default_renderpipeline/builtin-pipeline-types.ts.
15:07:01.930 debug: Resolve file:///C:/ProgramData/cocos/editors/Creator/3.8.8/resources/resources/3d/engine/editor/assets/default_renderpipeline/builtin-pipeline.ts from cce:/internal/x/prerequisite-imports as file:///C:/ProgramData/cocos/editors/Creator/3.8.8/resources/resources/3d/engine/editor/assets/default_renderpipeline/builtin-pipeline.ts.
15:07:01.931 debug: Resolve file:///C:/ProgramData/cocos/editors/Creator/3.8.8/resources/resources/3d/engine/editor/assets/tools/debug-view-runtime-control.ts from cce:/internal/x/prerequisite-imports as file:///C:/ProgramData/cocos/editors/Creator/3.8.8/resources/resources/3d/engine/editor/assets/tools/debug-view-runtime-control.ts.
15:07:01.932 debug: Resolve file:///D:/GameByself/Cocos/Project1/assets/Scripts/Car.ts from cce:/internal/x/prerequisite-imports as file:///D:/GameByself/Cocos/Project1/assets/Scripts/Car.ts.
15:07:01.932 debug: Detected change: file:///D:/GameByself/Cocos/Project1/assets/Scripts/Car.ts. Last mtime: Mon Aug 31 2026 15:01:00 GMT+0800 (中国标准时间)@5a936fee-f461-43c4-babc-9a428dd9672d, Current mtime: Mon Aug 31 2026 15:06:59 GMT+0800 (中国标准时间)@5a936fee-f461-43c4-babc-9a428dd9672d
15:07:01.932 debug: Inspect file:///D:/GameByself/Cocos/Project1/assets/Scripts/Car.ts
15:07:01.973 debug: transform url: 'file:///D:/GameByself/Cocos/Project1/assets/Scripts/Car.ts' costs: 41.00 ms
15:07:01.975 debug: Resolve cc from file:///D:/GameByself/Cocos/Project1/assets/Scripts/Car.ts as cce:/internal/x/cc.
15:07:01.975 debug: Resolve cc from file:///D:/GameByself/Cocos/Project1/assets/Scripts/Car.ts as cce:/internal/x/cc.
15:07:01.975 debug: Resolve cc from file:///D:/GameByself/Cocos/Project1/assets/Scripts/Car.ts as cce:/internal/x/cc.
15:07:01.988 debug: Target(editor) ends with cost 80.93519999994896ms.
15:07:01.988 debug: Target(preview) build started.
15:07:01.992 debug: Detected change: cce:/internal/x/prerequisite-imports. Last mtime: Thu Jan 01 1970 08:25:06 GMT+0800 (中国标准时间), Current mtime: Thu Jan 01 1970 08:31:07 GMT+0800 (中国标准时间)
15:07:01.992 debug: Inspect cce:/internal/x/prerequisite-imports
15:07:02.025 debug: transform url: 'cce:/internal/x/prerequisite-imports' costs: 33.10 ms
15:07:02.050 debug: Resolve file:///C:/ProgramData/cocos/editors/Creator/3.8.8/resources/resources/3d/engine/editor/assets/default_renderpipeline/builtin-dof-pass.ts from cce:/internal/x/prerequisite-imports as file:///C:/ProgramData/cocos/editors/Creator/3.8.8/resources/resources/3d/engine/editor/assets/default_renderpipeline/builtin-dof-pass.ts.
15:07:02.055 debug: Resolve file:///C:/ProgramData/cocos/editors/Creator/3.8.8/resources/resources/3d/engine/editor/assets/default_renderpipeline/builtin-pipeline-pass.ts from cce:/internal/x/prerequisite-imports as file:///C:/ProgramData/cocos/editors/Creator/3.8.8/resources/resources/3d/engine/editor/assets/default_renderpipeline/builtin-pipeline-pass.ts.
15:07:02.058 debug: Resolve file:///C:/ProgramData/cocos/editors/Creator/3.8.8/resources/resources/3d/engine/editor/assets/default_renderpipeline/builtin-pipeline-settings.ts from cce:/internal/x/prerequisite-imports as file:///C:/ProgramData/cocos/editors/Creator/3.8.8/resources/resources/3d/engine/editor/assets/default_renderpipeline/builtin-pipeline-settings.ts.
15:07:02.060 debug: Resolve file:///C:/ProgramData/cocos/editors/Creator/3.8.8/resources/resources/3d/engine/editor/assets/default_renderpipeline/builtin-pipeline-types.ts from cce:/internal/x/prerequisite-imports as file:///C:/ProgramData/cocos/editors/Creator/3.8.8/resources/resources/3d/engine/editor/assets/default_renderpipeline/builtin-pipeline-types.ts.
15:07:02.061 debug: Resolve file:///C:/ProgramData/cocos/editors/Creator/3.8.8/resources/resources/3d/engine/editor/assets/default_renderpipeline/builtin-pipeline.ts from cce:/internal/x/prerequisite-imports as file:///C:/ProgramData/cocos/editors/Creator/3.8.8/resources/resources/3d/engine/editor/assets/default_renderpipeline/builtin-pipeline.ts.
15:07:02.062 debug: Resolve file:///C:/ProgramData/cocos/editors/Creator/3.8.8/resources/resources/3d/engine/editor/assets/tools/debug-view-runtime-control.ts from cce:/internal/x/prerequisite-imports as file:///C:/ProgramData/cocos/editors/Creator/3.8.8/resources/resources/3d/engine/editor/assets/tools/debug-view-runtime-control.ts.
15:07:02.063 debug: Resolve file:///D:/GameByself/Cocos/Project1/assets/Scripts/Car.ts from cce:/internal/x/prerequisite-imports as file:///D:/GameByself/Cocos/Project1/assets/Scripts/Car.ts.
15:07:02.063 debug: Detected change: file:///D:/GameByself/Cocos/Project1/assets/Scripts/Car.ts. Last mtime: Mon Aug 31 2026 15:01:00 GMT+0800 (中国标准时间)@5a936fee-f461-43c4-babc-9a428dd9672d, Current mtime: Mon Aug 31 2026 15:06:59 GMT+0800 (中国标准时间)@5a936fee-f461-43c4-babc-9a428dd9672d
15:07:02.063 debug: Inspect file:///D:/GameByself/Cocos/Project1/assets/Scripts/Car.ts
15:07:02.122 debug: transform url: 'file:///D:/GameByself/Cocos/Project1/assets/Scripts/Car.ts' costs: 58.70 ms
15:07:02.125 debug: Resolve cc from file:///D:/GameByself/Cocos/Project1/assets/Scripts/Car.ts as cce:/internal/x/cc.
15:07:02.125 debug: Resolve cc from file:///D:/GameByself/Cocos/Project1/assets/Scripts/Car.ts as cce:/internal/x/cc.
15:07:02.125 debug: Resolve cc from file:///D:/GameByself/Cocos/Project1/assets/Scripts/Car.ts as cce:/internal/x/cc.
15:07:02.150 debug: Target(preview) ends with cost 161.60489999991842ms.
15:09:45.270 debug: Dispatch build request for time accumulated 1 asset changes.
15:09:45.273 debug: Build iteration starts.
Number of accumulated asset changes: 1
Feature changed: false
15:09:45.273 debug: Target(editor) build started.
15:09:45.276 debug: Detected change: cce:/internal/x/prerequisite-imports. Last mtime: Thu Jan 01 1970 08:31:06 GMT+0800 (中国标准时间), Current mtime: Thu Jan 01 1970 08:33:50 GMT+0800 (中国标准时间)
15:09:45.276 debug: Inspect cce:/internal/x/prerequisite-imports
15:09:45.288 debug: transform url: 'cce:/internal/x/prerequisite-imports' costs: 11.10 ms
15:09:45.290 debug: Resolve file:///C:/ProgramData/cocos/editors/Creator/3.8.8/resources/resources/3d/engine/editor/assets/default_renderpipeline/builtin-dof-pass.ts from cce:/internal/x/prerequisite-imports as file:///C:/ProgramData/cocos/editors/Creator/3.8.8/resources/resources/3d/engine/editor/assets/default_renderpipeline/builtin-dof-pass.ts.
15:09:45.292 debug: Resolve file:///C:/ProgramData/cocos/editors/Creator/3.8.8/resources/resources/3d/engine/editor/assets/default_renderpipeline/builtin-pipeline-pass.ts from cce:/internal/x/prerequisite-imports as file:///C:/ProgramData/cocos/editors/Creator/3.8.8/resources/resources/3d/engine/editor/assets/default_renderpipeline/builtin-pipeline-pass.ts.
15:09:45.293 debug: Resolve file:///C:/ProgramData/cocos/editors/Creator/3.8.8/resources/resources/3d/engine/editor/assets/default_renderpipeline/builtin-pipeline-settings.ts from cce:/internal/x/prerequisite-imports as file:///C:/ProgramData/cocos/editors/Creator/3.8.8/resources/resources/3d/engine/editor/assets/default_renderpipeline/builtin-pipeline-settings.ts.
15:09:45.294 debug: Resolve file:///C:/ProgramData/cocos/editors/Creator/3.8.8/resources/resources/3d/engine/editor/assets/default_renderpipeline/builtin-pipeline-types.ts from cce:/internal/x/prerequisite-imports as file:///C:/ProgramData/cocos/editors/Creator/3.8.8/resources/resources/3d/engine/editor/assets/default_renderpipeline/builtin-pipeline-types.ts.
15:09:45.294 debug: Resolve file:///C:/ProgramData/cocos/editors/Creator/3.8.8/resources/resources/3d/engine/editor/assets/default_renderpipeline/builtin-pipeline.ts from cce:/internal/x/prerequisite-imports as file:///C:/ProgramData/cocos/editors/Creator/3.8.8/resources/resources/3d/engine/editor/assets/default_renderpipeline/builtin-pipeline.ts.
15:09:45.295 debug: Resolve file:///C:/ProgramData/cocos/editors/Creator/3.8.8/resources/resources/3d/engine/editor/assets/tools/debug-view-runtime-control.ts from cce:/internal/x/prerequisite-imports as file:///C:/ProgramData/cocos/editors/Creator/3.8.8/resources/resources/3d/engine/editor/assets/tools/debug-view-runtime-control.ts.
15:09:45.297 debug: Resolve file:///D:/GameByself/Cocos/Project1/assets/Scripts/Car.ts from cce:/internal/x/prerequisite-imports as file:///D:/GameByself/Cocos/Project1/assets/Scripts/Car.ts.
15:09:45.298 debug: Detected change: file:///D:/GameByself/Cocos/Project1/assets/Scripts/Car.ts. Last mtime: Mon Aug 31 2026 15:06:59 GMT+0800 (中国标准时间)@5a936fee-f461-43c4-babc-9a428dd9672d, Current mtime: Mon Aug 31 2026 15:09:43 GMT+0800 (中国标准时间)@5a936fee-f461-43c4-babc-9a428dd9672d
15:09:45.298 debug: Inspect file:///D:/GameByself/Cocos/Project1/assets/Scripts/Car.ts
15:09:45.337 debug: transform url: 'file:///D:/GameByself/Cocos/Project1/assets/Scripts/Car.ts' costs: 39.30 ms
15:09:45.339 debug: Resolve cc from file:///D:/GameByself/Cocos/Project1/assets/Scripts/Car.ts as cce:/internal/x/cc.
15:09:45.339 debug: Resolve cc from file:///D:/GameByself/Cocos/Project1/assets/Scripts/Car.ts as cce:/internal/x/cc.
15:09:45.339 debug: Resolve cc from file:///D:/GameByself/Cocos/Project1/assets/Scripts/Car.ts as cce:/internal/x/cc.
15:09:45.352 debug: Target(editor) ends with cost 78.46500000008382ms.
15:09:45.352 debug: Target(preview) build started.
15:09:45.358 debug: Detected change: cce:/internal/x/prerequisite-imports. Last mtime: Thu Jan 01 1970 08:31:07 GMT+0800 (中国标准时间), Current mtime: Thu Jan 01 1970 08:33:50 GMT+0800 (中国标准时间)
15:09:45.358 debug: Inspect cce:/internal/x/prerequisite-imports
15:09:45.385 debug: transform url: 'cce:/internal/x/prerequisite-imports' costs: 26.30 ms
15:09:45.388 debug: Resolve file:///C:/ProgramData/cocos/editors/Creator/3.8.8/resources/resources/3d/engine/editor/assets/default_renderpipeline/builtin-dof-pass.ts from cce:/internal/x/prerequisite-imports as file:///C:/ProgramData/cocos/editors/Creator/3.8.8/resources/resources/3d/engine/editor/assets/default_renderpipeline/builtin-dof-pass.ts.
15:09:45.390 debug: Resolve file:///C:/ProgramData/cocos/editors/Creator/3.8.8/resources/resources/3d/engine/editor/assets/default_renderpipeline/builtin-pipeline-pass.ts from cce:/internal/x/prerequisite-imports as file:///C:/ProgramData/cocos/editors/Creator/3.8.8/resources/resources/3d/engine/editor/assets/default_renderpipeline/builtin-pipeline-pass.ts.
15:09:45.392 debug: Resolve file:///C:/ProgramData/cocos/editors/Creator/3.8.8/resources/resources/3d/engine/editor/assets/default_renderpipeline/builtin-pipeline-settings.ts from cce:/internal/x/prerequisite-imports as file:///C:/ProgramData/cocos/editors/Creator/3.8.8/resources/resources/3d/engine/editor/assets/default_renderpipeline/builtin-pipeline-settings.ts.
15:09:45.394 debug: Resolve file:///C:/ProgramData/cocos/editors/Creator/3.8.8/resources/resources/3d/engine/editor/assets/default_renderpipeline/builtin-pipeline-types.ts from cce:/internal/x/prerequisite-imports as file:///C:/ProgramData/cocos/editors/Creator/3.8.8/resources/resources/3d/engine/editor/assets/default_renderpipeline/builtin-pipeline-types.ts.
15:09:45.396 debug: Resolve file:///C:/ProgramData/cocos/editors/Creator/3.8.8/resources/resources/3d/engine/editor/assets/default_renderpipeline/builtin-pipeline.ts from cce:/internal/x/prerequisite-imports as file:///C:/ProgramData/cocos/editors/Creator/3.8.8/resources/resources/3d/engine/editor/assets/default_renderpipeline/builtin-pipeline.ts.
15:09:45.398 debug: Resolve file:///C:/ProgramData/cocos/editors/Creator/3.8.8/resources/resources/3d/engine/editor/assets/tools/debug-view-runtime-control.ts from cce:/internal/x/prerequisite-imports as file:///C:/ProgramData/cocos/editors/Creator/3.8.8/resources/resources/3d/engine/editor/assets/tools/debug-view-runtime-control.ts.
15:09:45.399 debug: Resolve file:///D:/GameByself/Cocos/Project1/assets/Scripts/Car.ts from cce:/internal/x/prerequisite-imports as file:///D:/GameByself/Cocos/Project1/assets/Scripts/Car.ts.
15:09:45.400 debug: Detected change: file:///D:/GameByself/Cocos/Project1/assets/Scripts/Car.ts. Last mtime: Mon Aug 31 2026 15:06:59 GMT+0800 (中国标准时间)@5a936fee-f461-43c4-babc-9a428dd9672d, Current mtime: Mon Aug 31 2026 15:09:43 GMT+0800 (中国标准时间)@5a936fee-f461-43c4-babc-9a428dd9672d
15:09:45.400 debug: Inspect file:///D:/GameByself/Cocos/Project1/assets/Scripts/Car.ts
15:09:45.471 debug: transform url: 'file:///D:/GameByself/Cocos/Project1/assets/Scripts/Car.ts' costs: 71.20 ms
15:09:45.473 debug: Resolve cc from file:///D:/GameByself/Cocos/Project1/assets/Scripts/Car.ts as cce:/internal/x/cc.
15:09:45.473 debug: Resolve cc from file:///D:/GameByself/Cocos/Project1/assets/Scripts/Car.ts as cce:/internal/x/cc.
15:09:45.473 debug: Resolve cc from file:///D:/GameByself/Cocos/Project1/assets/Scripts/Car.ts as cce:/internal/x/cc.
15:09:45.487 debug: Target(preview) ends with cost 134.45650000008754ms.
15:16:39.490 debug: Dispatch build request for time accumulated 1 asset changes.
15:16:39.493 debug: Build iteration starts.
Number of accumulated asset changes: 1
Feature changed: false
15:16:39.493 debug: Target(editor) build started.
15:16:39.495 debug: Detected change: cce:/internal/x/prerequisite-imports. Last mtime: Thu Jan 01 1970 08:33:50 GMT+0800 (中国标准时间), Current mtime: Thu Jan 01 1970 08:40:44 GMT+0800 (中国标准时间)
15:16:39.496 debug: Inspect cce:/internal/x/prerequisite-imports
15:16:39.507 debug: transform url: 'cce:/internal/x/prerequisite-imports' costs: 11.80 ms
15:16:39.509 debug: Resolve file:///C:/ProgramData/cocos/editors/Creator/3.8.8/resources/resources/3d/engine/editor/assets/default_renderpipeline/builtin-dof-pass.ts from cce:/internal/x/prerequisite-imports as file:///C:/ProgramData/cocos/editors/Creator/3.8.8/resources/resources/3d/engine/editor/assets/default_renderpipeline/builtin-dof-pass.ts.
15:16:39.511 debug: Resolve file:///C:/ProgramData/cocos/editors/Creator/3.8.8/resources/resources/3d/engine/editor/assets/default_renderpipeline/builtin-pipeline-pass.ts from cce:/internal/x/prerequisite-imports as file:///C:/ProgramData/cocos/editors/Creator/3.8.8/resources/resources/3d/engine/editor/assets/default_renderpipeline/builtin-pipeline-pass.ts.
15:16:39.512 debug: Resolve file:///C:/ProgramData/cocos/editors/Creator/3.8.8/resources/resources/3d/engine/editor/assets/default_renderpipeline/builtin-pipeline-settings.ts from cce:/internal/x/prerequisite-imports as file:///C:/ProgramData/cocos/editors/Creator/3.8.8/resources/resources/3d/engine/editor/assets/default_renderpipeline/builtin-pipeline-settings.ts.
15:16:39.513 debug: Resolve file:///C:/ProgramData/cocos/editors/Creator/3.8.8/resources/resources/3d/engine/editor/assets/default_renderpipeline/builtin-pipeline-types.ts from cce:/internal/x/prerequisite-imports as file:///C:/ProgramData/cocos/editors/Creator/3.8.8/resources/resources/3d/engine/editor/assets/default_renderpipeline/builtin-pipeline-types.ts.
15:16:39.514 debug: Resolve file:///C:/ProgramData/cocos/editors/Creator/3.8.8/resources/resources/3d/engine/editor/assets/default_renderpipeline/builtin-pipeline.ts from cce:/internal/x/prerequisite-imports as file:///C:/ProgramData/cocos/editors/Creator/3.8.8/resources/resources/3d/engine/editor/assets/default_renderpipeline/builtin-pipeline.ts.
15:16:39.514 debug: Resolve file:///C:/ProgramData/cocos/editors/Creator/3.8.8/resources/resources/3d/engine/editor/assets/tools/debug-view-runtime-control.ts from cce:/internal/x/prerequisite-imports as file:///C:/ProgramData/cocos/editors/Creator/3.8.8/resources/resources/3d/engine/editor/assets/tools/debug-view-runtime-control.ts.
15:16:39.515 debug: Resolve file:///D:/GameByself/Cocos/Project1/assets/Scripts/Car.ts from cce:/internal/x/prerequisite-imports as file:///D:/GameByself/Cocos/Project1/assets/Scripts/Car.ts.
15:16:39.515 debug: Detected change: file:///D:/GameByself/Cocos/Project1/assets/Scripts/Car.ts. Last mtime: Mon Aug 31 2026 15:09:43 GMT+0800 (中国标准时间)@5a936fee-f461-43c4-babc-9a428dd9672d, Current mtime: Mon Aug 31 2026 15:12:19 GMT+0800 (中国标准时间)@5a936fee-f461-43c4-babc-9a428dd9672d
15:16:39.515 debug: Inspect file:///D:/GameByself/Cocos/Project1/assets/Scripts/Car.ts
15:16:39.550 debug: transform url: 'file:///D:/GameByself/Cocos/Project1/assets/Scripts/Car.ts' costs: 34.60 ms
15:16:39.552 debug: Resolve cc from file:///D:/GameByself/Cocos/Project1/assets/Scripts/Car.ts as cce:/internal/x/cc.
15:16:39.552 debug: Resolve cc from file:///D:/GameByself/Cocos/Project1/assets/Scripts/Car.ts as cce:/internal/x/cc.
15:16:39.552 debug: Resolve cc from file:///D:/GameByself/Cocos/Project1/assets/Scripts/Car.ts as cce:/internal/x/cc.
15:16:39.562 debug: Target(editor) ends with cost 69.126600000076ms.
15:16:39.563 debug: Target(preview) build started.
15:16:39.568 debug: Detected change: cce:/internal/x/prerequisite-imports. Last mtime: Thu Jan 01 1970 08:33:50 GMT+0800 (中国标准时间), Current mtime: Thu Jan 01 1970 08:40:44 GMT+0800 (中国标准时间)
15:16:39.568 debug: Inspect cce:/internal/x/prerequisite-imports
15:16:39.586 debug: transform url: 'cce:/internal/x/prerequisite-imports' costs: 17.70 ms
15:16:39.589 debug: Resolve file:///C:/ProgramData/cocos/editors/Creator/3.8.8/resources/resources/3d/engine/editor/assets/default_renderpipeline/builtin-dof-pass.ts from cce:/internal/x/prerequisite-imports as file:///C:/ProgramData/cocos/editors/Creator/3.8.8/resources/resources/3d/engine/editor/assets/default_renderpipeline/builtin-dof-pass.ts.
15:16:39.591 debug: Resolve file:///C:/ProgramData/cocos/editors/Creator/3.8.8/resources/resources/3d/engine/editor/assets/default_renderpipeline/builtin-pipeline-pass.ts from cce:/internal/x/prerequisite-imports as file:///C:/ProgramData/cocos/editors/Creator/3.8.8/resources/resources/3d/engine/editor/assets/default_renderpipeline/builtin-pipeline-pass.ts.
15:16:39.593 debug: Resolve file:///C:/ProgramData/cocos/editors/Creator/3.8.8/resources/resources/3d/engine/editor/assets/default_renderpipeline/builtin-pipeline-settings.ts from cce:/internal/x/prerequisite-imports as file:///C:/ProgramData/cocos/editors/Creator/3.8.8/resources/resources/3d/engine/editor/assets/default_renderpipeline/builtin-pipeline-settings.ts.
15:16:39.594 debug: Resolve file:///C:/ProgramData/cocos/editors/Creator/3.8.8/resources/resources/3d/engine/editor/assets/default_renderpipeline/builtin-pipeline-types.ts from cce:/internal/x/prerequisite-imports as file:///C:/ProgramData/cocos/editors/Creator/3.8.8/resources/resources/3d/engine/editor/assets/default_renderpipeline/builtin-pipeline-types.ts.
15:16:39.595 debug: Resolve file:///C:/ProgramData/cocos/editors/Creator/3.8.8/resources/resources/3d/engine/editor/assets/default_renderpipeline/builtin-pipeline.ts from cce:/internal/x/prerequisite-imports as file:///C:/ProgramData/cocos/editors/Creator/3.8.8/resources/resources/3d/engine/editor/assets/default_renderpipeline/builtin-pipeline.ts.
15:16:39.596 debug: Resolve file:///C:/ProgramData/cocos/editors/Creator/3.8.8/resources/resources/3d/engine/editor/assets/tools/debug-view-runtime-control.ts from cce:/internal/x/prerequisite-imports as file:///C:/ProgramData/cocos/editors/Creator/3.8.8/resources/resources/3d/engine/editor/assets/tools/debug-view-runtime-control.ts.
15:16:39.598 debug: Resolve file:///D:/GameByself/Cocos/Project1/assets/Scripts/Car.ts from cce:/internal/x/prerequisite-imports as file:///D:/GameByself/Cocos/Project1/assets/Scripts/Car.ts.
15:16:39.599 debug: Detected change: file:///D:/GameByself/Cocos/Project1/assets/Scripts/Car.ts. Last mtime: Mon Aug 31 2026 15:09:43 GMT+0800 (中国标准时间)@5a936fee-f461-43c4-babc-9a428dd9672d, Current mtime: Mon Aug 31 2026 15:12:19 GMT+0800 (中国标准时间)@5a936fee-f461-43c4-babc-9a428dd9672d
15:16:39.599 debug: Inspect file:///D:/GameByself/Cocos/Project1/assets/Scripts/Car.ts
15:16:39.654 debug: transform url: 'file:///D:/GameByself/Cocos/Project1/assets/Scripts/Car.ts' costs: 55.50 ms
15:16:39.656 debug: Resolve cc from file:///D:/GameByself/Cocos/Project1/assets/Scripts/Car.ts as cce:/internal/x/cc.
15:16:39.656 debug: Resolve cc from file:///D:/GameByself/Cocos/Project1/assets/Scripts/Car.ts as cce:/internal/x/cc.
15:16:39.656 debug: Resolve cc from file:///D:/GameByself/Cocos/Project1/assets/Scripts/Car.ts as cce:/internal/x/cc.
15:16:39.673 debug: Target(preview) ends with cost 110.59300000034273ms.
15:21:42.672 debug: Dispatch build request for time accumulated 1 asset changes.
15:21:42.674 debug: Build iteration starts.
Number of accumulated asset changes: 1
Feature changed: false
15:21:42.674 debug: Target(editor) build started.
15:21:42.677 debug: Detected change: cce:/internal/x/prerequisite-imports. Last mtime: Thu Jan 01 1970 08:40:44 GMT+0800 (中国标准时间), Current mtime: Thu Jan 01 1970 08:45:47 GMT+0800 (中国标准时间)
15:21:42.677 debug: Inspect cce:/internal/x/prerequisite-imports
15:21:42.687 debug: transform url: 'cce:/internal/x/prerequisite-imports' costs: 10.00 ms
15:21:42.689 debug: Resolve file:///C:/ProgramData/cocos/editors/Creator/3.8.8/resources/resources/3d/engine/editor/assets/default_renderpipeline/builtin-dof-pass.ts from cce:/internal/x/prerequisite-imports as file:///C:/ProgramData/cocos/editors/Creator/3.8.8/resources/resources/3d/engine/editor/assets/default_renderpipeline/builtin-dof-pass.ts.
15:21:42.691 debug: Resolve file:///C:/ProgramData/cocos/editors/Creator/3.8.8/resources/resources/3d/engine/editor/assets/default_renderpipeline/builtin-pipeline-pass.ts from cce:/internal/x/prerequisite-imports as file:///C:/ProgramData/cocos/editors/Creator/3.8.8/resources/resources/3d/engine/editor/assets/default_renderpipeline/builtin-pipeline-pass.ts.
15:21:42.692 debug: Resolve file:///C:/ProgramData/cocos/editors/Creator/3.8.8/resources/resources/3d/engine/editor/assets/default_renderpipeline/builtin-pipeline-settings.ts from cce:/internal/x/prerequisite-imports as file:///C:/ProgramData/cocos/editors/Creator/3.8.8/resources/resources/3d/engine/editor/assets/default_renderpipeline/builtin-pipeline-settings.ts.
15:21:42.693 debug: Resolve file:///C:/ProgramData/cocos/editors/Creator/3.8.8/resources/resources/3d/engine/editor/assets/default_renderpipeline/builtin-pipeline-types.ts from cce:/internal/x/prerequisite-imports as file:///C:/ProgramData/cocos/editors/Creator/3.8.8/resources/resources/3d/engine/editor/assets/default_renderpipeline/builtin-pipeline-types.ts.
15:21:42.693 debug: Resolve file:///C:/ProgramData/cocos/editors/Creator/3.8.8/resources/resources/3d/engine/editor/assets/default_renderpipeline/builtin-pipeline.ts from cce:/internal/x/prerequisite-imports as file:///C:/ProgramData/cocos/editors/Creator/3.8.8/resources/resources/3d/engine/editor/assets/default_renderpipeline/builtin-pipeline.ts.
15:21:42.695 debug: Resolve file:///C:/ProgramData/cocos/editors/Creator/3.8.8/resources/resources/3d/engine/editor/assets/tools/debug-view-runtime-control.ts from cce:/internal/x/prerequisite-imports as file:///C:/ProgramData/cocos/editors/Creator/3.8.8/resources/resources/3d/engine/editor/assets/tools/debug-view-runtime-control.ts.
15:21:42.696 debug: Resolve file:///D:/GameByself/Cocos/Project1/assets/Scripts/Car.ts from cce:/internal/x/prerequisite-imports as file:///D:/GameByself/Cocos/Project1/assets/Scripts/Car.ts.
15:21:42.696 debug: Detected change: file:///D:/GameByself/Cocos/Project1/assets/Scripts/Car.ts. Last mtime: Mon Aug 31 2026 15:12:19 GMT+0800 (中国标准时间)@5a936fee-f461-43c4-babc-9a428dd9672d, Current mtime: Mon Aug 31 2026 15:21:40 GMT+0800 (中国标准时间)@5a936fee-f461-43c4-babc-9a428dd9672d
15:21:42.696 debug: Inspect file:///D:/GameByself/Cocos/Project1/assets/Scripts/Car.ts
15:21:42.727 debug: transform url: 'file:///D:/GameByself/Cocos/Project1/assets/Scripts/Car.ts' costs: 31.40 ms
15:21:42.729 debug: Resolve cc from file:///D:/GameByself/Cocos/Project1/assets/Scripts/Car.ts as cce:/internal/x/cc.
15:21:42.730 debug: Resolve cc from file:///D:/GameByself/Cocos/Project1/assets/Scripts/Car.ts as cce:/internal/x/cc.
15:21:42.730 debug: Resolve cc from file:///D:/GameByself/Cocos/Project1/assets/Scripts/Car.ts as cce:/internal/x/cc.
15:21:42.761 debug: Target(editor) ends with cost 86.79750000033528ms.
15:21:42.761 debug: Target(preview) build started.
15:21:42.766 debug: Detected change: cce:/internal/x/prerequisite-imports. Last mtime: Thu Jan 01 1970 08:40:44 GMT+0800 (中国标准时间), Current mtime: Thu Jan 01 1970 08:45:47 GMT+0800 (中国标准时间)
15:21:42.766 debug: Inspect cce:/internal/x/prerequisite-imports
15:21:42.787 debug: transform url: 'cce:/internal/x/prerequisite-imports' costs: 21.10 ms
15:21:42.790 debug: Resolve file:///C:/ProgramData/cocos/editors/Creator/3.8.8/resources/resources/3d/engine/editor/assets/default_renderpipeline/builtin-dof-pass.ts from cce:/internal/x/prerequisite-imports as file:///C:/ProgramData/cocos/editors/Creator/3.8.8/resources/resources/3d/engine/editor/assets/default_renderpipeline/builtin-dof-pass.ts.
15:21:42.791 debug: Resolve file:///C:/ProgramData/cocos/editors/Creator/3.8.8/resources/resources/3d/engine/editor/assets/default_renderpipeline/builtin-pipeline-pass.ts from cce:/internal/x/prerequisite-imports as file:///C:/ProgramData/cocos/editors/Creator/3.8.8/resources/resources/3d/engine/editor/assets/default_renderpipeline/builtin-pipeline-pass.ts.
15:21:42.792 debug: Resolve file:///C:/ProgramData/cocos/editors/Creator/3.8.8/resources/resources/3d/engine/editor/assets/default_renderpipeline/builtin-pipeline-settings.ts from cce:/internal/x/prerequisite-imports as file:///C:/ProgramData/cocos/editors/Creator/3.8.8/resources/resources/3d/engine/editor/assets/default_renderpipeline/builtin-pipeline-settings.ts.
15:21:42.794 debug: Resolve file:///C:/ProgramData/cocos/editors/Creator/3.8.8/resources/resources/3d/engine/editor/assets/default_renderpipeline/builtin-pipeline-types.ts from cce:/internal/x/prerequisite-imports as file:///C:/ProgramData/cocos/editors/Creator/3.8.8/resources/resources/3d/engine/editor/assets/default_renderpipeline/builtin-pipeline-types.ts.
15:21:42.796 debug: Resolve file:///C:/ProgramData/cocos/editors/Creator/3.8.8/resources/resources/3d/engine/editor/assets/default_renderpipeline/builtin-pipeline.ts from cce:/internal/x/prerequisite-imports as file:///C:/ProgramData/cocos/editors/Creator/3.8.8/resources/resources/3d/engine/editor/assets/default_renderpipeline/builtin-pipeline.ts.
15:21:42.799 debug: Resolve file:///C:/ProgramData/cocos/editors/Creator/3.8.8/resources/resources/3d/engine/editor/assets/tools/debug-view-runtime-control.ts from cce:/internal/x/prerequisite-imports as file:///C:/ProgramData/cocos/editors/Creator/3.8.8/resources/resources/3d/engine/editor/assets/tools/debug-view-runtime-control.ts.
15:21:42.801 debug: Resolve file:///D:/GameByself/Cocos/Project1/assets/Scripts/Car.ts from cce:/internal/x/prerequisite-imports as file:///D:/GameByself/Cocos/Project1/assets/Scripts/Car.ts.
15:21:42.801 debug: Detected change: file:///D:/GameByself/Cocos/Project1/assets/Scripts/Car.ts. Last mtime: Mon Aug 31 2026 15:12:19 GMT+0800 (中国标准时间)@5a936fee-f461-43c4-babc-9a428dd9672d, Current mtime: Mon Aug 31 2026 15:21:40 GMT+0800 (中国标准时间)@5a936fee-f461-43c4-babc-9a428dd9672d
15:21:42.802 debug: Inspect file:///D:/GameByself/Cocos/Project1/assets/Scripts/Car.ts
15:21:42.856 debug: transform url: 'file:///D:/GameByself/Cocos/Project1/assets/Scripts/Car.ts' costs: 54.90 ms
15:21:42.858 debug: Resolve cc from file:///D:/GameByself/Cocos/Project1/assets/Scripts/Car.ts as cce:/internal/x/cc.
15:21:42.859 debug: Resolve cc from file:///D:/GameByself/Cocos/Project1/assets/Scripts/Car.ts as cce:/internal/x/cc.
15:21:42.859 debug: Resolve cc from file:///D:/GameByself/Cocos/Project1/assets/Scripts/Car.ts as cce:/internal/x/cc.
15:21:42.877 debug: Target(preview) ends with cost 115.76899999985471ms.
15:23:43.940 debug: Dispatch build request for time accumulated 1 asset changes.
15:23:43.941 debug: Build iteration starts.
Number of accumulated asset changes: 1
Feature changed: false
15:23:43.942 debug: Target(editor) build started.
15:23:43.944 debug: Detected change: cce:/internal/x/prerequisite-imports. Last mtime: Thu Jan 01 1970 08:45:47 GMT+0800 (中国标准时间), Current mtime: Thu Jan 01 1970 08:47:48 GMT+0800 (中国标准时间)
15:23:43.944 debug: Inspect cce:/internal/x/prerequisite-imports
15:23:43.953 debug: transform url: 'cce:/internal/x/prerequisite-imports' costs: 8.80 ms
15:23:43.956 debug: Resolve file:///C:/ProgramData/cocos/editors/Creator/3.8.8/resources/resources/3d/engine/editor/assets/default_renderpipeline/builtin-dof-pass.ts from cce:/internal/x/prerequisite-imports as file:///C:/ProgramData/cocos/editors/Creator/3.8.8/resources/resources/3d/engine/editor/assets/default_renderpipeline/builtin-dof-pass.ts.
15:23:43.956 debug: Resolve file:///C:/ProgramData/cocos/editors/Creator/3.8.8/resources/resources/3d/engine/editor/assets/default_renderpipeline/builtin-pipeline-pass.ts from cce:/internal/x/prerequisite-imports as file:///C:/ProgramData/cocos/editors/Creator/3.8.8/resources/resources/3d/engine/editor/assets/default_renderpipeline/builtin-pipeline-pass.ts.
15:23:43.957 debug: Resolve file:///C:/ProgramData/cocos/editors/Creator/3.8.8/resources/resources/3d/engine/editor/assets/default_renderpipeline/builtin-pipeline-settings.ts from cce:/internal/x/prerequisite-imports as file:///C:/ProgramData/cocos/editors/Creator/3.8.8/resources/resources/3d/engine/editor/assets/default_renderpipeline/builtin-pipeline-settings.ts.
15:23:43.958 debug: Resolve file:///C:/ProgramData/cocos/editors/Creator/3.8.8/resources/resources/3d/engine/editor/assets/default_renderpipeline/builtin-pipeline-types.ts from cce:/internal/x/prerequisite-imports as file:///C:/ProgramData/cocos/editors/Creator/3.8.8/resources/resources/3d/engine/editor/assets/default_renderpipeline/builtin-pipeline-types.ts.
15:23:43.959 debug: Resolve file:///C:/ProgramData/cocos/editors/Creator/3.8.8/resources/resources/3d/engine/editor/assets/default_renderpipeline/builtin-pipeline.ts from cce:/internal/x/prerequisite-imports as file:///C:/ProgramData/cocos/editors/Creator/3.8.8/resources/resources/3d/engine/editor/assets/default_renderpipeline/builtin-pipeline.ts.
15:23:43.961 debug: Resolve file:///C:/ProgramData/cocos/editors/Creator/3.8.8/resources/resources/3d/engine/editor/assets/tools/debug-view-runtime-control.ts from cce:/internal/x/prerequisite-imports as file:///C:/ProgramData/cocos/editors/Creator/3.8.8/resources/resources/3d/engine/editor/assets/tools/debug-view-runtime-control.ts.
15:23:43.962 debug: Resolve file:///D:/GameByself/Cocos/Project1/assets/Scripts/Car.ts from cce:/internal/x/prerequisite-imports as file:///D:/GameByself/Cocos/Project1/assets/Scripts/Car.ts.
15:23:43.962 debug: Detected change: file:///D:/GameByself/Cocos/Project1/assets/Scripts/Car.ts. Last mtime: Mon Aug 31 2026 15:21:40 GMT+0800 (中国标准时间)@5a936fee-f461-43c4-babc-9a428dd9672d, Current mtime: Mon Aug 31 2026 15:23:42 GMT+0800 (中国标准时间)@5a936fee-f461-43c4-babc-9a428dd9672d
15:23:43.962 debug: Inspect file:///D:/GameByself/Cocos/Project1/assets/Scripts/Car.ts
15:23:43.992 debug: transform url: 'file:///D:/GameByself/Cocos/Project1/assets/Scripts/Car.ts' costs: 29.90 ms
15:23:43.993 debug: Resolve cc from file:///D:/GameByself/Cocos/Project1/assets/Scripts/Car.ts as cce:/internal/x/cc.
15:23:43.993 debug: Resolve cc from file:///D:/GameByself/Cocos/Project1/assets/Scripts/Car.ts as cce:/internal/x/cc.
15:23:43.993 debug: Resolve cc from file:///D:/GameByself/Cocos/Project1/assets/Scripts/Car.ts as cce:/internal/x/cc.
15:23:44.006 debug: Target(editor) ends with cost 64.17409999994561ms.
15:23:44.006 debug: Target(preview) build started.
15:23:44.009 debug: Detected change: cce:/internal/x/prerequisite-imports. Last mtime: Thu Jan 01 1970 08:45:47 GMT+0800 (中国标准时间), Current mtime: Thu Jan 01 1970 08:47:49 GMT+0800 (中国标准时间)
15:23:44.009 debug: Inspect cce:/internal/x/prerequisite-imports
15:23:44.047 debug: transform url: 'cce:/internal/x/prerequisite-imports' costs: 38.00 ms
15:23:44.051 debug: Resolve file:///C:/ProgramData/cocos/editors/Creator/3.8.8/resources/resources/3d/engine/editor/assets/default_renderpipeline/builtin-dof-pass.ts from cce:/internal/x/prerequisite-imports as file:///C:/ProgramData/cocos/editors/Creator/3.8.8/resources/resources/3d/engine/editor/assets/default_renderpipeline/builtin-dof-pass.ts.
15:23:44.053 debug: Resolve file:///C:/ProgramData/cocos/editors/Creator/3.8.8/resources/resources/3d/engine/editor/assets/default_renderpipeline/builtin-pipeline-pass.ts from cce:/internal/x/prerequisite-imports as file:///C:/ProgramData/cocos/editors/Creator/3.8.8/resources/resources/3d/engine/editor/assets/default_renderpipeline/builtin-pipeline-pass.ts.
15:23:44.054 debug: Resolve file:///C:/ProgramData/cocos/editors/Creator/3.8.8/resources/resources/3d/engine/editor/assets/default_renderpipeline/builtin-pipeline-settings.ts from cce:/internal/x/prerequisite-imports as file:///C:/ProgramData/cocos/editors/Creator/3.8.8/resources/resources/3d/engine/editor/assets/default_renderpipeline/builtin-pipeline-settings.ts.
15:23:44.056 debug: Resolve file:///C:/ProgramData/cocos/editors/Creator/3.8.8/resources/resources/3d/engine/editor/assets/default_renderpipeline/builtin-pipeline-types.ts from cce:/internal/x/prerequisite-imports as file:///C:/ProgramData/cocos/editors/Creator/3.8.8/resources/resources/3d/engine/editor/assets/default_renderpipeline/builtin-pipeline-types.ts.
15:23:44.058 debug: Resolve file:///C:/ProgramData/cocos/editors/Creator/3.8.8/resources/resources/3d/engine/editor/assets/default_renderpipeline/builtin-pipeline.ts from cce:/internal/x/prerequisite-imports as file:///C:/ProgramData/cocos/editors/Creator/3.8.8/resources/resources/3d/engine/editor/assets/default_renderpipeline/builtin-pipeline.ts.
15:23:44.060 debug: Resolve file:///C:/ProgramData/cocos/editors/Creator/3.8.8/resources/resources/3d/engine/editor/assets/tools/debug-view-runtime-control.ts from cce:/internal/x/prerequisite-imports as file:///C:/ProgramData/cocos/editors/Creator/3.8.8/resources/resources/3d/engine/editor/assets/tools/debug-view-runtime-control.ts.
15:23:44.061 debug: Resolve file:///D:/GameByself/Cocos/Project1/assets/Scripts/Car.ts from cce:/internal/x/prerequisite-imports as file:///D:/GameByself/Cocos/Project1/assets/Scripts/Car.ts.
15:23:44.062 debug: Detected change: file:///D:/GameByself/Cocos/Project1/assets/Scripts/Car.ts. Last mtime: Mon Aug 31 2026 15:21:40 GMT+0800 (中国标准时间)@5a936fee-f461-43c4-babc-9a428dd9672d, Current mtime: Mon Aug 31 2026 15:23:42 GMT+0800 (中国标准时间)@5a936fee-f461-43c4-babc-9a428dd9672d
15:23:44.062 debug: Inspect file:///D:/GameByself/Cocos/Project1/assets/Scripts/Car.ts
15:23:44.152 debug: transform url: 'file:///D:/GameByself/Cocos/Project1/assets/Scripts/Car.ts' costs: 89.70 ms
15:23:44.153 debug: Resolve cc from file:///D:/GameByself/Cocos/Project1/assets/Scripts/Car.ts as cce:/internal/x/cc.
15:23:44.153 debug: Resolve cc from file:///D:/GameByself/Cocos/Project1/assets/Scripts/Car.ts as cce:/internal/x/cc.
15:23:44.153 debug: Resolve cc from file:///D:/GameByself/Cocos/Project1/assets/Scripts/Car.ts as cce:/internal/x/cc.
15:23:44.168 debug: Target(preview) ends with cost 161.65379999997094ms.
15:25:19.814 debug: Dispatch build request for time accumulated 1 asset changes.
15:25:19.816 debug: Build iteration starts.
Number of accumulated asset changes: 1
Feature changed: false
15:25:19.816 debug: Target(editor) build started.
15:25:19.819 debug: Detected change: cce:/internal/x/prerequisite-imports. Last mtime: Thu Jan 01 1970 08:47:48 GMT+0800 (中国标准时间), Current mtime: Thu Jan 01 1970 08:49:24 GMT+0800 (中国标准时间)
15:25:19.820 debug: Inspect cce:/internal/x/prerequisite-imports
15:25:19.831 debug: transform url: 'cce:/internal/x/prerequisite-imports' costs: 11.90 ms
15:25:19.834 debug: Resolve file:///C:/ProgramData/cocos/editors/Creator/3.8.8/resources/resources/3d/engine/editor/assets/default_renderpipeline/builtin-dof-pass.ts from cce:/internal/x/prerequisite-imports as file:///C:/ProgramData/cocos/editors/Creator/3.8.8/resources/resources/3d/engine/editor/assets/default_renderpipeline/builtin-dof-pass.ts.
15:25:19.836 debug: Resolve file:///C:/ProgramData/cocos/editors/Creator/3.8.8/resources/resources/3d/engine/editor/assets/default_renderpipeline/builtin-pipeline-pass.ts from cce:/internal/x/prerequisite-imports as file:///C:/ProgramData/cocos/editors/Creator/3.8.8/resources/resources/3d/engine/editor/assets/default_renderpipeline/builtin-pipeline-pass.ts.
15:25:19.837 debug: Resolve file:///C:/ProgramData/cocos/editors/Creator/3.8.8/resources/resources/3d/engine/editor/assets/default_renderpipeline/builtin-pipeline-settings.ts from cce:/internal/x/prerequisite-imports as file:///C:/ProgramData/cocos/editors/Creator/3.8.8/resources/resources/3d/engine/editor/assets/default_renderpipeline/builtin-pipeline-settings.ts.
15:25:19.839 debug: Resolve file:///C:/ProgramData/cocos/editors/Creator/3.8.8/resources/resources/3d/engine/editor/assets/default_renderpipeline/builtin-pipeline-types.ts from cce:/internal/x/prerequisite-imports as file:///C:/ProgramData/cocos/editors/Creator/3.8.8/resources/resources/3d/engine/editor/assets/default_renderpipeline/builtin-pipeline-types.ts.
15:25:19.840 debug: Resolve file:///C:/ProgramData/cocos/editors/Creator/3.8.8/resources/resources/3d/engine/editor/assets/default_renderpipeline/builtin-pipeline.ts from cce:/internal/x/prerequisite-imports as file:///C:/ProgramData/cocos/editors/Creator/3.8.8/resources/resources/3d/engine/editor/assets/default_renderpipeline/builtin-pipeline.ts.
15:25:19.841 debug: Resolve file:///C:/ProgramData/cocos/editors/Creator/3.8.8/resources/resources/3d/engine/editor/assets/tools/debug-view-runtime-control.ts from cce:/internal/x/prerequisite-imports as file:///C:/ProgramData/cocos/editors/Creator/3.8.8/resources/resources/3d/engine/editor/assets/tools/debug-view-runtime-control.ts.
15:25:19.842 debug: Resolve file:///D:/GameByself/Cocos/Project1/assets/Scripts/Car.ts from cce:/internal/x/prerequisite-imports as file:///D:/GameByself/Cocos/Project1/assets/Scripts/Car.ts.
15:25:19.842 debug: Detected change: file:///D:/GameByself/Cocos/Project1/assets/Scripts/Car.ts. Last mtime: Mon Aug 31 2026 15:23:42 GMT+0800 (中国标准时间)@5a936fee-f461-43c4-babc-9a428dd9672d, Current mtime: Mon Aug 31 2026 15:25:18 GMT+0800 (中国标准时间)@5a936fee-f461-43c4-babc-9a428dd9672d
15:25:19.842 debug: Inspect file:///D:/GameByself/Cocos/Project1/assets/Scripts/Car.ts
15:25:19.879 debug: transform url: 'file:///D:/GameByself/Cocos/Project1/assets/Scripts/Car.ts' costs: 37.60 ms
15:25:19.881 debug: Resolve cc from file:///D:/GameByself/Cocos/Project1/assets/Scripts/Car.ts as cce:/internal/x/cc.
15:25:19.881 debug: Resolve cc from file:///D:/GameByself/Cocos/Project1/assets/Scripts/Car.ts as cce:/internal/x/cc.
15:25:19.881 debug: Resolve cc from file:///D:/GameByself/Cocos/Project1/assets/Scripts/Car.ts as cce:/internal/x/cc.
15:25:19.893 debug: Target(editor) ends with cost 76.435899999924ms.
15:25:19.893 debug: Target(preview) build started.
15:25:19.897 debug: Detected change: cce:/internal/x/prerequisite-imports. Last mtime: Thu Jan 01 1970 08:47:49 GMT+0800 (中国标准时间), Current mtime: Thu Jan 01 1970 08:49:24 GMT+0800 (中国标准时间)
15:25:19.897 debug: Inspect cce:/internal/x/prerequisite-imports
15:25:19.918 debug: transform url: 'cce:/internal/x/prerequisite-imports' costs: 20.90 ms
15:25:19.921 debug: Resolve file:///C:/ProgramData/cocos/editors/Creator/3.8.8/resources/resources/3d/engine/editor/assets/default_renderpipeline/builtin-dof-pass.ts from cce:/internal/x/prerequisite-imports as file:///C:/ProgramData/cocos/editors/Creator/3.8.8/resources/resources/3d/engine/editor/assets/default_renderpipeline/builtin-dof-pass.ts.
15:25:19.922 debug: Resolve file:///C:/ProgramData/cocos/editors/Creator/3.8.8/resources/resources/3d/engine/editor/assets/default_renderpipeline/builtin-pipeline-pass.ts from cce:/internal/x/prerequisite-imports as file:///C:/ProgramData/cocos/editors/Creator/3.8.8/resources/resources/3d/engine/editor/assets/default_renderpipeline/builtin-pipeline-pass.ts.
15:25:19.924 debug: Resolve file:///C:/ProgramData/cocos/editors/Creator/3.8.8/resources/resources/3d/engine/editor/assets/default_renderpipeline/builtin-pipeline-settings.ts from cce:/internal/x/prerequisite-imports as file:///C:/ProgramData/cocos/editors/Creator/3.8.8/resources/resources/3d/engine/editor/assets/default_renderpipeline/builtin-pipeline-settings.ts.
15:25:19.926 debug: Resolve file:///C:/ProgramData/cocos/editors/Creator/3.8.8/resources/resources/3d/engine/editor/assets/default_renderpipeline/builtin-pipeline-types.ts from cce:/internal/x/prerequisite-imports as file:///C:/ProgramData/cocos/editors/Creator/3.8.8/resources/resources/3d/engine/editor/assets/default_renderpipeline/builtin-pipeline-types.ts.
15:25:19.927 debug: Resolve file:///C:/ProgramData/cocos/editors/Creator/3.8.8/resources/resources/3d/engine/editor/assets/default_renderpipeline/builtin-pipeline.ts from cce:/internal/x/prerequisite-imports as file:///C:/ProgramData/cocos/editors/Creator/3.8.8/resources/resources/3d/engine/editor/assets/default_renderpipeline/builtin-pipeline.ts.
15:25:19.928 debug: Resolve file:///C:/ProgramData/cocos/editors/Creator/3.8.8/resources/resources/3d/engine/editor/assets/tools/debug-view-runtime-control.ts from cce:/internal/x/prerequisite-imports as file:///C:/ProgramData/cocos/editors/Creator/3.8.8/resources/resources/3d/engine/editor/assets/tools/debug-view-runtime-control.ts.
15:25:19.930 debug: Resolve file:///D:/GameByself/Cocos/Project1/assets/Scripts/Car.ts from cce:/internal/x/prerequisite-imports as file:///D:/GameByself/Cocos/Project1/assets/Scripts/Car.ts.
15:25:19.930 debug: Detected change: file:///D:/GameByself/Cocos/Project1/assets/Scripts/Car.ts. Last mtime: Mon Aug 31 2026 15:23:42 GMT+0800 (中国标准时间)@5a936fee-f461-43c4-babc-9a428dd9672d, Current mtime: Mon Aug 31 2026 15:25:18 GMT+0800 (中国标准时间)@5a936fee-f461-43c4-babc-9a428dd9672d
15:25:19.930 debug: Inspect file:///D:/GameByself/Cocos/Project1/assets/Scripts/Car.ts
15:25:19.987 debug: transform url: 'file:///D:/GameByself/Cocos/Project1/assets/Scripts/Car.ts' costs: 56.40 ms
15:25:19.989 debug: Resolve cc from file:///D:/GameByself/Cocos/Project1/assets/Scripts/Car.ts as cce:/internal/x/cc.
15:25:19.989 debug: Resolve cc from file:///D:/GameByself/Cocos/Project1/assets/Scripts/Car.ts as cce:/internal/x/cc.
15:25:19.989 debug: Resolve cc from file:///D:/GameByself/Cocos/Project1/assets/Scripts/Car.ts as cce:/internal/x/cc.
15:25:20.011 debug: Target(preview) ends with cost 116.95109999971464ms.
15:29:02.002 debug: Dispatch build request for time accumulated 1 asset changes.
15:29:02.005 debug: Build iteration starts.
Number of accumulated asset changes: 1
Feature changed: false
15:29:02.005 debug: Target(editor) build started.
15:29:02.008 debug: Detected change: cce:/internal/x/prerequisite-imports. Last mtime: Thu Jan 01 1970 08:49:24 GMT+0800 (中国标准时间), Current mtime: Thu Jan 01 1970 08:53:07 GMT+0800 (中国标准时间)
15:29:02.008 debug: Inspect cce:/internal/x/prerequisite-imports
15:29:02.019 debug: transform url: 'cce:/internal/x/prerequisite-imports' costs: 10.70 ms
15:29:02.022 debug: Resolve file:///C:/ProgramData/cocos/editors/Creator/3.8.8/resources/resources/3d/engine/editor/assets/default_renderpipeline/builtin-dof-pass.ts from cce:/internal/x/prerequisite-imports as file:///C:/ProgramData/cocos/editors/Creator/3.8.8/resources/resources/3d/engine/editor/assets/default_renderpipeline/builtin-dof-pass.ts.
15:29:02.023 debug: Resolve file:///C:/ProgramData/cocos/editors/Creator/3.8.8/resources/resources/3d/engine/editor/assets/default_renderpipeline/builtin-pipeline-pass.ts from cce:/internal/x/prerequisite-imports as file:///C:/ProgramData/cocos/editors/Creator/3.8.8/resources/resources/3d/engine/editor/assets/default_renderpipeline/builtin-pipeline-pass.ts.
15:29:02.025 debug: Resolve file:///C:/ProgramData/cocos/editors/Creator/3.8.8/resources/resources/3d/engine/editor/assets/default_renderpipeline/builtin-pipeline-settings.ts from cce:/internal/x/prerequisite-imports as file:///C:/ProgramData/cocos/editors/Creator/3.8.8/resources/resources/3d/engine/editor/assets/default_renderpipeline/builtin-pipeline-settings.ts.
15:29:02.025 debug: Resolve file:///C:/ProgramData/cocos/editors/Creator/3.8.8/resources/resources/3d/engine/editor/assets/default_renderpipeline/builtin-pipeline-types.ts from cce:/internal/x/prerequisite-imports as file:///C:/ProgramData/cocos/editors/Creator/3.8.8/resources/resources/3d/engine/editor/assets/default_renderpipeline/builtin-pipeline-types.ts.
15:29:02.026 debug: Resolve file:///C:/ProgramData/cocos/editors/Creator/3.8.8/resources/resources/3d/engine/editor/assets/default_renderpipeline/builtin-pipeline.ts from cce:/internal/x/prerequisite-imports as file:///C:/ProgramData/cocos/editors/Creator/3.8.8/resources/resources/3d/engine/editor/assets/default_renderpipeline/builtin-pipeline.ts.
15:29:02.027 debug: Resolve file:///C:/ProgramData/cocos/editors/Creator/3.8.8/resources/resources/3d/engine/editor/assets/tools/debug-view-runtime-control.ts from cce:/internal/x/prerequisite-imports as file:///C:/ProgramData/cocos/editors/Creator/3.8.8/resources/resources/3d/engine/editor/assets/tools/debug-view-runtime-control.ts.
15:29:02.028 debug: Resolve file:///D:/GameByself/Cocos/Project1/assets/Scripts/Car.ts from cce:/internal/x/prerequisite-imports as file:///D:/GameByself/Cocos/Project1/assets/Scripts/Car.ts.
15:29:02.028 debug: Detected change: file:///D:/GameByself/Cocos/Project1/assets/Scripts/Car.ts. Last mtime: Mon Aug 31 2026 15:25:18 GMT+0800 (中国标准时间)@5a936fee-f461-43c4-babc-9a428dd9672d, Current mtime: Mon Aug 31 2026 15:29:00 GMT+0800 (中国标准时间)@5a936fee-f461-43c4-babc-9a428dd9672d
15:29:02.028 debug: Inspect file:///D:/GameByself/Cocos/Project1/assets/Scripts/Car.ts
15:29:02.065 debug: transform url: 'file:///D:/GameByself/Cocos/Project1/assets/Scripts/Car.ts' costs: 36.70 ms
15:29:02.067 debug: Resolve cc from file:///D:/GameByself/Cocos/Project1/assets/Scripts/Car.ts as cce:/internal/x/cc.
15:29:02.067 debug: Resolve cc from file:///D:/GameByself/Cocos/Project1/assets/Scripts/Car.ts as cce:/internal/x/cc.
15:29:02.067 debug: Resolve cc from file:///D:/GameByself/Cocos/Project1/assets/Scripts/Car.ts as cce:/internal/x/cc.
15:29:02.080 debug: Target(editor) ends with cost 74.43929999973625ms.
15:29:02.080 debug: Target(preview) build started.
15:29:02.084 debug: Detected change: cce:/internal/x/prerequisite-imports. Last mtime: Thu Jan 01 1970 08:49:24 GMT+0800 (中国标准时间), Current mtime: Thu Jan 01 1970 08:53:07 GMT+0800 (中国标准时间)
15:29:02.084 debug: Inspect cce:/internal/x/prerequisite-imports
15:29:02.104 debug: transform url: 'cce:/internal/x/prerequisite-imports' costs: 19.70 ms
15:29:02.107 debug: Resolve file:///C:/ProgramData/cocos/editors/Creator/3.8.8/resources/resources/3d/engine/editor/assets/default_renderpipeline/builtin-dof-pass.ts from cce:/internal/x/prerequisite-imports as file:///C:/ProgramData/cocos/editors/Creator/3.8.8/resources/resources/3d/engine/editor/assets/default_renderpipeline/builtin-dof-pass.ts.
15:29:02.110 debug: Resolve file:///C:/ProgramData/cocos/editors/Creator/3.8.8/resources/resources/3d/engine/editor/assets/default_renderpipeline/builtin-pipeline-pass.ts from cce:/internal/x/prerequisite-imports as file:///C:/ProgramData/cocos/editors/Creator/3.8.8/resources/resources/3d/engine/editor/assets/default_renderpipeline/builtin-pipeline-pass.ts.
15:29:02.112 debug: Resolve file:///C:/ProgramData/cocos/editors/Creator/3.8.8/resources/resources/3d/engine/editor/assets/default_renderpipeline/builtin-pipeline-settings.ts from cce:/internal/x/prerequisite-imports as file:///C:/ProgramData/cocos/editors/Creator/3.8.8/resources/resources/3d/engine/editor/assets/default_renderpipeline/builtin-pipeline-settings.ts.
15:29:02.114 debug: Resolve file:///C:/ProgramData/cocos/editors/Creator/3.8.8/resources/resources/3d/engine/editor/assets/default_renderpipeline/builtin-pipeline-types.ts from cce:/internal/x/prerequisite-imports as file:///C:/ProgramData/cocos/editors/Creator/3.8.8/resources/resources/3d/engine/editor/assets/default_renderpipeline/builtin-pipeline-types.ts.
15:29:02.115 debug: Resolve file:///C:/ProgramData/cocos/editors/Creator/3.8.8/resources/resources/3d/engine/editor/assets/default_renderpipeline/builtin-pipeline.ts from cce:/internal/x/prerequisite-imports as file:///C:/ProgramData/cocos/editors/Creator/3.8.8/resources/resources/3d/engine/editor/assets/default_renderpipeline/builtin-pipeline.ts.
15:29:02.116 debug: Resolve file:///C:/ProgramData/cocos/editors/Creator/3.8.8/resources/resources/3d/engine/editor/assets/tools/debug-view-runtime-control.ts from cce:/internal/x/prerequisite-imports as file:///C:/ProgramData/cocos/editors/Creator/3.8.8/resources/resources/3d/engine/editor/assets/tools/debug-view-runtime-control.ts.
15:29:02.117 debug: Resolve file:///D:/GameByself/Cocos/Project1/assets/Scripts/Car.ts from cce:/internal/x/prerequisite-imports as file:///D:/GameByself/Cocos/Project1/assets/Scripts/Car.ts.
15:29:02.118 debug: Detected change: file:///D:/GameByself/Cocos/Project1/assets/Scripts/Car.ts. Last mtime: Mon Aug 31 2026 15:25:18 GMT+0800 (中国标准时间)@5a936fee-f461-43c4-babc-9a428dd9672d, Current mtime: Mon Aug 31 2026 15:29:00 GMT+0800 (中国标准时间)@5a936fee-f461-43c4-babc-9a428dd9672d
15:29:02.118 debug: Inspect file:///D:/GameByself/Cocos/Project1/assets/Scripts/Car.ts
15:29:02.165 debug: transform url: 'file:///D:/GameByself/Cocos/Project1/assets/Scripts/Car.ts' costs: 46.70 ms
15:29:02.167 debug: Resolve cc from file:///D:/GameByself/Cocos/Project1/assets/Scripts/Car.ts as cce:/internal/x/cc.
15:29:02.168 debug: Resolve cc from file:///D:/GameByself/Cocos/Project1/assets/Scripts/Car.ts as cce:/internal/x/cc.
15:29:02.168 debug: Resolve cc from file:///D:/GameByself/Cocos/Project1/assets/Scripts/Car.ts as cce:/internal/x/cc.
15:29:02.191 debug: Target(preview) ends with cost 110.47530000004917ms.
15:30:03.463 debug: Dispatch build request for time accumulated 1 asset changes.
15:30:03.464 debug: Build iteration starts.
Number of accumulated asset changes: 1
Feature changed: false
15:30:03.465 debug: Target(editor) build started.
15:30:03.468 debug: Detected change: cce:/internal/x/prerequisite-imports. Last mtime: Thu Jan 01 1970 08:53:07 GMT+0800 (中国标准时间), Current mtime: Thu Jan 01 1970 08:54:08 GMT+0800 (中国标准时间)
15:30:03.468 debug: Inspect cce:/internal/x/prerequisite-imports
15:30:03.497 debug: transform url: 'cce:/internal/x/prerequisite-imports' costs: 28.70 ms
15:30:03.499 debug: Resolve file:///C:/ProgramData/cocos/editors/Creator/3.8.8/resources/resources/3d/engine/editor/assets/default_renderpipeline/builtin-dof-pass.ts from cce:/internal/x/prerequisite-imports as file:///C:/ProgramData/cocos/editors/Creator/3.8.8/resources/resources/3d/engine/editor/assets/default_renderpipeline/builtin-dof-pass.ts.
15:30:03.500 debug: Resolve file:///C:/ProgramData/cocos/editors/Creator/3.8.8/resources/resources/3d/engine/editor/assets/default_renderpipeline/builtin-pipeline-pass.ts from cce:/internal/x/prerequisite-imports as file:///C:/ProgramData/cocos/editors/Creator/3.8.8/resources/resources/3d/engine/editor/assets/default_renderpipeline/builtin-pipeline-pass.ts.
15:30:03.501 debug: Resolve file:///C:/ProgramData/cocos/editors/Creator/3.8.8/resources/resources/3d/engine/editor/assets/default_renderpipeline/builtin-pipeline-settings.ts from cce:/internal/x/prerequisite-imports as file:///C:/ProgramData/cocos/editors/Creator/3.8.8/resources/resources/3d/engine/editor/assets/default_renderpipeline/builtin-pipeline-settings.ts.
15:30:03.501 debug: Resolve file:///C:/ProgramData/cocos/editors/Creator/3.8.8/resources/resources/3d/engine/editor/assets/default_renderpipeline/builtin-pipeline-types.ts from cce:/internal/x/prerequisite-imports as file:///C:/ProgramData/cocos/editors/Creator/3.8.8/resources/resources/3d/engine/editor/assets/default_renderpipeline/builtin-pipeline-types.ts.
15:30:03.502 debug: Resolve file:///C:/ProgramData/cocos/editors/Creator/3.8.8/resources/resources/3d/engine/editor/assets/default_renderpipeline/builtin-pipeline.ts from cce:/internal/x/prerequisite-imports as file:///C:/ProgramData/cocos/editors/Creator/3.8.8/resources/resources/3d/engine/editor/assets/default_renderpipeline/builtin-pipeline.ts.
15:30:03.503 debug: Resolve file:///C:/ProgramData/cocos/editors/Creator/3.8.8/resources/resources/3d/engine/editor/assets/tools/debug-view-runtime-control.ts from cce:/internal/x/prerequisite-imports as file:///C:/ProgramData/cocos/editors/Creator/3.8.8/resources/resources/3d/engine/editor/assets/tools/debug-view-runtime-control.ts.
15:30:03.504 debug: Resolve file:///D:/GameByself/Cocos/Project1/assets/Scripts/Car.ts from cce:/internal/x/prerequisite-imports as file:///D:/GameByself/Cocos/Project1/assets/Scripts/Car.ts.
15:30:03.504 debug: Detected change: file:///D:/GameByself/Cocos/Project1/assets/Scripts/Car.ts. Last mtime: Mon Aug 31 2026 15:29:00 GMT+0800 (中国标准时间)@5a936fee-f461-43c4-babc-9a428dd9672d, Current mtime: Mon Aug 31 2026 15:30:02 GMT+0800 (中国标准时间)@5a936fee-f461-43c4-babc-9a428dd9672d
15:30:03.504 debug: Inspect file:///D:/GameByself/Cocos/Project1/assets/Scripts/Car.ts
15:30:03.535 debug: transform url: 'file:///D:/GameByself/Cocos/Project1/assets/Scripts/Car.ts' costs: 31.00 ms
15:30:03.537 debug: Resolve cc from file:///D:/GameByself/Cocos/Project1/assets/Scripts/Car.ts as cce:/internal/x/cc.
15:30:03.537 debug: Resolve cc from file:///D:/GameByself/Cocos/Project1/assets/Scripts/Car.ts as cce:/internal/x/cc.
15:30:03.538 debug: Resolve cc from file:///D:/GameByself/Cocos/Project1/assets/Scripts/Car.ts as cce:/internal/x/cc.
15:30:03.549 debug: Target(editor) ends with cost 83.60829999996349ms.
15:30:03.549 debug: Target(preview) build started.
15:30:03.552 debug: Detected change: cce:/internal/x/prerequisite-imports. Last mtime: Thu Jan 01 1970 08:53:07 GMT+0800 (中国标准时间), Current mtime: Thu Jan 01 1970 08:54:08 GMT+0800 (中国标准时间)
15:30:03.552 debug: Inspect cce:/internal/x/prerequisite-imports
15:30:03.568 debug: transform url: 'cce:/internal/x/prerequisite-imports' costs: 15.70 ms
15:30:03.571 debug: Resolve file:///C:/ProgramData/cocos/editors/Creator/3.8.8/resources/resources/3d/engine/editor/assets/default_renderpipeline/builtin-dof-pass.ts from cce:/internal/x/prerequisite-imports as file:///C:/ProgramData/cocos/editors/Creator/3.8.8/resources/resources/3d/engine/editor/assets/default_renderpipeline/builtin-dof-pass.ts.
15:30:03.572 debug: Resolve file:///C:/ProgramData/cocos/editors/Creator/3.8.8/resources/resources/3d/engine/editor/assets/default_renderpipeline/builtin-pipeline-pass.ts from cce:/internal/x/prerequisite-imports as file:///C:/ProgramData/cocos/editors/Creator/3.8.8/resources/resources/3d/engine/editor/assets/default_renderpipeline/builtin-pipeline-pass.ts.
15:30:03.573 debug: Resolve file:///C:/ProgramData/cocos/editors/Creator/3.8.8/resources/resources/3d/engine/editor/assets/default_renderpipeline/builtin-pipeline-settings.ts from cce:/internal/x/prerequisite-imports as file:///C:/ProgramData/cocos/editors/Creator/3.8.8/resources/resources/3d/engine/editor/assets/default_renderpipeline/builtin-pipeline-settings.ts.
15:30:03.575 debug: Resolve file:///C:/ProgramData/cocos/editors/Creator/3.8.8/resources/resources/3d/engine/editor/assets/default_renderpipeline/builtin-pipeline-types.ts from cce:/internal/x/prerequisite-imports as file:///C:/ProgramData/cocos/editors/Creator/3.8.8/resources/resources/3d/engine/editor/assets/default_renderpipeline/builtin-pipeline-types.ts.
15:30:03.576 debug: Resolve file:///C:/ProgramData/cocos/editors/Creator/3.8.8/resources/resources/3d/engine/editor/assets/default_renderpipeline/builtin-pipeline.ts from cce:/internal/x/prerequisite-imports as file:///C:/ProgramData/cocos/editors/Creator/3.8.8/resources/resources/3d/engine/editor/assets/default_renderpipeline/builtin-pipeline.ts.
15:30:03.577 debug: Resolve file:///C:/ProgramData/cocos/editors/Creator/3.8.8/resources/resources/3d/engine/editor/assets/tools/debug-view-runtime-control.ts from cce:/internal/x/prerequisite-imports as file:///C:/ProgramData/cocos/editors/Creator/3.8.8/resources/resources/3d/engine/editor/assets/tools/debug-view-runtime-control.ts.
15:30:03.578 debug: Resolve file:///D:/GameByself/Cocos/Project1/assets/Scripts/Car.ts from cce:/internal/x/prerequisite-imports as file:///D:/GameByself/Cocos/Project1/assets/Scripts/Car.ts.
15:30:03.578 debug: Detected change: file:///D:/GameByself/Cocos/Project1/assets/Scripts/Car.ts. Last mtime: Mon Aug 31 2026 15:29:00 GMT+0800 (中国标准时间)@5a936fee-f461-43c4-babc-9a428dd9672d, Current mtime: Mon Aug 31 2026 15:30:02 GMT+0800 (中国标准时间)@5a936fee-f461-43c4-babc-9a428dd9672d
15:30:03.578 debug: Inspect file:///D:/GameByself/Cocos/Project1/assets/Scripts/Car.ts
15:30:03.631 debug: transform url: 'file:///D:/GameByself/Cocos/Project1/assets/Scripts/Car.ts' costs: 53.00 ms
15:30:03.633 debug: Resolve cc from file:///D:/GameByself/Cocos/Project1/assets/Scripts/Car.ts as cce:/internal/x/cc.
15:30:03.634 debug: Resolve cc from file:///D:/GameByself/Cocos/Project1/assets/Scripts/Car.ts as cce:/internal/x/cc.
15:30:03.634 debug: Resolve cc from file:///D:/GameByself/Cocos/Project1/assets/Scripts/Car.ts as cce:/internal/x/cc.
15:30:03.653 debug: Target(preview) ends with cost 104.01800000015646ms.
15:30:21.997 debug: Dispatch build request for time accumulated 1 asset changes.
15:30:21.999 debug: Build iteration starts.
Number of accumulated asset changes: 1
Feature changed: false
15:30:21.999 debug: Target(editor) build started.
15:30:22.004 debug: Detected change: cce:/internal/x/prerequisite-imports. Last mtime: Thu Jan 01 1970 08:54:08 GMT+0800 (中国标准时间), Current mtime: Thu Jan 01 1970 08:54:27 GMT+0800 (中国标准时间)
15:30:22.004 debug: Inspect cce:/internal/x/prerequisite-imports
15:30:22.015 debug: transform url: 'cce:/internal/x/prerequisite-imports' costs: 11.20 ms
15:30:22.018 debug: Resolve file:///C:/ProgramData/cocos/editors/Creator/3.8.8/resources/resources/3d/engine/editor/assets/default_renderpipeline/builtin-dof-pass.ts from cce:/internal/x/prerequisite-imports as file:///C:/ProgramData/cocos/editors/Creator/3.8.8/resources/resources/3d/engine/editor/assets/default_renderpipeline/builtin-dof-pass.ts.
15:30:22.019 debug: Resolve file:///C:/ProgramData/cocos/editors/Creator/3.8.8/resources/resources/3d/engine/editor/assets/default_renderpipeline/builtin-pipeline-pass.ts from cce:/internal/x/prerequisite-imports as file:///C:/ProgramData/cocos/editors/Creator/3.8.8/resources/resources/3d/engine/editor/assets/default_renderpipeline/builtin-pipeline-pass.ts.
15:30:22.020 debug: Resolve file:///C:/ProgramData/cocos/editors/Creator/3.8.8/resources/resources/3d/engine/editor/assets/default_renderpipeline/builtin-pipeline-settings.ts from cce:/internal/x/prerequisite-imports as file:///C:/ProgramData/cocos/editors/Creator/3.8.8/resources/resources/3d/engine/editor/assets/default_renderpipeline/builtin-pipeline-settings.ts.
15:30:22.021 debug: Resolve file:///C:/ProgramData/cocos/editors/Creator/3.8.8/resources/resources/3d/engine/editor/assets/default_renderpipeline/builtin-pipeline-types.ts from cce:/internal/x/prerequisite-imports as file:///C:/ProgramData/cocos/editors/Creator/3.8.8/resources/resources/3d/engine/editor/assets/default_renderpipeline/builtin-pipeline-types.ts.
15:30:22.021 debug: Resolve file:///C:/ProgramData/cocos/editors/Creator/3.8.8/resources/resources/3d/engine/editor/assets/default_renderpipeline/builtin-pipeline.ts from cce:/internal/x/prerequisite-imports as file:///C:/ProgramData/cocos/editors/Creator/3.8.8/resources/resources/3d/engine/editor/assets/default_renderpipeline/builtin-pipeline.ts.
15:30:22.022 debug: Resolve file:///C:/ProgramData/cocos/editors/Creator/3.8.8/resources/resources/3d/engine/editor/assets/tools/debug-view-runtime-control.ts from cce:/internal/x/prerequisite-imports as file:///C:/ProgramData/cocos/editors/Creator/3.8.8/resources/resources/3d/engine/editor/assets/tools/debug-view-runtime-control.ts.
15:30:22.023 debug: Resolve file:///D:/GameByself/Cocos/Project1/assets/Scripts/Car.ts from cce:/internal/x/prerequisite-imports as file:///D:/GameByself/Cocos/Project1/assets/Scripts/Car.ts.
15:30:22.023 debug: Detected change: file:///D:/GameByself/Cocos/Project1/assets/Scripts/Car.ts. Last mtime: Mon Aug 31 2026 15:30:02 GMT+0800 (中国标准时间)@5a936fee-f461-43c4-babc-9a428dd9672d, Current mtime: Mon Aug 31 2026 15:30:20 GMT+0800 (中国标准时间)@5a936fee-f461-43c4-babc-9a428dd9672d
15:30:22.023 debug: Inspect file:///D:/GameByself/Cocos/Project1/assets/Scripts/Car.ts
15:30:22.053 debug: transform url: 'file:///D:/GameByself/Cocos/Project1/assets/Scripts/Car.ts' costs: 29.90 ms
15:30:22.054 debug: Resolve cc from file:///D:/GameByself/Cocos/Project1/assets/Scripts/Car.ts as cce:/internal/x/cc.
15:30:22.054 debug: Resolve cc from file:///D:/GameByself/Cocos/Project1/assets/Scripts/Car.ts as cce:/internal/x/cc.
15:30:22.054 debug: Resolve cc from file:///D:/GameByself/Cocos/Project1/assets/Scripts/Car.ts as cce:/internal/x/cc.
15:30:22.065 debug: Target(editor) ends with cost 65.04430000018328ms.
15:30:22.065 debug: Target(preview) build started.
15:30:22.068 debug: Detected change: cce:/internal/x/prerequisite-imports. Last mtime: Thu Jan 01 1970 08:54:08 GMT+0800 (中国标准时间), Current mtime: Thu Jan 01 1970 08:54:27 GMT+0800 (中国标准时间)
15:30:22.068 debug: Inspect cce:/internal/x/prerequisite-imports
15:30:22.083 debug: transform url: 'cce:/internal/x/prerequisite-imports' costs: 15.20 ms
15:30:22.085 debug: Resolve file:///C:/ProgramData/cocos/editors/Creator/3.8.8/resources/resources/3d/engine/editor/assets/default_renderpipeline/builtin-dof-pass.ts from cce:/internal/x/prerequisite-imports as file:///C:/ProgramData/cocos/editors/Creator/3.8.8/resources/resources/3d/engine/editor/assets/default_renderpipeline/builtin-dof-pass.ts.
15:30:22.087 debug: Resolve file:///C:/ProgramData/cocos/editors/Creator/3.8.8/resources/resources/3d/engine/editor/assets/default_renderpipeline/builtin-pipeline-pass.ts from cce:/internal/x/prerequisite-imports as file:///C:/ProgramData/cocos/editors/Creator/3.8.8/resources/resources/3d/engine/editor/assets/default_renderpipeline/builtin-pipeline-pass.ts.
15:30:22.089 debug: Resolve file:///C:/ProgramData/cocos/editors/Creator/3.8.8/resources/resources/3d/engine/editor/assets/default_renderpipeline/builtin-pipeline-settings.ts from cce:/internal/x/prerequisite-imports as file:///C:/ProgramData/cocos/editors/Creator/3.8.8/resources/resources/3d/engine/editor/assets/default_renderpipeline/builtin-pipeline-settings.ts.
15:30:22.091 debug: Resolve file:///C:/ProgramData/cocos/editors/Creator/3.8.8/resources/resources/3d/engine/editor/assets/default_renderpipeline/builtin-pipeline-types.ts from cce:/internal/x/prerequisite-imports as file:///C:/ProgramData/cocos/editors/Creator/3.8.8/resources/resources/3d/engine/editor/assets/default_renderpipeline/builtin-pipeline-types.ts.
15:30:22.092 debug: Resolve file:///C:/ProgramData/cocos/editors/Creator/3.8.8/resources/resources/3d/engine/editor/assets/default_renderpipeline/builtin-pipeline.ts from cce:/internal/x/prerequisite-imports as file:///C:/ProgramData/cocos/editors/Creator/3.8.8/resources/resources/3d/engine/editor/assets/default_renderpipeline/builtin-pipeline.ts.
15:30:22.093 debug: Resolve file:///C:/ProgramData/cocos/editors/Creator/3.8.8/resources/resources/3d/engine/editor/assets/tools/debug-view-runtime-control.ts from cce:/internal/x/prerequisite-imports as file:///C:/ProgramData/cocos/editors/Creator/3.8.8/resources/resources/3d/engine/editor/assets/tools/debug-view-runtime-control.ts.
15:30:22.095 debug: Resolve file:///D:/GameByself/Cocos/Project1/assets/Scripts/Car.ts from cce:/internal/x/prerequisite-imports as file:///D:/GameByself/Cocos/Project1/assets/Scripts/Car.ts.
15:30:22.095 debug: Detected change: file:///D:/GameByself/Cocos/Project1/assets/Scripts/Car.ts. Last mtime: Mon Aug 31 2026 15:30:02 GMT+0800 (中国标准时间)@5a936fee-f461-43c4-babc-9a428dd9672d, Current mtime: Mon Aug 31 2026 15:30:20 GMT+0800 (中国标准时间)@5a936fee-f461-43c4-babc-9a428dd9672d
15:30:22.095 debug: Inspect file:///D:/GameByself/Cocos/Project1/assets/Scripts/Car.ts
15:30:22.139 debug: transform url: 'file:///D:/GameByself/Cocos/Project1/assets/Scripts/Car.ts' costs: 44.00 ms
15:30:22.142 debug: Resolve cc from file:///D:/GameByself/Cocos/Project1/assets/Scripts/Car.ts as cce:/internal/x/cc.
15:30:22.142 debug: Resolve cc from file:///D:/GameByself/Cocos/Project1/assets/Scripts/Car.ts as cce:/internal/x/cc.
15:30:22.142 debug: Resolve cc from file:///D:/GameByself/Cocos/Project1/assets/Scripts/Car.ts as cce:/internal/x/cc.
15:30:22.184 debug: Target(preview) ends with cost 119.25259999977425ms.
15:32:08.672 debug: Dispatch build request for time accumulated 1 asset changes.
15:32:08.674 debug: Build iteration starts.
Number of accumulated asset changes: 1
Feature changed: false
15:32:08.674 debug: Target(editor) build started.
15:32:08.677 debug: Detected change: cce:/internal/x/prerequisite-imports. Last mtime: Thu Jan 01 1970 08:54:27 GMT+0800 (中国标准时间), Current mtime: Thu Jan 01 1970 08:56:13 GMT+0800 (中国标准时间)
15:32:08.677 debug: Inspect cce:/internal/x/prerequisite-imports
15:32:08.686 debug: transform url: 'cce:/internal/x/prerequisite-imports' costs: 9.20 ms
15:32:08.688 debug: Resolve file:///C:/ProgramData/cocos/editors/Creator/3.8.8/resources/resources/3d/engine/editor/assets/default_renderpipeline/builtin-dof-pass.ts from cce:/internal/x/prerequisite-imports as file:///C:/ProgramData/cocos/editors/Creator/3.8.8/resources/resources/3d/engine/editor/assets/default_renderpipeline/builtin-dof-pass.ts.
15:32:08.689 debug: Resolve file:///C:/ProgramData/cocos/editors/Creator/3.8.8/resources/resources/3d/engine/editor/assets/default_renderpipeline/builtin-pipeline-pass.ts from cce:/internal/x/prerequisite-imports as file:///C:/ProgramData/cocos/editors/Creator/3.8.8/resources/resources/3d/engine/editor/assets/default_renderpipeline/builtin-pipeline-pass.ts.
15:32:08.690 debug: Resolve file:///C:/ProgramData/cocos/editors/Creator/3.8.8/resources/resources/3d/engine/editor/assets/default_renderpipeline/builtin-pipeline-settings.ts from cce:/internal/x/prerequisite-imports as file:///C:/ProgramData/cocos/editors/Creator/3.8.8/resources/resources/3d/engine/editor/assets/default_renderpipeline/builtin-pipeline-settings.ts.
15:32:08.691 debug: Resolve file:///C:/ProgramData/cocos/editors/Creator/3.8.8/resources/resources/3d/engine/editor/assets/default_renderpipeline/builtin-pipeline-types.ts from cce:/internal/x/prerequisite-imports as file:///C:/ProgramData/cocos/editors/Creator/3.8.8/resources/resources/3d/engine/editor/assets/default_renderpipeline/builtin-pipeline-types.ts.
15:32:08.692 debug: Resolve file:///C:/ProgramData/cocos/editors/Creator/3.8.8/resources/resources/3d/engine/editor/assets/default_renderpipeline/builtin-pipeline.ts from cce:/internal/x/prerequisite-imports as file:///C:/ProgramData/cocos/editors/Creator/3.8.8/resources/resources/3d/engine/editor/assets/default_renderpipeline/builtin-pipeline.ts.
15:32:08.693 debug: Resolve file:///C:/ProgramData/cocos/editors/Creator/3.8.8/resources/resources/3d/engine/editor/assets/tools/debug-view-runtime-control.ts from cce:/internal/x/prerequisite-imports as file:///C:/ProgramData/cocos/editors/Creator/3.8.8/resources/resources/3d/engine/editor/assets/tools/debug-view-runtime-control.ts.
15:32:08.694 debug: Resolve file:///D:/GameByself/Cocos/Project1/assets/Scripts/Car.ts from cce:/internal/x/prerequisite-imports as file:///D:/GameByself/Cocos/Project1/assets/Scripts/Car.ts.
15:32:08.694 debug: Detected change: file:///D:/GameByself/Cocos/Project1/assets/Scripts/Car.ts. Last mtime: Mon Aug 31 2026 15:30:20 GMT+0800 (中国标准时间)@5a936fee-f461-43c4-babc-9a428dd9672d, Current mtime: Mon Aug 31 2026 15:32:04 GMT+0800 (中国标准时间)@5a936fee-f461-43c4-babc-9a428dd9672d
15:32:08.694 debug: Inspect file:///D:/GameByself/Cocos/Project1/assets/Scripts/Car.ts
15:32:08.725 debug: transform url: 'file:///D:/GameByself/Cocos/Project1/assets/Scripts/Car.ts' costs: 31.00 ms
15:32:08.726 debug: Resolve cc from file:///D:/GameByself/Cocos/Project1/assets/Scripts/Car.ts as cce:/internal/x/cc.
15:32:08.726 debug: Resolve cc from file:///D:/GameByself/Cocos/Project1/assets/Scripts/Car.ts as cce:/internal/x/cc.
15:32:08.726 debug: Resolve cc from file:///D:/GameByself/Cocos/Project1/assets/Scripts/Car.ts as cce:/internal/x/cc.
15:32:08.737 debug: Target(editor) ends with cost 62.848100000061095ms.
15:32:08.738 debug: Target(preview) build started.
15:32:08.741 debug: Detected change: cce:/internal/x/prerequisite-imports. Last mtime: Thu Jan 01 1970 08:54:27 GMT+0800 (中国标准时间), Current mtime: Thu Jan 01 1970 08:56:13 GMT+0800 (中国标准时间)
15:32:08.741 debug: Inspect cce:/internal/x/prerequisite-imports
15:32:08.756 debug: transform url: 'cce:/internal/x/prerequisite-imports' costs: 15.00 ms
15:32:08.759 debug: Resolve file:///C:/ProgramData/cocos/editors/Creator/3.8.8/resources/resources/3d/engine/editor/assets/default_renderpipeline/builtin-dof-pass.ts from cce:/internal/x/prerequisite-imports as file:///C:/ProgramData/cocos/editors/Creator/3.8.8/resources/resources/3d/engine/editor/assets/default_renderpipeline/builtin-dof-pass.ts.
15:32:08.761 debug: Resolve file:///C:/ProgramData/cocos/editors/Creator/3.8.8/resources/resources/3d/engine/editor/assets/default_renderpipeline/builtin-pipeline-pass.ts from cce:/internal/x/prerequisite-imports as file:///C:/ProgramData/cocos/editors/Creator/3.8.8/resources/resources/3d/engine/editor/assets/default_renderpipeline/builtin-pipeline-pass.ts.
15:32:08.762 debug: Resolve file:///C:/ProgramData/cocos/editors/Creator/3.8.8/resources/resources/3d/engine/editor/assets/default_renderpipeline/builtin-pipeline-settings.ts from cce:/internal/x/prerequisite-imports as file:///C:/ProgramData/cocos/editors/Creator/3.8.8/resources/resources/3d/engine/editor/assets/default_renderpipeline/builtin-pipeline-settings.ts.
15:32:08.763 debug: Resolve file:///C:/ProgramData/cocos/editors/Creator/3.8.8/resources/resources/3d/engine/editor/assets/default_renderpipeline/builtin-pipeline-types.ts from cce:/internal/x/prerequisite-imports as file:///C:/ProgramData/cocos/editors/Creator/3.8.8/resources/resources/3d/engine/editor/assets/default_renderpipeline/builtin-pipeline-types.ts.
15:32:08.764 debug: Resolve file:///C:/ProgramData/cocos/editors/Creator/3.8.8/resources/resources/3d/engine/editor/assets/default_renderpipeline/builtin-pipeline.ts from cce:/internal/x/prerequisite-imports as file:///C:/ProgramData/cocos/editors/Creator/3.8.8/resources/resources/3d/engine/editor/assets/default_renderpipeline/builtin-pipeline.ts.
15:32:08.765 debug: Resolve file:///C:/ProgramData/cocos/editors/Creator/3.8.8/resources/resources/3d/engine/editor/assets/tools/debug-view-runtime-control.ts from cce:/internal/x/prerequisite-imports as file:///C:/ProgramData/cocos/editors/Creator/3.8.8/resources/resources/3d/engine/editor/assets/tools/debug-view-runtime-control.ts.
15:32:08.767 debug: Resolve file:///D:/GameByself/Cocos/Project1/assets/Scripts/Car.ts from cce:/internal/x/prerequisite-imports as file:///D:/GameByself/Cocos/Project1/assets/Scripts/Car.ts.
15:32:08.767 debug: Detected change: file:///D:/GameByself/Cocos/Project1/assets/Scripts/Car.ts. Last mtime: Mon Aug 31 2026 15:30:20 GMT+0800 (中国标准时间)@5a936fee-f461-43c4-babc-9a428dd9672d, Current mtime: Mon Aug 31 2026 15:32:04 GMT+0800 (中国标准时间)@5a936fee-f461-43c4-babc-9a428dd9672d
15:32:08.767 debug: Inspect file:///D:/GameByself/Cocos/Project1/assets/Scripts/Car.ts
15:32:08.815 debug: transform url: 'file:///D:/GameByself/Cocos/Project1/assets/Scripts/Car.ts' costs: 48.10 ms
15:32:08.818 debug: Resolve cc from file:///D:/GameByself/Cocos/Project1/assets/Scripts/Car.ts as cce:/internal/x/cc.
15:32:08.818 debug: Resolve cc from file:///D:/GameByself/Cocos/Project1/assets/Scripts/Car.ts as cce:/internal/x/cc.
15:32:08.818 debug: Resolve cc from file:///D:/GameByself/Cocos/Project1/assets/Scripts/Car.ts as cce:/internal/x/cc.
15:32:08.833 debug: Target(preview) ends with cost 95.32940000016242ms.
15:32:28.919 debug: Dispatch build request for time accumulated 1 asset changes.
15:32:28.921 debug: Build iteration starts.
Number of accumulated asset changes: 1
Feature changed: false
15:32:28.921 debug: Target(editor) build started.
15:32:28.925 debug: Detected change: cce:/internal/x/prerequisite-imports. Last mtime: Thu Jan 01 1970 08:56:13 GMT+0800 (中国标准时间), Current mtime: Thu Jan 01 1970 08:56:33 GMT+0800 (中国标准时间)
15:32:28.926 debug: Inspect cce:/internal/x/prerequisite-imports
15:32:28.935 debug: transform url: 'cce:/internal/x/prerequisite-imports' costs: 9.90 ms
15:32:28.939 debug: Resolve file:///C:/ProgramData/cocos/editors/Creator/3.8.8/resources/resources/3d/engine/editor/assets/default_renderpipeline/builtin-dof-pass.ts from cce:/internal/x/prerequisite-imports as file:///C:/ProgramData/cocos/editors/Creator/3.8.8/resources/resources/3d/engine/editor/assets/default_renderpipeline/builtin-dof-pass.ts.
15:32:28.940 debug: Resolve file:///C:/ProgramData/cocos/editors/Creator/3.8.8/resources/resources/3d/engine/editor/assets/default_renderpipeline/builtin-pipeline-pass.ts from cce:/internal/x/prerequisite-imports as file:///C:/ProgramData/cocos/editors/Creator/3.8.8/resources/resources/3d/engine/editor/assets/default_renderpipeline/builtin-pipeline-pass.ts.
15:32:28.941 debug: Resolve file:///C:/ProgramData/cocos/editors/Creator/3.8.8/resources/resources/3d/engine/editor/assets/default_renderpipeline/builtin-pipeline-settings.ts from cce:/internal/x/prerequisite-imports as file:///C:/ProgramData/cocos/editors/Creator/3.8.8/resources/resources/3d/engine/editor/assets/default_renderpipeline/builtin-pipeline-settings.ts.
15:32:28.942 debug: Resolve file:///C:/ProgramData/cocos/editors/Creator/3.8.8/resources/resources/3d/engine/editor/assets/default_renderpipeline/builtin-pipeline-types.ts from cce:/internal/x/prerequisite-imports as file:///C:/ProgramData/cocos/editors/Creator/3.8.8/resources/resources/3d/engine/editor/assets/default_renderpipeline/builtin-pipeline-types.ts.
15:32:28.942 debug: Resolve file:///C:/ProgramData/cocos/editors/Creator/3.8.8/resources/resources/3d/engine/editor/assets/default_renderpipeline/builtin-pipeline.ts from cce:/internal/x/prerequisite-imports as file:///C:/ProgramData/cocos/editors/Creator/3.8.8/resources/resources/3d/engine/editor/assets/default_renderpipeline/builtin-pipeline.ts.
15:32:28.943 debug: Resolve file:///C:/ProgramData/cocos/editors/Creator/3.8.8/resources/resources/3d/engine/editor/assets/tools/debug-view-runtime-control.ts from cce:/internal/x/prerequisite-imports as file:///C:/ProgramData/cocos/editors/Creator/3.8.8/resources/resources/3d/engine/editor/assets/tools/debug-view-runtime-control.ts.
15:32:28.944 debug: Resolve file:///D:/GameByself/Cocos/Project1/assets/Scripts/Car.ts from cce:/internal/x/prerequisite-imports as file:///D:/GameByself/Cocos/Project1/assets/Scripts/Car.ts.
15:32:28.944 debug: Detected change: file:///D:/GameByself/Cocos/Project1/assets/Scripts/Car.ts. Last mtime: Mon Aug 31 2026 15:32:04 GMT+0800 (中国标准时间)@5a936fee-f461-43c4-babc-9a428dd9672d, Current mtime: Mon Aug 31 2026 15:32:27 GMT+0800 (中国标准时间)@5a936fee-f461-43c4-babc-9a428dd9672d
15:32:28.944 debug: Inspect file:///D:/GameByself/Cocos/Project1/assets/Scripts/Car.ts
15:32:28.973 debug: transform url: 'file:///D:/GameByself/Cocos/Project1/assets/Scripts/Car.ts' costs: 28.50 ms
15:32:28.974 debug: Resolve cc from file:///D:/GameByself/Cocos/Project1/assets/Scripts/Car.ts as cce:/internal/x/cc.
15:32:28.974 debug: Resolve cc from file:///D:/GameByself/Cocos/Project1/assets/Scripts/Car.ts as cce:/internal/x/cc.
15:32:28.974 debug: Resolve cc from file:///D:/GameByself/Cocos/Project1/assets/Scripts/Car.ts as cce:/internal/x/cc.
15:32:28.984 debug: Target(editor) ends with cost 62.33999999985099ms.
15:32:28.984 debug: Target(preview) build started.
15:32:28.987 debug: Detected change: cce:/internal/x/prerequisite-imports. Last mtime: Thu Jan 01 1970 08:56:13 GMT+0800 (中国标准时间), Current mtime: Thu Jan 01 1970 08:56:34 GMT+0800 (中国标准时间)
15:32:28.987 debug: Inspect cce:/internal/x/prerequisite-imports
15:32:29.002 debug: transform url: 'cce:/internal/x/prerequisite-imports' costs: 14.80 ms
15:32:29.005 debug: Resolve file:///C:/ProgramData/cocos/editors/Creator/3.8.8/resources/resources/3d/engine/editor/assets/default_renderpipeline/builtin-dof-pass.ts from cce:/internal/x/prerequisite-imports as file:///C:/ProgramData/cocos/editors/Creator/3.8.8/resources/resources/3d/engine/editor/assets/default_renderpipeline/builtin-dof-pass.ts.
15:32:29.006 debug: Resolve file:///C:/ProgramData/cocos/editors/Creator/3.8.8/resources/resources/3d/engine/editor/assets/default_renderpipeline/builtin-pipeline-pass.ts from cce:/internal/x/prerequisite-imports as file:///C:/ProgramData/cocos/editors/Creator/3.8.8/resources/resources/3d/engine/editor/assets/default_renderpipeline/builtin-pipeline-pass.ts.
15:32:29.007 debug: Resolve file:///C:/ProgramData/cocos/editors/Creator/3.8.8/resources/resources/3d/engine/editor/assets/default_renderpipeline/builtin-pipeline-settings.ts from cce:/internal/x/prerequisite-imports as file:///C:/ProgramData/cocos/editors/Creator/3.8.8/resources/resources/3d/engine/editor/assets/default_renderpipeline/builtin-pipeline-settings.ts.
15:32:29.008 debug: Resolve file:///C:/ProgramData/cocos/editors/Creator/3.8.8/resources/resources/3d/engine/editor/assets/default_renderpipeline/builtin-pipeline-types.ts from cce:/internal/x/prerequisite-imports as file:///C:/ProgramData/cocos/editors/Creator/3.8.8/resources/resources/3d/engine/editor/assets/default_renderpipeline/builtin-pipeline-types.ts.
15:32:29.009 debug: Resolve file:///C:/ProgramData/cocos/editors/Creator/3.8.8/resources/resources/3d/engine/editor/assets/default_renderpipeline/builtin-pipeline.ts from cce:/internal/x/prerequisite-imports as file:///C:/ProgramData/cocos/editors/Creator/3.8.8/resources/resources/3d/engine/editor/assets/default_renderpipeline/builtin-pipeline.ts.
15:32:29.010 debug: Resolve file:///C:/ProgramData/cocos/editors/Creator/3.8.8/resources/resources/3d/engine/editor/assets/tools/debug-view-runtime-control.ts from cce:/internal/x/prerequisite-imports as file:///C:/ProgramData/cocos/editors/Creator/3.8.8/resources/resources/3d/engine/editor/assets/tools/debug-view-runtime-control.ts.
15:32:29.011 debug: Resolve file:///D:/GameByself/Cocos/Project1/assets/Scripts/Car.ts from cce:/internal/x/prerequisite-imports as file:///D:/GameByself/Cocos/Project1/assets/Scripts/Car.ts.
15:32:29.011 debug: Detected change: file:///D:/GameByself/Cocos/Project1/assets/Scripts/Car.ts. Last mtime: Mon Aug 31 2026 15:32:04 GMT+0800 (中国标准时间)@5a936fee-f461-43c4-babc-9a428dd9672d, Current mtime: Mon Aug 31 2026 15:32:27 GMT+0800 (中国标准时间)@5a936fee-f461-43c4-babc-9a428dd9672d
15:32:29.011 debug: Inspect file:///D:/GameByself/Cocos/Project1/assets/Scripts/Car.ts
15:32:29.056 debug: transform url: 'file:///D:/GameByself/Cocos/Project1/assets/Scripts/Car.ts' costs: 44.40 ms
15:32:29.058 debug: Resolve cc from file:///D:/GameByself/Cocos/Project1/assets/Scripts/Car.ts as cce:/internal/x/cc.
15:32:29.058 debug: Resolve cc from file:///D:/GameByself/Cocos/Project1/assets/Scripts/Car.ts as cce:/internal/x/cc.
15:32:29.058 debug: Resolve cc from file:///D:/GameByself/Cocos/Project1/assets/Scripts/Car.ts as cce:/internal/x/cc.
15:32:29.071 debug: Target(preview) ends with cost 87.19019999960437ms.
15:33:41.273 debug: Dispatch build request for time accumulated 1 asset changes.
15:33:41.275 debug: Build iteration starts.
Number of accumulated asset changes: 1
Feature changed: false
15:33:41.275 debug: Target(editor) build started.
15:33:41.277 debug: Detected change: cce:/internal/x/prerequisite-imports. Last mtime: Thu Jan 01 1970 08:56:33 GMT+0800 (中国标准时间), Current mtime: Thu Jan 01 1970 08:57:46 GMT+0800 (中国标准时间)
15:33:41.278 debug: Inspect cce:/internal/x/prerequisite-imports
15:33:41.286 debug: transform url: 'cce:/internal/x/prerequisite-imports' costs: 8.10 ms
15:33:41.288 debug: Resolve file:///C:/ProgramData/cocos/editors/Creator/3.8.8/resources/resources/3d/engine/editor/assets/default_renderpipeline/builtin-dof-pass.ts from cce:/internal/x/prerequisite-imports as file:///C:/ProgramData/cocos/editors/Creator/3.8.8/resources/resources/3d/engine/editor/assets/default_renderpipeline/builtin-dof-pass.ts.
15:33:41.290 debug: Resolve file:///C:/ProgramData/cocos/editors/Creator/3.8.8/resources/resources/3d/engine/editor/assets/default_renderpipeline/builtin-pipeline-pass.ts from cce:/internal/x/prerequisite-imports as file:///C:/ProgramData/cocos/editors/Creator/3.8.8/resources/resources/3d/engine/editor/assets/default_renderpipeline/builtin-pipeline-pass.ts.
15:33:41.291 debug: Resolve file:///C:/ProgramData/cocos/editors/Creator/3.8.8/resources/resources/3d/engine/editor/assets/default_renderpipeline/builtin-pipeline-settings.ts from cce:/internal/x/prerequisite-imports as file:///C:/ProgramData/cocos/editors/Creator/3.8.8/resources/resources/3d/engine/editor/assets/default_renderpipeline/builtin-pipeline-settings.ts.
15:33:41.292 debug: Resolve file:///C:/ProgramData/cocos/editors/Creator/3.8.8/resources/resources/3d/engine/editor/assets/default_renderpipeline/builtin-pipeline-types.ts from cce:/internal/x/prerequisite-imports as file:///C:/ProgramData/cocos/editors/Creator/3.8.8/resources/resources/3d/engine/editor/assets/default_renderpipeline/builtin-pipeline-types.ts.
15:33:41.292 debug: Resolve file:///C:/ProgramData/cocos/editors/Creator/3.8.8/resources/resources/3d/engine/editor/assets/default_renderpipeline/builtin-pipeline.ts from cce:/internal/x/prerequisite-imports as file:///C:/ProgramData/cocos/editors/Creator/3.8.8/resources/resources/3d/engine/editor/assets/default_renderpipeline/builtin-pipeline.ts.
15:33:41.293 debug: Resolve file:///C:/ProgramData/cocos/editors/Creator/3.8.8/resources/resources/3d/engine/editor/assets/tools/debug-view-runtime-control.ts from cce:/internal/x/prerequisite-imports as file:///C:/ProgramData/cocos/editors/Creator/3.8.8/resources/resources/3d/engine/editor/assets/tools/debug-view-runtime-control.ts.
15:33:41.294 debug: Resolve file:///D:/GameByself/Cocos/Project1/assets/Scripts/Car.ts from cce:/internal/x/prerequisite-imports as file:///D:/GameByself/Cocos/Project1/assets/Scripts/Car.ts.
15:33:41.295 debug: Detected change: file:///D:/GameByself/Cocos/Project1/assets/Scripts/Car.ts. Last mtime: Mon Aug 31 2026 15:32:27 GMT+0800 (中国标准时间)@5a936fee-f461-43c4-babc-9a428dd9672d, Current mtime: Mon Aug 31 2026 15:33:37 GMT+0800 (中国标准时间)@5a936fee-f461-43c4-babc-9a428dd9672d
15:33:41.295 debug: Inspect file:///D:/GameByself/Cocos/Project1/assets/Scripts/Car.ts
15:33:41.327 debug: transform url: 'file:///D:/GameByself/Cocos/Project1/assets/Scripts/Car.ts' costs: 32.50 ms
15:33:41.329 debug: Resolve cc from file:///D:/GameByself/Cocos/Project1/assets/Scripts/Car.ts as cce:/internal/x/cc.
15:33:41.329 debug: Resolve cc from file:///D:/GameByself/Cocos/Project1/assets/Scripts/Car.ts as cce:/internal/x/cc.
15:33:41.329 debug: Resolve cc from file:///D:/GameByself/Cocos/Project1/assets/Scripts/Car.ts as cce:/internal/x/cc.
15:33:41.375 debug: Target(editor) ends with cost 99.94860000023618ms.
15:33:41.375 debug: Target(preview) build started.
15:33:41.392 debug: Detected change: cce:/internal/x/prerequisite-imports. Last mtime: Thu Jan 01 1970 08:56:34 GMT+0800 (中国标准时间), Current mtime: Thu Jan 01 1970 08:57:46 GMT+0800 (中国标准时间)
15:33:41.392 debug: Inspect cce:/internal/x/prerequisite-imports
15:33:41.417 debug: transform url: 'cce:/internal/x/prerequisite-imports' costs: 25.70 ms
15:33:41.421 debug: Resolve file:///C:/ProgramData/cocos/editors/Creator/3.8.8/resources/resources/3d/engine/editor/assets/default_renderpipeline/builtin-dof-pass.ts from cce:/internal/x/prerequisite-imports as file:///C:/ProgramData/cocos/editors/Creator/3.8.8/resources/resources/3d/engine/editor/assets/default_renderpipeline/builtin-dof-pass.ts.
15:33:41.422 debug: Resolve file:///C:/ProgramData/cocos/editors/Creator/3.8.8/resources/resources/3d/engine/editor/assets/default_renderpipeline/builtin-pipeline-pass.ts from cce:/internal/x/prerequisite-imports as file:///C:/ProgramData/cocos/editors/Creator/3.8.8/resources/resources/3d/engine/editor/assets/default_renderpipeline/builtin-pipeline-pass.ts.
15:33:41.424 debug: Resolve file:///C:/ProgramData/cocos/editors/Creator/3.8.8/resources/resources/3d/engine/editor/assets/default_renderpipeline/builtin-pipeline-settings.ts from cce:/internal/x/prerequisite-imports as file:///C:/ProgramData/cocos/editors/Creator/3.8.8/resources/resources/3d/engine/editor/assets/default_renderpipeline/builtin-pipeline-settings.ts.
15:33:41.425 debug: Resolve file:///C:/ProgramData/cocos/editors/Creator/3.8.8/resources/resources/3d/engine/editor/assets/default_renderpipeline/builtin-pipeline-types.ts from cce:/internal/x/prerequisite-imports as file:///C:/ProgramData/cocos/editors/Creator/3.8.8/resources/resources/3d/engine/editor/assets/default_renderpipeline/builtin-pipeline-types.ts.
15:33:41.426 debug: Resolve file:///C:/ProgramData/cocos/editors/Creator/3.8.8/resources/resources/3d/engine/editor/assets/default_renderpipeline/builtin-pipeline.ts from cce:/internal/x/prerequisite-imports as file:///C:/ProgramData/cocos/editors/Creator/3.8.8/resources/resources/3d/engine/editor/assets/default_renderpipeline/builtin-pipeline.ts.
15:33:41.427 debug: Resolve file:///C:/ProgramData/cocos/editors/Creator/3.8.8/resources/resources/3d/engine/editor/assets/tools/debug-view-runtime-control.ts from cce:/internal/x/prerequisite-imports as file:///C:/ProgramData/cocos/editors/Creator/3.8.8/resources/resources/3d/engine/editor/assets/tools/debug-view-runtime-control.ts.
15:33:41.428 debug: Resolve file:///D:/GameByself/Cocos/Project1/assets/Scripts/Car.ts from cce:/internal/x/prerequisite-imports as file:///D:/GameByself/Cocos/Project1/assets/Scripts/Car.ts.
15:33:41.429 debug: Detected change: file:///D:/GameByself/Cocos/Project1/assets/Scripts/Car.ts. Last mtime: Mon Aug 31 2026 15:32:27 GMT+0800 (中国标准时间)@5a936fee-f461-43c4-babc-9a428dd9672d, Current mtime: Mon Aug 31 2026 15:33:37 GMT+0800 (中国标准时间)@5a936fee-f461-43c4-babc-9a428dd9672d
15:33:41.429 debug: Inspect file:///D:/GameByself/Cocos/Project1/assets/Scripts/Car.ts
15:33:41.519 debug: transform url: 'file:///D:/GameByself/Cocos/Project1/assets/Scripts/Car.ts' costs: 90.10 ms
15:33:41.521 debug: Resolve cc from file:///D:/GameByself/Cocos/Project1/assets/Scripts/Car.ts as cce:/internal/x/cc.
15:33:41.521 debug: Resolve cc from file:///D:/GameByself/Cocos/Project1/assets/Scripts/Car.ts as cce:/internal/x/cc.
15:33:41.521 debug: Resolve cc from file:///D:/GameByself/Cocos/Project1/assets/Scripts/Car.ts as cce:/internal/x/cc.
15:33:41.534 debug: Target(preview) ends with cost 157.9397999998182ms.
15:36:29.269 debug: Dispatch build request for time accumulated 1 asset changes.
15:36:29.271 debug: Build iteration starts.
Number of accumulated asset changes: 1
Feature changed: false
15:36:29.272 debug: Target(editor) build started.
15:36:29.276 debug: Detected change: cce:/internal/x/prerequisite-imports. Last mtime: Thu Jan 01 1970 08:57:46 GMT+0800 (中国标准时间), Current mtime: Thu Jan 01 1970 09:00:34 GMT+0800 (中国标准时间)
15:36:29.276 debug: Inspect cce:/internal/x/prerequisite-imports
15:36:29.297 debug: transform url: 'cce:/internal/x/prerequisite-imports' costs: 20.40 ms
15:36:29.299 debug: Resolve file:///C:/ProgramData/cocos/editors/Creator/3.8.8/resources/resources/3d/engine/editor/assets/default_renderpipeline/builtin-dof-pass.ts from cce:/internal/x/prerequisite-imports as file:///C:/ProgramData/cocos/editors/Creator/3.8.8/resources/resources/3d/engine/editor/assets/default_renderpipeline/builtin-dof-pass.ts.
15:36:29.301 debug: Resolve file:///C:/ProgramData/cocos/editors/Creator/3.8.8/resources/resources/3d/engine/editor/assets/default_renderpipeline/builtin-pipeline-pass.ts from cce:/internal/x/prerequisite-imports as file:///C:/ProgramData/cocos/editors/Creator/3.8.8/resources/resources/3d/engine/editor/assets/default_renderpipeline/builtin-pipeline-pass.ts.
15:36:29.302 debug: Resolve file:///C:/ProgramData/cocos/editors/Creator/3.8.8/resources/resources/3d/engine/editor/assets/default_renderpipeline/builtin-pipeline-settings.ts from cce:/internal/x/prerequisite-imports as file:///C:/ProgramData/cocos/editors/Creator/3.8.8/resources/resources/3d/engine/editor/assets/default_renderpipeline/builtin-pipeline-settings.ts.
15:36:29.302 debug: Resolve file:///C:/ProgramData/cocos/editors/Creator/3.8.8/resources/resources/3d/engine/editor/assets/default_renderpipeline/builtin-pipeline-types.ts from cce:/internal/x/prerequisite-imports as file:///C:/ProgramData/cocos/editors/Creator/3.8.8/resources/resources/3d/engine/editor/assets/default_renderpipeline/builtin-pipeline-types.ts.
15:36:29.304 debug: Resolve file:///C:/ProgramData/cocos/editors/Creator/3.8.8/resources/resources/3d/engine/editor/assets/default_renderpipeline/builtin-pipeline.ts from cce:/internal/x/prerequisite-imports as file:///C:/ProgramData/cocos/editors/Creator/3.8.8/resources/resources/3d/engine/editor/assets/default_renderpipeline/builtin-pipeline.ts.
15:36:29.305 debug: Resolve file:///C:/ProgramData/cocos/editors/Creator/3.8.8/resources/resources/3d/engine/editor/assets/tools/debug-view-runtime-control.ts from cce:/internal/x/prerequisite-imports as file:///C:/ProgramData/cocos/editors/Creator/3.8.8/resources/resources/3d/engine/editor/assets/tools/debug-view-runtime-control.ts.
15:36:29.306 debug: Resolve file:///D:/GameByself/Cocos/Project1/assets/Scripts/Car.ts from cce:/internal/x/prerequisite-imports as file:///D:/GameByself/Cocos/Project1/assets/Scripts/Car.ts.
15:36:29.307 debug: Detected change: file:///D:/GameByself/Cocos/Project1/assets/Scripts/Car.ts. Last mtime: Mon Aug 31 2026 15:33:37 GMT+0800 (中国标准时间)@5a936fee-f461-43c4-babc-9a428dd9672d, Current mtime: Mon Aug 31 2026 15:36:27 GMT+0800 (中国标准时间)@5a936fee-f461-43c4-babc-9a428dd9672d
15:36:29.307 debug: Inspect file:///D:/GameByself/Cocos/Project1/assets/Scripts/Car.ts
15:36:29.376 debug: transform url: 'file:///D:/GameByself/Cocos/Project1/assets/Scripts/Car.ts' costs: 68.90 ms
15:36:29.378 debug: Resolve cc from file:///D:/GameByself/Cocos/Project1/assets/Scripts/Car.ts as cce:/internal/x/cc.
15:36:29.378 debug: Resolve cc from file:///D:/GameByself/Cocos/Project1/assets/Scripts/Car.ts as cce:/internal/x/cc.
15:36:29.378 debug: Resolve cc from file:///D:/GameByself/Cocos/Project1/assets/Scripts/Car.ts as cce:/internal/x/cc.
15:36:29.390 debug: Target(editor) ends with cost 118.23100000014529ms.
15:36:29.390 debug: Target(preview) build started.
15:36:29.396 debug: Detected change: cce:/internal/x/prerequisite-imports. Last mtime: Thu Jan 01 1970 08:57:46 GMT+0800 (中国标准时间), Current mtime: Thu Jan 01 1970 09:00:34 GMT+0800 (中国标准时间)
15:36:29.396 debug: Inspect cce:/internal/x/prerequisite-imports
15:36:29.418 debug: transform url: 'cce:/internal/x/prerequisite-imports' costs: 21.20 ms
15:36:29.421 debug: Resolve file:///C:/ProgramData/cocos/editors/Creator/3.8.8/resources/resources/3d/engine/editor/assets/default_renderpipeline/builtin-dof-pass.ts from cce:/internal/x/prerequisite-imports as file:///C:/ProgramData/cocos/editors/Creator/3.8.8/resources/resources/3d/engine/editor/assets/default_renderpipeline/builtin-dof-pass.ts.
15:36:29.422 debug: Resolve file:///C:/ProgramData/cocos/editors/Creator/3.8.8/resources/resources/3d/engine/editor/assets/default_renderpipeline/builtin-pipeline-pass.ts from cce:/internal/x/prerequisite-imports as file:///C:/ProgramData/cocos/editors/Creator/3.8.8/resources/resources/3d/engine/editor/assets/default_renderpipeline/builtin-pipeline-pass.ts.
15:36:29.423 debug: Resolve file:///C:/ProgramData/cocos/editors/Creator/3.8.8/resources/resources/3d/engine/editor/assets/default_renderpipeline/builtin-pipeline-settings.ts from cce:/internal/x/prerequisite-imports as file:///C:/ProgramData/cocos/editors/Creator/3.8.8/resources/resources/3d/engine/editor/assets/default_renderpipeline/builtin-pipeline-settings.ts.
15:36:29.424 debug: Resolve file:///C:/ProgramData/cocos/editors/Creator/3.8.8/resources/resources/3d/engine/editor/assets/default_renderpipeline/builtin-pipeline-types.ts from cce:/internal/x/prerequisite-imports as file:///C:/ProgramData/cocos/editors/Creator/3.8.8/resources/resources/3d/engine/editor/assets/default_renderpipeline/builtin-pipeline-types.ts.
15:36:29.425 debug: Resolve file:///C:/ProgramData/cocos/editors/Creator/3.8.8/resources/resources/3d/engine/editor/assets/default_renderpipeline/builtin-pipeline.ts from cce:/internal/x/prerequisite-imports as file:///C:/ProgramData/cocos/editors/Creator/3.8.8/resources/resources/3d/engine/editor/assets/default_renderpipeline/builtin-pipeline.ts.
15:36:29.427 debug: Resolve file:///C:/ProgramData/cocos/editors/Creator/3.8.8/resources/resources/3d/engine/editor/assets/tools/debug-view-runtime-control.ts from cce:/internal/x/prerequisite-imports as file:///C:/ProgramData/cocos/editors/Creator/3.8.8/resources/resources/3d/engine/editor/assets/tools/debug-view-runtime-control.ts.
15:36:29.428 debug: Resolve file:///D:/GameByself/Cocos/Project1/assets/Scripts/Car.ts from cce:/internal/x/prerequisite-imports as file:///D:/GameByself/Cocos/Project1/assets/Scripts/Car.ts.
15:36:29.429 debug: Detected change: file:///D:/GameByself/Cocos/Project1/assets/Scripts/Car.ts. Last mtime: Mon Aug 31 2026 15:33:37 GMT+0800 (中国标准时间)@5a936fee-f461-43c4-babc-9a428dd9672d, Current mtime: Mon Aug 31 2026 15:36:27 GMT+0800 (中国标准时间)@5a936fee-f461-43c4-babc-9a428dd9672d
15:36:29.429 debug: Inspect file:///D:/GameByself/Cocos/Project1/assets/Scripts/Car.ts
15:36:29.516 debug: transform url: 'file:///D:/GameByself/Cocos/Project1/assets/Scripts/Car.ts' costs: 87.00 ms
15:36:29.518 debug: Resolve cc from file:///D:/GameByself/Cocos/Project1/assets/Scripts/Car.ts as cce:/internal/x/cc.
15:36:29.518 debug: Resolve cc from file:///D:/GameByself/Cocos/Project1/assets/Scripts/Car.ts as cce:/internal/x/cc.
15:36:29.518 debug: Resolve cc from file:///D:/GameByself/Cocos/Project1/assets/Scripts/Car.ts as cce:/internal/x/cc.
15:36:29.536 debug: Target(preview) ends with cost 145.66210000030696ms.
15:39:50.957 debug: Dispatch build request for time accumulated 1 asset changes.
15:39:50.959 debug: Build iteration starts.
Number of accumulated asset changes: 1
Feature changed: false
15:39:50.959 debug: Target(editor) build started.
15:39:50.962 debug: Detected change: cce:/internal/x/prerequisite-imports. Last mtime: Thu Jan 01 1970 09:00:34 GMT+0800 (中国标准时间), Current mtime: Thu Jan 01 1970 09:03:55 GMT+0800 (中国标准时间)
15:39:50.962 debug: Inspect cce:/internal/x/prerequisite-imports
15:39:50.970 debug: transform url: 'cce:/internal/x/prerequisite-imports' costs: 7.90 ms
15:39:50.971 debug: Resolve file:///C:/ProgramData/cocos/editors/Creator/3.8.8/resources/resources/3d/engine/editor/assets/default_renderpipeline/builtin-dof-pass.ts from cce:/internal/x/prerequisite-imports as file:///C:/ProgramData/cocos/editors/Creator/3.8.8/resources/resources/3d/engine/editor/assets/default_renderpipeline/builtin-dof-pass.ts.
15:39:50.972 debug: Resolve file:///C:/ProgramData/cocos/editors/Creator/3.8.8/resources/resources/3d/engine/editor/assets/default_renderpipeline/builtin-pipeline-pass.ts from cce:/internal/x/prerequisite-imports as file:///C:/ProgramData/cocos/editors/Creator/3.8.8/resources/resources/3d/engine/editor/assets/default_renderpipeline/builtin-pipeline-pass.ts.
15:39:50.974 debug: Resolve file:///C:/ProgramData/cocos/editors/Creator/3.8.8/resources/resources/3d/engine/editor/assets/default_renderpipeline/builtin-pipeline-settings.ts from cce:/internal/x/prerequisite-imports as file:///C:/ProgramData/cocos/editors/Creator/3.8.8/resources/resources/3d/engine/editor/assets/default_renderpipeline/builtin-pipeline-settings.ts.
15:39:50.976 debug: Resolve file:///C:/ProgramData/cocos/editors/Creator/3.8.8/resources/resources/3d/engine/editor/assets/default_renderpipeline/builtin-pipeline-types.ts from cce:/internal/x/prerequisite-imports as file:///C:/ProgramData/cocos/editors/Creator/3.8.8/resources/resources/3d/engine/editor/assets/default_renderpipeline/builtin-pipeline-types.ts.
15:39:50.976 debug: Resolve file:///C:/ProgramData/cocos/editors/Creator/3.8.8/resources/resources/3d/engine/editor/assets/default_renderpipeline/builtin-pipeline.ts from cce:/internal/x/prerequisite-imports as file:///C:/ProgramData/cocos/editors/Creator/3.8.8/resources/resources/3d/engine/editor/assets/default_renderpipeline/builtin-pipeline.ts.
15:39:50.977 debug: Resolve file:///C:/ProgramData/cocos/editors/Creator/3.8.8/resources/resources/3d/engine/editor/assets/tools/debug-view-runtime-control.ts from cce:/internal/x/prerequisite-imports as file:///C:/ProgramData/cocos/editors/Creator/3.8.8/resources/resources/3d/engine/editor/assets/tools/debug-view-runtime-control.ts.
15:39:50.979 debug: Resolve file:///D:/GameByself/Cocos/Project1/assets/Scripts/Car.ts from cce:/internal/x/prerequisite-imports as file:///D:/GameByself/Cocos/Project1/assets/Scripts/Car.ts.
15:39:50.979 debug: Detected change: file:///D:/GameByself/Cocos/Project1/assets/Scripts/Car.ts. Last mtime: Mon Aug 31 2026 15:36:27 GMT+0800 (中国标准时间)@5a936fee-f461-43c4-babc-9a428dd9672d, Current mtime: Mon Aug 31 2026 15:39:49 GMT+0800 (中国标准时间)@5a936fee-f461-43c4-babc-9a428dd9672d
15:39:50.979 debug: Inspect file:///D:/GameByself/Cocos/Project1/assets/Scripts/Car.ts
15:39:51.010 debug: transform url: 'file:///D:/GameByself/Cocos/Project1/assets/Scripts/Car.ts' costs: 30.80 ms
15:39:51.012 debug: Resolve cc from file:///D:/GameByself/Cocos/Project1/assets/Scripts/Car.ts as cce:/internal/x/cc.
15:39:51.012 debug: Resolve cc from file:///D:/GameByself/Cocos/Project1/assets/Scripts/Car.ts as cce:/internal/x/cc.
15:39:51.012 debug: Resolve cc from file:///D:/GameByself/Cocos/Project1/assets/Scripts/Car.ts as cce:/internal/x/cc.
15:39:51.023 debug: Target(editor) ends with cost 63.37140000006184ms.
15:39:51.023 debug: Target(preview) build started.
15:39:51.026 debug: Detected change: cce:/internal/x/prerequisite-imports. Last mtime: Thu Jan 01 1970 09:00:34 GMT+0800 (中国标准时间), Current mtime: Thu Jan 01 1970 09:03:56 GMT+0800 (中国标准时间)
15:39:51.026 debug: Inspect cce:/internal/x/prerequisite-imports
15:39:51.044 debug: transform url: 'cce:/internal/x/prerequisite-imports' costs: 17.70 ms
15:39:51.047 debug: Resolve file:///C:/ProgramData/cocos/editors/Creator/3.8.8/resources/resources/3d/engine/editor/assets/default_renderpipeline/builtin-dof-pass.ts from cce:/internal/x/prerequisite-imports as file:///C:/ProgramData/cocos/editors/Creator/3.8.8/resources/resources/3d/engine/editor/assets/default_renderpipeline/builtin-dof-pass.ts.
15:39:51.048 debug: Resolve file:///C:/ProgramData/cocos/editors/Creator/3.8.8/resources/resources/3d/engine/editor/assets/default_renderpipeline/builtin-pipeline-pass.ts from cce:/internal/x/prerequisite-imports as file:///C:/ProgramData/cocos/editors/Creator/3.8.8/resources/resources/3d/engine/editor/assets/default_renderpipeline/builtin-pipeline-pass.ts.
15:39:51.050 debug: Resolve file:///C:/ProgramData/cocos/editors/Creator/3.8.8/resources/resources/3d/engine/editor/assets/default_renderpipeline/builtin-pipeline-settings.ts from cce:/internal/x/prerequisite-imports as file:///C:/ProgramData/cocos/editors/Creator/3.8.8/resources/resources/3d/engine/editor/assets/default_renderpipeline/builtin-pipeline-settings.ts.
15:39:51.051 debug: Resolve file:///C:/ProgramData/cocos/editors/Creator/3.8.8/resources/resources/3d/engine/editor/assets/default_renderpipeline/builtin-pipeline-types.ts from cce:/internal/x/prerequisite-imports as file:///C:/ProgramData/cocos/editors/Creator/3.8.8/resources/resources/3d/engine/editor/assets/default_renderpipeline/builtin-pipeline-types.ts.
15:39:51.052 debug: Resolve file:///C:/ProgramData/cocos/editors/Creator/3.8.8/resources/resources/3d/engine/editor/assets/default_renderpipeline/builtin-pipeline.ts from cce:/internal/x/prerequisite-imports as file:///C:/ProgramData/cocos/editors/Creator/3.8.8/resources/resources/3d/engine/editor/assets/default_renderpipeline/builtin-pipeline.ts.
15:39:51.053 debug: Resolve file:///C:/ProgramData/cocos/editors/Creator/3.8.8/resources/resources/3d/engine/editor/assets/tools/debug-view-runtime-control.ts from cce:/internal/x/prerequisite-imports as file:///C:/ProgramData/cocos/editors/Creator/3.8.8/resources/resources/3d/engine/editor/assets/tools/debug-view-runtime-control.ts.
15:39:51.055 debug: Resolve file:///D:/GameByself/Cocos/Project1/assets/Scripts/Car.ts from cce:/internal/x/prerequisite-imports as file:///D:/GameByself/Cocos/Project1/assets/Scripts/Car.ts.
15:39:51.055 debug: Detected change: file:///D:/GameByself/Cocos/Project1/assets/Scripts/Car.ts. Last mtime: Mon Aug 31 2026 15:36:27 GMT+0800 (中国标准时间)@5a936fee-f461-43c4-babc-9a428dd9672d, Current mtime: Mon Aug 31 2026 15:39:49 GMT+0800 (中国标准时间)@5a936fee-f461-43c4-babc-9a428dd9672d
15:39:51.055 debug: Inspect file:///D:/GameByself/Cocos/Project1/assets/Scripts/Car.ts
15:39:51.105 debug: transform url: 'file:///D:/GameByself/Cocos/Project1/assets/Scripts/Car.ts' costs: 50.10 ms
15:39:51.107 debug: Resolve cc from file:///D:/GameByself/Cocos/Project1/assets/Scripts/Car.ts as cce:/internal/x/cc.
15:39:51.107 debug: Resolve cc from file:///D:/GameByself/Cocos/Project1/assets/Scripts/Car.ts as cce:/internal/x/cc.
15:39:51.107 debug: Resolve cc from file:///D:/GameByself/Cocos/Project1/assets/Scripts/Car.ts as cce:/internal/x/cc.
15:39:51.123 debug: Target(preview) ends with cost 99.52909999992698ms.
15:40:28.702 debug: Dispatch build request for time accumulated 1 asset changes.
15:40:28.703 debug: Build iteration starts.
Number of accumulated asset changes: 1
Feature changed: false
15:40:28.703 debug: Target(editor) build started.
15:40:28.706 debug: Detected change: cce:/internal/x/prerequisite-imports. Last mtime: Thu Jan 01 1970 09:03:55 GMT+0800 (中国标准时间), Current mtime: Thu Jan 01 1970 09:04:33 GMT+0800 (中国标准时间)
15:40:28.706 debug: Inspect cce:/internal/x/prerequisite-imports
15:40:28.715 debug: transform url: 'cce:/internal/x/prerequisite-imports' costs: 9.30 ms
15:40:28.718 debug: Resolve file:///C:/ProgramData/cocos/editors/Creator/3.8.8/resources/resources/3d/engine/editor/assets/default_renderpipeline/builtin-dof-pass.ts from cce:/internal/x/prerequisite-imports as file:///C:/ProgramData/cocos/editors/Creator/3.8.8/resources/resources/3d/engine/editor/assets/default_renderpipeline/builtin-dof-pass.ts.
15:40:28.720 debug: Resolve file:///C:/ProgramData/cocos/editors/Creator/3.8.8/resources/resources/3d/engine/editor/assets/default_renderpipeline/builtin-pipeline-pass.ts from cce:/internal/x/prerequisite-imports as file:///C:/ProgramData/cocos/editors/Creator/3.8.8/resources/resources/3d/engine/editor/assets/default_renderpipeline/builtin-pipeline-pass.ts.
15:40:28.720 debug: Resolve file:///C:/ProgramData/cocos/editors/Creator/3.8.8/resources/resources/3d/engine/editor/assets/default_renderpipeline/builtin-pipeline-settings.ts from cce:/internal/x/prerequisite-imports as file:///C:/ProgramData/cocos/editors/Creator/3.8.8/resources/resources/3d/engine/editor/assets/default_renderpipeline/builtin-pipeline-settings.ts.
15:40:28.721 debug: Resolve file:///C:/ProgramData/cocos/editors/Creator/3.8.8/resources/resources/3d/engine/editor/assets/default_renderpipeline/builtin-pipeline-types.ts from cce:/internal/x/prerequisite-imports as file:///C:/ProgramData/cocos/editors/Creator/3.8.8/resources/resources/3d/engine/editor/assets/default_renderpipeline/builtin-pipeline-types.ts.
15:40:28.722 debug: Resolve file:///C:/ProgramData/cocos/editors/Creator/3.8.8/resources/resources/3d/engine/editor/assets/default_renderpipeline/builtin-pipeline.ts from cce:/internal/x/prerequisite-imports as file:///C:/ProgramData/cocos/editors/Creator/3.8.8/resources/resources/3d/engine/editor/assets/default_renderpipeline/builtin-pipeline.ts.
15:40:28.722 debug: Resolve file:///C:/ProgramData/cocos/editors/Creator/3.8.8/resources/resources/3d/engine/editor/assets/tools/debug-view-runtime-control.ts from cce:/internal/x/prerequisite-imports as file:///C:/ProgramData/cocos/editors/Creator/3.8.8/resources/resources/3d/engine/editor/assets/tools/debug-view-runtime-control.ts.
15:40:28.723 debug: Resolve file:///D:/GameByself/Cocos/Project1/assets/Scripts/Car.ts from cce:/internal/x/prerequisite-imports as file:///D:/GameByself/Cocos/Project1/assets/Scripts/Car.ts.
15:40:28.723 debug: Detected change: file:///D:/GameByself/Cocos/Project1/assets/Scripts/Car.ts. Last mtime: Mon Aug 31 2026 15:39:49 GMT+0800 (中国标准时间)@5a936fee-f461-43c4-babc-9a428dd9672d, Current mtime: Mon Aug 31 2026 15:40:27 GMT+0800 (中国标准时间)@5a936fee-f461-43c4-babc-9a428dd9672d
15:40:28.723 debug: Inspect file:///D:/GameByself/Cocos/Project1/assets/Scripts/Car.ts
15:40:28.752 debug: transform url: 'file:///D:/GameByself/Cocos/Project1/assets/Scripts/Car.ts' costs: 29.00 ms
15:40:28.754 debug: Resolve cc from file:///D:/GameByself/Cocos/Project1/assets/Scripts/Car.ts as cce:/internal/x/cc.
15:40:28.754 debug: Resolve cc from file:///D:/GameByself/Cocos/Project1/assets/Scripts/Car.ts as cce:/internal/x/cc.
15:40:28.754 debug: Resolve cc from file:///D:/GameByself/Cocos/Project1/assets/Scripts/Car.ts as cce:/internal/x/cc.
15:40:28.763 debug: Target(editor) ends with cost 59.51289999997243ms.
15:40:28.763 debug: Target(preview) build started.
15:40:28.767 debug: Detected change: cce:/internal/x/prerequisite-imports. Last mtime: Thu Jan 01 1970 09:03:56 GMT+0800 (中国标准时间), Current mtime: Thu Jan 01 1970 09:04:33 GMT+0800 (中国标准时间)
15:40:28.767 debug: Inspect cce:/internal/x/prerequisite-imports
15:40:28.783 debug: transform url: 'cce:/internal/x/prerequisite-imports' costs: 16.60 ms
15:40:28.786 debug: Resolve file:///C:/ProgramData/cocos/editors/Creator/3.8.8/resources/resources/3d/engine/editor/assets/default_renderpipeline/builtin-dof-pass.ts from cce:/internal/x/prerequisite-imports as file:///C:/ProgramData/cocos/editors/Creator/3.8.8/resources/resources/3d/engine/editor/assets/default_renderpipeline/builtin-dof-pass.ts.
15:40:28.787 debug: Resolve file:///C:/ProgramData/cocos/editors/Creator/3.8.8/resources/resources/3d/engine/editor/assets/default_renderpipeline/builtin-pipeline-pass.ts from cce:/internal/x/prerequisite-imports as file:///C:/ProgramData/cocos/editors/Creator/3.8.8/resources/resources/3d/engine/editor/assets/default_renderpipeline/builtin-pipeline-pass.ts.
15:40:28.788 debug: Resolve file:///C:/ProgramData/cocos/editors/Creator/3.8.8/resources/resources/3d/engine/editor/assets/default_renderpipeline/builtin-pipeline-settings.ts from cce:/internal/x/prerequisite-imports as file:///C:/ProgramData/cocos/editors/Creator/3.8.8/resources/resources/3d/engine/editor/assets/default_renderpipeline/builtin-pipeline-settings.ts.
15:40:28.789 debug: Resolve file:///C:/ProgramData/cocos/editors/Creator/3.8.8/resources/resources/3d/engine/editor/assets/default_renderpipeline/builtin-pipeline-types.ts from cce:/internal/x/prerequisite-imports as file:///C:/ProgramData/cocos/editors/Creator/3.8.8/resources/resources/3d/engine/editor/assets/default_renderpipeline/builtin-pipeline-types.ts.
15:40:28.790 debug: Resolve file:///C:/ProgramData/cocos/editors/Creator/3.8.8/resources/resources/3d/engine/editor/assets/default_renderpipeline/builtin-pipeline.ts from cce:/internal/x/prerequisite-imports as file:///C:/ProgramData/cocos/editors/Creator/3.8.8/resources/resources/3d/engine/editor/assets/default_renderpipeline/builtin-pipeline.ts.
15:40:28.791 debug: Resolve file:///C:/ProgramData/cocos/editors/Creator/3.8.8/resources/resources/3d/engine/editor/assets/tools/debug-view-runtime-control.ts from cce:/internal/x/prerequisite-imports as file:///C:/ProgramData/cocos/editors/Creator/3.8.8/resources/resources/3d/engine/editor/assets/tools/debug-view-runtime-control.ts.
15:40:28.792 debug: Resolve file:///D:/GameByself/Cocos/Project1/assets/Scripts/Car.ts from cce:/internal/x/prerequisite-imports as file:///D:/GameByself/Cocos/Project1/assets/Scripts/Car.ts.
15:40:28.793 debug: Detected change: file:///D:/GameByself/Cocos/Project1/assets/Scripts/Car.ts. Last mtime: Mon Aug 31 2026 15:39:49 GMT+0800 (中国标准时间)@5a936fee-f461-43c4-babc-9a428dd9672d, Current mtime: Mon Aug 31 2026 15:40:27 GMT+0800 (中国标准时间)@5a936fee-f461-43c4-babc-9a428dd9672d
15:40:28.793 debug: Inspect file:///D:/GameByself/Cocos/Project1/assets/Scripts/Car.ts
15:40:28.838 debug: transform url: 'file:///D:/GameByself/Cocos/Project1/assets/Scripts/Car.ts' costs: 45.80 ms
15:40:28.840 debug: Resolve cc from file:///D:/GameByself/Cocos/Project1/assets/Scripts/Car.ts as cce:/internal/x/cc.
15:40:28.841 debug: Resolve cc from file:///D:/GameByself/Cocos/Project1/assets/Scripts/Car.ts as cce:/internal/x/cc.
15:40:28.841 debug: Resolve cc from file:///D:/GameByself/Cocos/Project1/assets/Scripts/Car.ts as cce:/internal/x/cc.
15:40:28.855 debug: Target(preview) ends with cost 92.13230000017211ms.
15:40:58.970 debug: Dispatch build request for time accumulated 1 asset changes.
15:40:58.972 debug: Build iteration starts.
Number of accumulated asset changes: 1
Feature changed: false
15:40:58.972 debug: Target(editor) build started.
15:40:58.975 debug: Detected change: cce:/internal/x/prerequisite-imports. Last mtime: Thu Jan 01 1970 09:04:33 GMT+0800 (中国标准时间), Current mtime: Thu Jan 01 1970 09:05:04 GMT+0800 (中国标准时间)
15:40:58.975 debug: Inspect cce:/internal/x/prerequisite-imports
15:40:58.988 debug: transform url: 'cce:/internal/x/prerequisite-imports' costs: 12.70 ms
15:40:58.990 debug: Resolve file:///C:/ProgramData/cocos/editors/Creator/3.8.8/resources/resources/3d/engine/editor/assets/default_renderpipeline/builtin-dof-pass.ts from cce:/internal/x/prerequisite-imports as file:///C:/ProgramData/cocos/editors/Creator/3.8.8/resources/resources/3d/engine/editor/assets/default_renderpipeline/builtin-dof-pass.ts.
15:40:58.991 debug: Resolve file:///C:/ProgramData/cocos/editors/Creator/3.8.8/resources/resources/3d/engine/editor/assets/default_renderpipeline/builtin-pipeline-pass.ts from cce:/internal/x/prerequisite-imports as file:///C:/ProgramData/cocos/editors/Creator/3.8.8/resources/resources/3d/engine/editor/assets/default_renderpipeline/builtin-pipeline-pass.ts.
15:40:58.991 debug: Resolve file:///C:/ProgramData/cocos/editors/Creator/3.8.8/resources/resources/3d/engine/editor/assets/default_renderpipeline/builtin-pipeline-settings.ts from cce:/internal/x/prerequisite-imports as file:///C:/ProgramData/cocos/editors/Creator/3.8.8/resources/resources/3d/engine/editor/assets/default_renderpipeline/builtin-pipeline-settings.ts.
15:40:58.992 debug: Resolve file:///C:/ProgramData/cocos/editors/Creator/3.8.8/resources/resources/3d/engine/editor/assets/default_renderpipeline/builtin-pipeline-types.ts from cce:/internal/x/prerequisite-imports as file:///C:/ProgramData/cocos/editors/Creator/3.8.8/resources/resources/3d/engine/editor/assets/default_renderpipeline/builtin-pipeline-types.ts.
15:40:58.993 debug: Resolve file:///C:/ProgramData/cocos/editors/Creator/3.8.8/resources/resources/3d/engine/editor/assets/default_renderpipeline/builtin-pipeline.ts from cce:/internal/x/prerequisite-imports as file:///C:/ProgramData/cocos/editors/Creator/3.8.8/resources/resources/3d/engine/editor/assets/default_renderpipeline/builtin-pipeline.ts.
15:40:58.993 debug: Resolve file:///C:/ProgramData/cocos/editors/Creator/3.8.8/resources/resources/3d/engine/editor/assets/tools/debug-view-runtime-control.ts from cce:/internal/x/prerequisite-imports as file:///C:/ProgramData/cocos/editors/Creator/3.8.8/resources/resources/3d/engine/editor/assets/tools/debug-view-runtime-control.ts.
15:40:58.994 debug: Resolve file:///D:/GameByself/Cocos/Project1/assets/Scripts/Car.ts from cce:/internal/x/prerequisite-imports as file:///D:/GameByself/Cocos/Project1/assets/Scripts/Car.ts.
15:40:58.994 debug: Detected change: file:///D:/GameByself/Cocos/Project1/assets/Scripts/Car.ts. Last mtime: Mon Aug 31 2026 15:40:27 GMT+0800 (中国标准时间)@5a936fee-f461-43c4-babc-9a428dd9672d, Current mtime: Mon Aug 31 2026 15:40:54 GMT+0800 (中国标准时间)@5a936fee-f461-43c4-babc-9a428dd9672d
15:40:58.994 debug: Inspect file:///D:/GameByself/Cocos/Project1/assets/Scripts/Car.ts
15:40:59.032 debug: transform url: 'file:///D:/GameByself/Cocos/Project1/assets/Scripts/Car.ts' costs: 37.50 ms
15:40:59.033 debug: Resolve cc from file:///D:/GameByself/Cocos/Project1/assets/Scripts/Car.ts as cce:/internal/x/cc.
15:40:59.033 debug: Resolve cc from file:///D:/GameByself/Cocos/Project1/assets/Scripts/Car.ts as cce:/internal/x/cc.
15:40:59.034 debug: Resolve cc from file:///D:/GameByself/Cocos/Project1/assets/Scripts/Car.ts as cce:/internal/x/cc.
15:40:59.048 debug: Target(editor) ends with cost 75.26080000028014ms.
15:40:59.048 debug: Target(preview) build started.
15:40:59.053 debug: Detected change: cce:/internal/x/prerequisite-imports. Last mtime: Thu Jan 01 1970 09:04:33 GMT+0800 (中国标准时间), Current mtime: Thu Jan 01 1970 09:05:04 GMT+0800 (中国标准时间)
15:40:59.053 debug: Inspect cce:/internal/x/prerequisite-imports
15:40:59.073 debug: transform url: 'cce:/internal/x/prerequisite-imports' costs: 19.80 ms
15:40:59.076 debug: Resolve file:///C:/ProgramData/cocos/editors/Creator/3.8.8/resources/resources/3d/engine/editor/assets/default_renderpipeline/builtin-dof-pass.ts from cce:/internal/x/prerequisite-imports as file:///C:/ProgramData/cocos/editors/Creator/3.8.8/resources/resources/3d/engine/editor/assets/default_renderpipeline/builtin-dof-pass.ts.
15:40:59.077 debug: Resolve file:///C:/ProgramData/cocos/editors/Creator/3.8.8/resources/resources/3d/engine/editor/assets/default_renderpipeline/builtin-pipeline-pass.ts from cce:/internal/x/prerequisite-imports as file:///C:/ProgramData/cocos/editors/Creator/3.8.8/resources/resources/3d/engine/editor/assets/default_renderpipeline/builtin-pipeline-pass.ts.
15:40:59.079 debug: Resolve file:///C:/ProgramData/cocos/editors/Creator/3.8.8/resources/resources/3d/engine/editor/assets/default_renderpipeline/builtin-pipeline-settings.ts from cce:/internal/x/prerequisite-imports as file:///C:/ProgramData/cocos/editors/Creator/3.8.8/resources/resources/3d/engine/editor/assets/default_renderpipeline/builtin-pipeline-settings.ts.
15:40:59.081 debug: Resolve file:///C:/ProgramData/cocos/editors/Creator/3.8.8/resources/resources/3d/engine/editor/assets/default_renderpipeline/builtin-pipeline-types.ts from cce:/internal/x/prerequisite-imports as file:///C:/ProgramData/cocos/editors/Creator/3.8.8/resources/resources/3d/engine/editor/assets/default_renderpipeline/builtin-pipeline-types.ts.
15:40:59.082 debug: Resolve file:///C:/ProgramData/cocos/editors/Creator/3.8.8/resources/resources/3d/engine/editor/assets/default_renderpipeline/builtin-pipeline.ts from cce:/internal/x/prerequisite-imports as file:///C:/ProgramData/cocos/editors/Creator/3.8.8/resources/resources/3d/engine/editor/assets/default_renderpipeline/builtin-pipeline.ts.
15:40:59.084 debug: Resolve file:///C:/ProgramData/cocos/editors/Creator/3.8.8/resources/resources/3d/engine/editor/assets/tools/debug-view-runtime-control.ts from cce:/internal/x/prerequisite-imports as file:///C:/ProgramData/cocos/editors/Creator/3.8.8/resources/resources/3d/engine/editor/assets/tools/debug-view-runtime-control.ts.
15:40:59.085 debug: Resolve file:///D:/GameByself/Cocos/Project1/assets/Scripts/Car.ts from cce:/internal/x/prerequisite-imports as file:///D:/GameByself/Cocos/Project1/assets/Scripts/Car.ts.
15:40:59.085 debug: Detected change: file:///D:/GameByself/Cocos/Project1/assets/Scripts/Car.ts. Last mtime: Mon Aug 31 2026 15:40:27 GMT+0800 (中国标准时间)@5a936fee-f461-43c4-babc-9a428dd9672d, Current mtime: Mon Aug 31 2026 15:40:54 GMT+0800 (中国标准时间)@5a936fee-f461-43c4-babc-9a428dd9672d
15:40:59.085 debug: Inspect file:///D:/GameByself/Cocos/Project1/assets/Scripts/Car.ts
15:40:59.137 debug: transform url: 'file:///D:/GameByself/Cocos/Project1/assets/Scripts/Car.ts' costs: 52.20 ms
15:40:59.139 debug: Resolve cc from file:///D:/GameByself/Cocos/Project1/assets/Scripts/Car.ts as cce:/internal/x/cc.
15:40:59.139 debug: Resolve cc from file:///D:/GameByself/Cocos/Project1/assets/Scripts/Car.ts as cce:/internal/x/cc.
15:40:59.139 debug: Resolve cc from file:///D:/GameByself/Cocos/Project1/assets/Scripts/Car.ts as cce:/internal/x/cc.
15:40:59.159 debug: Target(preview) ends with cost 110.75509999971837ms.
15:43:05.840 debug: Dispatch build request for time accumulated 1 asset changes.
15:43:05.842 debug: Build iteration starts.
Number of accumulated asset changes: 1
Feature changed: false
15:43:05.843 debug: Target(editor) build started.
15:43:05.847 debug: Detected change: cce:/internal/x/prerequisite-imports. Last mtime: Thu Jan 01 1970 09:05:04 GMT+0800 (中国标准时间), Current mtime: Thu Jan 01 1970 09:07:10 GMT+0800 (中国标准时间)
15:43:05.847 debug: Inspect cce:/internal/x/prerequisite-imports
15:43:05.861 debug: transform url: 'cce:/internal/x/prerequisite-imports' costs: 14.10 ms
15:43:05.863 debug: Resolve file:///C:/ProgramData/cocos/editors/Creator/3.8.8/resources/resources/3d/engine/editor/assets/default_renderpipeline/builtin-dof-pass.ts from cce:/internal/x/prerequisite-imports as file:///C:/ProgramData/cocos/editors/Creator/3.8.8/resources/resources/3d/engine/editor/assets/default_renderpipeline/builtin-dof-pass.ts.
15:43:05.864 debug: Resolve file:///C:/ProgramData/cocos/editors/Creator/3.8.8/resources/resources/3d/engine/editor/assets/default_renderpipeline/builtin-pipeline-pass.ts from cce:/internal/x/prerequisite-imports as file:///C:/ProgramData/cocos/editors/Creator/3.8.8/resources/resources/3d/engine/editor/assets/default_renderpipeline/builtin-pipeline-pass.ts.
15:43:05.865 debug: Resolve file:///C:/ProgramData/cocos/editors/Creator/3.8.8/resources/resources/3d/engine/editor/assets/default_renderpipeline/builtin-pipeline-settings.ts from cce:/internal/x/prerequisite-imports as file:///C:/ProgramData/cocos/editors/Creator/3.8.8/resources/resources/3d/engine/editor/assets/default_renderpipeline/builtin-pipeline-settings.ts.
15:43:05.865 debug: Resolve file:///C:/ProgramData/cocos/editors/Creator/3.8.8/resources/resources/3d/engine/editor/assets/default_renderpipeline/builtin-pipeline-types.ts from cce:/internal/x/prerequisite-imports as file:///C:/ProgramData/cocos/editors/Creator/3.8.8/resources/resources/3d/engine/editor/assets/default_renderpipeline/builtin-pipeline-types.ts.
15:43:05.866 debug: Resolve file:///C:/ProgramData/cocos/editors/Creator/3.8.8/resources/resources/3d/engine/editor/assets/default_renderpipeline/builtin-pipeline.ts from cce:/internal/x/prerequisite-imports as file:///C:/ProgramData/cocos/editors/Creator/3.8.8/resources/resources/3d/engine/editor/assets/default_renderpipeline/builtin-pipeline.ts.
15:43:05.867 debug: Resolve file:///C:/ProgramData/cocos/editors/Creator/3.8.8/resources/resources/3d/engine/editor/assets/tools/debug-view-runtime-control.ts from cce:/internal/x/prerequisite-imports as file:///C:/ProgramData/cocos/editors/Creator/3.8.8/resources/resources/3d/engine/editor/assets/tools/debug-view-runtime-control.ts.
15:43:05.867 debug: Resolve file:///D:/GameByself/Cocos/Project1/assets/Scripts/Car.ts from cce:/internal/x/prerequisite-imports as file:///D:/GameByself/Cocos/Project1/assets/Scripts/Car.ts.
15:43:05.868 debug: Detected change: file:///D:/GameByself/Cocos/Project1/assets/Scripts/Car.ts. Last mtime: Mon Aug 31 2026 15:40:54 GMT+0800 (中国标准时间)@5a936fee-f461-43c4-babc-9a428dd9672d, Current mtime: Mon Aug 31 2026 15:43:03 GMT+0800 (中国标准时间)@5a936fee-f461-43c4-babc-9a428dd9672d
15:43:05.868 debug: Inspect file:///D:/GameByself/Cocos/Project1/assets/Scripts/Car.ts
15:43:05.901 debug: transform url: 'file:///D:/GameByself/Cocos/Project1/assets/Scripts/Car.ts' costs: 33.90 ms
15:43:05.904 debug: Resolve cc from file:///D:/GameByself/Cocos/Project1/assets/Scripts/Car.ts as cce:/internal/x/cc.
15:43:05.904 debug: Resolve cc from file:///D:/GameByself/Cocos/Project1/assets/Scripts/Car.ts as cce:/internal/x/cc.
15:43:05.904 debug: Resolve cc from file:///D:/GameByself/Cocos/Project1/assets/Scripts/Car.ts as cce:/internal/x/cc.
15:43:05.916 debug: Target(editor) ends with cost 73.17709999997169ms.
15:43:05.916 debug: Target(preview) build started.
15:43:05.921 debug: Detected change: cce:/internal/x/prerequisite-imports. Last mtime: Thu Jan 01 1970 09:05:04 GMT+0800 (中国标准时间), Current mtime: Thu Jan 01 1970 09:07:10 GMT+0800 (中国标准时间)
15:43:05.921 debug: Inspect cce:/internal/x/prerequisite-imports
15:43:05.942 debug: transform url: 'cce:/internal/x/prerequisite-imports' costs: 20.90 ms
15:43:05.945 debug: Resolve file:///C:/ProgramData/cocos/editors/Creator/3.8.8/resources/resources/3d/engine/editor/assets/default_renderpipeline/builtin-dof-pass.ts from cce:/internal/x/prerequisite-imports as file:///C:/ProgramData/cocos/editors/Creator/3.8.8/resources/resources/3d/engine/editor/assets/default_renderpipeline/builtin-dof-pass.ts.
15:43:05.947 debug: Resolve file:///C:/ProgramData/cocos/editors/Creator/3.8.8/resources/resources/3d/engine/editor/assets/default_renderpipeline/builtin-pipeline-pass.ts from cce:/internal/x/prerequisite-imports as file:///C:/ProgramData/cocos/editors/Creator/3.8.8/resources/resources/3d/engine/editor/assets/default_renderpipeline/builtin-pipeline-pass.ts.
15:43:05.948 debug: Resolve file:///C:/ProgramData/cocos/editors/Creator/3.8.8/resources/resources/3d/engine/editor/assets/default_renderpipeline/builtin-pipeline-settings.ts from cce:/internal/x/prerequisite-imports as file:///C:/ProgramData/cocos/editors/Creator/3.8.8/resources/resources/3d/engine/editor/assets/default_renderpipeline/builtin-pipeline-settings.ts.
15:43:05.950 debug: Resolve file:///C:/ProgramData/cocos/editors/Creator/3.8.8/resources/resources/3d/engine/editor/assets/default_renderpipeline/builtin-pipeline-types.ts from cce:/internal/x/prerequisite-imports as file:///C:/ProgramData/cocos/editors/Creator/3.8.8/resources/resources/3d/engine/editor/assets/default_renderpipeline/builtin-pipeline-types.ts.
15:43:05.952 debug: Resolve file:///C:/ProgramData/cocos/editors/Creator/3.8.8/resources/resources/3d/engine/editor/assets/default_renderpipeline/builtin-pipeline.ts from cce:/internal/x/prerequisite-imports as file:///C:/ProgramData/cocos/editors/Creator/3.8.8/resources/resources/3d/engine/editor/assets/default_renderpipeline/builtin-pipeline.ts.
15:43:05.953 debug: Resolve file:///C:/ProgramData/cocos/editors/Creator/3.8.8/resources/resources/3d/engine/editor/assets/tools/debug-view-runtime-control.ts from cce:/internal/x/prerequisite-imports as file:///C:/ProgramData/cocos/editors/Creator/3.8.8/resources/resources/3d/engine/editor/assets/tools/debug-view-runtime-control.ts.
15:43:05.954 debug: Resolve file:///D:/GameByself/Cocos/Project1/assets/Scripts/Car.ts from cce:/internal/x/prerequisite-imports as file:///D:/GameByself/Cocos/Project1/assets/Scripts/Car.ts.
15:43:05.955 debug: Detected change: file:///D:/GameByself/Cocos/Project1/assets/Scripts/Car.ts. Last mtime: Mon Aug 31 2026 15:40:54 GMT+0800 (中国标准时间)@5a936fee-f461-43c4-babc-9a428dd9672d, Current mtime: Mon Aug 31 2026 15:43:03 GMT+0800 (中国标准时间)@5a936fee-f461-43c4-babc-9a428dd9672d
15:43:05.955 debug: Inspect file:///D:/GameByself/Cocos/Project1/assets/Scripts/Car.ts
15:43:06.006 debug: transform url: 'file:///D:/GameByself/Cocos/Project1/assets/Scripts/Car.ts' costs: 51.40 ms
15:43:06.008 debug: Resolve cc from file:///D:/GameByself/Cocos/Project1/assets/Scripts/Car.ts as cce:/internal/x/cc.
15:43:06.009 debug: Resolve cc from file:///D:/GameByself/Cocos/Project1/assets/Scripts/Car.ts as cce:/internal/x/cc.
15:43:06.009 debug: Resolve cc from file:///D:/GameByself/Cocos/Project1/assets/Scripts/Car.ts as cce:/internal/x/cc.
15:43:06.029 debug: Target(preview) ends with cost 112.57529999967664ms.
15:44:49.387 debug: Dispatch build request for time accumulated 1 asset changes.
15:44:49.390 debug: Build iteration starts.
Number of accumulated asset changes: 1
Feature changed: false
15:44:49.390 debug: Target(editor) build started.
15:44:49.393 debug: Detected change: cce:/internal/x/prerequisite-imports. Last mtime: Thu Jan 01 1970 09:07:10 GMT+0800 (中国标准时间), Current mtime: Thu Jan 01 1970 09:08:54 GMT+0800 (中国标准时间)
15:44:49.393 debug: Inspect cce:/internal/x/prerequisite-imports
15:44:49.404 debug: transform url: 'cce:/internal/x/prerequisite-imports' costs: 11.10 ms
15:44:49.406 debug: Resolve file:///C:/ProgramData/cocos/editors/Creator/3.8.8/resources/resources/3d/engine/editor/assets/default_renderpipeline/builtin-dof-pass.ts from cce:/internal/x/prerequisite-imports as file:///C:/ProgramData/cocos/editors/Creator/3.8.8/resources/resources/3d/engine/editor/assets/default_renderpipeline/builtin-dof-pass.ts.
15:44:49.407 debug: Resolve file:///C:/ProgramData/cocos/editors/Creator/3.8.8/resources/resources/3d/engine/editor/assets/default_renderpipeline/builtin-pipeline-pass.ts from cce:/internal/x/prerequisite-imports as file:///C:/ProgramData/cocos/editors/Creator/3.8.8/resources/resources/3d/engine/editor/assets/default_renderpipeline/builtin-pipeline-pass.ts.
15:44:49.408 debug: Resolve file:///C:/ProgramData/cocos/editors/Creator/3.8.8/resources/resources/3d/engine/editor/assets/default_renderpipeline/builtin-pipeline-settings.ts from cce:/internal/x/prerequisite-imports as file:///C:/ProgramData/cocos/editors/Creator/3.8.8/resources/resources/3d/engine/editor/assets/default_renderpipeline/builtin-pipeline-settings.ts.
15:44:49.409 debug: Resolve file:///C:/ProgramData/cocos/editors/Creator/3.8.8/resources/resources/3d/engine/editor/assets/default_renderpipeline/builtin-pipeline-types.ts from cce:/internal/x/prerequisite-imports as file:///C:/ProgramData/cocos/editors/Creator/3.8.8/resources/resources/3d/engine/editor/assets/default_renderpipeline/builtin-pipeline-types.ts.
15:44:49.410 debug: Resolve file:///C:/ProgramData/cocos/editors/Creator/3.8.8/resources/resources/3d/engine/editor/assets/default_renderpipeline/builtin-pipeline.ts from cce:/internal/x/prerequisite-imports as file:///C:/ProgramData/cocos/editors/Creator/3.8.8/resources/resources/3d/engine/editor/assets/default_renderpipeline/builtin-pipeline.ts.
15:44:49.411 debug: Resolve file:///C:/ProgramData/cocos/editors/Creator/3.8.8/resources/resources/3d/engine/editor/assets/tools/debug-view-runtime-control.ts from cce:/internal/x/prerequisite-imports as file:///C:/ProgramData/cocos/editors/Creator/3.8.8/resources/resources/3d/engine/editor/assets/tools/debug-view-runtime-control.ts.
15:44:49.412 debug: Resolve file:///D:/GameByself/Cocos/Project1/assets/Scripts/Car.ts from cce:/internal/x/prerequisite-imports as file:///D:/GameByself/Cocos/Project1/assets/Scripts/Car.ts.
15:44:49.412 debug: Detected change: file:///D:/GameByself/Cocos/Project1/assets/Scripts/Car.ts. Last mtime: Mon Aug 31 2026 15:43:03 GMT+0800 (中国标准时间)@5a936fee-f461-43c4-babc-9a428dd9672d, Current mtime: Mon Aug 31 2026 15:44:47 GMT+0800 (中国标准时间)@5a936fee-f461-43c4-babc-9a428dd9672d
15:44:49.412 debug: Inspect file:///D:/GameByself/Cocos/Project1/assets/Scripts/Car.ts
15:44:49.448 debug: transform url: 'file:///D:/GameByself/Cocos/Project1/assets/Scripts/Car.ts' costs: 36.30 ms
15:44:49.450 debug: Resolve cc from file:///D:/GameByself/Cocos/Project1/assets/Scripts/Car.ts as cce:/internal/x/cc.
15:44:49.450 debug: Resolve cc from file:///D:/GameByself/Cocos/Project1/assets/Scripts/Car.ts as cce:/internal/x/cc.
15:44:49.450 debug: Resolve cc from file:///D:/GameByself/Cocos/Project1/assets/Scripts/Car.ts as cce:/internal/x/cc.
15:44:49.464 debug: Target(editor) ends with cost 73.71969999978319ms.
15:44:49.464 debug: Target(preview) build started.
15:44:49.471 debug: Detected change: cce:/internal/x/prerequisite-imports. Last mtime: Thu Jan 01 1970 09:07:10 GMT+0800 (中国标准时间), Current mtime: Thu Jan 01 1970 09:08:54 GMT+0800 (中国标准时间)
15:44:49.471 debug: Inspect cce:/internal/x/prerequisite-imports
15:44:49.492 debug: transform url: 'cce:/internal/x/prerequisite-imports' costs: 21.20 ms
15:44:49.495 debug: Resolve file:///C:/ProgramData/cocos/editors/Creator/3.8.8/resources/resources/3d/engine/editor/assets/default_renderpipeline/builtin-dof-pass.ts from cce:/internal/x/prerequisite-imports as file:///C:/ProgramData/cocos/editors/Creator/3.8.8/resources/resources/3d/engine/editor/assets/default_renderpipeline/builtin-dof-pass.ts.
15:44:49.497 debug: Resolve file:///C:/ProgramData/cocos/editors/Creator/3.8.8/resources/resources/3d/engine/editor/assets/default_renderpipeline/builtin-pipeline-pass.ts from cce:/internal/x/prerequisite-imports as file:///C:/ProgramData/cocos/editors/Creator/3.8.8/resources/resources/3d/engine/editor/assets/default_renderpipeline/builtin-pipeline-pass.ts.
15:44:49.498 debug: Resolve file:///C:/ProgramData/cocos/editors/Creator/3.8.8/resources/resources/3d/engine/editor/assets/default_renderpipeline/builtin-pipeline-settings.ts from cce:/internal/x/prerequisite-imports as file:///C:/ProgramData/cocos/editors/Creator/3.8.8/resources/resources/3d/engine/editor/assets/default_renderpipeline/builtin-pipeline-settings.ts.
15:44:49.499 debug: Resolve file:///C:/ProgramData/cocos/editors/Creator/3.8.8/resources/resources/3d/engine/editor/assets/default_renderpipeline/builtin-pipeline-types.ts from cce:/internal/x/prerequisite-imports as file:///C:/ProgramData/cocos/editors/Creator/3.8.8/resources/resources/3d/engine/editor/assets/default_renderpipeline/builtin-pipeline-types.ts.
15:44:49.501 debug: Resolve file:///C:/ProgramData/cocos/editors/Creator/3.8.8/resources/resources/3d/engine/editor/assets/default_renderpipeline/builtin-pipeline.ts from cce:/internal/x/prerequisite-imports as file:///C:/ProgramData/cocos/editors/Creator/3.8.8/resources/resources/3d/engine/editor/assets/default_renderpipeline/builtin-pipeline.ts.
15:44:49.502 debug: Resolve file:///C:/ProgramData/cocos/editors/Creator/3.8.8/resources/resources/3d/engine/editor/assets/tools/debug-view-runtime-control.ts from cce:/internal/x/prerequisite-imports as file:///C:/ProgramData/cocos/editors/Creator/3.8.8/resources/resources/3d/engine/editor/assets/tools/debug-view-runtime-control.ts.
15:44:49.503 debug: Resolve file:///D:/GameByself/Cocos/Project1/assets/Scripts/Car.ts from cce:/internal/x/prerequisite-imports as file:///D:/GameByself/Cocos/Project1/assets/Scripts/Car.ts.
15:44:49.504 debug: Detected change: file:///D:/GameByself/Cocos/Project1/assets/Scripts/Car.ts. Last mtime: Mon Aug 31 2026 15:43:03 GMT+0800 (中国标准时间)@5a936fee-f461-43c4-babc-9a428dd9672d, Current mtime: Mon Aug 31 2026 15:44:47 GMT+0800 (中国标准时间)@5a936fee-f461-43c4-babc-9a428dd9672d
15:44:49.504 debug: Inspect file:///D:/GameByself/Cocos/Project1/assets/Scripts/Car.ts
15:44:49.563 debug: transform url: 'file:///D:/GameByself/Cocos/Project1/assets/Scripts/Car.ts' costs: 59.40 ms
15:44:49.565 debug: Resolve cc from file:///D:/GameByself/Cocos/Project1/assets/Scripts/Car.ts as cce:/internal/x/cc.
15:44:49.566 debug: Resolve cc from file:///D:/GameByself/Cocos/Project1/assets/Scripts/Car.ts as cce:/internal/x/cc.
15:44:49.566 debug: Resolve cc from file:///D:/GameByself/Cocos/Project1/assets/Scripts/Car.ts as cce:/internal/x/cc.
15:44:49.584 debug: Target(preview) ends with cost 119.49179999995977ms.
15:45:24.325 debug: Dispatch build request for time accumulated 1 asset changes.
15:45:24.326 debug: Build iteration starts.
Number of accumulated asset changes: 1
Feature changed: false
15:45:24.327 debug: Target(editor) build started.
15:45:24.330 debug: Detected change: cce:/internal/x/prerequisite-imports. Last mtime: Thu Jan 01 1970 09:08:54 GMT+0800 (中国标准时间), Current mtime: Thu Jan 01 1970 09:09:29 GMT+0800 (中国标准时间)
15:45:24.330 debug: Inspect cce:/internal/x/prerequisite-imports
15:45:24.339 debug: transform url: 'cce:/internal/x/prerequisite-imports' costs: 9.60 ms
15:45:24.342 debug: Resolve file:///C:/ProgramData/cocos/editors/Creator/3.8.8/resources/resources/3d/engine/editor/assets/default_renderpipeline/builtin-dof-pass.ts from cce:/internal/x/prerequisite-imports as file:///C:/ProgramData/cocos/editors/Creator/3.8.8/resources/resources/3d/engine/editor/assets/default_renderpipeline/builtin-dof-pass.ts.
15:45:24.342 debug: Resolve file:///C:/ProgramData/cocos/editors/Creator/3.8.8/resources/resources/3d/engine/editor/assets/default_renderpipeline/builtin-pipeline-pass.ts from cce:/internal/x/prerequisite-imports as file:///C:/ProgramData/cocos/editors/Creator/3.8.8/resources/resources/3d/engine/editor/assets/default_renderpipeline/builtin-pipeline-pass.ts.
15:45:24.343 debug: Resolve file:///C:/ProgramData/cocos/editors/Creator/3.8.8/resources/resources/3d/engine/editor/assets/default_renderpipeline/builtin-pipeline-settings.ts from cce:/internal/x/prerequisite-imports as file:///C:/ProgramData/cocos/editors/Creator/3.8.8/resources/resources/3d/engine/editor/assets/default_renderpipeline/builtin-pipeline-settings.ts.
15:45:24.344 debug: Resolve file:///C:/ProgramData/cocos/editors/Creator/3.8.8/resources/resources/3d/engine/editor/assets/default_renderpipeline/builtin-pipeline-types.ts from cce:/internal/x/prerequisite-imports as file:///C:/ProgramData/cocos/editors/Creator/3.8.8/resources/resources/3d/engine/editor/assets/default_renderpipeline/builtin-pipeline-types.ts.
15:45:24.344 debug: Resolve file:///C:/ProgramData/cocos/editors/Creator/3.8.8/resources/resources/3d/engine/editor/assets/default_renderpipeline/builtin-pipeline.ts from cce:/internal/x/prerequisite-imports as file:///C:/ProgramData/cocos/editors/Creator/3.8.8/resources/resources/3d/engine/editor/assets/default_renderpipeline/builtin-pipeline.ts.
15:45:24.345 debug: Resolve file:///C:/ProgramData/cocos/editors/Creator/3.8.8/resources/resources/3d/engine/editor/assets/tools/debug-view-runtime-control.ts from cce:/internal/x/prerequisite-imports as file:///C:/ProgramData/cocos/editors/Creator/3.8.8/resources/resources/3d/engine/editor/assets/tools/debug-view-runtime-control.ts.
15:45:24.346 debug: Resolve file:///D:/GameByself/Cocos/Project1/assets/Scripts/Car.ts from cce:/internal/x/prerequisite-imports as file:///D:/GameByself/Cocos/Project1/assets/Scripts/Car.ts.
15:45:24.346 debug: Detected change: file:///D:/GameByself/Cocos/Project1/assets/Scripts/Car.ts. Last mtime: Mon Aug 31 2026 15:44:47 GMT+0800 (中国标准时间)@5a936fee-f461-43c4-babc-9a428dd9672d, Current mtime: Mon Aug 31 2026 15:45:21 GMT+0800 (中国标准时间)@5a936fee-f461-43c4-babc-9a428dd9672d
15:45:24.346 debug: Inspect file:///D:/GameByself/Cocos/Project1/assets/Scripts/Car.ts
15:45:24.372 debug: transform url: 'file:///D:/GameByself/Cocos/Project1/assets/Scripts/Car.ts' costs: 26.00 ms
15:45:24.373 debug: Resolve cc from file:///D:/GameByself/Cocos/Project1/assets/Scripts/Car.ts as cce:/internal/x/cc.
15:45:24.374 debug: Resolve cc from file:///D:/GameByself/Cocos/Project1/assets/Scripts/Car.ts as cce:/internal/x/cc.
15:45:24.374 debug: Resolve cc from file:///D:/GameByself/Cocos/Project1/assets/Scripts/Car.ts as cce:/internal/x/cc.
15:45:24.384 debug: Target(editor) ends with cost 57.0586000001058ms.
15:45:24.384 debug: Target(preview) build started.
15:45:24.387 debug: Detected change: cce:/internal/x/prerequisite-imports. Last mtime: Thu Jan 01 1970 09:08:54 GMT+0800 (中国标准时间), Current mtime: Thu Jan 01 1970 09:09:29 GMT+0800 (中国标准时间)
15:45:24.387 debug: Inspect cce:/internal/x/prerequisite-imports
15:45:24.404 debug: transform url: 'cce:/internal/x/prerequisite-imports' costs: 16.10 ms
15:45:24.414 debug: Resolve file:///C:/ProgramData/cocos/editors/Creator/3.8.8/resources/resources/3d/engine/editor/assets/default_renderpipeline/builtin-dof-pass.ts from cce:/internal/x/prerequisite-imports as file:///C:/ProgramData/cocos/editors/Creator/3.8.8/resources/resources/3d/engine/editor/assets/default_renderpipeline/builtin-dof-pass.ts.
15:45:24.416 debug: Resolve file:///C:/ProgramData/cocos/editors/Creator/3.8.8/resources/resources/3d/engine/editor/assets/default_renderpipeline/builtin-pipeline-pass.ts from cce:/internal/x/prerequisite-imports as file:///C:/ProgramData/cocos/editors/Creator/3.8.8/resources/resources/3d/engine/editor/assets/default_renderpipeline/builtin-pipeline-pass.ts.
15:45:24.418 debug: Resolve file:///C:/ProgramData/cocos/editors/Creator/3.8.8/resources/resources/3d/engine/editor/assets/default_renderpipeline/builtin-pipeline-settings.ts from cce:/internal/x/prerequisite-imports as file:///C:/ProgramData/cocos/editors/Creator/3.8.8/resources/resources/3d/engine/editor/assets/default_renderpipeline/builtin-pipeline-settings.ts.
15:45:24.422 debug: Resolve file:///C:/ProgramData/cocos/editors/Creator/3.8.8/resources/resources/3d/engine/editor/assets/default_renderpipeline/builtin-pipeline-types.ts from cce:/internal/x/prerequisite-imports as file:///C:/ProgramData/cocos/editors/Creator/3.8.8/resources/resources/3d/engine/editor/assets/default_renderpipeline/builtin-pipeline-types.ts.
15:45:24.424 debug: Resolve file:///C:/ProgramData/cocos/editors/Creator/3.8.8/resources/resources/3d/engine/editor/assets/default_renderpipeline/builtin-pipeline.ts from cce:/internal/x/prerequisite-imports as file:///C:/ProgramData/cocos/editors/Creator/3.8.8/resources/resources/3d/engine/editor/assets/default_renderpipeline/builtin-pipeline.ts.
15:45:24.425 debug: Resolve file:///C:/ProgramData/cocos/editors/Creator/3.8.8/resources/resources/3d/engine/editor/assets/tools/debug-view-runtime-control.ts from cce:/internal/x/prerequisite-imports as file:///C:/ProgramData/cocos/editors/Creator/3.8.8/resources/resources/3d/engine/editor/assets/tools/debug-view-runtime-control.ts.
15:45:24.427 debug: Resolve file:///D:/GameByself/Cocos/Project1/assets/Scripts/Car.ts from cce:/internal/x/prerequisite-imports as file:///D:/GameByself/Cocos/Project1/assets/Scripts/Car.ts.
15:45:24.427 debug: Detected change: file:///D:/GameByself/Cocos/Project1/assets/Scripts/Car.ts. Last mtime: Mon Aug 31 2026 15:44:47 GMT+0800 (中国标准时间)@5a936fee-f461-43c4-babc-9a428dd9672d, Current mtime: Mon Aug 31 2026 15:45:21 GMT+0800 (中国标准时间)@5a936fee-f461-43c4-babc-9a428dd9672d
15:45:24.427 debug: Inspect file:///D:/GameByself/Cocos/Project1/assets/Scripts/Car.ts
15:45:24.518 debug: transform url: 'file:///D:/GameByself/Cocos/Project1/assets/Scripts/Car.ts' costs: 90.20 ms
15:45:24.519 debug: Resolve cc from file:///D:/GameByself/Cocos/Project1/assets/Scripts/Car.ts as cce:/internal/x/cc.
15:45:24.519 debug: Resolve cc from file:///D:/GameByself/Cocos/Project1/assets/Scripts/Car.ts as cce:/internal/x/cc.
15:45:24.519 debug: Resolve cc from file:///D:/GameByself/Cocos/Project1/assets/Scripts/Car.ts as cce:/internal/x/cc.
15:45:24.532 debug: Target(preview) ends with cost 147.62280000001192ms.
15:48:08.063 debug: Dispatch build request for time accumulated 1 asset changes.
15:48:08.065 debug: Build iteration starts.
Number of accumulated asset changes: 1
Feature changed: false
15:48:08.066 debug: Target(editor) build started.
15:48:08.068 debug: Detected change: cce:/internal/x/prerequisite-imports. Last mtime: Thu Jan 01 1970 09:09:29 GMT+0800 (中国标准时间), Current mtime: Thu Jan 01 1970 09:12:13 GMT+0800 (中国标准时间)
15:48:08.068 debug: Inspect cce:/internal/x/prerequisite-imports
15:48:08.079 debug: transform url: 'cce:/internal/x/prerequisite-imports' costs: 10.80 ms
15:48:08.082 debug: Resolve file:///C:/ProgramData/cocos/editors/Creator/3.8.8/resources/resources/3d/engine/editor/assets/default_renderpipeline/builtin-dof-pass.ts from cce:/internal/x/prerequisite-imports as file:///C:/ProgramData/cocos/editors/Creator/3.8.8/resources/resources/3d/engine/editor/assets/default_renderpipeline/builtin-dof-pass.ts.
15:48:08.083 debug: Resolve file:///C:/ProgramData/cocos/editors/Creator/3.8.8/resources/resources/3d/engine/editor/assets/default_renderpipeline/builtin-pipeline-pass.ts from cce:/internal/x/prerequisite-imports as file:///C:/ProgramData/cocos/editors/Creator/3.8.8/resources/resources/3d/engine/editor/assets/default_renderpipeline/builtin-pipeline-pass.ts.
15:48:08.084 debug: Resolve file:///C:/ProgramData/cocos/editors/Creator/3.8.8/resources/resources/3d/engine/editor/assets/default_renderpipeline/builtin-pipeline-settings.ts from cce:/internal/x/prerequisite-imports as file:///C:/ProgramData/cocos/editors/Creator/3.8.8/resources/resources/3d/engine/editor/assets/default_renderpipeline/builtin-pipeline-settings.ts.
15:48:08.086 debug: Resolve file:///C:/ProgramData/cocos/editors/Creator/3.8.8/resources/resources/3d/engine/editor/assets/default_renderpipeline/builtin-pipeline-types.ts from cce:/internal/x/prerequisite-imports as file:///C:/ProgramData/cocos/editors/Creator/3.8.8/resources/resources/3d/engine/editor/assets/default_renderpipeline/builtin-pipeline-types.ts.
15:48:08.086 debug: Resolve file:///C:/ProgramData/cocos/editors/Creator/3.8.8/resources/resources/3d/engine/editor/assets/default_renderpipeline/builtin-pipeline.ts from cce:/internal/x/prerequisite-imports as file:///C:/ProgramData/cocos/editors/Creator/3.8.8/resources/resources/3d/engine/editor/assets/default_renderpipeline/builtin-pipeline.ts.
15:48:08.087 debug: Resolve file:///C:/ProgramData/cocos/editors/Creator/3.8.8/resources/resources/3d/engine/editor/assets/tools/debug-view-runtime-control.ts from cce:/internal/x/prerequisite-imports as file:///C:/ProgramData/cocos/editors/Creator/3.8.8/resources/resources/3d/engine/editor/assets/tools/debug-view-runtime-control.ts.
15:48:08.088 debug: Resolve file:///D:/GameByself/Cocos/Project1/assets/Scripts/Car.ts from cce:/internal/x/prerequisite-imports as file:///D:/GameByself/Cocos/Project1/assets/Scripts/Car.ts.
15:48:08.089 debug: Detected change: file:///D:/GameByself/Cocos/Project1/assets/Scripts/Car.ts. Last mtime: Mon Aug 31 2026 15:45:21 GMT+0800 (中国标准时间)@5a936fee-f461-43c4-babc-9a428dd9672d, Current mtime: Mon Aug 31 2026 15:48:02 GMT+0800 (中国标准时间)@5a936fee-f461-43c4-babc-9a428dd9672d
15:48:08.089 debug: Inspect file:///D:/GameByself/Cocos/Project1/assets/Scripts/Car.ts
15:48:08.128 debug: transform url: 'file:///D:/GameByself/Cocos/Project1/assets/Scripts/Car.ts' costs: 39.80 ms
15:48:08.130 debug: Resolve cc from file:///D:/GameByself/Cocos/Project1/assets/Scripts/Car.ts as cce:/internal/x/cc.
15:48:08.130 debug: Resolve cc from file:///D:/GameByself/Cocos/Project1/assets/Scripts/Car.ts as cce:/internal/x/cc.
15:48:08.130 debug: Resolve cc from file:///D:/GameByself/Cocos/Project1/assets/Scripts/Car.ts as cce:/internal/x/cc.
15:48:08.141 debug: Target(editor) ends with cost 75.85550000052899ms.
15:48:08.142 debug: Target(preview) build started.
15:48:08.145 debug: Detected change: cce:/internal/x/prerequisite-imports. Last mtime: Thu Jan 01 1970 09:09:29 GMT+0800 (中国标准时间), Current mtime: Thu Jan 01 1970 09:12:13 GMT+0800 (中国标准时间)
15:48:08.145 debug: Inspect cce:/internal/x/prerequisite-imports
15:48:08.163 debug: transform url: 'cce:/internal/x/prerequisite-imports' costs: 17.70 ms
15:48:08.166 debug: Resolve file:///C:/ProgramData/cocos/editors/Creator/3.8.8/resources/resources/3d/engine/editor/assets/default_renderpipeline/builtin-dof-pass.ts from cce:/internal/x/prerequisite-imports as file:///C:/ProgramData/cocos/editors/Creator/3.8.8/resources/resources/3d/engine/editor/assets/default_renderpipeline/builtin-dof-pass.ts.
15:48:08.167 debug: Resolve file:///C:/ProgramData/cocos/editors/Creator/3.8.8/resources/resources/3d/engine/editor/assets/default_renderpipeline/builtin-pipeline-pass.ts from cce:/internal/x/prerequisite-imports as file:///C:/ProgramData/cocos/editors/Creator/3.8.8/resources/resources/3d/engine/editor/assets/default_renderpipeline/builtin-pipeline-pass.ts.
15:48:08.169 debug: Resolve file:///C:/ProgramData/cocos/editors/Creator/3.8.8/resources/resources/3d/engine/editor/assets/default_renderpipeline/builtin-pipeline-settings.ts from cce:/internal/x/prerequisite-imports as file:///C:/ProgramData/cocos/editors/Creator/3.8.8/resources/resources/3d/engine/editor/assets/default_renderpipeline/builtin-pipeline-settings.ts.
15:48:08.170 debug: Resolve file:///C:/ProgramData/cocos/editors/Creator/3.8.8/resources/resources/3d/engine/editor/assets/default_renderpipeline/builtin-pipeline-types.ts from cce:/internal/x/prerequisite-imports as file:///C:/ProgramData/cocos/editors/Creator/3.8.8/resources/resources/3d/engine/editor/assets/default_renderpipeline/builtin-pipeline-types.ts.
15:48:08.171 debug: Resolve file:///C:/ProgramData/cocos/editors/Creator/3.8.8/resources/resources/3d/engine/editor/assets/default_renderpipeline/builtin-pipeline.ts from cce:/internal/x/prerequisite-imports as file:///C:/ProgramData/cocos/editors/Creator/3.8.8/resources/resources/3d/engine/editor/assets/default_renderpipeline/builtin-pipeline.ts.
15:48:08.173 debug: Resolve file:///C:/ProgramData/cocos/editors/Creator/3.8.8/resources/resources/3d/engine/editor/assets/tools/debug-view-runtime-control.ts from cce:/internal/x/prerequisite-imports as file:///C:/ProgramData/cocos/editors/Creator/3.8.8/resources/resources/3d/engine/editor/assets/tools/debug-view-runtime-control.ts.
15:48:08.174 debug: Resolve file:///D:/GameByself/Cocos/Project1/assets/Scripts/Car.ts from cce:/internal/x/prerequisite-imports as file:///D:/GameByself/Cocos/Project1/assets/Scripts/Car.ts.
15:48:08.174 debug: Detected change: file:///D:/GameByself/Cocos/Project1/assets/Scripts/Car.ts. Last mtime: Mon Aug 31 2026 15:45:21 GMT+0800 (中国标准时间)@5a936fee-f461-43c4-babc-9a428dd9672d, Current mtime: Mon Aug 31 2026 15:48:02 GMT+0800 (中国标准时间)@5a936fee-f461-43c4-babc-9a428dd9672d
15:48:08.174 debug: Inspect file:///D:/GameByself/Cocos/Project1/assets/Scripts/Car.ts
15:48:08.228 debug: transform url: 'file:///D:/GameByself/Cocos/Project1/assets/Scripts/Car.ts' costs: 53.30 ms
15:48:08.231 debug: Resolve cc from file:///D:/GameByself/Cocos/Project1/assets/Scripts/Car.ts as cce:/internal/x/cc.
15:48:08.231 debug: Resolve cc from file:///D:/GameByself/Cocos/Project1/assets/Scripts/Car.ts as cce:/internal/x/cc.
15:48:08.231 debug: Resolve cc from file:///D:/GameByself/Cocos/Project1/assets/Scripts/Car.ts as cce:/internal/x/cc.
15:48:08.249 debug: Target(preview) ends with cost 106.91570000071079ms.
15:50:56.893 debug: Dispatch build request for time accumulated 1 asset changes.
15:50:56.896 debug: Build iteration starts.
Number of accumulated asset changes: 1
Feature changed: false
15:50:56.897 debug: Target(editor) build started.
15:50:56.899 debug: Detected change: cce:/internal/x/prerequisite-imports. Last mtime: Thu Jan 01 1970 09:12:13 GMT+0800 (中国标准时间), Current mtime: Thu Jan 01 1970 09:15:01 GMT+0800 (中国标准时间)
15:50:56.899 debug: Inspect cce:/internal/x/prerequisite-imports
15:50:56.911 debug: transform url: 'cce:/internal/x/prerequisite-imports' costs: 11.40 ms
15:50:56.912 debug: Resolve file:///C:/ProgramData/cocos/editors/Creator/3.8.8/resources/resources/3d/engine/editor/assets/default_renderpipeline/builtin-dof-pass.ts from cce:/internal/x/prerequisite-imports as file:///C:/ProgramData/cocos/editors/Creator/3.8.8/resources/resources/3d/engine/editor/assets/default_renderpipeline/builtin-dof-pass.ts.
15:50:56.913 debug: Resolve file:///C:/ProgramData/cocos/editors/Creator/3.8.8/resources/resources/3d/engine/editor/assets/default_renderpipeline/builtin-pipeline-pass.ts from cce:/internal/x/prerequisite-imports as file:///C:/ProgramData/cocos/editors/Creator/3.8.8/resources/resources/3d/engine/editor/assets/default_renderpipeline/builtin-pipeline-pass.ts.
15:50:56.914 debug: Resolve file:///C:/ProgramData/cocos/editors/Creator/3.8.8/resources/resources/3d/engine/editor/assets/default_renderpipeline/builtin-pipeline-settings.ts from cce:/internal/x/prerequisite-imports as file:///C:/ProgramData/cocos/editors/Creator/3.8.8/resources/resources/3d/engine/editor/assets/default_renderpipeline/builtin-pipeline-settings.ts.
15:50:56.915 debug: Resolve file:///C:/ProgramData/cocos/editors/Creator/3.8.8/resources/resources/3d/engine/editor/assets/default_renderpipeline/builtin-pipeline-types.ts from cce:/internal/x/prerequisite-imports as file:///C:/ProgramData/cocos/editors/Creator/3.8.8/resources/resources/3d/engine/editor/assets/default_renderpipeline/builtin-pipeline-types.ts.
15:50:56.915 debug: Resolve file:///C:/ProgramData/cocos/editors/Creator/3.8.8/resources/resources/3d/engine/editor/assets/default_renderpipeline/builtin-pipeline.ts from cce:/internal/x/prerequisite-imports as file:///C:/ProgramData/cocos/editors/Creator/3.8.8/resources/resources/3d/engine/editor/assets/default_renderpipeline/builtin-pipeline.ts.
15:50:56.916 debug: Resolve file:///C:/ProgramData/cocos/editors/Creator/3.8.8/resources/resources/3d/engine/editor/assets/tools/debug-view-runtime-control.ts from cce:/internal/x/prerequisite-imports as file:///C:/ProgramData/cocos/editors/Creator/3.8.8/resources/resources/3d/engine/editor/assets/tools/debug-view-runtime-control.ts.
15:50:56.917 debug: Resolve file:///D:/GameByself/Cocos/Project1/assets/Scripts/Car.ts from cce:/internal/x/prerequisite-imports as file:///D:/GameByself/Cocos/Project1/assets/Scripts/Car.ts.
15:50:56.917 debug: Detected change: file:///D:/GameByself/Cocos/Project1/assets/Scripts/Car.ts. Last mtime: Mon Aug 31 2026 15:48:02 GMT+0800 (中国标准时间)@5a936fee-f461-43c4-babc-9a428dd9672d, Current mtime: Mon Aug 31 2026 15:50:55 GMT+0800 (中国标准时间)@5a936fee-f461-43c4-babc-9a428dd9672d
15:50:56.917 debug: Inspect file:///D:/GameByself/Cocos/Project1/assets/Scripts/Car.ts
15:50:56.952 debug: transform url: 'file:///D:/GameByself/Cocos/Project1/assets/Scripts/Car.ts' costs: 35.00 ms
15:50:56.953 debug: Resolve cc from file:///D:/GameByself/Cocos/Project1/assets/Scripts/Car.ts as cce:/internal/x/cc.
15:50:56.953 debug: Resolve cc from file:///D:/GameByself/Cocos/Project1/assets/Scripts/Car.ts as cce:/internal/x/cc.
15:50:56.954 debug: Resolve cc from file:///D:/GameByself/Cocos/Project1/assets/Scripts/Car.ts as cce:/internal/x/cc.
15:50:56.966 debug: Target(editor) ends with cost 69.12809999939054ms.
15:50:56.966 debug: Target(preview) build started.
15:50:56.969 debug: Detected change: cce:/internal/x/prerequisite-imports. Last mtime: Thu Jan 01 1970 09:12:13 GMT+0800 (中国标准时间), Current mtime: Thu Jan 01 1970 09:15:02 GMT+0800 (中国标准时间)
15:50:56.970 debug: Inspect cce:/internal/x/prerequisite-imports
15:50:56.992 debug: transform url: 'cce:/internal/x/prerequisite-imports' costs: 21.40 ms
15:50:56.995 debug: Resolve file:///C:/ProgramData/cocos/editors/Creator/3.8.8/resources/resources/3d/engine/editor/assets/default_renderpipeline/builtin-dof-pass.ts from cce:/internal/x/prerequisite-imports as file:///C:/ProgramData/cocos/editors/Creator/3.8.8/resources/resources/3d/engine/editor/assets/default_renderpipeline/builtin-dof-pass.ts.
15:50:56.996 debug: Resolve file:///C:/ProgramData/cocos/editors/Creator/3.8.8/resources/resources/3d/engine/editor/assets/default_renderpipeline/builtin-pipeline-pass.ts from cce:/internal/x/prerequisite-imports as file:///C:/ProgramData/cocos/editors/Creator/3.8.8/resources/resources/3d/engine/editor/assets/default_renderpipeline/builtin-pipeline-pass.ts.
15:50:56.997 debug: Resolve file:///C:/ProgramData/cocos/editors/Creator/3.8.8/resources/resources/3d/engine/editor/assets/default_renderpipeline/builtin-pipeline-settings.ts from cce:/internal/x/prerequisite-imports as file:///C:/ProgramData/cocos/editors/Creator/3.8.8/resources/resources/3d/engine/editor/assets/default_renderpipeline/builtin-pipeline-settings.ts.
15:50:56.999 debug: Resolve file:///C:/ProgramData/cocos/editors/Creator/3.8.8/resources/resources/3d/engine/editor/assets/default_renderpipeline/builtin-pipeline-types.ts from cce:/internal/x/prerequisite-imports as file:///C:/ProgramData/cocos/editors/Creator/3.8.8/resources/resources/3d/engine/editor/assets/default_renderpipeline/builtin-pipeline-types.ts.
15:50:57.000 debug: Resolve file:///C:/ProgramData/cocos/editors/Creator/3.8.8/resources/resources/3d/engine/editor/assets/default_renderpipeline/builtin-pipeline.ts from cce:/internal/x/prerequisite-imports as file:///C:/ProgramData/cocos/editors/Creator/3.8.8/resources/resources/3d/engine/editor/assets/default_renderpipeline/builtin-pipeline.ts.
15:50:57.001 debug: Resolve file:///C:/ProgramData/cocos/editors/Creator/3.8.8/resources/resources/3d/engine/editor/assets/tools/debug-view-runtime-control.ts from cce:/internal/x/prerequisite-imports as file:///C:/ProgramData/cocos/editors/Creator/3.8.8/resources/resources/3d/engine/editor/assets/tools/debug-view-runtime-control.ts.
15:50:57.002 debug: Resolve file:///D:/GameByself/Cocos/Project1/assets/Scripts/Car.ts from cce:/internal/x/prerequisite-imports as file:///D:/GameByself/Cocos/Project1/assets/Scripts/Car.ts.
15:50:57.002 debug: Detected change: file:///D:/GameByself/Cocos/Project1/assets/Scripts/Car.ts. Last mtime: Mon Aug 31 2026 15:48:02 GMT+0800 (中国标准时间)@5a936fee-f461-43c4-babc-9a428dd9672d, Current mtime: Mon Aug 31 2026 15:50:55 GMT+0800 (中国标准时间)@5a936fee-f461-43c4-babc-9a428dd9672d
15:50:57.002 debug: Inspect file:///D:/GameByself/Cocos/Project1/assets/Scripts/Car.ts
15:50:57.048 debug: transform url: 'file:///D:/GameByself/Cocos/Project1/assets/Scripts/Car.ts' costs: 45.80 ms
15:50:57.051 debug: Resolve cc from file:///D:/GameByself/Cocos/Project1/assets/Scripts/Car.ts as cce:/internal/x/cc.
15:50:57.051 debug: Resolve cc from file:///D:/GameByself/Cocos/Project1/assets/Scripts/Car.ts as cce:/internal/x/cc.
15:50:57.051 debug: Resolve cc from file:///D:/GameByself/Cocos/Project1/assets/Scripts/Car.ts as cce:/internal/x/cc.
15:50:57.064 debug: Target(preview) ends with cost 97.49650000035763ms.
15:51:54.731 debug: Dispatch build request for time accumulated 1 asset changes.
15:51:54.733 debug: Build iteration starts.
Number of accumulated asset changes: 1
Feature changed: false
15:51:54.733 debug: Target(editor) build started.
15:51:54.736 debug: Detected change: cce:/internal/x/prerequisite-imports. Last mtime: Thu Jan 01 1970 09:15:01 GMT+0800 (中国标准时间), Current mtime: Thu Jan 01 1970 09:15:59 GMT+0800 (中国标准时间)
15:51:54.736 debug: Inspect cce:/internal/x/prerequisite-imports
15:51:54.745 debug: transform url: 'cce:/internal/x/prerequisite-imports' costs: 9.40 ms
15:51:54.748 debug: Resolve file:///C:/ProgramData/cocos/editors/Creator/3.8.8/resources/resources/3d/engine/editor/assets/default_renderpipeline/builtin-dof-pass.ts from cce:/internal/x/prerequisite-imports as file:///C:/ProgramData/cocos/editors/Creator/3.8.8/resources/resources/3d/engine/editor/assets/default_renderpipeline/builtin-dof-pass.ts.
15:51:54.749 debug: Resolve file:///C:/ProgramData/cocos/editors/Creator/3.8.8/resources/resources/3d/engine/editor/assets/default_renderpipeline/builtin-pipeline-pass.ts from cce:/internal/x/prerequisite-imports as file:///C:/ProgramData/cocos/editors/Creator/3.8.8/resources/resources/3d/engine/editor/assets/default_renderpipeline/builtin-pipeline-pass.ts.
15:51:54.750 debug: Resolve file:///C:/ProgramData/cocos/editors/Creator/3.8.8/resources/resources/3d/engine/editor/assets/default_renderpipeline/builtin-pipeline-settings.ts from cce:/internal/x/prerequisite-imports as file:///C:/ProgramData/cocos/editors/Creator/3.8.8/resources/resources/3d/engine/editor/assets/default_renderpipeline/builtin-pipeline-settings.ts.
15:51:54.751 debug: Resolve file:///C:/ProgramData/cocos/editors/Creator/3.8.8/resources/resources/3d/engine/editor/assets/default_renderpipeline/builtin-pipeline-types.ts from cce:/internal/x/prerequisite-imports as file:///C:/ProgramData/cocos/editors/Creator/3.8.8/resources/resources/3d/engine/editor/assets/default_renderpipeline/builtin-pipeline-types.ts.
15:51:54.753 debug: Resolve file:///C:/ProgramData/cocos/editors/Creator/3.8.8/resources/resources/3d/engine/editor/assets/default_renderpipeline/builtin-pipeline.ts from cce:/internal/x/prerequisite-imports as file:///C:/ProgramData/cocos/editors/Creator/3.8.8/resources/resources/3d/engine/editor/assets/default_renderpipeline/builtin-pipeline.ts.
15:51:54.755 debug: Resolve file:///C:/ProgramData/cocos/editors/Creator/3.8.8/resources/resources/3d/engine/editor/assets/tools/debug-view-runtime-control.ts from cce:/internal/x/prerequisite-imports as file:///C:/ProgramData/cocos/editors/Creator/3.8.8/resources/resources/3d/engine/editor/assets/tools/debug-view-runtime-control.ts.
15:51:54.756 debug: Resolve file:///D:/GameByself/Cocos/Project1/assets/Scripts/Car.ts from cce:/internal/x/prerequisite-imports as file:///D:/GameByself/Cocos/Project1/assets/Scripts/Car.ts.
15:51:54.757 debug: Detected change: file:///D:/GameByself/Cocos/Project1/assets/Scripts/Car.ts. Last mtime: Mon Aug 31 2026 15:50:55 GMT+0800 (中国标准时间)@5a936fee-f461-43c4-babc-9a428dd9672d, Current mtime: Mon Aug 31 2026 15:51:53 GMT+0800 (中国标准时间)@5a936fee-f461-43c4-babc-9a428dd9672d
15:51:54.757 debug: Inspect file:///D:/GameByself/Cocos/Project1/assets/Scripts/Car.ts
15:51:54.787 debug: transform url: 'file:///D:/GameByself/Cocos/Project1/assets/Scripts/Car.ts' costs: 30.50 ms
15:51:54.789 debug: Resolve cc from file:///D:/GameByself/Cocos/Project1/assets/Scripts/Car.ts as cce:/internal/x/cc.
15:51:54.789 debug: Resolve cc from file:///D:/GameByself/Cocos/Project1/assets/Scripts/Car.ts as cce:/internal/x/cc.
15:51:54.789 debug: Resolve cc from file:///D:/GameByself/Cocos/Project1/assets/Scripts/Car.ts as cce:/internal/x/cc.
15:51:54.800 debug: Target(editor) ends with cost 66.95899999979883ms.
15:51:54.801 debug: Target(preview) build started.
15:51:54.805 debug: Detected change: cce:/internal/x/prerequisite-imports. Last mtime: Thu Jan 01 1970 09:15:02 GMT+0800 (中国标准时间), Current mtime: Thu Jan 01 1970 09:15:59 GMT+0800 (中国标准时间)
15:51:54.805 debug: Inspect cce:/internal/x/prerequisite-imports
15:51:54.821 debug: transform url: 'cce:/internal/x/prerequisite-imports' costs: 16.00 ms
15:51:54.825 debug: Resolve file:///C:/ProgramData/cocos/editors/Creator/3.8.8/resources/resources/3d/engine/editor/assets/default_renderpipeline/builtin-dof-pass.ts from cce:/internal/x/prerequisite-imports as file:///C:/ProgramData/cocos/editors/Creator/3.8.8/resources/resources/3d/engine/editor/assets/default_renderpipeline/builtin-dof-pass.ts.
15:51:54.826 debug: Resolve file:///C:/ProgramData/cocos/editors/Creator/3.8.8/resources/resources/3d/engine/editor/assets/default_renderpipeline/builtin-pipeline-pass.ts from cce:/internal/x/prerequisite-imports as file:///C:/ProgramData/cocos/editors/Creator/3.8.8/resources/resources/3d/engine/editor/assets/default_renderpipeline/builtin-pipeline-pass.ts.
15:51:54.828 debug: Resolve file:///C:/ProgramData/cocos/editors/Creator/3.8.8/resources/resources/3d/engine/editor/assets/default_renderpipeline/builtin-pipeline-settings.ts from cce:/internal/x/prerequisite-imports as file:///C:/ProgramData/cocos/editors/Creator/3.8.8/resources/resources/3d/engine/editor/assets/default_renderpipeline/builtin-pipeline-settings.ts.
15:51:54.829 debug: Resolve file:///C:/ProgramData/cocos/editors/Creator/3.8.8/resources/resources/3d/engine/editor/assets/default_renderpipeline/builtin-pipeline-types.ts from cce:/internal/x/prerequisite-imports as file:///C:/ProgramData/cocos/editors/Creator/3.8.8/resources/resources/3d/engine/editor/assets/default_renderpipeline/builtin-pipeline-types.ts.
15:51:54.830 debug: Resolve file:///C:/ProgramData/cocos/editors/Creator/3.8.8/resources/resources/3d/engine/editor/assets/default_renderpipeline/builtin-pipeline.ts from cce:/internal/x/prerequisite-imports as file:///C:/ProgramData/cocos/editors/Creator/3.8.8/resources/resources/3d/engine/editor/assets/default_renderpipeline/builtin-pipeline.ts.
15:51:54.831 debug: Resolve file:///C:/ProgramData/cocos/editors/Creator/3.8.8/resources/resources/3d/engine/editor/assets/tools/debug-view-runtime-control.ts from cce:/internal/x/prerequisite-imports as file:///C:/ProgramData/cocos/editors/Creator/3.8.8/resources/resources/3d/engine/editor/assets/tools/debug-view-runtime-control.ts.
15:51:54.832 debug: Resolve file:///D:/GameByself/Cocos/Project1/assets/Scripts/Car.ts from cce:/internal/x/prerequisite-imports as file:///D:/GameByself/Cocos/Project1/assets/Scripts/Car.ts.
15:51:54.832 debug: Detected change: file:///D:/GameByself/Cocos/Project1/assets/Scripts/Car.ts. Last mtime: Mon Aug 31 2026 15:50:55 GMT+0800 (中国标准时间)@5a936fee-f461-43c4-babc-9a428dd9672d, Current mtime: Mon Aug 31 2026 15:51:53 GMT+0800 (中国标准时间)@5a936fee-f461-43c4-babc-9a428dd9672d
15:51:54.832 debug: Inspect file:///D:/GameByself/Cocos/Project1/assets/Scripts/Car.ts
15:51:54.878 debug: transform url: 'file:///D:/GameByself/Cocos/Project1/assets/Scripts/Car.ts' costs: 45.20 ms
15:51:54.879 debug: Resolve cc from file:///D:/GameByself/Cocos/Project1/assets/Scripts/Car.ts as cce:/internal/x/cc.
15:51:54.880 debug: Resolve cc from file:///D:/GameByself/Cocos/Project1/assets/Scripts/Car.ts as cce:/internal/x/cc.
15:51:54.880 debug: Resolve cc from file:///D:/GameByself/Cocos/Project1/assets/Scripts/Car.ts as cce:/internal/x/cc.
15:51:54.892 debug: Target(preview) ends with cost 91.60859999991953ms.
15:52:51.847 debug: Dispatch build request for time accumulated 1 asset changes.
15:52:51.849 debug: Build iteration starts.
Number of accumulated asset changes: 1
Feature changed: false
15:52:51.849 debug: Target(editor) build started.
15:52:51.852 debug: Detected change: cce:/internal/x/prerequisite-imports. Last mtime: Thu Jan 01 1970 09:15:59 GMT+0800 (中国标准时间), Current mtime: Thu Jan 01 1970 09:16:56 GMT+0800 (中国标准时间)
15:52:51.852 debug: Inspect cce:/internal/x/prerequisite-imports
15:52:51.861 debug: transform url: 'cce:/internal/x/prerequisite-imports' costs: 9.30 ms
15:52:51.863 debug: Resolve file:///C:/ProgramData/cocos/editors/Creator/3.8.8/resources/resources/3d/engine/editor/assets/default_renderpipeline/builtin-dof-pass.ts from cce:/internal/x/prerequisite-imports as file:///C:/ProgramData/cocos/editors/Creator/3.8.8/resources/resources/3d/engine/editor/assets/default_renderpipeline/builtin-dof-pass.ts.
15:52:51.864 debug: Resolve file:///C:/ProgramData/cocos/editors/Creator/3.8.8/resources/resources/3d/engine/editor/assets/default_renderpipeline/builtin-pipeline-pass.ts from cce:/internal/x/prerequisite-imports as file:///C:/ProgramData/cocos/editors/Creator/3.8.8/resources/resources/3d/engine/editor/assets/default_renderpipeline/builtin-pipeline-pass.ts.
15:52:51.865 debug: Resolve file:///C:/ProgramData/cocos/editors/Creator/3.8.8/resources/resources/3d/engine/editor/assets/default_renderpipeline/builtin-pipeline-settings.ts from cce:/internal/x/prerequisite-imports as file:///C:/ProgramData/cocos/editors/Creator/3.8.8/resources/resources/3d/engine/editor/assets/default_renderpipeline/builtin-pipeline-settings.ts.
15:52:51.865 debug: Resolve file:///C:/ProgramData/cocos/editors/Creator/3.8.8/resources/resources/3d/engine/editor/assets/default_renderpipeline/builtin-pipeline-types.ts from cce:/internal/x/prerequisite-imports as file:///C:/ProgramData/cocos/editors/Creator/3.8.8/resources/resources/3d/engine/editor/assets/default_renderpipeline/builtin-pipeline-types.ts.
15:52:51.866 debug: Resolve file:///C:/ProgramData/cocos/editors/Creator/3.8.8/resources/resources/3d/engine/editor/assets/default_renderpipeline/builtin-pipeline.ts from cce:/internal/x/prerequisite-imports as file:///C:/ProgramData/cocos/editors/Creator/3.8.8/resources/resources/3d/engine/editor/assets/default_renderpipeline/builtin-pipeline.ts.
15:52:51.867 debug: Resolve file:///C:/ProgramData/cocos/editors/Creator/3.8.8/resources/resources/3d/engine/editor/assets/tools/debug-view-runtime-control.ts from cce:/internal/x/prerequisite-imports as file:///C:/ProgramData/cocos/editors/Creator/3.8.8/resources/resources/3d/engine/editor/assets/tools/debug-view-runtime-control.ts.
15:52:51.867 debug: Resolve file:///D:/GameByself/Cocos/Project1/assets/Scripts/Car.ts from cce:/internal/x/prerequisite-imports as file:///D:/GameByself/Cocos/Project1/assets/Scripts/Car.ts.
15:52:51.867 debug: Detected change: file:///D:/GameByself/Cocos/Project1/assets/Scripts/Car.ts. Last mtime: Mon Aug 31 2026 15:51:53 GMT+0800 (中国标准时间)@5a936fee-f461-43c4-babc-9a428dd9672d, Current mtime: Mon Aug 31 2026 15:52:47 GMT+0800 (中国标准时间)@5a936fee-f461-43c4-babc-9a428dd9672d
15:52:51.868 debug: Inspect file:///D:/GameByself/Cocos/Project1/assets/Scripts/Car.ts
15:52:51.898 debug: transform url: 'file:///D:/GameByself/Cocos/Project1/assets/Scripts/Car.ts' costs: 30.30 ms
15:52:51.899 debug: Resolve cc from file:///D:/GameByself/Cocos/Project1/assets/Scripts/Car.ts as cce:/internal/x/cc.
15:52:51.899 debug: Resolve cc from file:///D:/GameByself/Cocos/Project1/assets/Scripts/Car.ts as cce:/internal/x/cc.
15:52:51.899 debug: Resolve cc from file:///D:/GameByself/Cocos/Project1/assets/Scripts/Car.ts as cce:/internal/x/cc.
15:52:51.910 debug: Target(editor) ends with cost 60.26379999984056ms.
15:52:51.910 debug: Target(preview) build started.
15:52:51.913 debug: Detected change: cce:/internal/x/prerequisite-imports. Last mtime: Thu Jan 01 1970 09:15:59 GMT+0800 (中国标准时间), Current mtime: Thu Jan 01 1970 09:16:56 GMT+0800 (中国标准时间)
15:52:51.913 debug: Inspect cce:/internal/x/prerequisite-imports
15:52:51.928 debug: transform url: 'cce:/internal/x/prerequisite-imports' costs: 15.50 ms
15:52:51.931 debug: Resolve file:///C:/ProgramData/cocos/editors/Creator/3.8.8/resources/resources/3d/engine/editor/assets/default_renderpipeline/builtin-dof-pass.ts from cce:/internal/x/prerequisite-imports as file:///C:/ProgramData/cocos/editors/Creator/3.8.8/resources/resources/3d/engine/editor/assets/default_renderpipeline/builtin-dof-pass.ts.
15:52:51.932 debug: Resolve file:///C:/ProgramData/cocos/editors/Creator/3.8.8/resources/resources/3d/engine/editor/assets/default_renderpipeline/builtin-pipeline-pass.ts from cce:/internal/x/prerequisite-imports as file:///C:/ProgramData/cocos/editors/Creator/3.8.8/resources/resources/3d/engine/editor/assets/default_renderpipeline/builtin-pipeline-pass.ts.
15:52:51.933 debug: Resolve file:///C:/ProgramData/cocos/editors/Creator/3.8.8/resources/resources/3d/engine/editor/assets/default_renderpipeline/builtin-pipeline-settings.ts from cce:/internal/x/prerequisite-imports as file:///C:/ProgramData/cocos/editors/Creator/3.8.8/resources/resources/3d/engine/editor/assets/default_renderpipeline/builtin-pipeline-settings.ts.
15:52:51.934 debug: Resolve file:///C:/ProgramData/cocos/editors/Creator/3.8.8/resources/resources/3d/engine/editor/assets/default_renderpipeline/builtin-pipeline-types.ts from cce:/internal/x/prerequisite-imports as file:///C:/ProgramData/cocos/editors/Creator/3.8.8/resources/resources/3d/engine/editor/assets/default_renderpipeline/builtin-pipeline-types.ts.
15:52:51.935 debug: Resolve file:///C:/ProgramData/cocos/editors/Creator/3.8.8/resources/resources/3d/engine/editor/assets/default_renderpipeline/builtin-pipeline.ts from cce:/internal/x/prerequisite-imports as file:///C:/ProgramData/cocos/editors/Creator/3.8.8/resources/resources/3d/engine/editor/assets/default_renderpipeline/builtin-pipeline.ts.
15:52:51.937 debug: Resolve file:///C:/ProgramData/cocos/editors/Creator/3.8.8/resources/resources/3d/engine/editor/assets/tools/debug-view-runtime-control.ts from cce:/internal/x/prerequisite-imports as file:///C:/ProgramData/cocos/editors/Creator/3.8.8/resources/resources/3d/engine/editor/assets/tools/debug-view-runtime-control.ts.
15:52:51.938 debug: Resolve file:///D:/GameByself/Cocos/Project1/assets/Scripts/Car.ts from cce:/internal/x/prerequisite-imports as file:///D:/GameByself/Cocos/Project1/assets/Scripts/Car.ts.
15:52:51.938 debug: Detected change: file:///D:/GameByself/Cocos/Project1/assets/Scripts/Car.ts. Last mtime: Mon Aug 31 2026 15:51:53 GMT+0800 (中国标准时间)@5a936fee-f461-43c4-babc-9a428dd9672d, Current mtime: Mon Aug 31 2026 15:52:47 GMT+0800 (中国标准时间)@5a936fee-f461-43c4-babc-9a428dd9672d
15:52:51.938 debug: Inspect file:///D:/GameByself/Cocos/Project1/assets/Scripts/Car.ts
15:52:51.984 debug: transform url: 'file:///D:/GameByself/Cocos/Project1/assets/Scripts/Car.ts' costs: 45.80 ms
15:52:51.986 debug: Resolve cc from file:///D:/GameByself/Cocos/Project1/assets/Scripts/Car.ts as cce:/internal/x/cc.
15:52:51.986 debug: Resolve cc from file:///D:/GameByself/Cocos/Project1/assets/Scripts/Car.ts as cce:/internal/x/cc.
15:52:51.986 debug: Resolve cc from file:///D:/GameByself/Cocos/Project1/assets/Scripts/Car.ts as cce:/internal/x/cc.
15:52:52.001 debug: Target(preview) ends with cost 90.46200000029057ms.
15:53:13.606 debug: Dispatch build request for time accumulated 1 asset changes.
15:53:13.608 debug: Build iteration starts.
Number of accumulated asset changes: 1
Feature changed: false
15:53:13.608 debug: Target(editor) build started.
15:53:13.610 debug: Detected change: cce:/internal/x/prerequisite-imports. Last mtime: Thu Jan 01 1970 09:16:56 GMT+0800 (中国标准时间), Current mtime: Thu Jan 01 1970 09:17:18 GMT+0800 (中国标准时间)
15:53:13.611 debug: Inspect cce:/internal/x/prerequisite-imports
15:53:13.619 debug: transform url: 'cce:/internal/x/prerequisite-imports' costs: 8.70 ms
15:53:13.623 debug: Resolve file:///C:/ProgramData/cocos/editors/Creator/3.8.8/resources/resources/3d/engine/editor/assets/default_renderpipeline/builtin-dof-pass.ts from cce:/internal/x/prerequisite-imports as file:///C:/ProgramData/cocos/editors/Creator/3.8.8/resources/resources/3d/engine/editor/assets/default_renderpipeline/builtin-dof-pass.ts.
15:53:13.623 debug: Resolve file:///C:/ProgramData/cocos/editors/Creator/3.8.8/resources/resources/3d/engine/editor/assets/default_renderpipeline/builtin-pipeline-pass.ts from cce:/internal/x/prerequisite-imports as file:///C:/ProgramData/cocos/editors/Creator/3.8.8/resources/resources/3d/engine/editor/assets/default_renderpipeline/builtin-pipeline-pass.ts.
15:53:13.624 debug: Resolve file:///C:/ProgramData/cocos/editors/Creator/3.8.8/resources/resources/3d/engine/editor/assets/default_renderpipeline/builtin-pipeline-settings.ts from cce:/internal/x/prerequisite-imports as file:///C:/ProgramData/cocos/editors/Creator/3.8.8/resources/resources/3d/engine/editor/assets/default_renderpipeline/builtin-pipeline-settings.ts.
15:53:13.625 debug: Resolve file:///C:/ProgramData/cocos/editors/Creator/3.8.8/resources/resources/3d/engine/editor/assets/default_renderpipeline/builtin-pipeline-types.ts from cce:/internal/x/prerequisite-imports as file:///C:/ProgramData/cocos/editors/Creator/3.8.8/resources/resources/3d/engine/editor/assets/default_renderpipeline/builtin-pipeline-types.ts.
15:53:13.626 debug: Resolve file:///C:/ProgramData/cocos/editors/Creator/3.8.8/resources/resources/3d/engine/editor/assets/default_renderpipeline/builtin-pipeline.ts from cce:/internal/x/prerequisite-imports as file:///C:/ProgramData/cocos/editors/Creator/3.8.8/resources/resources/3d/engine/editor/assets/default_renderpipeline/builtin-pipeline.ts.
15:53:13.627 debug: Resolve file:///C:/ProgramData/cocos/editors/Creator/3.8.8/resources/resources/3d/engine/editor/assets/tools/debug-view-runtime-control.ts from cce:/internal/x/prerequisite-imports as file:///C:/ProgramData/cocos/editors/Creator/3.8.8/resources/resources/3d/engine/editor/assets/tools/debug-view-runtime-control.ts.
15:53:13.628 debug: Resolve file:///D:/GameByself/Cocos/Project1/assets/Scripts/Car.ts from cce:/internal/x/prerequisite-imports as file:///D:/GameByself/Cocos/Project1/assets/Scripts/Car.ts.
15:53:13.628 debug: Detected change: file:///D:/GameByself/Cocos/Project1/assets/Scripts/Car.ts. Last mtime: Mon Aug 31 2026 15:52:47 GMT+0800 (中国标准时间)@5a936fee-f461-43c4-babc-9a428dd9672d, Current mtime: Mon Aug 31 2026 15:53:12 GMT+0800 (中国标准时间)@5a936fee-f461-43c4-babc-9a428dd9672d
15:53:13.628 debug: Inspect file:///D:/GameByself/Cocos/Project1/assets/Scripts/Car.ts
15:53:13.659 debug: transform url: 'file:///D:/GameByself/Cocos/Project1/assets/Scripts/Car.ts' costs: 30.90 ms
15:53:13.661 debug: Resolve cc from file:///D:/GameByself/Cocos/Project1/assets/Scripts/Car.ts as cce:/internal/x/cc.
15:53:13.661 debug: Resolve cc from file:///D:/GameByself/Cocos/Project1/assets/Scripts/Car.ts as cce:/internal/x/cc.
15:53:13.661 debug: Resolve cc from file:///D:/GameByself/Cocos/Project1/assets/Scripts/Car.ts as cce:/internal/x/cc.
15:53:13.673 debug: Target(editor) ends with cost 64.55819999985397ms.
15:53:13.673 debug: Target(preview) build started.
15:53:13.676 debug: Detected change: cce:/internal/x/prerequisite-imports. Last mtime: Thu Jan 01 1970 09:16:56 GMT+0800 (中国标准时间), Current mtime: Thu Jan 01 1970 09:17:18 GMT+0800 (中国标准时间)
15:53:13.677 debug: Inspect cce:/internal/x/prerequisite-imports
15:53:13.695 debug: transform url: 'cce:/internal/x/prerequisite-imports' costs: 18.30 ms
15:53:13.697 debug: Resolve file:///C:/ProgramData/cocos/editors/Creator/3.8.8/resources/resources/3d/engine/editor/assets/default_renderpipeline/builtin-dof-pass.ts from cce:/internal/x/prerequisite-imports as file:///C:/ProgramData/cocos/editors/Creator/3.8.8/resources/resources/3d/engine/editor/assets/default_renderpipeline/builtin-dof-pass.ts.
15:53:13.699 debug: Resolve file:///C:/ProgramData/cocos/editors/Creator/3.8.8/resources/resources/3d/engine/editor/assets/default_renderpipeline/builtin-pipeline-pass.ts from cce:/internal/x/prerequisite-imports as file:///C:/ProgramData/cocos/editors/Creator/3.8.8/resources/resources/3d/engine/editor/assets/default_renderpipeline/builtin-pipeline-pass.ts.
15:53:13.699 debug: Resolve file:///C:/ProgramData/cocos/editors/Creator/3.8.8/resources/resources/3d/engine/editor/assets/default_renderpipeline/builtin-pipeline-settings.ts from cce:/internal/x/prerequisite-imports as file:///C:/ProgramData/cocos/editors/Creator/3.8.8/resources/resources/3d/engine/editor/assets/default_renderpipeline/builtin-pipeline-settings.ts.
15:53:13.701 debug: Resolve file:///C:/ProgramData/cocos/editors/Creator/3.8.8/resources/resources/3d/engine/editor/assets/default_renderpipeline/builtin-pipeline-types.ts from cce:/internal/x/prerequisite-imports as file:///C:/ProgramData/cocos/editors/Creator/3.8.8/resources/resources/3d/engine/editor/assets/default_renderpipeline/builtin-pipeline-types.ts.
15:53:13.702 debug: Resolve file:///C:/ProgramData/cocos/editors/Creator/3.8.8/resources/resources/3d/engine/editor/assets/default_renderpipeline/builtin-pipeline.ts from cce:/internal/x/prerequisite-imports as file:///C:/ProgramData/cocos/editors/Creator/3.8.8/resources/resources/3d/engine/editor/assets/default_renderpipeline/builtin-pipeline.ts.
15:53:13.703 debug: Resolve file:///C:/ProgramData/cocos/editors/Creator/3.8.8/resources/resources/3d/engine/editor/assets/tools/debug-view-runtime-control.ts from cce:/internal/x/prerequisite-imports as file:///C:/ProgramData/cocos/editors/Creator/3.8.8/resources/resources/3d/engine/editor/assets/tools/debug-view-runtime-control.ts.
15:53:13.704 debug: Resolve file:///D:/GameByself/Cocos/Project1/assets/Scripts/Car.ts from cce:/internal/x/prerequisite-imports as file:///D:/GameByself/Cocos/Project1/assets/Scripts/Car.ts.
15:53:13.704 debug: Detected change: file:///D:/GameByself/Cocos/Project1/assets/Scripts/Car.ts. Last mtime: Mon Aug 31 2026 15:52:47 GMT+0800 (中国标准时间)@5a936fee-f461-43c4-babc-9a428dd9672d, Current mtime: Mon Aug 31 2026 15:53:12 GMT+0800 (中国标准时间)@5a936fee-f461-43c4-babc-9a428dd9672d
15:53:13.704 debug: Inspect file:///D:/GameByself/Cocos/Project1/assets/Scripts/Car.ts
15:53:13.748 debug: transform url: 'file:///D:/GameByself/Cocos/Project1/assets/Scripts/Car.ts' costs: 44.00 ms
15:53:13.751 debug: Resolve cc from file:///D:/GameByself/Cocos/Project1/assets/Scripts/Car.ts as cce:/internal/x/cc.
15:53:13.751 debug: Resolve cc from file:///D:/GameByself/Cocos/Project1/assets/Scripts/Car.ts as cce:/internal/x/cc.
15:53:13.751 debug: Resolve cc from file:///D:/GameByself/Cocos/Project1/assets/Scripts/Car.ts as cce:/internal/x/cc.
15:53:13.769 debug: Target(preview) ends with cost 95.7862000009045ms.
15:53:33.939 debug: Dispatch build request for time accumulated 1 asset changes.
15:53:33.941 debug: Build iteration starts.
Number of accumulated asset changes: 1
Feature changed: false
15:53:33.941 debug: Target(editor) build started.
15:53:33.945 debug: Detected change: cce:/internal/x/prerequisite-imports. Last mtime: Thu Jan 01 1970 09:17:18 GMT+0800 (中国标准时间), Current mtime: Thu Jan 01 1970 09:17:38 GMT+0800 (中国标准时间)
15:53:33.945 debug: Inspect cce:/internal/x/prerequisite-imports
15:53:33.954 debug: transform url: 'cce:/internal/x/prerequisite-imports' costs: 9.60 ms
15:53:33.958 debug: Resolve file:///C:/ProgramData/cocos/editors/Creator/3.8.8/resources/resources/3d/engine/editor/assets/default_renderpipeline/builtin-dof-pass.ts from cce:/internal/x/prerequisite-imports as file:///C:/ProgramData/cocos/editors/Creator/3.8.8/resources/resources/3d/engine/editor/assets/default_renderpipeline/builtin-dof-pass.ts.
15:53:33.959 debug: Resolve file:///C:/ProgramData/cocos/editors/Creator/3.8.8/resources/resources/3d/engine/editor/assets/default_renderpipeline/builtin-pipeline-pass.ts from cce:/internal/x/prerequisite-imports as file:///C:/ProgramData/cocos/editors/Creator/3.8.8/resources/resources/3d/engine/editor/assets/default_renderpipeline/builtin-pipeline-pass.ts.
15:53:33.959 debug: Resolve file:///C:/ProgramData/cocos/editors/Creator/3.8.8/resources/resources/3d/engine/editor/assets/default_renderpipeline/builtin-pipeline-settings.ts from cce:/internal/x/prerequisite-imports as file:///C:/ProgramData/cocos/editors/Creator/3.8.8/resources/resources/3d/engine/editor/assets/default_renderpipeline/builtin-pipeline-settings.ts.
15:53:33.960 debug: Resolve file:///C:/ProgramData/cocos/editors/Creator/3.8.8/resources/resources/3d/engine/editor/assets/default_renderpipeline/builtin-pipeline-types.ts from cce:/internal/x/prerequisite-imports as file:///C:/ProgramData/cocos/editors/Creator/3.8.8/resources/resources/3d/engine/editor/assets/default_renderpipeline/builtin-pipeline-types.ts.
15:53:33.961 debug: Resolve file:///C:/ProgramData/cocos/editors/Creator/3.8.8/resources/resources/3d/engine/editor/assets/default_renderpipeline/builtin-pipeline.ts from cce:/internal/x/prerequisite-imports as file:///C:/ProgramData/cocos/editors/Creator/3.8.8/resources/resources/3d/engine/editor/assets/default_renderpipeline/builtin-pipeline.ts.
15:53:33.961 debug: Resolve file:///C:/ProgramData/cocos/editors/Creator/3.8.8/resources/resources/3d/engine/editor/assets/tools/debug-view-runtime-control.ts from cce:/internal/x/prerequisite-imports as file:///C:/ProgramData/cocos/editors/Creator/3.8.8/resources/resources/3d/engine/editor/assets/tools/debug-view-runtime-control.ts.
15:53:33.962 debug: Resolve file:///D:/GameByself/Cocos/Project1/assets/Scripts/Car.ts from cce:/internal/x/prerequisite-imports as file:///D:/GameByself/Cocos/Project1/assets/Scripts/Car.ts.
15:53:33.962 debug: Detected change: file:///D:/GameByself/Cocos/Project1/assets/Scripts/Car.ts. Last mtime: Mon Aug 31 2026 15:53:12 GMT+0800 (中国标准时间)@5a936fee-f461-43c4-babc-9a428dd9672d, Current mtime: Mon Aug 31 2026 15:53:32 GMT+0800 (中国标准时间)@5a936fee-f461-43c4-babc-9a428dd9672d
15:53:33.962 debug: Inspect file:///D:/GameByself/Cocos/Project1/assets/Scripts/Car.ts
15:53:33.990 debug: transform url: 'file:///D:/GameByself/Cocos/Project1/assets/Scripts/Car.ts' costs: 27.70 ms
15:53:33.992 debug: Resolve cc from file:///D:/GameByself/Cocos/Project1/assets/Scripts/Car.ts as cce:/internal/x/cc.
15:53:33.992 debug: Resolve cc from file:///D:/GameByself/Cocos/Project1/assets/Scripts/Car.ts as cce:/internal/x/cc.
15:53:33.992 debug: Resolve cc from file:///D:/GameByself/Cocos/Project1/assets/Scripts/Car.ts as cce:/internal/x/cc.
15:53:34.003 debug: Target(editor) ends with cost 61.59370000008494ms.
15:53:34.003 debug: Target(preview) build started.
15:53:34.008 debug: Detected change: cce:/internal/x/prerequisite-imports. Last mtime: Thu Jan 01 1970 09:17:18 GMT+0800 (中国标准时间), Current mtime: Thu Jan 01 1970 09:17:39 GMT+0800 (中国标准时间)
15:53:34.008 debug: Inspect cce:/internal/x/prerequisite-imports
15:53:34.025 debug: transform url: 'cce:/internal/x/prerequisite-imports' costs: 16.60 ms
15:53:34.028 debug: Resolve file:///C:/ProgramData/cocos/editors/Creator/3.8.8/resources/resources/3d/engine/editor/assets/default_renderpipeline/builtin-dof-pass.ts from cce:/internal/x/prerequisite-imports as file:///C:/ProgramData/cocos/editors/Creator/3.8.8/resources/resources/3d/engine/editor/assets/default_renderpipeline/builtin-dof-pass.ts.
15:53:34.030 debug: Resolve file:///C:/ProgramData/cocos/editors/Creator/3.8.8/resources/resources/3d/engine/editor/assets/default_renderpipeline/builtin-pipeline-pass.ts from cce:/internal/x/prerequisite-imports as file:///C:/ProgramData/cocos/editors/Creator/3.8.8/resources/resources/3d/engine/editor/assets/default_renderpipeline/builtin-pipeline-pass.ts.
15:53:34.031 debug: Resolve file:///C:/ProgramData/cocos/editors/Creator/3.8.8/resources/resources/3d/engine/editor/assets/default_renderpipeline/builtin-pipeline-settings.ts from cce:/internal/x/prerequisite-imports as file:///C:/ProgramData/cocos/editors/Creator/3.8.8/resources/resources/3d/engine/editor/assets/default_renderpipeline/builtin-pipeline-settings.ts.
15:53:34.033 debug: Resolve file:///C:/ProgramData/cocos/editors/Creator/3.8.8/resources/resources/3d/engine/editor/assets/default_renderpipeline/builtin-pipeline-types.ts from cce:/internal/x/prerequisite-imports as file:///C:/ProgramData/cocos/editors/Creator/3.8.8/resources/resources/3d/engine/editor/assets/default_renderpipeline/builtin-pipeline-types.ts.
15:53:34.034 debug: Resolve file:///C:/ProgramData/cocos/editors/Creator/3.8.8/resources/resources/3d/engine/editor/assets/default_renderpipeline/builtin-pipeline.ts from cce:/internal/x/prerequisite-imports as file:///C:/ProgramData/cocos/editors/Creator/3.8.8/resources/resources/3d/engine/editor/assets/default_renderpipeline/builtin-pipeline.ts.
15:53:34.035 debug: Resolve file:///C:/ProgramData/cocos/editors/Creator/3.8.8/resources/resources/3d/engine/editor/assets/tools/debug-view-runtime-control.ts from cce:/internal/x/prerequisite-imports as file:///C:/ProgramData/cocos/editors/Creator/3.8.8/resources/resources/3d/engine/editor/assets/tools/debug-view-runtime-control.ts.
15:53:34.036 debug: Resolve file:///D:/GameByself/Cocos/Project1/assets/Scripts/Car.ts from cce:/internal/x/prerequisite-imports as file:///D:/GameByself/Cocos/Project1/assets/Scripts/Car.ts.
15:53:34.037 debug: Detected change: file:///D:/GameByself/Cocos/Project1/assets/Scripts/Car.ts. Last mtime: Mon Aug 31 2026 15:53:12 GMT+0800 (中国标准时间)@5a936fee-f461-43c4-babc-9a428dd9672d, Current mtime: Mon Aug 31 2026 15:53:32 GMT+0800 (中国标准时间)@5a936fee-f461-43c4-babc-9a428dd9672d
15:53:34.037 debug: Inspect file:///D:/GameByself/Cocos/Project1/assets/Scripts/Car.ts
15:53:34.087 debug: transform url: 'file:///D:/GameByself/Cocos/Project1/assets/Scripts/Car.ts' costs: 50.00 ms
15:53:34.088 debug: Resolve cc from file:///D:/GameByself/Cocos/Project1/assets/Scripts/Car.ts as cce:/internal/x/cc.
15:53:34.088 debug: Resolve cc from file:///D:/GameByself/Cocos/Project1/assets/Scripts/Car.ts as cce:/internal/x/cc.
15:53:34.088 debug: Resolve cc from file:///D:/GameByself/Cocos/Project1/assets/Scripts/Car.ts as cce:/internal/x/cc.
15:53:34.102 debug: Target(preview) ends with cost 98.23389999940991ms.
15:54:01.239 debug: Dispatch build request for time accumulated 1 asset changes.
15:54:01.241 debug: Build iteration starts.
Number of accumulated asset changes: 1
Feature changed: false
15:54:01.241 debug: Target(editor) build started.
15:54:01.244 debug: Detected change: cce:/internal/x/prerequisite-imports. Last mtime: Thu Jan 01 1970 09:17:38 GMT+0800 (中国标准时间), Current mtime: Thu Jan 01 1970 09:18:06 GMT+0800 (中国标准时间)
15:54:01.244 debug: Inspect cce:/internal/x/prerequisite-imports
15:54:01.255 debug: transform url: 'cce:/internal/x/prerequisite-imports' costs: 9.90 ms
15:54:01.257 debug: Resolve file:///C:/ProgramData/cocos/editors/Creator/3.8.8/resources/resources/3d/engine/editor/assets/default_renderpipeline/builtin-dof-pass.ts from cce:/internal/x/prerequisite-imports as file:///C:/ProgramData/cocos/editors/Creator/3.8.8/resources/resources/3d/engine/editor/assets/default_renderpipeline/builtin-dof-pass.ts.
15:54:01.258 debug: Resolve file:///C:/ProgramData/cocos/editors/Creator/3.8.8/resources/resources/3d/engine/editor/assets/default_renderpipeline/builtin-pipeline-pass.ts from cce:/internal/x/prerequisite-imports as file:///C:/ProgramData/cocos/editors/Creator/3.8.8/resources/resources/3d/engine/editor/assets/default_renderpipeline/builtin-pipeline-pass.ts.
15:54:01.259 debug: Resolve file:///C:/ProgramData/cocos/editors/Creator/3.8.8/resources/resources/3d/engine/editor/assets/default_renderpipeline/builtin-pipeline-settings.ts from cce:/internal/x/prerequisite-imports as file:///C:/ProgramData/cocos/editors/Creator/3.8.8/resources/resources/3d/engine/editor/assets/default_renderpipeline/builtin-pipeline-settings.ts.
15:54:01.260 debug: Resolve file:///C:/ProgramData/cocos/editors/Creator/3.8.8/resources/resources/3d/engine/editor/assets/default_renderpipeline/builtin-pipeline-types.ts from cce:/internal/x/prerequisite-imports as file:///C:/ProgramData/cocos/editors/Creator/3.8.8/resources/resources/3d/engine/editor/assets/default_renderpipeline/builtin-pipeline-types.ts.
15:54:01.261 debug: Resolve file:///C:/ProgramData/cocos/editors/Creator/3.8.8/resources/resources/3d/engine/editor/assets/default_renderpipeline/builtin-pipeline.ts from cce:/internal/x/prerequisite-imports as file:///C:/ProgramData/cocos/editors/Creator/3.8.8/resources/resources/3d/engine/editor/assets/default_renderpipeline/builtin-pipeline.ts.
15:54:01.261 debug: Resolve file:///C:/ProgramData/cocos/editors/Creator/3.8.8/resources/resources/3d/engine/editor/assets/tools/debug-view-runtime-control.ts from cce:/internal/x/prerequisite-imports as file:///C:/ProgramData/cocos/editors/Creator/3.8.8/resources/resources/3d/engine/editor/assets/tools/debug-view-runtime-control.ts.
15:54:01.262 debug: Resolve file:///D:/GameByself/Cocos/Project1/assets/Scripts/Car.ts from cce:/internal/x/prerequisite-imports as file:///D:/GameByself/Cocos/Project1/assets/Scripts/Car.ts.
15:54:01.263 debug: Detected change: file:///D:/GameByself/Cocos/Project1/assets/Scripts/Car.ts. Last mtime: Mon Aug 31 2026 15:53:32 GMT+0800 (中国标准时间)@5a936fee-f461-43c4-babc-9a428dd9672d, Current mtime: Mon Aug 31 2026 15:53:59 GMT+0800 (中国标准时间)@5a936fee-f461-43c4-babc-9a428dd9672d
15:54:01.263 debug: Inspect file:///D:/GameByself/Cocos/Project1/assets/Scripts/Car.ts
15:54:01.291 debug: transform url: 'file:///D:/GameByself/Cocos/Project1/assets/Scripts/Car.ts' costs: 28.70 ms
15:54:01.293 debug: Resolve cc from file:///D:/GameByself/Cocos/Project1/assets/Scripts/Car.ts as cce:/internal/x/cc.
15:54:01.293 debug: Resolve cc from file:///D:/GameByself/Cocos/Project1/assets/Scripts/Car.ts as cce:/internal/x/cc.
15:54:01.294 debug: Resolve cc from file:///D:/GameByself/Cocos/Project1/assets/Scripts/Car.ts as cce:/internal/x/cc.
15:54:01.306 debug: Target(editor) ends with cost 64.73769999947399ms.
15:54:01.306 debug: Target(preview) build started.
15:54:01.309 debug: Detected change: cce:/internal/x/prerequisite-imports. Last mtime: Thu Jan 01 1970 09:17:39 GMT+0800 (中国标准时间), Current mtime: Thu Jan 01 1970 09:18:06 GMT+0800 (中国标准时间)
15:54:01.309 debug: Inspect cce:/internal/x/prerequisite-imports
15:54:01.325 debug: transform url: 'cce:/internal/x/prerequisite-imports' costs: 15.90 ms
15:54:01.330 debug: Resolve file:///C:/ProgramData/cocos/editors/Creator/3.8.8/resources/resources/3d/engine/editor/assets/default_renderpipeline/builtin-dof-pass.ts from cce:/internal/x/prerequisite-imports as file:///C:/ProgramData/cocos/editors/Creator/3.8.8/resources/resources/3d/engine/editor/assets/default_renderpipeline/builtin-dof-pass.ts.
15:54:01.332 debug: Resolve file:///C:/ProgramData/cocos/editors/Creator/3.8.8/resources/resources/3d/engine/editor/assets/default_renderpipeline/builtin-pipeline-pass.ts from cce:/internal/x/prerequisite-imports as file:///C:/ProgramData/cocos/editors/Creator/3.8.8/resources/resources/3d/engine/editor/assets/default_renderpipeline/builtin-pipeline-pass.ts.
15:54:01.334 debug: Resolve file:///C:/ProgramData/cocos/editors/Creator/3.8.8/resources/resources/3d/engine/editor/assets/default_renderpipeline/builtin-pipeline-settings.ts from cce:/internal/x/prerequisite-imports as file:///C:/ProgramData/cocos/editors/Creator/3.8.8/resources/resources/3d/engine/editor/assets/default_renderpipeline/builtin-pipeline-settings.ts.
15:54:01.336 debug: Resolve file:///C:/ProgramData/cocos/editors/Creator/3.8.8/resources/resources/3d/engine/editor/assets/default_renderpipeline/builtin-pipeline-types.ts from cce:/internal/x/prerequisite-imports as file:///C:/ProgramData/cocos/editors/Creator/3.8.8/resources/resources/3d/engine/editor/assets/default_renderpipeline/builtin-pipeline-types.ts.
15:54:01.338 debug: Resolve file:///C:/ProgramData/cocos/editors/Creator/3.8.8/resources/resources/3d/engine/editor/assets/default_renderpipeline/builtin-pipeline.ts from cce:/internal/x/prerequisite-imports as file:///C:/ProgramData/cocos/editors/Creator/3.8.8/resources/resources/3d/engine/editor/assets/default_renderpipeline/builtin-pipeline.ts.
15:54:01.339 debug: Resolve file:///C:/ProgramData/cocos/editors/Creator/3.8.8/resources/resources/3d/engine/editor/assets/tools/debug-view-runtime-control.ts from cce:/internal/x/prerequisite-imports as file:///C:/ProgramData/cocos/editors/Creator/3.8.8/resources/resources/3d/engine/editor/assets/tools/debug-view-runtime-control.ts.
15:54:01.341 debug: Resolve file:///D:/GameByself/Cocos/Project1/assets/Scripts/Car.ts from cce:/internal/x/prerequisite-imports as file:///D:/GameByself/Cocos/Project1/assets/Scripts/Car.ts.
15:54:01.341 debug: Detected change: file:///D:/GameByself/Cocos/Project1/assets/Scripts/Car.ts. Last mtime: Mon Aug 31 2026 15:53:32 GMT+0800 (中国标准时间)@5a936fee-f461-43c4-babc-9a428dd9672d, Current mtime: Mon Aug 31 2026 15:53:59 GMT+0800 (中国标准时间)@5a936fee-f461-43c4-babc-9a428dd9672d
15:54:01.342 debug: Inspect file:///D:/GameByself/Cocos/Project1/assets/Scripts/Car.ts
15:54:01.415 debug: transform url: 'file:///D:/GameByself/Cocos/Project1/assets/Scripts/Car.ts' costs: 71.70 ms
15:54:01.417 debug: Resolve cc from file:///D:/GameByself/Cocos/Project1/assets/Scripts/Car.ts as cce:/internal/x/cc.
15:54:01.417 debug: Resolve cc from file:///D:/GameByself/Cocos/Project1/assets/Scripts/Car.ts as cce:/internal/x/cc.
15:54:01.417 debug: Resolve cc from file:///D:/GameByself/Cocos/Project1/assets/Scripts/Car.ts as cce:/internal/x/cc.
15:54:01.429 debug: Target(preview) ends with cost 122.56790000014007ms.
15:54:24.101 debug: Dispatch build request for time accumulated 1 asset changes.
15:54:24.103 debug: Build iteration starts.
Number of accumulated asset changes: 1
Feature changed: false
15:54:24.103 debug: Target(editor) build started.
15:54:24.106 debug: Detected change: cce:/internal/x/prerequisite-imports. Last mtime: Thu Jan 01 1970 09:18:06 GMT+0800 (中国标准时间), Current mtime: Thu Jan 01 1970 09:18:29 GMT+0800 (中国标准时间)
15:54:24.106 debug: Inspect cce:/internal/x/prerequisite-imports
15:54:24.117 debug: transform url: 'cce:/internal/x/prerequisite-imports' costs: 10.90 ms
15:54:24.119 debug: Resolve file:///C:/ProgramData/cocos/editors/Creator/3.8.8/resources/resources/3d/engine/editor/assets/default_renderpipeline/builtin-dof-pass.ts from cce:/internal/x/prerequisite-imports as file:///C:/ProgramData/cocos/editors/Creator/3.8.8/resources/resources/3d/engine/editor/assets/default_renderpipeline/builtin-dof-pass.ts.
15:54:24.120 debug: Resolve file:///C:/ProgramData/cocos/editors/Creator/3.8.8/resources/resources/3d/engine/editor/assets/default_renderpipeline/builtin-pipeline-pass.ts from cce:/internal/x/prerequisite-imports as file:///C:/ProgramData/cocos/editors/Creator/3.8.8/resources/resources/3d/engine/editor/assets/default_renderpipeline/builtin-pipeline-pass.ts.
15:54:24.121 debug: Resolve file:///C:/ProgramData/cocos/editors/Creator/3.8.8/resources/resources/3d/engine/editor/assets/default_renderpipeline/builtin-pipeline-settings.ts from cce:/internal/x/prerequisite-imports as file:///C:/ProgramData/cocos/editors/Creator/3.8.8/resources/resources/3d/engine/editor/assets/default_renderpipeline/builtin-pipeline-settings.ts.
15:54:24.122 debug: Resolve file:///C:/ProgramData/cocos/editors/Creator/3.8.8/resources/resources/3d/engine/editor/assets/default_renderpipeline/builtin-pipeline-types.ts from cce:/internal/x/prerequisite-imports as file:///C:/ProgramData/cocos/editors/Creator/3.8.8/resources/resources/3d/engine/editor/assets/default_renderpipeline/builtin-pipeline-types.ts.
15:54:24.123 debug: Resolve file:///C:/ProgramData/cocos/editors/Creator/3.8.8/resources/resources/3d/engine/editor/assets/default_renderpipeline/builtin-pipeline.ts from cce:/internal/x/prerequisite-imports as file:///C:/ProgramData/cocos/editors/Creator/3.8.8/resources/resources/3d/engine/editor/assets/default_renderpipeline/builtin-pipeline.ts.
15:54:24.124 debug: Resolve file:///C:/ProgramData/cocos/editors/Creator/3.8.8/resources/resources/3d/engine/editor/assets/tools/debug-view-runtime-control.ts from cce:/internal/x/prerequisite-imports as file:///C:/ProgramData/cocos/editors/Creator/3.8.8/resources/resources/3d/engine/editor/assets/tools/debug-view-runtime-control.ts.
15:54:24.125 debug: Resolve file:///D:/GameByself/Cocos/Project1/assets/Scripts/Car.ts from cce:/internal/x/prerequisite-imports as file:///D:/GameByself/Cocos/Project1/assets/Scripts/Car.ts.
15:54:24.125 debug: Detected change: file:///D:/GameByself/Cocos/Project1/assets/Scripts/Car.ts. Last mtime: Mon Aug 31 2026 15:53:59 GMT+0800 (中国标准时间)@5a936fee-f461-43c4-babc-9a428dd9672d, Current mtime: Mon Aug 31 2026 15:54:22 GMT+0800 (中国标准时间)@5a936fee-f461-43c4-babc-9a428dd9672d
15:54:24.125 debug: Inspect file:///D:/GameByself/Cocos/Project1/assets/Scripts/Car.ts
15:54:24.159 debug: transform url: 'file:///D:/GameByself/Cocos/Project1/assets/Scripts/Car.ts' costs: 33.20 ms
15:54:24.160 debug: Resolve cc from file:///D:/GameByself/Cocos/Project1/assets/Scripts/Car.ts as cce:/internal/x/cc.
15:54:24.160 debug: Resolve cc from file:///D:/GameByself/Cocos/Project1/assets/Scripts/Car.ts as cce:/internal/x/cc.
15:54:24.160 debug: Resolve cc from file:///D:/GameByself/Cocos/Project1/assets/Scripts/Car.ts as cce:/internal/x/cc.
15:54:24.172 debug: Target(editor) ends with cost 69.14460000023246ms.
15:54:24.173 debug: Target(preview) build started.
15:54:24.176 debug: Detected change: cce:/internal/x/prerequisite-imports. Last mtime: Thu Jan 01 1970 09:18:06 GMT+0800 (中国标准时间), Current mtime: Thu Jan 01 1970 09:18:29 GMT+0800 (中国标准时间)
15:54:24.176 debug: Inspect cce:/internal/x/prerequisite-imports
15:54:24.192 debug: transform url: 'cce:/internal/x/prerequisite-imports' costs: 16.20 ms
15:54:24.195 debug: Resolve file:///C:/ProgramData/cocos/editors/Creator/3.8.8/resources/resources/3d/engine/editor/assets/default_renderpipeline/builtin-dof-pass.ts from cce:/internal/x/prerequisite-imports as file:///C:/ProgramData/cocos/editors/Creator/3.8.8/resources/resources/3d/engine/editor/assets/default_renderpipeline/builtin-dof-pass.ts.
15:54:24.196 debug: Resolve file:///C:/ProgramData/cocos/editors/Creator/3.8.8/resources/resources/3d/engine/editor/assets/default_renderpipeline/builtin-pipeline-pass.ts from cce:/internal/x/prerequisite-imports as file:///C:/ProgramData/cocos/editors/Creator/3.8.8/resources/resources/3d/engine/editor/assets/default_renderpipeline/builtin-pipeline-pass.ts.
15:54:24.197 debug: Resolve file:///C:/ProgramData/cocos/editors/Creator/3.8.8/resources/resources/3d/engine/editor/assets/default_renderpipeline/builtin-pipeline-settings.ts from cce:/internal/x/prerequisite-imports as file:///C:/ProgramData/cocos/editors/Creator/3.8.8/resources/resources/3d/engine/editor/assets/default_renderpipeline/builtin-pipeline-settings.ts.
15:54:24.199 debug: Resolve file:///C:/ProgramData/cocos/editors/Creator/3.8.8/resources/resources/3d/engine/editor/assets/default_renderpipeline/builtin-pipeline-types.ts from cce:/internal/x/prerequisite-imports as file:///C:/ProgramData/cocos/editors/Creator/3.8.8/resources/resources/3d/engine/editor/assets/default_renderpipeline/builtin-pipeline-types.ts.
15:54:24.200 debug: Resolve file:///C:/ProgramData/cocos/editors/Creator/3.8.8/resources/resources/3d/engine/editor/assets/default_renderpipeline/builtin-pipeline.ts from cce:/internal/x/prerequisite-imports as file:///C:/ProgramData/cocos/editors/Creator/3.8.8/resources/resources/3d/engine/editor/assets/default_renderpipeline/builtin-pipeline.ts.
15:54:24.201 debug: Resolve file:///C:/ProgramData/cocos/editors/Creator/3.8.8/resources/resources/3d/engine/editor/assets/tools/debug-view-runtime-control.ts from cce:/internal/x/prerequisite-imports as file:///C:/ProgramData/cocos/editors/Creator/3.8.8/resources/resources/3d/engine/editor/assets/tools/debug-view-runtime-control.ts.
15:54:24.202 debug: Resolve file:///D:/GameByself/Cocos/Project1/assets/Scripts/Car.ts from cce:/internal/x/prerequisite-imports as file:///D:/GameByself/Cocos/Project1/assets/Scripts/Car.ts.
15:54:24.202 debug: Detected change: file:///D:/GameByself/Cocos/Project1/assets/Scripts/Car.ts. Last mtime: Mon Aug 31 2026 15:53:59 GMT+0800 (中国标准时间)@5a936fee-f461-43c4-babc-9a428dd9672d, Current mtime: Mon Aug 31 2026 15:54:22 GMT+0800 (中国标准时间)@5a936fee-f461-43c4-babc-9a428dd9672d
15:54:24.202 debug: Inspect file:///D:/GameByself/Cocos/Project1/assets/Scripts/Car.ts
15:54:24.251 debug: transform url: 'file:///D:/GameByself/Cocos/Project1/assets/Scripts/Car.ts' costs: 49.10 ms
15:54:24.253 debug: Resolve cc from file:///D:/GameByself/Cocos/Project1/assets/Scripts/Car.ts as cce:/internal/x/cc.
15:54:24.253 debug: Resolve cc from file:///D:/GameByself/Cocos/Project1/assets/Scripts/Car.ts as cce:/internal/x/cc.
15:54:24.253 debug: Resolve cc from file:///D:/GameByself/Cocos/Project1/assets/Scripts/Car.ts as cce:/internal/x/cc.
15:54:24.269 debug: Target(preview) ends with cost 96.13810000009835ms.
17:54:19.510 debug: Dispatch build request for time accumulated 1 asset changes.
17:54:19.517 debug: Build iteration starts.
Number of accumulated asset changes: 1
Feature changed: false
17:54:19.518 debug: Target(editor) build started.
17:54:19.523 debug: Detected change: cce:/internal/x/prerequisite-imports. Last mtime: Thu Jan 01 1970 09:18:29 GMT+0800 (中国标准时间), Current mtime: Thu Jan 01 1970 11:18:24 GMT+0800 (中国标准时间)
17:54:19.524 debug: Inspect cce:/internal/x/prerequisite-imports
17:54:19.551 debug: transform url: 'cce:/internal/x/prerequisite-imports' costs: 27.10 ms
17:54:19.553 debug: Resolve file:///C:/ProgramData/cocos/editors/Creator/3.8.8/resources/resources/3d/engine/editor/assets/default_renderpipeline/builtin-dof-pass.ts from cce:/internal/x/prerequisite-imports as file:///C:/ProgramData/cocos/editors/Creator/3.8.8/resources/resources/3d/engine/editor/assets/default_renderpipeline/builtin-dof-pass.ts.
17:54:19.554 debug: Resolve file:///C:/ProgramData/cocos/editors/Creator/3.8.8/resources/resources/3d/engine/editor/assets/default_renderpipeline/builtin-pipeline-pass.ts from cce:/internal/x/prerequisite-imports as file:///C:/ProgramData/cocos/editors/Creator/3.8.8/resources/resources/3d/engine/editor/assets/default_renderpipeline/builtin-pipeline-pass.ts.
17:54:19.555 debug: Resolve file:///C:/ProgramData/cocos/editors/Creator/3.8.8/resources/resources/3d/engine/editor/assets/default_renderpipeline/builtin-pipeline-settings.ts from cce:/internal/x/prerequisite-imports as file:///C:/ProgramData/cocos/editors/Creator/3.8.8/resources/resources/3d/engine/editor/assets/default_renderpipeline/builtin-pipeline-settings.ts.
17:54:19.555 debug: Resolve file:///C:/ProgramData/cocos/editors/Creator/3.8.8/resources/resources/3d/engine/editor/assets/default_renderpipeline/builtin-pipeline-types.ts from cce:/internal/x/prerequisite-imports as file:///C:/ProgramData/cocos/editors/Creator/3.8.8/resources/resources/3d/engine/editor/assets/default_renderpipeline/builtin-pipeline-types.ts.
17:54:19.556 debug: Resolve file:///C:/ProgramData/cocos/editors/Creator/3.8.8/resources/resources/3d/engine/editor/assets/default_renderpipeline/builtin-pipeline.ts from cce:/internal/x/prerequisite-imports as file:///C:/ProgramData/cocos/editors/Creator/3.8.8/resources/resources/3d/engine/editor/assets/default_renderpipeline/builtin-pipeline.ts.
17:54:19.557 debug: Resolve file:///C:/ProgramData/cocos/editors/Creator/3.8.8/resources/resources/3d/engine/editor/assets/tools/debug-view-runtime-control.ts from cce:/internal/x/prerequisite-imports as file:///C:/ProgramData/cocos/editors/Creator/3.8.8/resources/resources/3d/engine/editor/assets/tools/debug-view-runtime-control.ts.
17:54:19.558 debug: Resolve file:///D:/GameByself/Cocos/Project1/assets/Scripts/Car.ts from cce:/internal/x/prerequisite-imports as file:///D:/GameByself/Cocos/Project1/assets/Scripts/Car.ts.
17:54:19.558 debug: Detected change: file:///D:/GameByself/Cocos/Project1/assets/Scripts/Car.ts. Last mtime: Mon Aug 31 2026 15:54:22 GMT+0800 (中国标准时间)@5a936fee-f461-43c4-babc-9a428dd9672d, Current mtime: Mon Aug 31 2026 17:54:14 GMT+0800 (中国标准时间)@5a936fee-f461-43c4-babc-9a428dd9672d
17:54:19.558 debug: Inspect file:///D:/GameByself/Cocos/Project1/assets/Scripts/Car.ts
17:54:19.593 debug: transform url: 'file:///D:/GameByself/Cocos/Project1/assets/Scripts/Car.ts' costs: 34.90 ms
17:54:19.595 debug: Resolve cc from file:///D:/GameByself/Cocos/Project1/assets/Scripts/Car.ts as cce:/internal/x/cc.
17:54:19.595 debug: Resolve cc from file:///D:/GameByself/Cocos/Project1/assets/Scripts/Car.ts as cce:/internal/x/cc.
17:54:19.595 debug: Resolve cc from file:///D:/GameByself/Cocos/Project1/assets/Scripts/Car.ts as cce:/internal/x/cc.
17:54:19.605 debug: Target(editor) ends with cost 86.49369999952614ms.
17:54:19.605 debug: Target(preview) build started.
17:54:19.609 debug: Detected change: cce:/internal/x/prerequisite-imports. Last mtime: Thu Jan 01 1970 09:18:29 GMT+0800 (中国标准时间), Current mtime: Thu Jan 01 1970 11:18:24 GMT+0800 (中国标准时间)
17:54:19.609 debug: Inspect cce:/internal/x/prerequisite-imports
17:54:19.625 debug: transform url: 'cce:/internal/x/prerequisite-imports' costs: 15.40 ms
17:54:19.628 debug: Resolve file:///C:/ProgramData/cocos/editors/Creator/3.8.8/resources/resources/3d/engine/editor/assets/default_renderpipeline/builtin-dof-pass.ts from cce:/internal/x/prerequisite-imports as file:///C:/ProgramData/cocos/editors/Creator/3.8.8/resources/resources/3d/engine/editor/assets/default_renderpipeline/builtin-dof-pass.ts.
17:54:19.629 debug: Resolve file:///C:/ProgramData/cocos/editors/Creator/3.8.8/resources/resources/3d/engine/editor/assets/default_renderpipeline/builtin-pipeline-pass.ts from cce:/internal/x/prerequisite-imports as file:///C:/ProgramData/cocos/editors/Creator/3.8.8/resources/resources/3d/engine/editor/assets/default_renderpipeline/builtin-pipeline-pass.ts.
17:54:19.630 debug: Resolve file:///C:/ProgramData/cocos/editors/Creator/3.8.8/resources/resources/3d/engine/editor/assets/default_renderpipeline/builtin-pipeline-settings.ts from cce:/internal/x/prerequisite-imports as file:///C:/ProgramData/cocos/editors/Creator/3.8.8/resources/resources/3d/engine/editor/assets/default_renderpipeline/builtin-pipeline-settings.ts.
17:54:19.631 debug: Resolve file:///C:/ProgramData/cocos/editors/Creator/3.8.8/resources/resources/3d/engine/editor/assets/default_renderpipeline/builtin-pipeline-types.ts from cce:/internal/x/prerequisite-imports as file:///C:/ProgramData/cocos/editors/Creator/3.8.8/resources/resources/3d/engine/editor/assets/default_renderpipeline/builtin-pipeline-types.ts.
17:54:19.633 debug: Resolve file:///C:/ProgramData/cocos/editors/Creator/3.8.8/resources/resources/3d/engine/editor/assets/default_renderpipeline/builtin-pipeline.ts from cce:/internal/x/prerequisite-imports as file:///C:/ProgramData/cocos/editors/Creator/3.8.8/resources/resources/3d/engine/editor/assets/default_renderpipeline/builtin-pipeline.ts.
17:54:19.634 debug: Resolve file:///C:/ProgramData/cocos/editors/Creator/3.8.8/resources/resources/3d/engine/editor/assets/tools/debug-view-runtime-control.ts from cce:/internal/x/prerequisite-imports as file:///C:/ProgramData/cocos/editors/Creator/3.8.8/resources/resources/3d/engine/editor/assets/tools/debug-view-runtime-control.ts.
17:54:19.635 debug: Resolve file:///D:/GameByself/Cocos/Project1/assets/Scripts/Car.ts from cce:/internal/x/prerequisite-imports as file:///D:/GameByself/Cocos/Project1/assets/Scripts/Car.ts.
17:54:19.635 debug: Detected change: file:///D:/GameByself/Cocos/Project1/assets/Scripts/Car.ts. Last mtime: Mon Aug 31 2026 15:54:22 GMT+0800 (中国标准时间)@5a936fee-f461-43c4-babc-9a428dd9672d, Current mtime: Mon Aug 31 2026 17:54:14 GMT+0800 (中国标准时间)@5a936fee-f461-43c4-babc-9a428dd9672d
17:54:19.635 debug: Inspect file:///D:/GameByself/Cocos/Project1/assets/Scripts/Car.ts
17:54:19.689 debug: transform url: 'file:///D:/GameByself/Cocos/Project1/assets/Scripts/Car.ts' costs: 53.50 ms
17:54:19.690 debug: Resolve cc from file:///D:/GameByself/Cocos/Project1/assets/Scripts/Car.ts as cce:/internal/x/cc.
17:54:19.690 debug: Resolve cc from file:///D:/GameByself/Cocos/Project1/assets/Scripts/Car.ts as cce:/internal/x/cc.
17:54:19.691 debug: Resolve cc from file:///D:/GameByself/Cocos/Project1/assets/Scripts/Car.ts as cce:/internal/x/cc.
17:54:19.704 debug: Target(preview) ends with cost 99.23870000056922ms.
17:54:28.883 debug: Dispatch build request for time accumulated 1 asset changes.
17:54:28.885 debug: Build iteration starts.
Number of accumulated asset changes: 1
Feature changed: false
17:54:28.885 debug: Target(editor) build started.
17:54:28.888 debug: Detected change: cce:/internal/x/prerequisite-imports. Last mtime: Thu Jan 01 1970 11:18:24 GMT+0800 (中国标准时间), Current mtime: Thu Jan 01 1970 11:18:33 GMT+0800 (中国标准时间)
17:54:28.888 debug: Inspect cce:/internal/x/prerequisite-imports
17:54:28.897 debug: transform url: 'cce:/internal/x/prerequisite-imports' costs: 9.30 ms
17:54:28.900 debug: Resolve file:///C:/ProgramData/cocos/editors/Creator/3.8.8/resources/resources/3d/engine/editor/assets/default_renderpipeline/builtin-dof-pass.ts from cce:/internal/x/prerequisite-imports as file:///C:/ProgramData/cocos/editors/Creator/3.8.8/resources/resources/3d/engine/editor/assets/default_renderpipeline/builtin-dof-pass.ts.
17:54:28.901 debug: Resolve file:///C:/ProgramData/cocos/editors/Creator/3.8.8/resources/resources/3d/engine/editor/assets/default_renderpipeline/builtin-pipeline-pass.ts from cce:/internal/x/prerequisite-imports as file:///C:/ProgramData/cocos/editors/Creator/3.8.8/resources/resources/3d/engine/editor/assets/default_renderpipeline/builtin-pipeline-pass.ts.
17:54:28.903 debug: Resolve file:///C:/ProgramData/cocos/editors/Creator/3.8.8/resources/resources/3d/engine/editor/assets/default_renderpipeline/builtin-pipeline-settings.ts from cce:/internal/x/prerequisite-imports as file:///C:/ProgramData/cocos/editors/Creator/3.8.8/resources/resources/3d/engine/editor/assets/default_renderpipeline/builtin-pipeline-settings.ts.
17:54:28.905 debug: Resolve file:///C:/ProgramData/cocos/editors/Creator/3.8.8/resources/resources/3d/engine/editor/assets/default_renderpipeline/builtin-pipeline-types.ts from cce:/internal/x/prerequisite-imports as file:///C:/ProgramData/cocos/editors/Creator/3.8.8/resources/resources/3d/engine/editor/assets/default_renderpipeline/builtin-pipeline-types.ts.
17:54:28.906 debug: Resolve file:///C:/ProgramData/cocos/editors/Creator/3.8.8/resources/resources/3d/engine/editor/assets/default_renderpipeline/builtin-pipeline.ts from cce:/internal/x/prerequisite-imports as file:///C:/ProgramData/cocos/editors/Creator/3.8.8/resources/resources/3d/engine/editor/assets/default_renderpipeline/builtin-pipeline.ts.
17:54:28.906 debug: Resolve file:///C:/ProgramData/cocos/editors/Creator/3.8.8/resources/resources/3d/engine/editor/assets/tools/debug-view-runtime-control.ts from cce:/internal/x/prerequisite-imports as file:///C:/ProgramData/cocos/editors/Creator/3.8.8/resources/resources/3d/engine/editor/assets/tools/debug-view-runtime-control.ts.
17:54:28.907 debug: Resolve file:///D:/GameByself/Cocos/Project1/assets/Scripts/Car.ts from cce:/internal/x/prerequisite-imports as file:///D:/GameByself/Cocos/Project1/assets/Scripts/Car.ts.
17:54:28.908 debug: Detected change: file:///D:/GameByself/Cocos/Project1/assets/Scripts/Car.ts. Last mtime: Mon Aug 31 2026 17:54:14 GMT+0800 (中国标准时间)@5a936fee-f461-43c4-babc-9a428dd9672d, Current mtime: Mon Aug 31 2026 17:54:24 GMT+0800 (中国标准时间)@5a936fee-f461-43c4-babc-9a428dd9672d
17:54:28.908 debug: Inspect file:///D:/GameByself/Cocos/Project1/assets/Scripts/Car.ts
17:54:28.941 debug: transform url: 'file:///D:/GameByself/Cocos/Project1/assets/Scripts/Car.ts' costs: 33.40 ms
17:54:28.943 debug: Resolve cc from file:///D:/GameByself/Cocos/Project1/assets/Scripts/Car.ts as cce:/internal/x/cc.
17:54:28.943 debug: Resolve cc from file:///D:/GameByself/Cocos/Project1/assets/Scripts/Car.ts as cce:/internal/x/cc.
17:54:28.943 debug: Resolve cc from file:///D:/GameByself/Cocos/Project1/assets/Scripts/Car.ts as cce:/internal/x/cc.
17:54:28.954 debug: Target(editor) ends with cost 68.7862999998033ms.
17:54:28.954 debug: Target(preview) build started.
17:54:28.976 debug: Detected change: cce:/internal/x/prerequisite-imports. Last mtime: Thu Jan 01 1970 11:18:24 GMT+0800 (中国标准时间), Current mtime: Thu Jan 01 1970 11:18:33 GMT+0800 (中国标准时间)
17:54:28.977 debug: Inspect cce:/internal/x/prerequisite-imports
17:54:28.997 debug: transform url: 'cce:/internal/x/prerequisite-imports' costs: 20.00 ms
17:54:29.000 debug: Resolve file:///C:/ProgramData/cocos/editors/Creator/3.8.8/resources/resources/3d/engine/editor/assets/default_renderpipeline/builtin-dof-pass.ts from cce:/internal/x/prerequisite-imports as file:///C:/ProgramData/cocos/editors/Creator/3.8.8/resources/resources/3d/engine/editor/assets/default_renderpipeline/builtin-dof-pass.ts.
17:54:29.001 debug: Resolve file:///C:/ProgramData/cocos/editors/Creator/3.8.8/resources/resources/3d/engine/editor/assets/default_renderpipeline/builtin-pipeline-pass.ts from cce:/internal/x/prerequisite-imports as file:///C:/ProgramData/cocos/editors/Creator/3.8.8/resources/resources/3d/engine/editor/assets/default_renderpipeline/builtin-pipeline-pass.ts.
17:54:29.002 debug: Resolve file:///C:/ProgramData/cocos/editors/Creator/3.8.8/resources/resources/3d/engine/editor/assets/default_renderpipeline/builtin-pipeline-settings.ts from cce:/internal/x/prerequisite-imports as file:///C:/ProgramData/cocos/editors/Creator/3.8.8/resources/resources/3d/engine/editor/assets/default_renderpipeline/builtin-pipeline-settings.ts.
17:54:29.004 debug: Resolve file:///C:/ProgramData/cocos/editors/Creator/3.8.8/resources/resources/3d/engine/editor/assets/default_renderpipeline/builtin-pipeline-types.ts from cce:/internal/x/prerequisite-imports as file:///C:/ProgramData/cocos/editors/Creator/3.8.8/resources/resources/3d/engine/editor/assets/default_renderpipeline/builtin-pipeline-types.ts.
17:54:29.005 debug: Resolve file:///C:/ProgramData/cocos/editors/Creator/3.8.8/resources/resources/3d/engine/editor/assets/default_renderpipeline/builtin-pipeline.ts from cce:/internal/x/prerequisite-imports as file:///C:/ProgramData/cocos/editors/Creator/3.8.8/resources/resources/3d/engine/editor/assets/default_renderpipeline/builtin-pipeline.ts.
17:54:29.006 debug: Resolve file:///C:/ProgramData/cocos/editors/Creator/3.8.8/resources/resources/3d/engine/editor/assets/tools/debug-view-runtime-control.ts from cce:/internal/x/prerequisite-imports as file:///C:/ProgramData/cocos/editors/Creator/3.8.8/resources/resources/3d/engine/editor/assets/tools/debug-view-runtime-control.ts.
17:54:29.007 debug: Resolve file:///D:/GameByself/Cocos/Project1/assets/Scripts/Car.ts from cce:/internal/x/prerequisite-imports as file:///D:/GameByself/Cocos/Project1/assets/Scripts/Car.ts.
17:54:29.008 debug: Detected change: file:///D:/GameByself/Cocos/Project1/assets/Scripts/Car.ts. Last mtime: Mon Aug 31 2026 17:54:14 GMT+0800 (中国标准时间)@5a936fee-f461-43c4-babc-9a428dd9672d, Current mtime: Mon Aug 31 2026 17:54:24 GMT+0800 (中国标准时间)@5a936fee-f461-43c4-babc-9a428dd9672d
17:54:29.008 debug: Inspect file:///D:/GameByself/Cocos/Project1/assets/Scripts/Car.ts
17:54:29.058 debug: transform url: 'file:///D:/GameByself/Cocos/Project1/assets/Scripts/Car.ts' costs: 49.80 ms
17:54:29.061 debug: Resolve cc from file:///D:/GameByself/Cocos/Project1/assets/Scripts/Car.ts as cce:/internal/x/cc.
17:54:29.061 debug: Resolve cc from file:///D:/GameByself/Cocos/Project1/assets/Scripts/Car.ts as cce:/internal/x/cc.
17:54:29.061 debug: Resolve cc from file:///D:/GameByself/Cocos/Project1/assets/Scripts/Car.ts as cce:/internal/x/cc.
17:54:29.072 debug: Target(preview) ends with cost 117.88020000047982ms.
17:55:43.395 debug: Dispatch build request for time accumulated 1 asset changes.
17:55:43.397 debug: Build iteration starts.
Number of accumulated asset changes: 1
Feature changed: false
17:55:43.397 debug: Target(editor) build started.
17:55:43.400 debug: Detected change: cce:/internal/x/prerequisite-imports. Last mtime: Thu Jan 01 1970 11:18:33 GMT+0800 (中国标准时间), Current mtime: Thu Jan 01 1970 11:19:48 GMT+0800 (中国标准时间)
17:55:43.400 debug: Inspect cce:/internal/x/prerequisite-imports
17:55:43.413 debug: transform url: 'cce:/internal/x/prerequisite-imports' costs: 12.80 ms
17:55:43.415 debug: Resolve file:///C:/ProgramData/cocos/editors/Creator/3.8.8/resources/resources/3d/engine/editor/assets/default_renderpipeline/builtin-dof-pass.ts from cce:/internal/x/prerequisite-imports as file:///C:/ProgramData/cocos/editors/Creator/3.8.8/resources/resources/3d/engine/editor/assets/default_renderpipeline/builtin-dof-pass.ts.
17:55:43.416 debug: Resolve file:///C:/ProgramData/cocos/editors/Creator/3.8.8/resources/resources/3d/engine/editor/assets/default_renderpipeline/builtin-pipeline-pass.ts from cce:/internal/x/prerequisite-imports as file:///C:/ProgramData/cocos/editors/Creator/3.8.8/resources/resources/3d/engine/editor/assets/default_renderpipeline/builtin-pipeline-pass.ts.
17:55:43.417 debug: Resolve file:///C:/ProgramData/cocos/editors/Creator/3.8.8/resources/resources/3d/engine/editor/assets/default_renderpipeline/builtin-pipeline-settings.ts from cce:/internal/x/prerequisite-imports as file:///C:/ProgramData/cocos/editors/Creator/3.8.8/resources/resources/3d/engine/editor/assets/default_renderpipeline/builtin-pipeline-settings.ts.
17:55:43.419 debug: Resolve file:///C:/ProgramData/cocos/editors/Creator/3.8.8/resources/resources/3d/engine/editor/assets/default_renderpipeline/builtin-pipeline-types.ts from cce:/internal/x/prerequisite-imports as file:///C:/ProgramData/cocos/editors/Creator/3.8.8/resources/resources/3d/engine/editor/assets/default_renderpipeline/builtin-pipeline-types.ts.
17:55:43.419 debug: Resolve file:///C:/ProgramData/cocos/editors/Creator/3.8.8/resources/resources/3d/engine/editor/assets/default_renderpipeline/builtin-pipeline.ts from cce:/internal/x/prerequisite-imports as file:///C:/ProgramData/cocos/editors/Creator/3.8.8/resources/resources/3d/engine/editor/assets/default_renderpipeline/builtin-pipeline.ts.
17:55:43.420 debug: Resolve file:///C:/ProgramData/cocos/editors/Creator/3.8.8/resources/resources/3d/engine/editor/assets/tools/debug-view-runtime-control.ts from cce:/internal/x/prerequisite-imports as file:///C:/ProgramData/cocos/editors/Creator/3.8.8/resources/resources/3d/engine/editor/assets/tools/debug-view-runtime-control.ts.
17:55:43.421 debug: Resolve file:///D:/GameByself/Cocos/Project1/assets/Scripts/Car.ts from cce:/internal/x/prerequisite-imports as file:///D:/GameByself/Cocos/Project1/assets/Scripts/Car.ts.
17:55:43.422 debug: Detected change: file:///D:/GameByself/Cocos/Project1/assets/Scripts/Car.ts. Last mtime: Mon Aug 31 2026 17:54:24 GMT+0800 (中国标准时间)@5a936fee-f461-43c4-babc-9a428dd9672d, Current mtime: Mon Aug 31 2026 17:55:16 GMT+0800 (中国标准时间)@5a936fee-f461-43c4-babc-9a428dd9672d
17:55:43.422 debug: Inspect file:///D:/GameByself/Cocos/Project1/assets/Scripts/Car.ts
17:55:43.453 debug: transform url: 'file:///D:/GameByself/Cocos/Project1/assets/Scripts/Car.ts' costs: 31.70 ms
17:55:43.455 debug: Resolve cc from file:///D:/GameByself/Cocos/Project1/assets/Scripts/Car.ts as cce:/internal/x/cc.
17:55:43.455 debug: Resolve cc from file:///D:/GameByself/Cocos/Project1/assets/Scripts/Car.ts as cce:/internal/x/cc.
17:55:43.455 debug: Resolve cc from file:///D:/GameByself/Cocos/Project1/assets/Scripts/Car.ts as cce:/internal/x/cc.
17:55:43.467 debug: Target(editor) ends with cost 70.08300000056624ms.
17:55:43.468 debug: Target(preview) build started.
17:55:43.472 debug: Detected change: cce:/internal/x/prerequisite-imports. Last mtime: Thu Jan 01 1970 11:18:33 GMT+0800 (中国标准时间), Current mtime: Thu Jan 01 1970 11:19:48 GMT+0800 (中国标准时间)
17:55:43.473 debug: Inspect cce:/internal/x/prerequisite-imports
17:55:43.492 debug: transform url: 'cce:/internal/x/prerequisite-imports' costs: 18.90 ms
17:55:43.494 debug: Resolve file:///C:/ProgramData/cocos/editors/Creator/3.8.8/resources/resources/3d/engine/editor/assets/default_renderpipeline/builtin-dof-pass.ts from cce:/internal/x/prerequisite-imports as file:///C:/ProgramData/cocos/editors/Creator/3.8.8/resources/resources/3d/engine/editor/assets/default_renderpipeline/builtin-dof-pass.ts.
17:55:43.495 debug: Resolve file:///C:/ProgramData/cocos/editors/Creator/3.8.8/resources/resources/3d/engine/editor/assets/default_renderpipeline/builtin-pipeline-pass.ts from cce:/internal/x/prerequisite-imports as file:///C:/ProgramData/cocos/editors/Creator/3.8.8/resources/resources/3d/engine/editor/assets/default_renderpipeline/builtin-pipeline-pass.ts.
17:55:43.497 debug: Resolve file:///C:/ProgramData/cocos/editors/Creator/3.8.8/resources/resources/3d/engine/editor/assets/default_renderpipeline/builtin-pipeline-settings.ts from cce:/internal/x/prerequisite-imports as file:///C:/ProgramData/cocos/editors/Creator/3.8.8/resources/resources/3d/engine/editor/assets/default_renderpipeline/builtin-pipeline-settings.ts.
17:55:43.499 debug: Resolve file:///C:/ProgramData/cocos/editors/Creator/3.8.8/resources/resources/3d/engine/editor/assets/default_renderpipeline/builtin-pipeline-types.ts from cce:/internal/x/prerequisite-imports as file:///C:/ProgramData/cocos/editors/Creator/3.8.8/resources/resources/3d/engine/editor/assets/default_renderpipeline/builtin-pipeline-types.ts.
17:55:43.500 debug: Resolve file:///C:/ProgramData/cocos/editors/Creator/3.8.8/resources/resources/3d/engine/editor/assets/default_renderpipeline/builtin-pipeline.ts from cce:/internal/x/prerequisite-imports as file:///C:/ProgramData/cocos/editors/Creator/3.8.8/resources/resources/3d/engine/editor/assets/default_renderpipeline/builtin-pipeline.ts.
17:55:43.502 debug: Resolve file:///C:/ProgramData/cocos/editors/Creator/3.8.8/resources/resources/3d/engine/editor/assets/tools/debug-view-runtime-control.ts from cce:/internal/x/prerequisite-imports as file:///C:/ProgramData/cocos/editors/Creator/3.8.8/resources/resources/3d/engine/editor/assets/tools/debug-view-runtime-control.ts.
17:55:43.503 debug: Resolve file:///D:/GameByself/Cocos/Project1/assets/Scripts/Car.ts from cce:/internal/x/prerequisite-imports as file:///D:/GameByself/Cocos/Project1/assets/Scripts/Car.ts.
17:55:43.503 debug: Detected change: file:///D:/GameByself/Cocos/Project1/assets/Scripts/Car.ts. Last mtime: Mon Aug 31 2026 17:54:24 GMT+0800 (中国标准时间)@5a936fee-f461-43c4-babc-9a428dd9672d, Current mtime: Mon Aug 31 2026 17:55:16 GMT+0800 (中国标准时间)@5a936fee-f461-43c4-babc-9a428dd9672d
17:55:43.503 debug: Inspect file:///D:/GameByself/Cocos/Project1/assets/Scripts/Car.ts
17:55:43.549 debug: transform url: 'file:///D:/GameByself/Cocos/Project1/assets/Scripts/Car.ts' costs: 45.50 ms
17:55:43.550 debug: Resolve cc from file:///D:/GameByself/Cocos/Project1/assets/Scripts/Car.ts as cce:/internal/x/cc.
17:55:43.551 debug: Resolve cc from file:///D:/GameByself/Cocos/Project1/assets/Scripts/Car.ts as cce:/internal/x/cc.
17:55:43.551 debug: Resolve cc from file:///D:/GameByself/Cocos/Project1/assets/Scripts/Car.ts as cce:/internal/x/cc.
17:55:43.565 debug: Target(preview) ends with cost 96.57230000011623ms.
17:56:33.949 debug: Dispatch build request for time accumulated 1 asset changes.
17:56:33.951 debug: Build iteration starts.
Number of accumulated asset changes: 1
Feature changed: false
17:56:33.951 debug: Target(editor) build started.
17:56:33.954 debug: Detected change: cce:/internal/x/prerequisite-imports. Last mtime: Thu Jan 01 1970 11:19:48 GMT+0800 (中国标准时间), Current mtime: Thu Jan 01 1970 11:20:38 GMT+0800 (中国标准时间)
17:56:33.954 debug: Inspect cce:/internal/x/prerequisite-imports
17:56:33.965 debug: transform url: 'cce:/internal/x/prerequisite-imports' costs: 10.50 ms
17:56:33.966 debug: Resolve file:///C:/ProgramData/cocos/editors/Creator/3.8.8/resources/resources/3d/engine/editor/assets/default_renderpipeline/builtin-dof-pass.ts from cce:/internal/x/prerequisite-imports as file:///C:/ProgramData/cocos/editors/Creator/3.8.8/resources/resources/3d/engine/editor/assets/default_renderpipeline/builtin-dof-pass.ts.
17:56:33.967 debug: Resolve file:///C:/ProgramData/cocos/editors/Creator/3.8.8/resources/resources/3d/engine/editor/assets/default_renderpipeline/builtin-pipeline-pass.ts from cce:/internal/x/prerequisite-imports as file:///C:/ProgramData/cocos/editors/Creator/3.8.8/resources/resources/3d/engine/editor/assets/default_renderpipeline/builtin-pipeline-pass.ts.
17:56:33.968 debug: Resolve file:///C:/ProgramData/cocos/editors/Creator/3.8.8/resources/resources/3d/engine/editor/assets/default_renderpipeline/builtin-pipeline-settings.ts from cce:/internal/x/prerequisite-imports as file:///C:/ProgramData/cocos/editors/Creator/3.8.8/resources/resources/3d/engine/editor/assets/default_renderpipeline/builtin-pipeline-settings.ts.
17:56:33.968 debug: Resolve file:///C:/ProgramData/cocos/editors/Creator/3.8.8/resources/resources/3d/engine/editor/assets/default_renderpipeline/builtin-pipeline-types.ts from cce:/internal/x/prerequisite-imports as file:///C:/ProgramData/cocos/editors/Creator/3.8.8/resources/resources/3d/engine/editor/assets/default_renderpipeline/builtin-pipeline-types.ts.
17:56:33.969 debug: Resolve file:///C:/ProgramData/cocos/editors/Creator/3.8.8/resources/resources/3d/engine/editor/assets/default_renderpipeline/builtin-pipeline.ts from cce:/internal/x/prerequisite-imports as file:///C:/ProgramData/cocos/editors/Creator/3.8.8/resources/resources/3d/engine/editor/assets/default_renderpipeline/builtin-pipeline.ts.
17:56:33.970 debug: Resolve file:///C:/ProgramData/cocos/editors/Creator/3.8.8/resources/resources/3d/engine/editor/assets/tools/debug-view-runtime-control.ts from cce:/internal/x/prerequisite-imports as file:///C:/ProgramData/cocos/editors/Creator/3.8.8/resources/resources/3d/engine/editor/assets/tools/debug-view-runtime-control.ts.
17:56:33.970 debug: Resolve file:///D:/GameByself/Cocos/Project1/assets/Scripts/Car.ts from cce:/internal/x/prerequisite-imports as file:///D:/GameByself/Cocos/Project1/assets/Scripts/Car.ts.
17:56:33.971 debug: Detected change: file:///D:/GameByself/Cocos/Project1/assets/Scripts/Car.ts. Last mtime: Mon Aug 31 2026 17:55:16 GMT+0800 (中国标准时间)@5a936fee-f461-43c4-babc-9a428dd9672d, Current mtime: Mon Aug 31 2026 17:55:53 GMT+0800 (中国标准时间)@5a936fee-f461-43c4-babc-9a428dd9672d
17:56:33.971 debug: Inspect file:///D:/GameByself/Cocos/Project1/assets/Scripts/Car.ts
17:56:33.998 debug: transform url: 'file:///D:/GameByself/Cocos/Project1/assets/Scripts/Car.ts' costs: 27.90 ms
17:56:34.000 debug: Resolve cc from file:///D:/GameByself/Cocos/Project1/assets/Scripts/Car.ts as cce:/internal/x/cc.
17:56:34.000 debug: Resolve cc from file:///D:/GameByself/Cocos/Project1/assets/Scripts/Car.ts as cce:/internal/x/cc.
17:56:34.000 debug: Resolve cc from file:///D:/GameByself/Cocos/Project1/assets/Scripts/Car.ts as cce:/internal/x/cc.
17:56:34.012 debug: Target(editor) ends with cost 60.9449000004679ms.
17:56:34.013 debug: Target(preview) build started.
17:56:34.016 debug: Detected change: cce:/internal/x/prerequisite-imports. Last mtime: Thu Jan 01 1970 11:19:48 GMT+0800 (中国标准时间), Current mtime: Thu Jan 01 1970 11:20:39 GMT+0800 (中国标准时间)
17:56:34.016 debug: Inspect cce:/internal/x/prerequisite-imports
17:56:34.031 debug: transform url: 'cce:/internal/x/prerequisite-imports' costs: 15.40 ms
17:56:34.034 debug: Resolve file:///C:/ProgramData/cocos/editors/Creator/3.8.8/resources/resources/3d/engine/editor/assets/default_renderpipeline/builtin-dof-pass.ts from cce:/internal/x/prerequisite-imports as file:///C:/ProgramData/cocos/editors/Creator/3.8.8/resources/resources/3d/engine/editor/assets/default_renderpipeline/builtin-dof-pass.ts.
17:56:34.036 debug: Resolve file:///C:/ProgramData/cocos/editors/Creator/3.8.8/resources/resources/3d/engine/editor/assets/default_renderpipeline/builtin-pipeline-pass.ts from cce:/internal/x/prerequisite-imports as file:///C:/ProgramData/cocos/editors/Creator/3.8.8/resources/resources/3d/engine/editor/assets/default_renderpipeline/builtin-pipeline-pass.ts.
17:56:34.037 debug: Resolve file:///C:/ProgramData/cocos/editors/Creator/3.8.8/resources/resources/3d/engine/editor/assets/default_renderpipeline/builtin-pipeline-settings.ts from cce:/internal/x/prerequisite-imports as file:///C:/ProgramData/cocos/editors/Creator/3.8.8/resources/resources/3d/engine/editor/assets/default_renderpipeline/builtin-pipeline-settings.ts.
17:56:34.038 debug: Resolve file:///C:/ProgramData/cocos/editors/Creator/3.8.8/resources/resources/3d/engine/editor/assets/default_renderpipeline/builtin-pipeline-types.ts from cce:/internal/x/prerequisite-imports as file:///C:/ProgramData/cocos/editors/Creator/3.8.8/resources/resources/3d/engine/editor/assets/default_renderpipeline/builtin-pipeline-types.ts.
17:56:34.040 debug: Resolve file:///C:/ProgramData/cocos/editors/Creator/3.8.8/resources/resources/3d/engine/editor/assets/default_renderpipeline/builtin-pipeline.ts from cce:/internal/x/prerequisite-imports as file:///C:/ProgramData/cocos/editors/Creator/3.8.8/resources/resources/3d/engine/editor/assets/default_renderpipeline/builtin-pipeline.ts.
17:56:34.041 debug: Resolve file:///C:/ProgramData/cocos/editors/Creator/3.8.8/resources/resources/3d/engine/editor/assets/tools/debug-view-runtime-control.ts from cce:/internal/x/prerequisite-imports as file:///C:/ProgramData/cocos/editors/Creator/3.8.8/resources/resources/3d/engine/editor/assets/tools/debug-view-runtime-control.ts.
17:56:34.042 debug: Resolve file:///D:/GameByself/Cocos/Project1/assets/Scripts/Car.ts from cce:/internal/x/prerequisite-imports as file:///D:/GameByself/Cocos/Project1/assets/Scripts/Car.ts.
17:56:34.042 debug: Detected change: file:///D:/GameByself/Cocos/Project1/assets/Scripts/Car.ts. Last mtime: Mon Aug 31 2026 17:55:16 GMT+0800 (中国标准时间)@5a936fee-f461-43c4-babc-9a428dd9672d, Current mtime: Mon Aug 31 2026 17:55:53 GMT+0800 (中国标准时间)@5a936fee-f461-43c4-babc-9a428dd9672d
17:56:34.042 debug: Inspect file:///D:/GameByself/Cocos/Project1/assets/Scripts/Car.ts
17:56:34.086 debug: transform url: 'file:///D:/GameByself/Cocos/Project1/assets/Scripts/Car.ts' costs: 43.50 ms
17:56:34.088 debug: Resolve cc from file:///D:/GameByself/Cocos/Project1/assets/Scripts/Car.ts as cce:/internal/x/cc.
17:56:34.088 debug: Resolve cc from file:///D:/GameByself/Cocos/Project1/assets/Scripts/Car.ts as cce:/internal/x/cc.
17:56:34.088 debug: Resolve cc from file:///D:/GameByself/Cocos/Project1/assets/Scripts/Car.ts as cce:/internal/x/cc.
17:56:34.101 debug: Target(preview) ends with cost 88.7390000000596ms.
17:56:52.978 debug: Dispatch build request for time accumulated 1 asset changes.
17:56:52.979 debug: Build iteration starts.
Number of accumulated asset changes: 1
Feature changed: false
17:56:52.980 debug: Target(editor) build started.
17:56:52.982 debug: Detected change: cce:/internal/x/prerequisite-imports. Last mtime: Thu Jan 01 1970 11:20:38 GMT+0800 (中国标准时间), Current mtime: Thu Jan 01 1970 11:20:58 GMT+0800 (中国标准时间)
17:56:52.982 debug: Inspect cce:/internal/x/prerequisite-imports
17:56:52.991 debug: transform url: 'cce:/internal/x/prerequisite-imports' costs: 8.60 ms
17:56:52.992 debug: Resolve file:///C:/ProgramData/cocos/editors/Creator/3.8.8/resources/resources/3d/engine/editor/assets/default_renderpipeline/builtin-dof-pass.ts from cce:/internal/x/prerequisite-imports as file:///C:/ProgramData/cocos/editors/Creator/3.8.8/resources/resources/3d/engine/editor/assets/default_renderpipeline/builtin-dof-pass.ts.
17:56:52.993 debug: Resolve file:///C:/ProgramData/cocos/editors/Creator/3.8.8/resources/resources/3d/engine/editor/assets/default_renderpipeline/builtin-pipeline-pass.ts from cce:/internal/x/prerequisite-imports as file:///C:/ProgramData/cocos/editors/Creator/3.8.8/resources/resources/3d/engine/editor/assets/default_renderpipeline/builtin-pipeline-pass.ts.
17:56:52.994 debug: Resolve file:///C:/ProgramData/cocos/editors/Creator/3.8.8/resources/resources/3d/engine/editor/assets/default_renderpipeline/builtin-pipeline-settings.ts from cce:/internal/x/prerequisite-imports as file:///C:/ProgramData/cocos/editors/Creator/3.8.8/resources/resources/3d/engine/editor/assets/default_renderpipeline/builtin-pipeline-settings.ts.
17:56:52.995 debug: Resolve file:///C:/ProgramData/cocos/editors/Creator/3.8.8/resources/resources/3d/engine/editor/assets/default_renderpipeline/builtin-pipeline-types.ts from cce:/internal/x/prerequisite-imports as file:///C:/ProgramData/cocos/editors/Creator/3.8.8/resources/resources/3d/engine/editor/assets/default_renderpipeline/builtin-pipeline-types.ts.
17:56:52.995 debug: Resolve file:///C:/ProgramData/cocos/editors/Creator/3.8.8/resources/resources/3d/engine/editor/assets/default_renderpipeline/builtin-pipeline.ts from cce:/internal/x/prerequisite-imports as file:///C:/ProgramData/cocos/editors/Creator/3.8.8/resources/resources/3d/engine/editor/assets/default_renderpipeline/builtin-pipeline.ts.
17:56:52.996 debug: Resolve file:///C:/ProgramData/cocos/editors/Creator/3.8.8/resources/resources/3d/engine/editor/assets/tools/debug-view-runtime-control.ts from cce:/internal/x/prerequisite-imports as file:///C:/ProgramData/cocos/editors/Creator/3.8.8/resources/resources/3d/engine/editor/assets/tools/debug-view-runtime-control.ts.
17:56:52.996 debug: Resolve file:///D:/GameByself/Cocos/Project1/assets/Scripts/Car.ts from cce:/internal/x/prerequisite-imports as file:///D:/GameByself/Cocos/Project1/assets/Scripts/Car.ts.
17:56:52.997 debug: Detected change: file:///D:/GameByself/Cocos/Project1/assets/Scripts/Car.ts. Last mtime: Mon Aug 31 2026 17:55:53 GMT+0800 (中国标准时间)@5a936fee-f461-43c4-babc-9a428dd9672d, Current mtime: Mon Aug 31 2026 17:56:49 GMT+0800 (中国标准时间)@5a936fee-f461-43c4-babc-9a428dd9672d
17:56:52.997 debug: Inspect file:///D:/GameByself/Cocos/Project1/assets/Scripts/Car.ts
17:56:53.024 debug: transform url: 'file:///D:/GameByself/Cocos/Project1/assets/Scripts/Car.ts' costs: 27.70 ms
17:56:53.026 debug: Resolve cc from file:///D:/GameByself/Cocos/Project1/assets/Scripts/Car.ts as cce:/internal/x/cc.
17:56:53.026 debug: Resolve cc from file:///D:/GameByself/Cocos/Project1/assets/Scripts/Car.ts as cce:/internal/x/cc.
17:56:53.026 debug: Resolve cc from file:///D:/GameByself/Cocos/Project1/assets/Scripts/Car.ts as cce:/internal/x/cc.
17:56:53.034 debug: Target(editor) ends with cost 54.07110000029206ms.
17:56:53.034 debug: Target(preview) build started.
17:56:53.037 debug: Detected change: cce:/internal/x/prerequisite-imports. Last mtime: Thu Jan 01 1970 11:20:39 GMT+0800 (中国标准时间), Current mtime: Thu Jan 01 1970 11:20:58 GMT+0800 (中国标准时间)
17:56:53.037 debug: Inspect cce:/internal/x/prerequisite-imports
17:56:53.053 debug: transform url: 'cce:/internal/x/prerequisite-imports' costs: 16.20 ms
17:56:53.056 debug: Resolve file:///C:/ProgramData/cocos/editors/Creator/3.8.8/resources/resources/3d/engine/editor/assets/default_renderpipeline/builtin-dof-pass.ts from cce:/internal/x/prerequisite-imports as file:///C:/ProgramData/cocos/editors/Creator/3.8.8/resources/resources/3d/engine/editor/assets/default_renderpipeline/builtin-dof-pass.ts.
17:56:53.057 debug: Resolve file:///C:/ProgramData/cocos/editors/Creator/3.8.8/resources/resources/3d/engine/editor/assets/default_renderpipeline/builtin-pipeline-pass.ts from cce:/internal/x/prerequisite-imports as file:///C:/ProgramData/cocos/editors/Creator/3.8.8/resources/resources/3d/engine/editor/assets/default_renderpipeline/builtin-pipeline-pass.ts.
17:56:53.059 debug: Resolve file:///C:/ProgramData/cocos/editors/Creator/3.8.8/resources/resources/3d/engine/editor/assets/default_renderpipeline/builtin-pipeline-settings.ts from cce:/internal/x/prerequisite-imports as file:///C:/ProgramData/cocos/editors/Creator/3.8.8/resources/resources/3d/engine/editor/assets/default_renderpipeline/builtin-pipeline-settings.ts.
17:56:53.060 debug: Resolve file:///C:/ProgramData/cocos/editors/Creator/3.8.8/resources/resources/3d/engine/editor/assets/default_renderpipeline/builtin-pipeline-types.ts from cce:/internal/x/prerequisite-imports as file:///C:/ProgramData/cocos/editors/Creator/3.8.8/resources/resources/3d/engine/editor/assets/default_renderpipeline/builtin-pipeline-types.ts.
17:56:53.061 debug: Resolve file:///C:/ProgramData/cocos/editors/Creator/3.8.8/resources/resources/3d/engine/editor/assets/default_renderpipeline/builtin-pipeline.ts from cce:/internal/x/prerequisite-imports as file:///C:/ProgramData/cocos/editors/Creator/3.8.8/resources/resources/3d/engine/editor/assets/default_renderpipeline/builtin-pipeline.ts.
17:56:53.062 debug: Resolve file:///C:/ProgramData/cocos/editors/Creator/3.8.8/resources/resources/3d/engine/editor/assets/tools/debug-view-runtime-control.ts from cce:/internal/x/prerequisite-imports as file:///C:/ProgramData/cocos/editors/Creator/3.8.8/resources/resources/3d/engine/editor/assets/tools/debug-view-runtime-control.ts.
17:56:53.063 debug: Resolve file:///D:/GameByself/Cocos/Project1/assets/Scripts/Car.ts from cce:/internal/x/prerequisite-imports as file:///D:/GameByself/Cocos/Project1/assets/Scripts/Car.ts.
17:56:53.064 debug: Detected change: file:///D:/GameByself/Cocos/Project1/assets/Scripts/Car.ts. Last mtime: Mon Aug 31 2026 17:55:53 GMT+0800 (中国标准时间)@5a936fee-f461-43c4-babc-9a428dd9672d, Current mtime: Mon Aug 31 2026 17:56:49 GMT+0800 (中国标准时间)@5a936fee-f461-43c4-babc-9a428dd9672d
17:56:53.064 debug: Inspect file:///D:/GameByself/Cocos/Project1/assets/Scripts/Car.ts
17:56:53.111 debug: transform url: 'file:///D:/GameByself/Cocos/Project1/assets/Scripts/Car.ts' costs: 47.20 ms
17:56:53.112 debug: Resolve cc from file:///D:/GameByself/Cocos/Project1/assets/Scripts/Car.ts as cce:/internal/x/cc.
17:56:53.112 debug: Resolve cc from file:///D:/GameByself/Cocos/Project1/assets/Scripts/Car.ts as cce:/internal/x/cc.
17:56:53.113 debug: Resolve cc from file:///D:/GameByself/Cocos/Project1/assets/Scripts/Car.ts as cce:/internal/x/cc.
17:56:53.123 debug: Target(preview) ends with cost 89.25820000097156ms.
17:57:57.168 debug: Dispatch build request for time accumulated 1 asset changes.
17:57:57.170 debug: Build iteration starts.
Number of accumulated asset changes: 1
Feature changed: false
17:57:57.170 debug: Target(editor) build started.
17:57:57.173 debug: Detected change: cce:/internal/x/prerequisite-imports. Last mtime: Thu Jan 01 1970 11:20:58 GMT+0800 (中国标准时间), Current mtime: Thu Jan 01 1970 11:22:02 GMT+0800 (中国标准时间)
17:57:57.173 debug: Inspect cce:/internal/x/prerequisite-imports
17:57:57.183 debug: transform url: 'cce:/internal/x/prerequisite-imports' costs: 10.40 ms
17:57:57.185 debug: Resolve file:///C:/ProgramData/cocos/editors/Creator/3.8.8/resources/resources/3d/engine/editor/assets/default_renderpipeline/builtin-dof-pass.ts from cce:/internal/x/prerequisite-imports as file:///C:/ProgramData/cocos/editors/Creator/3.8.8/resources/resources/3d/engine/editor/assets/default_renderpipeline/builtin-dof-pass.ts.
17:57:57.186 debug: Resolve file:///C:/ProgramData/cocos/editors/Creator/3.8.8/resources/resources/3d/engine/editor/assets/default_renderpipeline/builtin-pipeline-pass.ts from cce:/internal/x/prerequisite-imports as file:///C:/ProgramData/cocos/editors/Creator/3.8.8/resources/resources/3d/engine/editor/assets/default_renderpipeline/builtin-pipeline-pass.ts.
17:57:57.187 debug: Resolve file:///C:/ProgramData/cocos/editors/Creator/3.8.8/resources/resources/3d/engine/editor/assets/default_renderpipeline/builtin-pipeline-settings.ts from cce:/internal/x/prerequisite-imports as file:///C:/ProgramData/cocos/editors/Creator/3.8.8/resources/resources/3d/engine/editor/assets/default_renderpipeline/builtin-pipeline-settings.ts.
17:57:57.188 debug: Resolve file:///C:/ProgramData/cocos/editors/Creator/3.8.8/resources/resources/3d/engine/editor/assets/default_renderpipeline/builtin-pipeline-types.ts from cce:/internal/x/prerequisite-imports as file:///C:/ProgramData/cocos/editors/Creator/3.8.8/resources/resources/3d/engine/editor/assets/default_renderpipeline/builtin-pipeline-types.ts.
17:57:57.189 debug: Resolve file:///C:/ProgramData/cocos/editors/Creator/3.8.8/resources/resources/3d/engine/editor/assets/default_renderpipeline/builtin-pipeline.ts from cce:/internal/x/prerequisite-imports as file:///C:/ProgramData/cocos/editors/Creator/3.8.8/resources/resources/3d/engine/editor/assets/default_renderpipeline/builtin-pipeline.ts.
17:57:57.190 debug: Resolve file:///C:/ProgramData/cocos/editors/Creator/3.8.8/resources/resources/3d/engine/editor/assets/tools/debug-view-runtime-control.ts from cce:/internal/x/prerequisite-imports as file:///C:/ProgramData/cocos/editors/Creator/3.8.8/resources/resources/3d/engine/editor/assets/tools/debug-view-runtime-control.ts.
17:57:57.191 debug: Resolve file:///D:/GameByself/Cocos/Project1/assets/Scripts/Car.ts from cce:/internal/x/prerequisite-imports as file:///D:/GameByself/Cocos/Project1/assets/Scripts/Car.ts.
17:57:57.191 debug: Detected change: file:///D:/GameByself/Cocos/Project1/assets/Scripts/Car.ts. Last mtime: Mon Aug 31 2026 17:56:49 GMT+0800 (中国标准时间)@5a936fee-f461-43c4-babc-9a428dd9672d, Current mtime: Mon Aug 31 2026 17:57:56 GMT+0800 (中国标准时间)@5a936fee-f461-43c4-babc-9a428dd9672d
17:57:57.191 debug: Inspect file:///D:/GameByself/Cocos/Project1/assets/Scripts/Car.ts
17:57:57.224 debug: transform url: 'file:///D:/GameByself/Cocos/Project1/assets/Scripts/Car.ts' costs: 32.90 ms
17:57:57.226 debug: Resolve cc from file:///D:/GameByself/Cocos/Project1/assets/Scripts/Car.ts as cce:/internal/x/cc.
17:57:57.226 debug: Resolve cc from file:///D:/GameByself/Cocos/Project1/assets/Scripts/Car.ts as cce:/internal/x/cc.
17:57:57.226 debug: Resolve cc from file:///D:/GameByself/Cocos/Project1/assets/Scripts/Car.ts as cce:/internal/x/cc.
17:57:57.238 debug: Target(editor) ends with cost 68.52919999882579ms.
17:57:57.239 debug: Target(preview) build started.
17:57:57.242 debug: Detected change: cce:/internal/x/prerequisite-imports. Last mtime: Thu Jan 01 1970 11:20:58 GMT+0800 (中国标准时间), Current mtime: Thu Jan 01 1970 11:22:02 GMT+0800 (中国标准时间)
17:57:57.242 debug: Inspect cce:/internal/x/prerequisite-imports
17:57:57.279 debug: transform url: 'cce:/internal/x/prerequisite-imports' costs: 36.70 ms
17:57:57.285 debug: Resolve file:///C:/ProgramData/cocos/editors/Creator/3.8.8/resources/resources/3d/engine/editor/assets/default_renderpipeline/builtin-dof-pass.ts from cce:/internal/x/prerequisite-imports as file:///C:/ProgramData/cocos/editors/Creator/3.8.8/resources/resources/3d/engine/editor/assets/default_renderpipeline/builtin-dof-pass.ts.
17:57:57.287 debug: Resolve file:///C:/ProgramData/cocos/editors/Creator/3.8.8/resources/resources/3d/engine/editor/assets/default_renderpipeline/builtin-pipeline-pass.ts from cce:/internal/x/prerequisite-imports as file:///C:/ProgramData/cocos/editors/Creator/3.8.8/resources/resources/3d/engine/editor/assets/default_renderpipeline/builtin-pipeline-pass.ts.
17:57:57.288 debug: Resolve file:///C:/ProgramData/cocos/editors/Creator/3.8.8/resources/resources/3d/engine/editor/assets/default_renderpipeline/builtin-pipeline-settings.ts from cce:/internal/x/prerequisite-imports as file:///C:/ProgramData/cocos/editors/Creator/3.8.8/resources/resources/3d/engine/editor/assets/default_renderpipeline/builtin-pipeline-settings.ts.
17:57:57.290 debug: Resolve file:///C:/ProgramData/cocos/editors/Creator/3.8.8/resources/resources/3d/engine/editor/assets/default_renderpipeline/builtin-pipeline-types.ts from cce:/internal/x/prerequisite-imports as file:///C:/ProgramData/cocos/editors/Creator/3.8.8/resources/resources/3d/engine/editor/assets/default_renderpipeline/builtin-pipeline-types.ts.
17:57:57.291 debug: Resolve file:///C:/ProgramData/cocos/editors/Creator/3.8.8/resources/resources/3d/engine/editor/assets/default_renderpipeline/builtin-pipeline.ts from cce:/internal/x/prerequisite-imports as file:///C:/ProgramData/cocos/editors/Creator/3.8.8/resources/resources/3d/engine/editor/assets/default_renderpipeline/builtin-pipeline.ts.
17:57:57.293 debug: Resolve file:///C:/ProgramData/cocos/editors/Creator/3.8.8/resources/resources/3d/engine/editor/assets/tools/debug-view-runtime-control.ts from cce:/internal/x/prerequisite-imports as file:///C:/ProgramData/cocos/editors/Creator/3.8.8/resources/resources/3d/engine/editor/assets/tools/debug-view-runtime-control.ts.
17:57:57.294 debug: Resolve file:///D:/GameByself/Cocos/Project1/assets/Scripts/Car.ts from cce:/internal/x/prerequisite-imports as file:///D:/GameByself/Cocos/Project1/assets/Scripts/Car.ts.
17:57:57.294 debug: Detected change: file:///D:/GameByself/Cocos/Project1/assets/Scripts/Car.ts. Last mtime: Mon Aug 31 2026 17:56:49 GMT+0800 (中国标准时间)@5a936fee-f461-43c4-babc-9a428dd9672d, Current mtime: Mon Aug 31 2026 17:57:56 GMT+0800 (中国标准时间)@5a936fee-f461-43c4-babc-9a428dd9672d
17:57:57.294 debug: Inspect file:///D:/GameByself/Cocos/Project1/assets/Scripts/Car.ts
17:57:57.381 debug: transform url: 'file:///D:/GameByself/Cocos/Project1/assets/Scripts/Car.ts' costs: 86.60 ms
17:57:57.383 debug: Resolve cc from file:///D:/GameByself/Cocos/Project1/assets/Scripts/Car.ts as cce:/internal/x/cc.
17:57:57.383 debug: Resolve cc from file:///D:/GameByself/Cocos/Project1/assets/Scripts/Car.ts as cce:/internal/x/cc.
17:57:57.383 debug: Resolve cc from file:///D:/GameByself/Cocos/Project1/assets/Scripts/Car.ts as cce:/internal/x/cc.
17:57:57.396 debug: Target(preview) ends with cost 157.31689999997616ms.
18:02:27.356 debug: Dispatch build request for time accumulated 1 asset changes.
18:02:27.358 debug: Build iteration starts.
Number of accumulated asset changes: 1
Feature changed: false
18:02:27.358 debug: Target(editor) build started.
18:02:27.361 debug: Detected change: cce:/internal/x/prerequisite-imports. Last mtime: Thu Jan 01 1970 11:22:02 GMT+0800 (中国标准时间), Current mtime: Thu Jan 01 1970 11:26:32 GMT+0800 (中国标准时间)
18:02:27.361 debug: Inspect cce:/internal/x/prerequisite-imports
18:02:27.370 debug: transform url: 'cce:/internal/x/prerequisite-imports' costs: 8.80 ms
18:02:27.371 debug: Resolve file:///C:/ProgramData/cocos/editors/Creator/3.8.8/resources/resources/3d/engine/editor/assets/default_renderpipeline/builtin-dof-pass.ts from cce:/internal/x/prerequisite-imports as file:///C:/ProgramData/cocos/editors/Creator/3.8.8/resources/resources/3d/engine/editor/assets/default_renderpipeline/builtin-dof-pass.ts.
18:02:27.372 debug: Resolve file:///C:/ProgramData/cocos/editors/Creator/3.8.8/resources/resources/3d/engine/editor/assets/default_renderpipeline/builtin-pipeline-pass.ts from cce:/internal/x/prerequisite-imports as file:///C:/ProgramData/cocos/editors/Creator/3.8.8/resources/resources/3d/engine/editor/assets/default_renderpipeline/builtin-pipeline-pass.ts.
18:02:27.373 debug: Resolve file:///C:/ProgramData/cocos/editors/Creator/3.8.8/resources/resources/3d/engine/editor/assets/default_renderpipeline/builtin-pipeline-settings.ts from cce:/internal/x/prerequisite-imports as file:///C:/ProgramData/cocos/editors/Creator/3.8.8/resources/resources/3d/engine/editor/assets/default_renderpipeline/builtin-pipeline-settings.ts.
18:02:27.374 debug: Resolve file:///C:/ProgramData/cocos/editors/Creator/3.8.8/resources/resources/3d/engine/editor/assets/default_renderpipeline/builtin-pipeline-types.ts from cce:/internal/x/prerequisite-imports as file:///C:/ProgramData/cocos/editors/Creator/3.8.8/resources/resources/3d/engine/editor/assets/default_renderpipeline/builtin-pipeline-types.ts.
18:02:27.375 debug: Resolve file:///C:/ProgramData/cocos/editors/Creator/3.8.8/resources/resources/3d/engine/editor/assets/default_renderpipeline/builtin-pipeline.ts from cce:/internal/x/prerequisite-imports as file:///C:/ProgramData/cocos/editors/Creator/3.8.8/resources/resources/3d/engine/editor/assets/default_renderpipeline/builtin-pipeline.ts.
18:02:27.376 debug: Resolve file:///C:/ProgramData/cocos/editors/Creator/3.8.8/resources/resources/3d/engine/editor/assets/tools/debug-view-runtime-control.ts from cce:/internal/x/prerequisite-imports as file:///C:/ProgramData/cocos/editors/Creator/3.8.8/resources/resources/3d/engine/editor/assets/tools/debug-view-runtime-control.ts.
18:02:27.377 debug: Resolve file:///D:/GameByself/Cocos/Project1/assets/Scripts/Car.ts from cce:/internal/x/prerequisite-imports as file:///D:/GameByself/Cocos/Project1/assets/Scripts/Car.ts.
18:02:27.377 debug: Detected change: file:///D:/GameByself/Cocos/Project1/assets/Scripts/Car.ts. Last mtime: Mon Aug 31 2026 17:57:56 GMT+0800 (中国标准时间)@5a936fee-f461-43c4-babc-9a428dd9672d, Current mtime: Mon Aug 31 2026 18:02:25 GMT+0800 (中国标准时间)@5a936fee-f461-43c4-babc-9a428dd9672d
18:02:27.377 debug: Inspect file:///D:/GameByself/Cocos/Project1/assets/Scripts/Car.ts
18:02:27.406 debug: transform url: 'file:///D:/GameByself/Cocos/Project1/assets/Scripts/Car.ts' costs: 28.70 ms
18:02:27.407 debug: Resolve cc from file:///D:/GameByself/Cocos/Project1/assets/Scripts/Car.ts as cce:/internal/x/cc.
18:02:27.407 debug: Resolve cc from file:///D:/GameByself/Cocos/Project1/assets/Scripts/Car.ts as cce:/internal/x/cc.
18:02:27.407 debug: Resolve cc from file:///D:/GameByself/Cocos/Project1/assets/Scripts/Car.ts as cce:/internal/x/cc.
18:02:27.418 debug: Target(editor) ends with cost 59.71660000085831ms.
18:02:27.418 debug: Target(preview) build started.
18:02:27.420 debug: Detected change: cce:/internal/x/prerequisite-imports. Last mtime: Thu Jan 01 1970 11:22:02 GMT+0800 (中国标准时间), Current mtime: Thu Jan 01 1970 11:26:32 GMT+0800 (中国标准时间)
18:02:27.421 debug: Inspect cce:/internal/x/prerequisite-imports
18:02:27.435 debug: transform url: 'cce:/internal/x/prerequisite-imports' costs: 14.40 ms
18:02:27.438 debug: Resolve file:///C:/ProgramData/cocos/editors/Creator/3.8.8/resources/resources/3d/engine/editor/assets/default_renderpipeline/builtin-dof-pass.ts from cce:/internal/x/prerequisite-imports as file:///C:/ProgramData/cocos/editors/Creator/3.8.8/resources/resources/3d/engine/editor/assets/default_renderpipeline/builtin-dof-pass.ts.
18:02:27.439 debug: Resolve file:///C:/ProgramData/cocos/editors/Creator/3.8.8/resources/resources/3d/engine/editor/assets/default_renderpipeline/builtin-pipeline-pass.ts from cce:/internal/x/prerequisite-imports as file:///C:/ProgramData/cocos/editors/Creator/3.8.8/resources/resources/3d/engine/editor/assets/default_renderpipeline/builtin-pipeline-pass.ts.
18:02:27.440 debug: Resolve file:///C:/ProgramData/cocos/editors/Creator/3.8.8/resources/resources/3d/engine/editor/assets/default_renderpipeline/builtin-pipeline-settings.ts from cce:/internal/x/prerequisite-imports as file:///C:/ProgramData/cocos/editors/Creator/3.8.8/resources/resources/3d/engine/editor/assets/default_renderpipeline/builtin-pipeline-settings.ts.
18:02:27.440 debug: Resolve file:///C:/ProgramData/cocos/editors/Creator/3.8.8/resources/resources/3d/engine/editor/assets/default_renderpipeline/builtin-pipeline-types.ts from cce:/internal/x/prerequisite-imports as file:///C:/ProgramData/cocos/editors/Creator/3.8.8/resources/resources/3d/engine/editor/assets/default_renderpipeline/builtin-pipeline-types.ts.
18:02:27.441 debug: Resolve file:///C:/ProgramData/cocos/editors/Creator/3.8.8/resources/resources/3d/engine/editor/assets/default_renderpipeline/builtin-pipeline.ts from cce:/internal/x/prerequisite-imports as file:///C:/ProgramData/cocos/editors/Creator/3.8.8/resources/resources/3d/engine/editor/assets/default_renderpipeline/builtin-pipeline.ts.
18:02:27.442 debug: Resolve file:///C:/ProgramData/cocos/editors/Creator/3.8.8/resources/resources/3d/engine/editor/assets/tools/debug-view-runtime-control.ts from cce:/internal/x/prerequisite-imports as file:///C:/ProgramData/cocos/editors/Creator/3.8.8/resources/resources/3d/engine/editor/assets/tools/debug-view-runtime-control.ts.
18:02:27.443 debug: Resolve file:///D:/GameByself/Cocos/Project1/assets/Scripts/Car.ts from cce:/internal/x/prerequisite-imports as file:///D:/GameByself/Cocos/Project1/assets/Scripts/Car.ts.
18:02:27.443 debug: Detected change: file:///D:/GameByself/Cocos/Project1/assets/Scripts/Car.ts. Last mtime: Mon Aug 31 2026 17:57:56 GMT+0800 (中国标准时间)@5a936fee-f461-43c4-babc-9a428dd9672d, Current mtime: Mon Aug 31 2026 18:02:25 GMT+0800 (中国标准时间)@5a936fee-f461-43c4-babc-9a428dd9672d
18:02:27.443 debug: Inspect file:///D:/GameByself/Cocos/Project1/assets/Scripts/Car.ts
18:02:27.483 debug: transform url: 'file:///D:/GameByself/Cocos/Project1/assets/Scripts/Car.ts' costs: 39.70 ms
18:02:27.485 debug: Resolve cc from file:///D:/GameByself/Cocos/Project1/assets/Scripts/Car.ts as cce:/internal/x/cc.
18:02:27.485 debug: Resolve cc from file:///D:/GameByself/Cocos/Project1/assets/Scripts/Car.ts as cce:/internal/x/cc.
18:02:27.485 debug: Resolve cc from file:///D:/GameByself/Cocos/Project1/assets/Scripts/Car.ts as cce:/internal/x/cc.
18:02:27.501 debug: Target(preview) ends with cost 82.7269999999553ms.
18:02:52.862 debug: Dispatch build request for time accumulated 1 asset changes.
18:02:52.864 debug: Build iteration starts.
Number of accumulated asset changes: 1
Feature changed: false
18:02:52.864 debug: Target(editor) build started.
18:02:52.867 debug: Detected change: cce:/internal/x/prerequisite-imports. Last mtime: Thu Jan 01 1970 11:26:32 GMT+0800 (中国标准时间), Current mtime: Thu Jan 01 1970 11:26:57 GMT+0800 (中国标准时间)
18:02:52.867 debug: Inspect cce:/internal/x/prerequisite-imports
18:02:52.879 debug: transform url: 'cce:/internal/x/prerequisite-imports' costs: 11.70 ms
18:02:52.882 debug: Resolve file:///C:/ProgramData/cocos/editors/Creator/3.8.8/resources/resources/3d/engine/editor/assets/default_renderpipeline/builtin-dof-pass.ts from cce:/internal/x/prerequisite-imports as file:///C:/ProgramData/cocos/editors/Creator/3.8.8/resources/resources/3d/engine/editor/assets/default_renderpipeline/builtin-dof-pass.ts.
18:02:52.883 debug: Resolve file:///C:/ProgramData/cocos/editors/Creator/3.8.8/resources/resources/3d/engine/editor/assets/default_renderpipeline/builtin-pipeline-pass.ts from cce:/internal/x/prerequisite-imports as file:///C:/ProgramData/cocos/editors/Creator/3.8.8/resources/resources/3d/engine/editor/assets/default_renderpipeline/builtin-pipeline-pass.ts.
18:02:52.883 debug: Resolve file:///C:/ProgramData/cocos/editors/Creator/3.8.8/resources/resources/3d/engine/editor/assets/default_renderpipeline/builtin-pipeline-settings.ts from cce:/internal/x/prerequisite-imports as file:///C:/ProgramData/cocos/editors/Creator/3.8.8/resources/resources/3d/engine/editor/assets/default_renderpipeline/builtin-pipeline-settings.ts.
18:02:52.884 debug: Resolve file:///C:/ProgramData/cocos/editors/Creator/3.8.8/resources/resources/3d/engine/editor/assets/default_renderpipeline/builtin-pipeline-types.ts from cce:/internal/x/prerequisite-imports as file:///C:/ProgramData/cocos/editors/Creator/3.8.8/resources/resources/3d/engine/editor/assets/default_renderpipeline/builtin-pipeline-types.ts.
18:02:52.885 debug: Resolve file:///C:/ProgramData/cocos/editors/Creator/3.8.8/resources/resources/3d/engine/editor/assets/default_renderpipeline/builtin-pipeline.ts from cce:/internal/x/prerequisite-imports as file:///C:/ProgramData/cocos/editors/Creator/3.8.8/resources/resources/3d/engine/editor/assets/default_renderpipeline/builtin-pipeline.ts.
18:02:52.886 debug: Resolve file:///C:/ProgramData/cocos/editors/Creator/3.8.8/resources/resources/3d/engine/editor/assets/tools/debug-view-runtime-control.ts from cce:/internal/x/prerequisite-imports as file:///C:/ProgramData/cocos/editors/Creator/3.8.8/resources/resources/3d/engine/editor/assets/tools/debug-view-runtime-control.ts.
18:02:52.887 debug: Resolve file:///D:/GameByself/Cocos/Project1/assets/Scripts/Car.ts from cce:/internal/x/prerequisite-imports as file:///D:/GameByself/Cocos/Project1/assets/Scripts/Car.ts.
18:02:52.887 debug: Detected change: file:///D:/GameByself/Cocos/Project1/assets/Scripts/Car.ts. Last mtime: Mon Aug 31 2026 18:02:25 GMT+0800 (中国标准时间)@5a936fee-f461-43c4-babc-9a428dd9672d, Current mtime: Mon Aug 31 2026 18:02:51 GMT+0800 (中国标准时间)@5a936fee-f461-43c4-babc-9a428dd9672d
18:02:52.887 debug: Inspect file:///D:/GameByself/Cocos/Project1/assets/Scripts/Car.ts
18:02:52.917 debug: transform url: 'file:///D:/GameByself/Cocos/Project1/assets/Scripts/Car.ts' costs: 30.00 ms
18:02:52.919 debug: Resolve cc from file:///D:/GameByself/Cocos/Project1/assets/Scripts/Car.ts as cce:/internal/x/cc.
18:02:52.919 debug: Resolve cc from file:///D:/GameByself/Cocos/Project1/assets/Scripts/Car.ts as cce:/internal/x/cc.
18:02:52.919 debug: Resolve cc from file:///D:/GameByself/Cocos/Project1/assets/Scripts/Car.ts as cce:/internal/x/cc.
18:02:52.929 debug: Target(editor) ends with cost 64.7422000002116ms.
18:02:52.929 debug: Target(preview) build started.
18:02:52.932 debug: Detected change: cce:/internal/x/prerequisite-imports. Last mtime: Thu Jan 01 1970 11:26:32 GMT+0800 (中国标准时间), Current mtime: Thu Jan 01 1970 11:26:57 GMT+0800 (中国标准时间)
18:02:52.932 debug: Inspect cce:/internal/x/prerequisite-imports
18:02:52.947 debug: transform url: 'cce:/internal/x/prerequisite-imports' costs: 15.40 ms
18:02:52.950 debug: Resolve file:///C:/ProgramData/cocos/editors/Creator/3.8.8/resources/resources/3d/engine/editor/assets/default_renderpipeline/builtin-dof-pass.ts from cce:/internal/x/prerequisite-imports as file:///C:/ProgramData/cocos/editors/Creator/3.8.8/resources/resources/3d/engine/editor/assets/default_renderpipeline/builtin-dof-pass.ts.
18:02:52.951 debug: Resolve file:///C:/ProgramData/cocos/editors/Creator/3.8.8/resources/resources/3d/engine/editor/assets/default_renderpipeline/builtin-pipeline-pass.ts from cce:/internal/x/prerequisite-imports as file:///C:/ProgramData/cocos/editors/Creator/3.8.8/resources/resources/3d/engine/editor/assets/default_renderpipeline/builtin-pipeline-pass.ts.
18:02:52.952 debug: Resolve file:///C:/ProgramData/cocos/editors/Creator/3.8.8/resources/resources/3d/engine/editor/assets/default_renderpipeline/builtin-pipeline-settings.ts from cce:/internal/x/prerequisite-imports as file:///C:/ProgramData/cocos/editors/Creator/3.8.8/resources/resources/3d/engine/editor/assets/default_renderpipeline/builtin-pipeline-settings.ts.
18:02:52.953 debug: Resolve file:///C:/ProgramData/cocos/editors/Creator/3.8.8/resources/resources/3d/engine/editor/assets/default_renderpipeline/builtin-pipeline-types.ts from cce:/internal/x/prerequisite-imports as file:///C:/ProgramData/cocos/editors/Creator/3.8.8/resources/resources/3d/engine/editor/assets/default_renderpipeline/builtin-pipeline-types.ts.
18:02:52.954 debug: Resolve file:///C:/ProgramData/cocos/editors/Creator/3.8.8/resources/resources/3d/engine/editor/assets/default_renderpipeline/builtin-pipeline.ts from cce:/internal/x/prerequisite-imports as file:///C:/ProgramData/cocos/editors/Creator/3.8.8/resources/resources/3d/engine/editor/assets/default_renderpipeline/builtin-pipeline.ts.
18:02:52.955 debug: Resolve file:///C:/ProgramData/cocos/editors/Creator/3.8.8/resources/resources/3d/engine/editor/assets/tools/debug-view-runtime-control.ts from cce:/internal/x/prerequisite-imports as file:///C:/ProgramData/cocos/editors/Creator/3.8.8/resources/resources/3d/engine/editor/assets/tools/debug-view-runtime-control.ts.
18:02:52.956 debug: Resolve file:///D:/GameByself/Cocos/Project1/assets/Scripts/Car.ts from cce:/internal/x/prerequisite-imports as file:///D:/GameByself/Cocos/Project1/assets/Scripts/Car.ts.
18:02:52.956 debug: Detected change: file:///D:/GameByself/Cocos/Project1/assets/Scripts/Car.ts. Last mtime: Mon Aug 31 2026 18:02:25 GMT+0800 (中国标准时间)@5a936fee-f461-43c4-babc-9a428dd9672d, Current mtime: Mon Aug 31 2026 18:02:51 GMT+0800 (中国标准时间)@5a936fee-f461-43c4-babc-9a428dd9672d
18:02:52.956 debug: Inspect file:///D:/GameByself/Cocos/Project1/assets/Scripts/Car.ts
18:02:53.001 debug: transform url: 'file:///D:/GameByself/Cocos/Project1/assets/Scripts/Car.ts' costs: 44.80 ms
18:02:53.003 debug: Resolve cc from file:///D:/GameByself/Cocos/Project1/assets/Scripts/Car.ts as cce:/internal/x/cc.
18:02:53.003 debug: Resolve cc from file:///D:/GameByself/Cocos/Project1/assets/Scripts/Car.ts as cce:/internal/x/cc.
18:02:53.003 debug: Resolve cc from file:///D:/GameByself/Cocos/Project1/assets/Scripts/Car.ts as cce:/internal/x/cc.
18:02:53.016 debug: Target(preview) ends with cost 86.7704999987036ms.
18:18:14.688 debug: Dispatch build request for time accumulated 1 asset changes.
18:18:14.690 debug: Build iteration starts.
Number of accumulated asset changes: 1
Feature changed: false
18:18:14.690 debug: Target(editor) build started.
18:18:14.693 debug: Detected change: cce:/internal/x/prerequisite-imports. Last mtime: Thu Jan 01 1970 11:26:57 GMT+0800 (中国标准时间), Current mtime: Thu Jan 01 1970 11:42:19 GMT+0800 (中国标准时间)
18:18:14.693 debug: Inspect cce:/internal/x/prerequisite-imports
18:18:14.704 debug: transform url: 'cce:/internal/x/prerequisite-imports' costs: 10.80 ms
18:18:14.707 debug: Resolve file:///C:/ProgramData/cocos/editors/Creator/3.8.8/resources/resources/3d/engine/editor/assets/default_renderpipeline/builtin-dof-pass.ts from cce:/internal/x/prerequisite-imports as file:///C:/ProgramData/cocos/editors/Creator/3.8.8/resources/resources/3d/engine/editor/assets/default_renderpipeline/builtin-dof-pass.ts.
18:18:14.708 debug: Resolve file:///C:/ProgramData/cocos/editors/Creator/3.8.8/resources/resources/3d/engine/editor/assets/default_renderpipeline/builtin-pipeline-pass.ts from cce:/internal/x/prerequisite-imports as file:///C:/ProgramData/cocos/editors/Creator/3.8.8/resources/resources/3d/engine/editor/assets/default_renderpipeline/builtin-pipeline-pass.ts.
18:18:14.710 debug: Resolve file:///C:/ProgramData/cocos/editors/Creator/3.8.8/resources/resources/3d/engine/editor/assets/default_renderpipeline/builtin-pipeline-settings.ts from cce:/internal/x/prerequisite-imports as file:///C:/ProgramData/cocos/editors/Creator/3.8.8/resources/resources/3d/engine/editor/assets/default_renderpipeline/builtin-pipeline-settings.ts.
18:18:14.711 debug: Resolve file:///C:/ProgramData/cocos/editors/Creator/3.8.8/resources/resources/3d/engine/editor/assets/default_renderpipeline/builtin-pipeline-types.ts from cce:/internal/x/prerequisite-imports as file:///C:/ProgramData/cocos/editors/Creator/3.8.8/resources/resources/3d/engine/editor/assets/default_renderpipeline/builtin-pipeline-types.ts.
18:18:14.712 debug: Resolve file:///C:/ProgramData/cocos/editors/Creator/3.8.8/resources/resources/3d/engine/editor/assets/default_renderpipeline/builtin-pipeline.ts from cce:/internal/x/prerequisite-imports as file:///C:/ProgramData/cocos/editors/Creator/3.8.8/resources/resources/3d/engine/editor/assets/default_renderpipeline/builtin-pipeline.ts.
18:18:14.712 debug: Resolve file:///C:/ProgramData/cocos/editors/Creator/3.8.8/resources/resources/3d/engine/editor/assets/tools/debug-view-runtime-control.ts from cce:/internal/x/prerequisite-imports as file:///C:/ProgramData/cocos/editors/Creator/3.8.8/resources/resources/3d/engine/editor/assets/tools/debug-view-runtime-control.ts.
18:18:14.713 debug: Resolve file:///D:/GameByself/Cocos/Project1/assets/Scripts/Car.ts from cce:/internal/x/prerequisite-imports as file:///D:/GameByself/Cocos/Project1/assets/Scripts/Car.ts.
18:18:14.713 debug: Detected change: file:///D:/GameByself/Cocos/Project1/assets/Scripts/Car.ts. Last mtime: Mon Aug 31 2026 18:02:51 GMT+0800 (中国标准时间)@5a936fee-f461-43c4-babc-9a428dd9672d, Current mtime: Mon Aug 31 2026 18:18:12 GMT+0800 (中国标准时间)@5a936fee-f461-43c4-babc-9a428dd9672d
18:18:14.713 debug: Inspect file:///D:/GameByself/Cocos/Project1/assets/Scripts/Car.ts
18:18:14.743 debug: transform url: 'file:///D:/GameByself/Cocos/Project1/assets/Scripts/Car.ts' costs: 29.90 ms
18:18:14.745 debug: Resolve cc from file:///D:/GameByself/Cocos/Project1/assets/Scripts/Car.ts as cce:/internal/x/cc.
18:18:14.745 debug: Resolve cc from file:///D:/GameByself/Cocos/Project1/assets/Scripts/Car.ts as cce:/internal/x/cc.
18:18:14.745 debug: Resolve cc from file:///D:/GameByself/Cocos/Project1/assets/Scripts/Car.ts as cce:/internal/x/cc.
18:18:14.758 debug: Target(editor) ends with cost 67.52960000000894ms.
18:18:14.758 debug: Target(preview) build started.
18:18:14.762 debug: Detected change: cce:/internal/x/prerequisite-imports. Last mtime: Thu Jan 01 1970 11:26:57 GMT+0800 (中国标准时间), Current mtime: Thu Jan 01 1970 11:42:19 GMT+0800 (中国标准时间)
18:18:14.762 debug: Inspect cce:/internal/x/prerequisite-imports
18:18:14.779 debug: transform url: 'cce:/internal/x/prerequisite-imports' costs: 17.30 ms
18:18:14.782 debug: Resolve file:///C:/ProgramData/cocos/editors/Creator/3.8.8/resources/resources/3d/engine/editor/assets/default_renderpipeline/builtin-dof-pass.ts from cce:/internal/x/prerequisite-imports as file:///C:/ProgramData/cocos/editors/Creator/3.8.8/resources/resources/3d/engine/editor/assets/default_renderpipeline/builtin-dof-pass.ts.
18:18:14.783 debug: Resolve file:///C:/ProgramData/cocos/editors/Creator/3.8.8/resources/resources/3d/engine/editor/assets/default_renderpipeline/builtin-pipeline-pass.ts from cce:/internal/x/prerequisite-imports as file:///C:/ProgramData/cocos/editors/Creator/3.8.8/resources/resources/3d/engine/editor/assets/default_renderpipeline/builtin-pipeline-pass.ts.
18:18:14.784 debug: Resolve file:///C:/ProgramData/cocos/editors/Creator/3.8.8/resources/resources/3d/engine/editor/assets/default_renderpipeline/builtin-pipeline-settings.ts from cce:/internal/x/prerequisite-imports as file:///C:/ProgramData/cocos/editors/Creator/3.8.8/resources/resources/3d/engine/editor/assets/default_renderpipeline/builtin-pipeline-settings.ts.
18:18:14.784 debug: Resolve file:///C:/ProgramData/cocos/editors/Creator/3.8.8/resources/resources/3d/engine/editor/assets/default_renderpipeline/builtin-pipeline-types.ts from cce:/internal/x/prerequisite-imports as file:///C:/ProgramData/cocos/editors/Creator/3.8.8/resources/resources/3d/engine/editor/assets/default_renderpipeline/builtin-pipeline-types.ts.
18:18:14.786 debug: Resolve file:///C:/ProgramData/cocos/editors/Creator/3.8.8/resources/resources/3d/engine/editor/assets/default_renderpipeline/builtin-pipeline.ts from cce:/internal/x/prerequisite-imports as file:///C:/ProgramData/cocos/editors/Creator/3.8.8/resources/resources/3d/engine/editor/assets/default_renderpipeline/builtin-pipeline.ts.
18:18:14.787 debug: Resolve file:///C:/ProgramData/cocos/editors/Creator/3.8.8/resources/resources/3d/engine/editor/assets/tools/debug-view-runtime-control.ts from cce:/internal/x/prerequisite-imports as file:///C:/ProgramData/cocos/editors/Creator/3.8.8/resources/resources/3d/engine/editor/assets/tools/debug-view-runtime-control.ts.
18:18:14.789 debug: Resolve file:///D:/GameByself/Cocos/Project1/assets/Scripts/Car.ts from cce:/internal/x/prerequisite-imports as file:///D:/GameByself/Cocos/Project1/assets/Scripts/Car.ts.
18:18:14.789 debug: Detected change: file:///D:/GameByself/Cocos/Project1/assets/Scripts/Car.ts. Last mtime: Mon Aug 31 2026 18:02:51 GMT+0800 (中国标准时间)@5a936fee-f461-43c4-babc-9a428dd9672d, Current mtime: Mon Aug 31 2026 18:18:12 GMT+0800 (中国标准时间)@5a936fee-f461-43c4-babc-9a428dd9672d
18:18:14.789 debug: Inspect file:///D:/GameByself/Cocos/Project1/assets/Scripts/Car.ts
18:18:14.839 debug: transform url: 'file:///D:/GameByself/Cocos/Project1/assets/Scripts/Car.ts' costs: 50.10 ms
18:18:14.841 debug: Resolve cc from file:///D:/GameByself/Cocos/Project1/assets/Scripts/Car.ts as cce:/internal/x/cc.
18:18:14.841 debug: Resolve cc from file:///D:/GameByself/Cocos/Project1/assets/Scripts/Car.ts as cce:/internal/x/cc.
18:18:14.841 debug: Resolve cc from file:///D:/GameByself/Cocos/Project1/assets/Scripts/Car.ts as cce:/internal/x/cc.
18:18:14.865 debug: Target(preview) ends with cost 106.65660000033677ms.
18:18:50.856 debug: Dispatch build request for time accumulated 1 asset changes.
18:18:50.859 debug: Build iteration starts.
Number of accumulated asset changes: 1
Feature changed: false
18:18:50.859 debug: Target(editor) build started.
18:18:50.862 debug: Detected change: cce:/internal/x/prerequisite-imports. Last mtime: Thu Jan 01 1970 11:42:19 GMT+0800 (中国标准时间), Current mtime: Thu Jan 01 1970 11:42:55 GMT+0800 (中国标准时间)
18:18:50.862 debug: Inspect cce:/internal/x/prerequisite-imports
18:18:50.873 debug: transform url: 'cce:/internal/x/prerequisite-imports' costs: 11.20 ms
18:18:50.875 debug: Resolve file:///C:/ProgramData/cocos/editors/Creator/3.8.8/resources/resources/3d/engine/editor/assets/default_renderpipeline/builtin-dof-pass.ts from cce:/internal/x/prerequisite-imports as file:///C:/ProgramData/cocos/editors/Creator/3.8.8/resources/resources/3d/engine/editor/assets/default_renderpipeline/builtin-dof-pass.ts.
18:18:50.876 debug: Resolve file:///C:/ProgramData/cocos/editors/Creator/3.8.8/resources/resources/3d/engine/editor/assets/default_renderpipeline/builtin-pipeline-pass.ts from cce:/internal/x/prerequisite-imports as file:///C:/ProgramData/cocos/editors/Creator/3.8.8/resources/resources/3d/engine/editor/assets/default_renderpipeline/builtin-pipeline-pass.ts.
18:18:50.877 debug: Resolve file:///C:/ProgramData/cocos/editors/Creator/3.8.8/resources/resources/3d/engine/editor/assets/default_renderpipeline/builtin-pipeline-settings.ts from cce:/internal/x/prerequisite-imports as file:///C:/ProgramData/cocos/editors/Creator/3.8.8/resources/resources/3d/engine/editor/assets/default_renderpipeline/builtin-pipeline-settings.ts.
18:18:50.878 debug: Resolve file:///C:/ProgramData/cocos/editors/Creator/3.8.8/resources/resources/3d/engine/editor/assets/default_renderpipeline/builtin-pipeline-types.ts from cce:/internal/x/prerequisite-imports as file:///C:/ProgramData/cocos/editors/Creator/3.8.8/resources/resources/3d/engine/editor/assets/default_renderpipeline/builtin-pipeline-types.ts.
18:18:50.878 debug: Resolve file:///C:/ProgramData/cocos/editors/Creator/3.8.8/resources/resources/3d/engine/editor/assets/default_renderpipeline/builtin-pipeline.ts from cce:/internal/x/prerequisite-imports as file:///C:/ProgramData/cocos/editors/Creator/3.8.8/resources/resources/3d/engine/editor/assets/default_renderpipeline/builtin-pipeline.ts.
18:18:50.879 debug: Resolve file:///C:/ProgramData/cocos/editors/Creator/3.8.8/resources/resources/3d/engine/editor/assets/tools/debug-view-runtime-control.ts from cce:/internal/x/prerequisite-imports as file:///C:/ProgramData/cocos/editors/Creator/3.8.8/resources/resources/3d/engine/editor/assets/tools/debug-view-runtime-control.ts.
18:18:50.880 debug: Resolve file:///D:/GameByself/Cocos/Project1/assets/Scripts/Car.ts from cce:/internal/x/prerequisite-imports as file:///D:/GameByself/Cocos/Project1/assets/Scripts/Car.ts.
18:18:50.880 debug: Detected change: file:///D:/GameByself/Cocos/Project1/assets/Scripts/Car.ts. Last mtime: Mon Aug 31 2026 18:18:12 GMT+0800 (中国标准时间)@5a936fee-f461-43c4-babc-9a428dd9672d, Current mtime: Mon Aug 31 2026 18:18:49 GMT+0800 (中国标准时间)@5a936fee-f461-43c4-babc-9a428dd9672d
18:18:50.880 debug: Inspect file:///D:/GameByself/Cocos/Project1/assets/Scripts/Car.ts
18:18:50.912 debug: transform url: 'file:///D:/GameByself/Cocos/Project1/assets/Scripts/Car.ts' costs: 32.50 ms
18:18:50.914 debug: Resolve cc from file:///D:/GameByself/Cocos/Project1/assets/Scripts/Car.ts as cce:/internal/x/cc.
18:18:50.914 debug: Resolve cc from file:///D:/GameByself/Cocos/Project1/assets/Scripts/Car.ts as cce:/internal/x/cc.
18:18:50.914 debug: Resolve cc from file:///D:/GameByself/Cocos/Project1/assets/Scripts/Car.ts as cce:/internal/x/cc.
18:18:50.927 debug: Target(editor) ends with cost 68.13130000047386ms.
18:18:50.928 debug: Target(preview) build started.
18:18:50.931 debug: Detected change: cce:/internal/x/prerequisite-imports. Last mtime: Thu Jan 01 1970 11:42:19 GMT+0800 (中国标准时间), Current mtime: Thu Jan 01 1970 11:42:55 GMT+0800 (中国标准时间)
18:18:50.932 debug: Inspect cce:/internal/x/prerequisite-imports
18:18:50.948 debug: transform url: 'cce:/internal/x/prerequisite-imports' costs: 15.90 ms
18:18:50.951 debug: Resolve file:///C:/ProgramData/cocos/editors/Creator/3.8.8/resources/resources/3d/engine/editor/assets/default_renderpipeline/builtin-dof-pass.ts from cce:/internal/x/prerequisite-imports as file:///C:/ProgramData/cocos/editors/Creator/3.8.8/resources/resources/3d/engine/editor/assets/default_renderpipeline/builtin-dof-pass.ts.
18:18:50.952 debug: Resolve file:///C:/ProgramData/cocos/editors/Creator/3.8.8/resources/resources/3d/engine/editor/assets/default_renderpipeline/builtin-pipeline-pass.ts from cce:/internal/x/prerequisite-imports as file:///C:/ProgramData/cocos/editors/Creator/3.8.8/resources/resources/3d/engine/editor/assets/default_renderpipeline/builtin-pipeline-pass.ts.
18:18:50.953 debug: Resolve file:///C:/ProgramData/cocos/editors/Creator/3.8.8/resources/resources/3d/engine/editor/assets/default_renderpipeline/builtin-pipeline-settings.ts from cce:/internal/x/prerequisite-imports as file:///C:/ProgramData/cocos/editors/Creator/3.8.8/resources/resources/3d/engine/editor/assets/default_renderpipeline/builtin-pipeline-settings.ts.
18:18:50.954 debug: Resolve file:///C:/ProgramData/cocos/editors/Creator/3.8.8/resources/resources/3d/engine/editor/assets/default_renderpipeline/builtin-pipeline-types.ts from cce:/internal/x/prerequisite-imports as file:///C:/ProgramData/cocos/editors/Creator/3.8.8/resources/resources/3d/engine/editor/assets/default_renderpipeline/builtin-pipeline-types.ts.
18:18:50.955 debug: Resolve file:///C:/ProgramData/cocos/editors/Creator/3.8.8/resources/resources/3d/engine/editor/assets/default_renderpipeline/builtin-pipeline.ts from cce:/internal/x/prerequisite-imports as file:///C:/ProgramData/cocos/editors/Creator/3.8.8/resources/resources/3d/engine/editor/assets/default_renderpipeline/builtin-pipeline.ts.
18:18:50.957 debug: Resolve file:///C:/ProgramData/cocos/editors/Creator/3.8.8/resources/resources/3d/engine/editor/assets/tools/debug-view-runtime-control.ts from cce:/internal/x/prerequisite-imports as file:///C:/ProgramData/cocos/editors/Creator/3.8.8/resources/resources/3d/engine/editor/assets/tools/debug-view-runtime-control.ts.
18:18:50.958 debug: Resolve file:///D:/GameByself/Cocos/Project1/assets/Scripts/Car.ts from cce:/internal/x/prerequisite-imports as file:///D:/GameByself/Cocos/Project1/assets/Scripts/Car.ts.
18:18:50.958 debug: Detected change: file:///D:/GameByself/Cocos/Project1/assets/Scripts/Car.ts. Last mtime: Mon Aug 31 2026 18:18:12 GMT+0800 (中国标准时间)@5a936fee-f461-43c4-babc-9a428dd9672d, Current mtime: Mon Aug 31 2026 18:18:49 GMT+0800 (中国标准时间)@5a936fee-f461-43c4-babc-9a428dd9672d
18:18:50.958 debug: Inspect file:///D:/GameByself/Cocos/Project1/assets/Scripts/Car.ts
18:18:51.008 debug: transform url: 'file:///D:/GameByself/Cocos/Project1/assets/Scripts/Car.ts' costs: 49.20 ms
18:18:51.009 debug: Resolve cc from file:///D:/GameByself/Cocos/Project1/assets/Scripts/Car.ts as cce:/internal/x/cc.
18:18:51.009 debug: Resolve cc from file:///D:/GameByself/Cocos/Project1/assets/Scripts/Car.ts as cce:/internal/x/cc.
18:18:51.009 debug: Resolve cc from file:///D:/GameByself/Cocos/Project1/assets/Scripts/Car.ts as cce:/internal/x/cc.
18:18:51.029 debug: Target(preview) ends with cost 100.94029999896884ms.
18:22:06.209 debug: Dispatch build request for time accumulated 1 asset changes.
18:22:06.211 debug: Build iteration starts.
Number of accumulated asset changes: 1
Feature changed: false
18:22:06.211 debug: Target(editor) build started.
18:22:06.214 debug: Detected change: cce:/internal/x/prerequisite-imports. Last mtime: Thu Jan 01 1970 11:42:55 GMT+0800 (中国标准时间), Current mtime: Thu Jan 01 1970 11:46:11 GMT+0800 (中国标准时间)
18:22:06.214 debug: Inspect cce:/internal/x/prerequisite-imports
18:22:06.223 debug: transform url: 'cce:/internal/x/prerequisite-imports' costs: 8.70 ms
18:22:06.225 debug: Resolve file:///C:/ProgramData/cocos/editors/Creator/3.8.8/resources/resources/3d/engine/editor/assets/default_renderpipeline/builtin-dof-pass.ts from cce:/internal/x/prerequisite-imports as file:///C:/ProgramData/cocos/editors/Creator/3.8.8/resources/resources/3d/engine/editor/assets/default_renderpipeline/builtin-dof-pass.ts.
18:22:06.227 debug: Resolve file:///C:/ProgramData/cocos/editors/Creator/3.8.8/resources/resources/3d/engine/editor/assets/default_renderpipeline/builtin-pipeline-pass.ts from cce:/internal/x/prerequisite-imports as file:///C:/ProgramData/cocos/editors/Creator/3.8.8/resources/resources/3d/engine/editor/assets/default_renderpipeline/builtin-pipeline-pass.ts.
18:22:06.228 debug: Resolve file:///C:/ProgramData/cocos/editors/Creator/3.8.8/resources/resources/3d/engine/editor/assets/default_renderpipeline/builtin-pipeline-settings.ts from cce:/internal/x/prerequisite-imports as file:///C:/ProgramData/cocos/editors/Creator/3.8.8/resources/resources/3d/engine/editor/assets/default_renderpipeline/builtin-pipeline-settings.ts.
18:22:06.229 debug: Resolve file:///C:/ProgramData/cocos/editors/Creator/3.8.8/resources/resources/3d/engine/editor/assets/default_renderpipeline/builtin-pipeline-types.ts from cce:/internal/x/prerequisite-imports as file:///C:/ProgramData/cocos/editors/Creator/3.8.8/resources/resources/3d/engine/editor/assets/default_renderpipeline/builtin-pipeline-types.ts.
18:22:06.230 debug: Resolve file:///C:/ProgramData/cocos/editors/Creator/3.8.8/resources/resources/3d/engine/editor/assets/default_renderpipeline/builtin-pipeline.ts from cce:/internal/x/prerequisite-imports as file:///C:/ProgramData/cocos/editors/Creator/3.8.8/resources/resources/3d/engine/editor/assets/default_renderpipeline/builtin-pipeline.ts.
18:22:06.230 debug: Resolve file:///C:/ProgramData/cocos/editors/Creator/3.8.8/resources/resources/3d/engine/editor/assets/tools/debug-view-runtime-control.ts from cce:/internal/x/prerequisite-imports as file:///C:/ProgramData/cocos/editors/Creator/3.8.8/resources/resources/3d/engine/editor/assets/tools/debug-view-runtime-control.ts.
18:22:06.231 debug: Resolve file:///D:/GameByself/Cocos/Project1/assets/Scripts/Car.ts from cce:/internal/x/prerequisite-imports as file:///D:/GameByself/Cocos/Project1/assets/Scripts/Car.ts.
18:22:06.231 debug: Detected change: file:///D:/GameByself/Cocos/Project1/assets/Scripts/Car.ts. Last mtime: Mon Aug 31 2026 18:18:49 GMT+0800 (中国标准时间)@5a936fee-f461-43c4-babc-9a428dd9672d, Current mtime: Mon Aug 31 2026 18:22:05 GMT+0800 (中国标准时间)@5a936fee-f461-43c4-babc-9a428dd9672d
18:22:06.231 debug: Inspect file:///D:/GameByself/Cocos/Project1/assets/Scripts/Car.ts
18:22:06.240 debug: We encountered an load error: SyntaxError: C:\Program Files (x86)\CocosDashboard\file:\D:\GameByself\Cocos\Project1\assets\Scripts\Car.ts: Unexpected token (61:4)

  59 |     start() {
  60 |         this.Win_Label.
> 61 |     }
     |     ^
  62 |
  63 |     update(deltaTime: number) {
  64 |         if(!this.Move){return}
18:22:06.263 debug: Target(editor) ends with cost 51.09860000014305ms.
18:22:06.263 debug: Target(preview) build started.
18:22:06.268 debug: Detected change: cce:/internal/x/prerequisite-imports. Last mtime: Thu Jan 01 1970 11:42:55 GMT+0800 (中国标准时间), Current mtime: Thu Jan 01 1970 11:46:11 GMT+0800 (中国标准时间)
18:22:06.268 debug: Inspect cce:/internal/x/prerequisite-imports
18:22:06.290 debug: transform url: 'cce:/internal/x/prerequisite-imports' costs: 21.80 ms
18:22:06.293 debug: Resolve file:///C:/ProgramData/cocos/editors/Creator/3.8.8/resources/resources/3d/engine/editor/assets/default_renderpipeline/builtin-dof-pass.ts from cce:/internal/x/prerequisite-imports as file:///C:/ProgramData/cocos/editors/Creator/3.8.8/resources/resources/3d/engine/editor/assets/default_renderpipeline/builtin-dof-pass.ts.
18:22:06.294 debug: Resolve file:///C:/ProgramData/cocos/editors/Creator/3.8.8/resources/resources/3d/engine/editor/assets/default_renderpipeline/builtin-pipeline-pass.ts from cce:/internal/x/prerequisite-imports as file:///C:/ProgramData/cocos/editors/Creator/3.8.8/resources/resources/3d/engine/editor/assets/default_renderpipeline/builtin-pipeline-pass.ts.
18:22:06.297 debug: Resolve file:///C:/ProgramData/cocos/editors/Creator/3.8.8/resources/resources/3d/engine/editor/assets/default_renderpipeline/builtin-pipeline-settings.ts from cce:/internal/x/prerequisite-imports as file:///C:/ProgramData/cocos/editors/Creator/3.8.8/resources/resources/3d/engine/editor/assets/default_renderpipeline/builtin-pipeline-settings.ts.
18:22:06.298 debug: Resolve file:///C:/ProgramData/cocos/editors/Creator/3.8.8/resources/resources/3d/engine/editor/assets/default_renderpipeline/builtin-pipeline-types.ts from cce:/internal/x/prerequisite-imports as file:///C:/ProgramData/cocos/editors/Creator/3.8.8/resources/resources/3d/engine/editor/assets/default_renderpipeline/builtin-pipeline-types.ts.
18:22:06.300 debug: Resolve file:///C:/ProgramData/cocos/editors/Creator/3.8.8/resources/resources/3d/engine/editor/assets/default_renderpipeline/builtin-pipeline.ts from cce:/internal/x/prerequisite-imports as file:///C:/ProgramData/cocos/editors/Creator/3.8.8/resources/resources/3d/engine/editor/assets/default_renderpipeline/builtin-pipeline.ts.
18:22:06.301 debug: Resolve file:///C:/ProgramData/cocos/editors/Creator/3.8.8/resources/resources/3d/engine/editor/assets/tools/debug-view-runtime-control.ts from cce:/internal/x/prerequisite-imports as file:///C:/ProgramData/cocos/editors/Creator/3.8.8/resources/resources/3d/engine/editor/assets/tools/debug-view-runtime-control.ts.
18:22:06.303 debug: Resolve file:///D:/GameByself/Cocos/Project1/assets/Scripts/Car.ts from cce:/internal/x/prerequisite-imports as file:///D:/GameByself/Cocos/Project1/assets/Scripts/Car.ts.
18:22:06.303 debug: Detected change: file:///D:/GameByself/Cocos/Project1/assets/Scripts/Car.ts. Last mtime: Mon Aug 31 2026 18:18:49 GMT+0800 (中国标准时间)@5a936fee-f461-43c4-babc-9a428dd9672d, Current mtime: Mon Aug 31 2026 18:22:05 GMT+0800 (中国标准时间)@5a936fee-f461-43c4-babc-9a428dd9672d
18:22:06.303 debug: Inspect file:///D:/GameByself/Cocos/Project1/assets/Scripts/Car.ts
18:22:06.317 debug: We encountered an load error: SyntaxError: C:\Program Files (x86)\CocosDashboard\file:\D:\GameByself\Cocos\Project1\assets\Scripts\Car.ts: Unexpected token (61:4)

  59 |     start() {
  60 |         this.Win_Label.
> 61 |     }
     |     ^
  62 |
  63 |     update(deltaTime: number) {
  64 |         if(!this.Move){return}
18:22:06.347 debug: Target(preview) ends with cost 84.02630000002682ms.
18:22:35.357 debug: Dispatch build request for time accumulated 1 asset changes.
18:22:35.361 debug: Build iteration starts.
Number of accumulated asset changes: 1
Feature changed: false
18:22:35.362 debug: Target(editor) build started.
18:22:35.364 debug: Detected change: cce:/internal/x/prerequisite-imports. Last mtime: Thu Jan 01 1970 11:46:11 GMT+0800 (中国标准时间), Current mtime: Thu Jan 01 1970 11:46:40 GMT+0800 (中国标准时间)
18:22:35.364 debug: Inspect cce:/internal/x/prerequisite-imports
18:22:35.372 debug: transform url: 'cce:/internal/x/prerequisite-imports' costs: 8.40 ms
18:22:35.374 debug: Resolve file:///C:/ProgramData/cocos/editors/Creator/3.8.8/resources/resources/3d/engine/editor/assets/default_renderpipeline/builtin-dof-pass.ts from cce:/internal/x/prerequisite-imports as file:///C:/ProgramData/cocos/editors/Creator/3.8.8/resources/resources/3d/engine/editor/assets/default_renderpipeline/builtin-dof-pass.ts.
18:22:35.375 debug: Resolve file:///C:/ProgramData/cocos/editors/Creator/3.8.8/resources/resources/3d/engine/editor/assets/default_renderpipeline/builtin-pipeline-pass.ts from cce:/internal/x/prerequisite-imports as file:///C:/ProgramData/cocos/editors/Creator/3.8.8/resources/resources/3d/engine/editor/assets/default_renderpipeline/builtin-pipeline-pass.ts.
18:22:35.377 debug: Resolve file:///C:/ProgramData/cocos/editors/Creator/3.8.8/resources/resources/3d/engine/editor/assets/default_renderpipeline/builtin-pipeline-settings.ts from cce:/internal/x/prerequisite-imports as file:///C:/ProgramData/cocos/editors/Creator/3.8.8/resources/resources/3d/engine/editor/assets/default_renderpipeline/builtin-pipeline-settings.ts.
18:22:35.377 debug: Resolve file:///C:/ProgramData/cocos/editors/Creator/3.8.8/resources/resources/3d/engine/editor/assets/default_renderpipeline/builtin-pipeline-types.ts from cce:/internal/x/prerequisite-imports as file:///C:/ProgramData/cocos/editors/Creator/3.8.8/resources/resources/3d/engine/editor/assets/default_renderpipeline/builtin-pipeline-types.ts.
18:22:35.378 debug: Resolve file:///C:/ProgramData/cocos/editors/Creator/3.8.8/resources/resources/3d/engine/editor/assets/default_renderpipeline/builtin-pipeline.ts from cce:/internal/x/prerequisite-imports as file:///C:/ProgramData/cocos/editors/Creator/3.8.8/resources/resources/3d/engine/editor/assets/default_renderpipeline/builtin-pipeline.ts.
18:22:35.379 debug: Resolve file:///C:/ProgramData/cocos/editors/Creator/3.8.8/resources/resources/3d/engine/editor/assets/tools/debug-view-runtime-control.ts from cce:/internal/x/prerequisite-imports as file:///C:/ProgramData/cocos/editors/Creator/3.8.8/resources/resources/3d/engine/editor/assets/tools/debug-view-runtime-control.ts.
18:22:35.379 debug: Resolve file:///D:/GameByself/Cocos/Project1/assets/Scripts/Car.ts from cce:/internal/x/prerequisite-imports as file:///D:/GameByself/Cocos/Project1/assets/Scripts/Car.ts.
18:22:35.380 debug: Detected change: file:///D:/GameByself/Cocos/Project1/assets/Scripts/Car.ts. Last mtime: Mon Aug 31 2026 18:22:05 GMT+0800 (中国标准时间)@5a936fee-f461-43c4-babc-9a428dd9672d, Current mtime: Mon Aug 31 2026 18:22:34 GMT+0800 (中国标准时间)@5a936fee-f461-43c4-babc-9a428dd9672d
18:22:35.380 debug: Inspect file:///D:/GameByself/Cocos/Project1/assets/Scripts/Car.ts
18:22:35.412 debug: transform url: 'file:///D:/GameByself/Cocos/Project1/assets/Scripts/Car.ts' costs: 32.40 ms
18:22:35.413 debug: Resolve cc from file:///D:/GameByself/Cocos/Project1/assets/Scripts/Car.ts as cce:/internal/x/cc.
18:22:35.414 debug: Resolve cc from file:///D:/GameByself/Cocos/Project1/assets/Scripts/Car.ts as cce:/internal/x/cc.
18:22:35.414 debug: Resolve cc from file:///D:/GameByself/Cocos/Project1/assets/Scripts/Car.ts as cce:/internal/x/cc.
18:22:35.425 debug: Target(editor) ends with cost 63.41820000112057ms.
18:22:35.425 debug: Target(preview) build started.
18:22:35.429 debug: Detected change: cce:/internal/x/prerequisite-imports. Last mtime: Thu Jan 01 1970 11:46:11 GMT+0800 (中国标准时间), Current mtime: Thu Jan 01 1970 11:46:40 GMT+0800 (中国标准时间)
18:22:35.429 debug: Inspect cce:/internal/x/prerequisite-imports
18:22:35.449 debug: transform url: 'cce:/internal/x/prerequisite-imports' costs: 19.70 ms
18:22:35.453 debug: Resolve file:///C:/ProgramData/cocos/editors/Creator/3.8.8/resources/resources/3d/engine/editor/assets/default_renderpipeline/builtin-dof-pass.ts from cce:/internal/x/prerequisite-imports as file:///C:/ProgramData/cocos/editors/Creator/3.8.8/resources/resources/3d/engine/editor/assets/default_renderpipeline/builtin-dof-pass.ts.
18:22:35.454 debug: Resolve file:///C:/ProgramData/cocos/editors/Creator/3.8.8/resources/resources/3d/engine/editor/assets/default_renderpipeline/builtin-pipeline-pass.ts from cce:/internal/x/prerequisite-imports as file:///C:/ProgramData/cocos/editors/Creator/3.8.8/resources/resources/3d/engine/editor/assets/default_renderpipeline/builtin-pipeline-pass.ts.
18:22:35.456 debug: Resolve file:///C:/ProgramData/cocos/editors/Creator/3.8.8/resources/resources/3d/engine/editor/assets/default_renderpipeline/builtin-pipeline-settings.ts from cce:/internal/x/prerequisite-imports as file:///C:/ProgramData/cocos/editors/Creator/3.8.8/resources/resources/3d/engine/editor/assets/default_renderpipeline/builtin-pipeline-settings.ts.
18:22:35.457 debug: Resolve file:///C:/ProgramData/cocos/editors/Creator/3.8.8/resources/resources/3d/engine/editor/assets/default_renderpipeline/builtin-pipeline-types.ts from cce:/internal/x/prerequisite-imports as file:///C:/ProgramData/cocos/editors/Creator/3.8.8/resources/resources/3d/engine/editor/assets/default_renderpipeline/builtin-pipeline-types.ts.
18:22:35.459 debug: Resolve file:///C:/ProgramData/cocos/editors/Creator/3.8.8/resources/resources/3d/engine/editor/assets/default_renderpipeline/builtin-pipeline.ts from cce:/internal/x/prerequisite-imports as file:///C:/ProgramData/cocos/editors/Creator/3.8.8/resources/resources/3d/engine/editor/assets/default_renderpipeline/builtin-pipeline.ts.
18:22:35.460 debug: Resolve file:///C:/ProgramData/cocos/editors/Creator/3.8.8/resources/resources/3d/engine/editor/assets/tools/debug-view-runtime-control.ts from cce:/internal/x/prerequisite-imports as file:///C:/ProgramData/cocos/editors/Creator/3.8.8/resources/resources/3d/engine/editor/assets/tools/debug-view-runtime-control.ts.
18:22:35.461 debug: Resolve file:///D:/GameByself/Cocos/Project1/assets/Scripts/Car.ts from cce:/internal/x/prerequisite-imports as file:///D:/GameByself/Cocos/Project1/assets/Scripts/Car.ts.
18:22:35.461 debug: Detected change: file:///D:/GameByself/Cocos/Project1/assets/Scripts/Car.ts. Last mtime: Mon Aug 31 2026 18:22:05 GMT+0800 (中国标准时间)@5a936fee-f461-43c4-babc-9a428dd9672d, Current mtime: Mon Aug 31 2026 18:22:34 GMT+0800 (中国标准时间)@5a936fee-f461-43c4-babc-9a428dd9672d
18:22:35.461 debug: Inspect file:///D:/GameByself/Cocos/Project1/assets/Scripts/Car.ts
18:22:35.521 debug: transform url: 'file:///D:/GameByself/Cocos/Project1/assets/Scripts/Car.ts' costs: 59.50 ms
18:22:35.523 debug: Resolve cc from file:///D:/GameByself/Cocos/Project1/assets/Scripts/Car.ts as cce:/internal/x/cc.
18:22:35.523 debug: Resolve cc from file:///D:/GameByself/Cocos/Project1/assets/Scripts/Car.ts as cce:/internal/x/cc.
18:22:35.523 debug: Resolve cc from file:///D:/GameByself/Cocos/Project1/assets/Scripts/Car.ts as cce:/internal/x/cc.
18:22:35.553 debug: Target(preview) ends with cost 127.06140000000596ms.
18:31:48.384 debug: Dispatch build request for time accumulated 1 asset changes.
18:31:48.386 debug: Build iteration starts.
Number of accumulated asset changes: 1
Feature changed: false
18:31:48.386 debug: Target(editor) build started.
18:31:48.389 debug: Detected change: cce:/internal/x/prerequisite-imports. Last mtime: Thu Jan 01 1970 11:46:40 GMT+0800 (中国标准时间), Current mtime: Thu Jan 01 1970 11:55:53 GMT+0800 (中国标准时间)
18:31:48.389 debug: Inspect cce:/internal/x/prerequisite-imports
18:31:48.397 debug: transform url: 'cce:/internal/x/prerequisite-imports' costs: 7.50 ms
18:31:48.399 debug: Resolve file:///C:/ProgramData/cocos/editors/Creator/3.8.8/resources/resources/3d/engine/editor/assets/default_renderpipeline/builtin-dof-pass.ts from cce:/internal/x/prerequisite-imports as file:///C:/ProgramData/cocos/editors/Creator/3.8.8/resources/resources/3d/engine/editor/assets/default_renderpipeline/builtin-dof-pass.ts.
18:31:48.399 debug: Resolve file:///C:/ProgramData/cocos/editors/Creator/3.8.8/resources/resources/3d/engine/editor/assets/default_renderpipeline/builtin-pipeline-pass.ts from cce:/internal/x/prerequisite-imports as file:///C:/ProgramData/cocos/editors/Creator/3.8.8/resources/resources/3d/engine/editor/assets/default_renderpipeline/builtin-pipeline-pass.ts.
18:31:48.400 debug: Resolve file:///C:/ProgramData/cocos/editors/Creator/3.8.8/resources/resources/3d/engine/editor/assets/default_renderpipeline/builtin-pipeline-settings.ts from cce:/internal/x/prerequisite-imports as file:///C:/ProgramData/cocos/editors/Creator/3.8.8/resources/resources/3d/engine/editor/assets/default_renderpipeline/builtin-pipeline-settings.ts.
18:31:48.401 debug: Resolve file:///C:/ProgramData/cocos/editors/Creator/3.8.8/resources/resources/3d/engine/editor/assets/default_renderpipeline/builtin-pipeline-types.ts from cce:/internal/x/prerequisite-imports as file:///C:/ProgramData/cocos/editors/Creator/3.8.8/resources/resources/3d/engine/editor/assets/default_renderpipeline/builtin-pipeline-types.ts.
18:31:48.401 debug: Resolve file:///C:/ProgramData/cocos/editors/Creator/3.8.8/resources/resources/3d/engine/editor/assets/default_renderpipeline/builtin-pipeline.ts from cce:/internal/x/prerequisite-imports as file:///C:/ProgramData/cocos/editors/Creator/3.8.8/resources/resources/3d/engine/editor/assets/default_renderpipeline/builtin-pipeline.ts.
18:31:48.402 debug: Resolve file:///C:/ProgramData/cocos/editors/Creator/3.8.8/resources/resources/3d/engine/editor/assets/tools/debug-view-runtime-control.ts from cce:/internal/x/prerequisite-imports as file:///C:/ProgramData/cocos/editors/Creator/3.8.8/resources/resources/3d/engine/editor/assets/tools/debug-view-runtime-control.ts.
18:31:48.403 debug: Resolve file:///D:/GameByself/Cocos/Project1/assets/Scripts/Car.ts from cce:/internal/x/prerequisite-imports as file:///D:/GameByself/Cocos/Project1/assets/Scripts/Car.ts.
18:31:48.403 debug: Detected change: file:///D:/GameByself/Cocos/Project1/assets/Scripts/Car.ts. Last mtime: Mon Aug 31 2026 18:22:34 GMT+0800 (中国标准时间)@5a936fee-f461-43c4-babc-9a428dd9672d, Current mtime: Mon Aug 31 2026 18:31:47 GMT+0800 (中国标准时间)@5a936fee-f461-43c4-babc-9a428dd9672d
18:31:48.403 debug: Inspect file:///D:/GameByself/Cocos/Project1/assets/Scripts/Car.ts
18:31:48.431 debug: transform url: 'file:///D:/GameByself/Cocos/Project1/assets/Scripts/Car.ts' costs: 28.60 ms
18:31:48.433 debug: Resolve cc from file:///D:/GameByself/Cocos/Project1/assets/Scripts/Car.ts as cce:/internal/x/cc.
18:31:48.433 debug: Resolve cc from file:///D:/GameByself/Cocos/Project1/assets/Scripts/Car.ts as cce:/internal/x/cc.
18:31:48.433 debug: Resolve cc from file:///D:/GameByself/Cocos/Project1/assets/Scripts/Car.ts as cce:/internal/x/cc.
18:31:48.444 debug: Target(editor) ends with cost 58.61710000038147ms.
18:31:48.445 debug: Target(preview) build started.
18:31:48.449 debug: Detected change: cce:/internal/x/prerequisite-imports. Last mtime: Thu Jan 01 1970 11:46:40 GMT+0800 (中国标准时间), Current mtime: Thu Jan 01 1970 11:55:53 GMT+0800 (中国标准时间)
18:31:48.449 debug: Inspect cce:/internal/x/prerequisite-imports
18:31:48.464 debug: transform url: 'cce:/internal/x/prerequisite-imports' costs: 14.50 ms
18:31:48.466 debug: Resolve file:///C:/ProgramData/cocos/editors/Creator/3.8.8/resources/resources/3d/engine/editor/assets/default_renderpipeline/builtin-dof-pass.ts from cce:/internal/x/prerequisite-imports as file:///C:/ProgramData/cocos/editors/Creator/3.8.8/resources/resources/3d/engine/editor/assets/default_renderpipeline/builtin-dof-pass.ts.
18:31:48.468 debug: Resolve file:///C:/ProgramData/cocos/editors/Creator/3.8.8/resources/resources/3d/engine/editor/assets/default_renderpipeline/builtin-pipeline-pass.ts from cce:/internal/x/prerequisite-imports as file:///C:/ProgramData/cocos/editors/Creator/3.8.8/resources/resources/3d/engine/editor/assets/default_renderpipeline/builtin-pipeline-pass.ts.
18:31:48.469 debug: Resolve file:///C:/ProgramData/cocos/editors/Creator/3.8.8/resources/resources/3d/engine/editor/assets/default_renderpipeline/builtin-pipeline-settings.ts from cce:/internal/x/prerequisite-imports as file:///C:/ProgramData/cocos/editors/Creator/3.8.8/resources/resources/3d/engine/editor/assets/default_renderpipeline/builtin-pipeline-settings.ts.
18:31:48.470 debug: Resolve file:///C:/ProgramData/cocos/editors/Creator/3.8.8/resources/resources/3d/engine/editor/assets/default_renderpipeline/builtin-pipeline-types.ts from cce:/internal/x/prerequisite-imports as file:///C:/ProgramData/cocos/editors/Creator/3.8.8/resources/resources/3d/engine/editor/assets/default_renderpipeline/builtin-pipeline-types.ts.
18:31:48.471 debug: Resolve file:///C:/ProgramData/cocos/editors/Creator/3.8.8/resources/resources/3d/engine/editor/assets/default_renderpipeline/builtin-pipeline.ts from cce:/internal/x/prerequisite-imports as file:///C:/ProgramData/cocos/editors/Creator/3.8.8/resources/resources/3d/engine/editor/assets/default_renderpipeline/builtin-pipeline.ts.
18:31:48.472 debug: Resolve file:///C:/ProgramData/cocos/editors/Creator/3.8.8/resources/resources/3d/engine/editor/assets/tools/debug-view-runtime-control.ts from cce:/internal/x/prerequisite-imports as file:///C:/ProgramData/cocos/editors/Creator/3.8.8/resources/resources/3d/engine/editor/assets/tools/debug-view-runtime-control.ts.
18:31:48.474 debug: Resolve file:///D:/GameByself/Cocos/Project1/assets/Scripts/Car.ts from cce:/internal/x/prerequisite-imports as file:///D:/GameByself/Cocos/Project1/assets/Scripts/Car.ts.
18:31:48.474 debug: Detected change: file:///D:/GameByself/Cocos/Project1/assets/Scripts/Car.ts. Last mtime: Mon Aug 31 2026 18:22:34 GMT+0800 (中国标准时间)@5a936fee-f461-43c4-babc-9a428dd9672d, Current mtime: Mon Aug 31 2026 18:31:47 GMT+0800 (中国标准时间)@5a936fee-f461-43c4-babc-9a428dd9672d
18:31:48.474 debug: Inspect file:///D:/GameByself/Cocos/Project1/assets/Scripts/Car.ts
18:31:48.611 debug: transform url: 'file:///D:/GameByself/Cocos/Project1/assets/Scripts/Car.ts' costs: 136.50 ms
18:31:48.614 debug: Resolve cc from file:///D:/GameByself/Cocos/Project1/assets/Scripts/Car.ts as cce:/internal/x/cc.
18:31:48.615 debug: Resolve cc from file:///D:/GameByself/Cocos/Project1/assets/Scripts/Car.ts as cce:/internal/x/cc.
18:31:48.615 debug: Resolve cc from file:///D:/GameByself/Cocos/Project1/assets/Scripts/Car.ts as cce:/internal/x/cc.
18:31:48.635 debug: Target(preview) ends with cost 190.5809000004083ms.
18:32:53.862 debug: Dispatch build request for time accumulated 1 asset changes.
18:32:53.864 debug: Build iteration starts.
Number of accumulated asset changes: 1
Feature changed: false
18:32:53.864 debug: Target(editor) build started.
18:32:53.867 debug: Detected change: cce:/internal/x/prerequisite-imports. Last mtime: Thu Jan 01 1970 11:55:53 GMT+0800 (中国标准时间), Current mtime: Thu Jan 01 1970 11:56:58 GMT+0800 (中国标准时间)
18:32:53.867 debug: Inspect cce:/internal/x/prerequisite-imports
18:32:53.880 debug: transform url: 'cce:/internal/x/prerequisite-imports' costs: 13.40 ms
18:32:53.882 debug: Resolve file:///C:/ProgramData/cocos/editors/Creator/3.8.8/resources/resources/3d/engine/editor/assets/default_renderpipeline/builtin-dof-pass.ts from cce:/internal/x/prerequisite-imports as file:///C:/ProgramData/cocos/editors/Creator/3.8.8/resources/resources/3d/engine/editor/assets/default_renderpipeline/builtin-dof-pass.ts.
18:32:53.883 debug: Resolve file:///C:/ProgramData/cocos/editors/Creator/3.8.8/resources/resources/3d/engine/editor/assets/default_renderpipeline/builtin-pipeline-pass.ts from cce:/internal/x/prerequisite-imports as file:///C:/ProgramData/cocos/editors/Creator/3.8.8/resources/resources/3d/engine/editor/assets/default_renderpipeline/builtin-pipeline-pass.ts.
18:32:53.883 debug: Resolve file:///C:/ProgramData/cocos/editors/Creator/3.8.8/resources/resources/3d/engine/editor/assets/default_renderpipeline/builtin-pipeline-settings.ts from cce:/internal/x/prerequisite-imports as file:///C:/ProgramData/cocos/editors/Creator/3.8.8/resources/resources/3d/engine/editor/assets/default_renderpipeline/builtin-pipeline-settings.ts.
18:32:53.884 debug: Resolve file:///C:/ProgramData/cocos/editors/Creator/3.8.8/resources/resources/3d/engine/editor/assets/default_renderpipeline/builtin-pipeline-types.ts from cce:/internal/x/prerequisite-imports as file:///C:/ProgramData/cocos/editors/Creator/3.8.8/resources/resources/3d/engine/editor/assets/default_renderpipeline/builtin-pipeline-types.ts.
18:32:53.885 debug: Resolve file:///C:/ProgramData/cocos/editors/Creator/3.8.8/resources/resources/3d/engine/editor/assets/default_renderpipeline/builtin-pipeline.ts from cce:/internal/x/prerequisite-imports as file:///C:/ProgramData/cocos/editors/Creator/3.8.8/resources/resources/3d/engine/editor/assets/default_renderpipeline/builtin-pipeline.ts.
18:32:53.885 debug: Resolve file:///C:/ProgramData/cocos/editors/Creator/3.8.8/resources/resources/3d/engine/editor/assets/tools/debug-view-runtime-control.ts from cce:/internal/x/prerequisite-imports as file:///C:/ProgramData/cocos/editors/Creator/3.8.8/resources/resources/3d/engine/editor/assets/tools/debug-view-runtime-control.ts.
18:32:53.886 debug: Resolve file:///D:/GameByself/Cocos/Project1/assets/Scripts/Car.ts from cce:/internal/x/prerequisite-imports as file:///D:/GameByself/Cocos/Project1/assets/Scripts/Car.ts.
18:32:53.886 debug: Detected change: file:///D:/GameByself/Cocos/Project1/assets/Scripts/Car.ts. Last mtime: Mon Aug 31 2026 18:31:47 GMT+0800 (中国标准时间)@5a936fee-f461-43c4-babc-9a428dd9672d, Current mtime: Mon Aug 31 2026 18:32:49 GMT+0800 (中国标准时间)@5a936fee-f461-43c4-babc-9a428dd9672d
18:32:53.886 debug: Inspect file:///D:/GameByself/Cocos/Project1/assets/Scripts/Car.ts
18:32:53.926 debug: transform url: 'file:///D:/GameByself/Cocos/Project1/assets/Scripts/Car.ts' costs: 39.40 ms
18:32:53.927 debug: Resolve cc from file:///D:/GameByself/Cocos/Project1/assets/Scripts/Car.ts as cce:/internal/x/cc.
18:32:53.927 debug: Resolve cc from file:///D:/GameByself/Cocos/Project1/assets/Scripts/Car.ts as cce:/internal/x/cc.
18:32:53.927 debug: Resolve cc from file:///D:/GameByself/Cocos/Project1/assets/Scripts/Car.ts as cce:/internal/x/cc.
18:32:53.936 debug: Target(editor) ends with cost 72.1878999993205ms.
18:32:53.937 debug: Target(preview) build started.
18:32:53.940 debug: Detected change: cce:/internal/x/prerequisite-imports. Last mtime: Thu Jan 01 1970 11:55:53 GMT+0800 (中国标准时间), Current mtime: Thu Jan 01 1970 11:56:58 GMT+0800 (中国标准时间)
18:32:53.940 debug: Inspect cce:/internal/x/prerequisite-imports
18:32:53.964 debug: transform url: 'cce:/internal/x/prerequisite-imports' costs: 23.50 ms
18:32:53.973 debug: Resolve file:///C:/ProgramData/cocos/editors/Creator/3.8.8/resources/resources/3d/engine/editor/assets/default_renderpipeline/builtin-dof-pass.ts from cce:/internal/x/prerequisite-imports as file:///C:/ProgramData/cocos/editors/Creator/3.8.8/resources/resources/3d/engine/editor/assets/default_renderpipeline/builtin-dof-pass.ts.
18:32:53.976 debug: Resolve file:///C:/ProgramData/cocos/editors/Creator/3.8.8/resources/resources/3d/engine/editor/assets/default_renderpipeline/builtin-pipeline-pass.ts from cce:/internal/x/prerequisite-imports as file:///C:/ProgramData/cocos/editors/Creator/3.8.8/resources/resources/3d/engine/editor/assets/default_renderpipeline/builtin-pipeline-pass.ts.
18:32:53.978 debug: Resolve file:///C:/ProgramData/cocos/editors/Creator/3.8.8/resources/resources/3d/engine/editor/assets/default_renderpipeline/builtin-pipeline-settings.ts from cce:/internal/x/prerequisite-imports as file:///C:/ProgramData/cocos/editors/Creator/3.8.8/resources/resources/3d/engine/editor/assets/default_renderpipeline/builtin-pipeline-settings.ts.
18:32:53.979 debug: Resolve file:///C:/ProgramData/cocos/editors/Creator/3.8.8/resources/resources/3d/engine/editor/assets/default_renderpipeline/builtin-pipeline-types.ts from cce:/internal/x/prerequisite-imports as file:///C:/ProgramData/cocos/editors/Creator/3.8.8/resources/resources/3d/engine/editor/assets/default_renderpipeline/builtin-pipeline-types.ts.
18:32:53.981 debug: Resolve file:///C:/ProgramData/cocos/editors/Creator/3.8.8/resources/resources/3d/engine/editor/assets/default_renderpipeline/builtin-pipeline.ts from cce:/internal/x/prerequisite-imports as file:///C:/ProgramData/cocos/editors/Creator/3.8.8/resources/resources/3d/engine/editor/assets/default_renderpipeline/builtin-pipeline.ts.
18:32:53.982 debug: Resolve file:///C:/ProgramData/cocos/editors/Creator/3.8.8/resources/resources/3d/engine/editor/assets/tools/debug-view-runtime-control.ts from cce:/internal/x/prerequisite-imports as file:///C:/ProgramData/cocos/editors/Creator/3.8.8/resources/resources/3d/engine/editor/assets/tools/debug-view-runtime-control.ts.
18:32:53.984 debug: Resolve file:///D:/GameByself/Cocos/Project1/assets/Scripts/Car.ts from cce:/internal/x/prerequisite-imports as file:///D:/GameByself/Cocos/Project1/assets/Scripts/Car.ts.
18:32:53.984 debug: Detected change: file:///D:/GameByself/Cocos/Project1/assets/Scripts/Car.ts. Last mtime: Mon Aug 31 2026 18:31:47 GMT+0800 (中国标准时间)@5a936fee-f461-43c4-babc-9a428dd9672d, Current mtime: Mon Aug 31 2026 18:32:49 GMT+0800 (中国标准时间)@5a936fee-f461-43c4-babc-9a428dd9672d
18:32:53.984 debug: Inspect file:///D:/GameByself/Cocos/Project1/assets/Scripts/Car.ts
18:32:54.043 debug: transform url: 'file:///D:/GameByself/Cocos/Project1/assets/Scripts/Car.ts' costs: 59.20 ms
18:32:54.045 debug: Resolve cc from file:///D:/GameByself/Cocos/Project1/assets/Scripts/Car.ts as cce:/internal/x/cc.
18:32:54.045 debug: Resolve cc from file:///D:/GameByself/Cocos/Project1/assets/Scripts/Car.ts as cce:/internal/x/cc.
18:32:54.045 debug: Resolve cc from file:///D:/GameByself/Cocos/Project1/assets/Scripts/Car.ts as cce:/internal/x/cc.
18:32:54.058 debug: Target(preview) ends with cost 121.51060000061989ms.
20:18:34.285 debug: Dispatch build request for time accumulated 1 asset changes.
20:18:34.291 debug: Build iteration starts.
Number of accumulated asset changes: 1
Feature changed: false
20:18:34.292 debug: Target(editor) build started.
20:18:34.297 debug: Detected change: cce:/internal/x/prerequisite-imports. Last mtime: Thu Jan 01 1970 11:56:58 GMT+0800 (中国标准时间), Current mtime: Thu Jan 01 1970 13:42:39 GMT+0800 (中国标准时间)
20:18:34.297 debug: Inspect cce:/internal/x/prerequisite-imports
20:18:34.330 debug: transform url: 'cce:/internal/x/prerequisite-imports' costs: 33.00 ms
20:18:34.333 debug: Resolve file:///C:/ProgramData/cocos/editors/Creator/3.8.8/resources/resources/3d/engine/editor/assets/default_renderpipeline/builtin-dof-pass.ts from cce:/internal/x/prerequisite-imports as file:///C:/ProgramData/cocos/editors/Creator/3.8.8/resources/resources/3d/engine/editor/assets/default_renderpipeline/builtin-dof-pass.ts.
20:18:34.334 debug: Resolve file:///C:/ProgramData/cocos/editors/Creator/3.8.8/resources/resources/3d/engine/editor/assets/default_renderpipeline/builtin-pipeline-pass.ts from cce:/internal/x/prerequisite-imports as file:///C:/ProgramData/cocos/editors/Creator/3.8.8/resources/resources/3d/engine/editor/assets/default_renderpipeline/builtin-pipeline-pass.ts.
20:18:34.334 debug: Resolve file:///C:/ProgramData/cocos/editors/Creator/3.8.8/resources/resources/3d/engine/editor/assets/default_renderpipeline/builtin-pipeline-settings.ts from cce:/internal/x/prerequisite-imports as file:///C:/ProgramData/cocos/editors/Creator/3.8.8/resources/resources/3d/engine/editor/assets/default_renderpipeline/builtin-pipeline-settings.ts.
20:18:34.335 debug: Resolve file:///C:/ProgramData/cocos/editors/Creator/3.8.8/resources/resources/3d/engine/editor/assets/default_renderpipeline/builtin-pipeline-types.ts from cce:/internal/x/prerequisite-imports as file:///C:/ProgramData/cocos/editors/Creator/3.8.8/resources/resources/3d/engine/editor/assets/default_renderpipeline/builtin-pipeline-types.ts.
20:18:34.336 debug: Resolve file:///C:/ProgramData/cocos/editors/Creator/3.8.8/resources/resources/3d/engine/editor/assets/default_renderpipeline/builtin-pipeline.ts from cce:/internal/x/prerequisite-imports as file:///C:/ProgramData/cocos/editors/Creator/3.8.8/resources/resources/3d/engine/editor/assets/default_renderpipeline/builtin-pipeline.ts.
20:18:34.337 debug: Resolve file:///C:/ProgramData/cocos/editors/Creator/3.8.8/resources/resources/3d/engine/editor/assets/tools/debug-view-runtime-control.ts from cce:/internal/x/prerequisite-imports as file:///C:/ProgramData/cocos/editors/Creator/3.8.8/resources/resources/3d/engine/editor/assets/tools/debug-view-runtime-control.ts.
20:18:34.338 debug: Resolve file:///D:/GameByself/Cocos/Project1/assets/Scripts/Car.ts from cce:/internal/x/prerequisite-imports as file:///D:/GameByself/Cocos/Project1/assets/Scripts/Car.ts.
20:18:34.338 debug: Detected change: file:///D:/GameByself/Cocos/Project1/assets/Scripts/Car.ts. Last mtime: Mon Aug 31 2026 18:32:49 GMT+0800 (中国标准时间)@5a936fee-f461-43c4-babc-9a428dd9672d, Current mtime: Mon Aug 31 2026 20:18:33 GMT+0800 (中国标准时间)@5a936fee-f461-43c4-babc-9a428dd9672d
20:18:34.338 debug: Inspect file:///D:/GameByself/Cocos/Project1/assets/Scripts/Car.ts
20:18:34.384 debug: transform url: 'file:///D:/GameByself/Cocos/Project1/assets/Scripts/Car.ts' costs: 45.50 ms
20:18:34.385 debug: Resolve cc from file:///D:/GameByself/Cocos/Project1/assets/Scripts/Car.ts as cce:/internal/x/cc.
20:18:34.385 debug: Resolve cc from file:///D:/GameByself/Cocos/Project1/assets/Scripts/Car.ts as cce:/internal/x/cc.
20:18:34.385 debug: Resolve cc from file:///D:/GameByself/Cocos/Project1/assets/Scripts/Car.ts as cce:/internal/x/cc.
20:18:34.396 debug: Target(editor) ends with cost 103.70289999991655ms.
20:18:34.397 debug: Target(preview) build started.
20:18:34.400 debug: Detected change: cce:/internal/x/prerequisite-imports. Last mtime: Thu Jan 01 1970 11:56:58 GMT+0800 (中国标准时间), Current mtime: Thu Jan 01 1970 13:42:39 GMT+0800 (中国标准时间)
20:18:34.400 debug: Inspect cce:/internal/x/prerequisite-imports
20:18:34.422 debug: transform url: 'cce:/internal/x/prerequisite-imports' costs: 21.60 ms
20:18:34.426 debug: Resolve file:///C:/ProgramData/cocos/editors/Creator/3.8.8/resources/resources/3d/engine/editor/assets/default_renderpipeline/builtin-dof-pass.ts from cce:/internal/x/prerequisite-imports as file:///C:/ProgramData/cocos/editors/Creator/3.8.8/resources/resources/3d/engine/editor/assets/default_renderpipeline/builtin-dof-pass.ts.
20:18:34.428 debug: Resolve file:///C:/ProgramData/cocos/editors/Creator/3.8.8/resources/resources/3d/engine/editor/assets/default_renderpipeline/builtin-pipeline-pass.ts from cce:/internal/x/prerequisite-imports as file:///C:/ProgramData/cocos/editors/Creator/3.8.8/resources/resources/3d/engine/editor/assets/default_renderpipeline/builtin-pipeline-pass.ts.
20:18:34.432 debug: Resolve file:///C:/ProgramData/cocos/editors/Creator/3.8.8/resources/resources/3d/engine/editor/assets/default_renderpipeline/builtin-pipeline-settings.ts from cce:/internal/x/prerequisite-imports as file:///C:/ProgramData/cocos/editors/Creator/3.8.8/resources/resources/3d/engine/editor/assets/default_renderpipeline/builtin-pipeline-settings.ts.
20:18:34.434 debug: Resolve file:///C:/ProgramData/cocos/editors/Creator/3.8.8/resources/resources/3d/engine/editor/assets/default_renderpipeline/builtin-pipeline-types.ts from cce:/internal/x/prerequisite-imports as file:///C:/ProgramData/cocos/editors/Creator/3.8.8/resources/resources/3d/engine/editor/assets/default_renderpipeline/builtin-pipeline-types.ts.
20:18:34.435 debug: Resolve file:///C:/ProgramData/cocos/editors/Creator/3.8.8/resources/resources/3d/engine/editor/assets/default_renderpipeline/builtin-pipeline.ts from cce:/internal/x/prerequisite-imports as file:///C:/ProgramData/cocos/editors/Creator/3.8.8/resources/resources/3d/engine/editor/assets/default_renderpipeline/builtin-pipeline.ts.
20:18:34.437 debug: Resolve file:///C:/ProgramData/cocos/editors/Creator/3.8.8/resources/resources/3d/engine/editor/assets/tools/debug-view-runtime-control.ts from cce:/internal/x/prerequisite-imports as file:///C:/ProgramData/cocos/editors/Creator/3.8.8/resources/resources/3d/engine/editor/assets/tools/debug-view-runtime-control.ts.
20:18:34.439 debug: Resolve file:///D:/GameByself/Cocos/Project1/assets/Scripts/Car.ts from cce:/internal/x/prerequisite-imports as file:///D:/GameByself/Cocos/Project1/assets/Scripts/Car.ts.
20:18:34.439 debug: Detected change: file:///D:/GameByself/Cocos/Project1/assets/Scripts/Car.ts. Last mtime: Mon Aug 31 2026 18:32:49 GMT+0800 (中国标准时间)@5a936fee-f461-43c4-babc-9a428dd9672d, Current mtime: Mon Aug 31 2026 20:18:33 GMT+0800 (中国标准时间)@5a936fee-f461-43c4-babc-9a428dd9672d
20:18:34.439 debug: Inspect file:///D:/GameByself/Cocos/Project1/assets/Scripts/Car.ts
20:18:34.490 debug: transform url: 'file:///D:/GameByself/Cocos/Project1/assets/Scripts/Car.ts' costs: 51.40 ms
20:18:34.493 debug: Resolve cc from file:///D:/GameByself/Cocos/Project1/assets/Scripts/Car.ts as cce:/internal/x/cc.
20:18:34.493 debug: Resolve cc from file:///D:/GameByself/Cocos/Project1/assets/Scripts/Car.ts as cce:/internal/x/cc.
20:18:34.493 debug: Resolve cc from file:///D:/GameByself/Cocos/Project1/assets/Scripts/Car.ts as cce:/internal/x/cc.
20:18:34.514 debug: Target(preview) ends with cost 116.8572999984026ms.
20:20:17.059 debug: Dispatch build request for time accumulated 1 asset changes.
20:20:17.061 debug: Build iteration starts.
Number of accumulated asset changes: 1
Feature changed: false
20:20:17.061 debug: Target(editor) build started.
20:20:17.064 debug: Detected change: cce:/internal/x/prerequisite-imports. Last mtime: Thu Jan 01 1970 13:42:39 GMT+0800 (中国标准时间), Current mtime: Thu Jan 01 1970 13:44:22 GMT+0800 (中国标准时间)
20:20:17.064 debug: Inspect cce:/internal/x/prerequisite-imports
20:20:17.074 debug: transform url: 'cce:/internal/x/prerequisite-imports' costs: 10.40 ms
20:20:17.077 debug: Resolve file:///C:/ProgramData/cocos/editors/Creator/3.8.8/resources/resources/3d/engine/editor/assets/default_renderpipeline/builtin-dof-pass.ts from cce:/internal/x/prerequisite-imports as file:///C:/ProgramData/cocos/editors/Creator/3.8.8/resources/resources/3d/engine/editor/assets/default_renderpipeline/builtin-dof-pass.ts.
20:20:17.078 debug: Resolve file:///C:/ProgramData/cocos/editors/Creator/3.8.8/resources/resources/3d/engine/editor/assets/default_renderpipeline/builtin-pipeline-pass.ts from cce:/internal/x/prerequisite-imports as file:///C:/ProgramData/cocos/editors/Creator/3.8.8/resources/resources/3d/engine/editor/assets/default_renderpipeline/builtin-pipeline-pass.ts.
20:20:17.078 debug: Resolve file:///C:/ProgramData/cocos/editors/Creator/3.8.8/resources/resources/3d/engine/editor/assets/default_renderpipeline/builtin-pipeline-settings.ts from cce:/internal/x/prerequisite-imports as file:///C:/ProgramData/cocos/editors/Creator/3.8.8/resources/resources/3d/engine/editor/assets/default_renderpipeline/builtin-pipeline-settings.ts.
20:20:17.079 debug: Resolve file:///C:/ProgramData/cocos/editors/Creator/3.8.8/resources/resources/3d/engine/editor/assets/default_renderpipeline/builtin-pipeline-types.ts from cce:/internal/x/prerequisite-imports as file:///C:/ProgramData/cocos/editors/Creator/3.8.8/resources/resources/3d/engine/editor/assets/default_renderpipeline/builtin-pipeline-types.ts.
20:20:17.080 debug: Resolve file:///C:/ProgramData/cocos/editors/Creator/3.8.8/resources/resources/3d/engine/editor/assets/default_renderpipeline/builtin-pipeline.ts from cce:/internal/x/prerequisite-imports as file:///C:/ProgramData/cocos/editors/Creator/3.8.8/resources/resources/3d/engine/editor/assets/default_renderpipeline/builtin-pipeline.ts.
20:20:17.081 debug: Resolve file:///C:/ProgramData/cocos/editors/Creator/3.8.8/resources/resources/3d/engine/editor/assets/tools/debug-view-runtime-control.ts from cce:/internal/x/prerequisite-imports as file:///C:/ProgramData/cocos/editors/Creator/3.8.8/resources/resources/3d/engine/editor/assets/tools/debug-view-runtime-control.ts.
20:20:17.082 debug: Resolve file:///D:/GameByself/Cocos/Project1/assets/Scripts/Car.ts from cce:/internal/x/prerequisite-imports as file:///D:/GameByself/Cocos/Project1/assets/Scripts/Car.ts.
20:20:17.082 debug: Detected change: file:///D:/GameByself/Cocos/Project1/assets/Scripts/Car.ts. Last mtime: Mon Aug 31 2026 20:18:33 GMT+0800 (中国标准时间)@5a936fee-f461-43c4-babc-9a428dd9672d, Current mtime: Mon Aug 31 2026 20:19:52 GMT+0800 (中国标准时间)@5a936fee-f461-43c4-babc-9a428dd9672d
20:20:17.082 debug: Inspect file:///D:/GameByself/Cocos/Project1/assets/Scripts/Car.ts
20:20:17.124 debug: transform url: 'file:///D:/GameByself/Cocos/Project1/assets/Scripts/Car.ts' costs: 41.50 ms
20:20:17.126 debug: Resolve cc from file:///D:/GameByself/Cocos/Project1/assets/Scripts/Car.ts as cce:/internal/x/cc.
20:20:17.126 debug: Resolve cc from file:///D:/GameByself/Cocos/Project1/assets/Scripts/Car.ts as cce:/internal/x/cc.
20:20:17.126 debug: Resolve cc from file:///D:/GameByself/Cocos/Project1/assets/Scripts/Car.ts as cce:/internal/x/cc.
20:20:17.139 debug: Target(editor) ends with cost 77.05310000106692ms.
20:20:17.139 debug: Target(preview) build started.
20:20:17.144 debug: Detected change: cce:/internal/x/prerequisite-imports. Last mtime: Thu Jan 01 1970 13:42:39 GMT+0800 (中国标准时间), Current mtime: Thu Jan 01 1970 13:44:22 GMT+0800 (中国标准时间)
20:20:17.144 debug: Inspect cce:/internal/x/prerequisite-imports
20:20:17.161 debug: transform url: 'cce:/internal/x/prerequisite-imports' costs: 17.70 ms
20:20:17.164 debug: Resolve file:///C:/ProgramData/cocos/editors/Creator/3.8.8/resources/resources/3d/engine/editor/assets/default_renderpipeline/builtin-dof-pass.ts from cce:/internal/x/prerequisite-imports as file:///C:/ProgramData/cocos/editors/Creator/3.8.8/resources/resources/3d/engine/editor/assets/default_renderpipeline/builtin-dof-pass.ts.
20:20:17.166 debug: Resolve file:///C:/ProgramData/cocos/editors/Creator/3.8.8/resources/resources/3d/engine/editor/assets/default_renderpipeline/builtin-pipeline-pass.ts from cce:/internal/x/prerequisite-imports as file:///C:/ProgramData/cocos/editors/Creator/3.8.8/resources/resources/3d/engine/editor/assets/default_renderpipeline/builtin-pipeline-pass.ts.
20:20:17.169 debug: Resolve file:///C:/ProgramData/cocos/editors/Creator/3.8.8/resources/resources/3d/engine/editor/assets/default_renderpipeline/builtin-pipeline-settings.ts from cce:/internal/x/prerequisite-imports as file:///C:/ProgramData/cocos/editors/Creator/3.8.8/resources/resources/3d/engine/editor/assets/default_renderpipeline/builtin-pipeline-settings.ts.
20:20:17.171 debug: Resolve file:///C:/ProgramData/cocos/editors/Creator/3.8.8/resources/resources/3d/engine/editor/assets/default_renderpipeline/builtin-pipeline-types.ts from cce:/internal/x/prerequisite-imports as file:///C:/ProgramData/cocos/editors/Creator/3.8.8/resources/resources/3d/engine/editor/assets/default_renderpipeline/builtin-pipeline-types.ts.
20:20:17.173 debug: Resolve file:///C:/ProgramData/cocos/editors/Creator/3.8.8/resources/resources/3d/engine/editor/assets/default_renderpipeline/builtin-pipeline.ts from cce:/internal/x/prerequisite-imports as file:///C:/ProgramData/cocos/editors/Creator/3.8.8/resources/resources/3d/engine/editor/assets/default_renderpipeline/builtin-pipeline.ts.
20:20:17.174 debug: Resolve file:///C:/ProgramData/cocos/editors/Creator/3.8.8/resources/resources/3d/engine/editor/assets/tools/debug-view-runtime-control.ts from cce:/internal/x/prerequisite-imports as file:///C:/ProgramData/cocos/editors/Creator/3.8.8/resources/resources/3d/engine/editor/assets/tools/debug-view-runtime-control.ts.
20:20:17.175 debug: Resolve file:///D:/GameByself/Cocos/Project1/assets/Scripts/Car.ts from cce:/internal/x/prerequisite-imports as file:///D:/GameByself/Cocos/Project1/assets/Scripts/Car.ts.
20:20:17.176 debug: Detected change: file:///D:/GameByself/Cocos/Project1/assets/Scripts/Car.ts. Last mtime: Mon Aug 31 2026 20:18:33 GMT+0800 (中国标准时间)@5a936fee-f461-43c4-babc-9a428dd9672d, Current mtime: Mon Aug 31 2026 20:19:52 GMT+0800 (中国标准时间)@5a936fee-f461-43c4-babc-9a428dd9672d
20:20:17.176 debug: Inspect file:///D:/GameByself/Cocos/Project1/assets/Scripts/Car.ts
20:20:17.278 debug: transform url: 'file:///D:/GameByself/Cocos/Project1/assets/Scripts/Car.ts' costs: 102.20 ms
20:20:17.280 debug: Resolve cc from file:///D:/GameByself/Cocos/Project1/assets/Scripts/Car.ts as cce:/internal/x/cc.
20:20:17.280 debug: Resolve cc from file:///D:/GameByself/Cocos/Project1/assets/Scripts/Car.ts as cce:/internal/x/cc.
20:20:17.281 debug: Resolve cc from file:///D:/GameByself/Cocos/Project1/assets/Scripts/Car.ts as cce:/internal/x/cc.
20:20:17.298 debug: Target(preview) ends with cost 159.42340000346303ms.
20:20:52.457 debug: Dispatch build request for time accumulated 1 asset changes.
20:20:52.459 debug: Build iteration starts.
Number of accumulated asset changes: 1
Feature changed: false
20:20:52.459 debug: Target(editor) build started.
20:20:52.462 debug: Detected change: cce:/internal/x/prerequisite-imports. Last mtime: Thu Jan 01 1970 13:44:22 GMT+0800 (中国标准时间), Current mtime: Thu Jan 01 1970 13:44:57 GMT+0800 (中国标准时间)
20:20:52.462 debug: Inspect cce:/internal/x/prerequisite-imports
20:20:52.472 debug: transform url: 'cce:/internal/x/prerequisite-imports' costs: 10.40 ms
20:20:52.475 debug: Resolve file:///C:/ProgramData/cocos/editors/Creator/3.8.8/resources/resources/3d/engine/editor/assets/default_renderpipeline/builtin-dof-pass.ts from cce:/internal/x/prerequisite-imports as file:///C:/ProgramData/cocos/editors/Creator/3.8.8/resources/resources/3d/engine/editor/assets/default_renderpipeline/builtin-dof-pass.ts.
20:20:52.477 debug: Resolve file:///C:/ProgramData/cocos/editors/Creator/3.8.8/resources/resources/3d/engine/editor/assets/default_renderpipeline/builtin-pipeline-pass.ts from cce:/internal/x/prerequisite-imports as file:///C:/ProgramData/cocos/editors/Creator/3.8.8/resources/resources/3d/engine/editor/assets/default_renderpipeline/builtin-pipeline-pass.ts.
20:20:52.477 debug: Resolve file:///C:/ProgramData/cocos/editors/Creator/3.8.8/resources/resources/3d/engine/editor/assets/default_renderpipeline/builtin-pipeline-settings.ts from cce:/internal/x/prerequisite-imports as file:///C:/ProgramData/cocos/editors/Creator/3.8.8/resources/resources/3d/engine/editor/assets/default_renderpipeline/builtin-pipeline-settings.ts.
20:20:52.478 debug: Resolve file:///C:/ProgramData/cocos/editors/Creator/3.8.8/resources/resources/3d/engine/editor/assets/default_renderpipeline/builtin-pipeline-types.ts from cce:/internal/x/prerequisite-imports as file:///C:/ProgramData/cocos/editors/Creator/3.8.8/resources/resources/3d/engine/editor/assets/default_renderpipeline/builtin-pipeline-types.ts.
20:20:52.479 debug: Resolve file:///C:/ProgramData/cocos/editors/Creator/3.8.8/resources/resources/3d/engine/editor/assets/default_renderpipeline/builtin-pipeline.ts from cce:/internal/x/prerequisite-imports as file:///C:/ProgramData/cocos/editors/Creator/3.8.8/resources/resources/3d/engine/editor/assets/default_renderpipeline/builtin-pipeline.ts.
20:20:52.480 debug: Resolve file:///C:/ProgramData/cocos/editors/Creator/3.8.8/resources/resources/3d/engine/editor/assets/tools/debug-view-runtime-control.ts from cce:/internal/x/prerequisite-imports as file:///C:/ProgramData/cocos/editors/Creator/3.8.8/resources/resources/3d/engine/editor/assets/tools/debug-view-runtime-control.ts.
20:20:52.481 debug: Resolve file:///D:/GameByself/Cocos/Project1/assets/Scripts/Car.ts from cce:/internal/x/prerequisite-imports as file:///D:/GameByself/Cocos/Project1/assets/Scripts/Car.ts.
20:20:52.481 debug: Detected change: file:///D:/GameByself/Cocos/Project1/assets/Scripts/Car.ts. Last mtime: Mon Aug 31 2026 20:19:52 GMT+0800 (中国标准时间)@5a936fee-f461-43c4-babc-9a428dd9672d, Current mtime: Mon Aug 31 2026 20:20:50 GMT+0800 (中国标准时间)@5a936fee-f461-43c4-babc-9a428dd9672d
20:20:52.481 debug: Inspect file:///D:/GameByself/Cocos/Project1/assets/Scripts/Car.ts
20:20:52.524 debug: transform url: 'file:///D:/GameByself/Cocos/Project1/assets/Scripts/Car.ts' costs: 43.10 ms
20:20:52.526 debug: Resolve cc from file:///D:/GameByself/Cocos/Project1/assets/Scripts/Car.ts as cce:/internal/x/cc.
20:20:52.526 debug: Resolve cc from file:///D:/GameByself/Cocos/Project1/assets/Scripts/Car.ts as cce:/internal/x/cc.
20:20:52.527 debug: Resolve cc from file:///D:/GameByself/Cocos/Project1/assets/Scripts/Car.ts as cce:/internal/x/cc.
20:20:52.538 debug: Target(editor) ends with cost 78.78270000219345ms.
20:20:52.539 debug: Target(preview) build started.
20:20:52.542 debug: Detected change: cce:/internal/x/prerequisite-imports. Last mtime: Thu Jan 01 1970 13:44:22 GMT+0800 (中国标准时间), Current mtime: Thu Jan 01 1970 13:44:57 GMT+0800 (中国标准时间)
20:20:52.542 debug: Inspect cce:/internal/x/prerequisite-imports
20:20:52.561 debug: transform url: 'cce:/internal/x/prerequisite-imports' costs: 18.80 ms
20:20:52.565 debug: Resolve file:///C:/ProgramData/cocos/editors/Creator/3.8.8/resources/resources/3d/engine/editor/assets/default_renderpipeline/builtin-dof-pass.ts from cce:/internal/x/prerequisite-imports as file:///C:/ProgramData/cocos/editors/Creator/3.8.8/resources/resources/3d/engine/editor/assets/default_renderpipeline/builtin-dof-pass.ts.
20:20:52.566 debug: Resolve file:///C:/ProgramData/cocos/editors/Creator/3.8.8/resources/resources/3d/engine/editor/assets/default_renderpipeline/builtin-pipeline-pass.ts from cce:/internal/x/prerequisite-imports as file:///C:/ProgramData/cocos/editors/Creator/3.8.8/resources/resources/3d/engine/editor/assets/default_renderpipeline/builtin-pipeline-pass.ts.
20:20:52.567 debug: Resolve file:///C:/ProgramData/cocos/editors/Creator/3.8.8/resources/resources/3d/engine/editor/assets/default_renderpipeline/builtin-pipeline-settings.ts from cce:/internal/x/prerequisite-imports as file:///C:/ProgramData/cocos/editors/Creator/3.8.8/resources/resources/3d/engine/editor/assets/default_renderpipeline/builtin-pipeline-settings.ts.
20:20:52.569 debug: Resolve file:///C:/ProgramData/cocos/editors/Creator/3.8.8/resources/resources/3d/engine/editor/assets/default_renderpipeline/builtin-pipeline-types.ts from cce:/internal/x/prerequisite-imports as file:///C:/ProgramData/cocos/editors/Creator/3.8.8/resources/resources/3d/engine/editor/assets/default_renderpipeline/builtin-pipeline-types.ts.
20:20:52.571 debug: Resolve file:///C:/ProgramData/cocos/editors/Creator/3.8.8/resources/resources/3d/engine/editor/assets/default_renderpipeline/builtin-pipeline.ts from cce:/internal/x/prerequisite-imports as file:///C:/ProgramData/cocos/editors/Creator/3.8.8/resources/resources/3d/engine/editor/assets/default_renderpipeline/builtin-pipeline.ts.
20:20:52.572 debug: Resolve file:///C:/ProgramData/cocos/editors/Creator/3.8.8/resources/resources/3d/engine/editor/assets/tools/debug-view-runtime-control.ts from cce:/internal/x/prerequisite-imports as file:///C:/ProgramData/cocos/editors/Creator/3.8.8/resources/resources/3d/engine/editor/assets/tools/debug-view-runtime-control.ts.
20:20:52.574 debug: Resolve file:///D:/GameByself/Cocos/Project1/assets/Scripts/Car.ts from cce:/internal/x/prerequisite-imports as file:///D:/GameByself/Cocos/Project1/assets/Scripts/Car.ts.
20:20:52.574 debug: Detected change: file:///D:/GameByself/Cocos/Project1/assets/Scripts/Car.ts. Last mtime: Mon Aug 31 2026 20:19:52 GMT+0800 (中国标准时间)@5a936fee-f461-43c4-babc-9a428dd9672d, Current mtime: Mon Aug 31 2026 20:20:50 GMT+0800 (中国标准时间)@5a936fee-f461-43c4-babc-9a428dd9672d
20:20:52.574 debug: Inspect file:///D:/GameByself/Cocos/Project1/assets/Scripts/Car.ts
20:20:52.630 debug: transform url: 'file:///D:/GameByself/Cocos/Project1/assets/Scripts/Car.ts' costs: 55.70 ms
20:20:52.633 debug: Resolve cc from file:///D:/GameByself/Cocos/Project1/assets/Scripts/Car.ts as cce:/internal/x/cc.
20:20:52.633 debug: Resolve cc from file:///D:/GameByself/Cocos/Project1/assets/Scripts/Car.ts as cce:/internal/x/cc.
20:20:52.633 debug: Resolve cc from file:///D:/GameByself/Cocos/Project1/assets/Scripts/Car.ts as cce:/internal/x/cc.
20:20:52.655 debug: Target(preview) ends with cost 116.4299000017345ms.
20:23:06.918 debug: Dispatch build request for time accumulated 1 asset changes.
20:23:06.919 debug: Build iteration starts.
Number of accumulated asset changes: 1
Feature changed: false
20:23:06.919 debug: Target(editor) build started.
20:23:06.922 debug: Detected change: cce:/internal/x/prerequisite-imports. Last mtime: Thu Jan 01 1970 13:44:57 GMT+0800 (中国标准时间), Current mtime: Thu Jan 01 1970 13:47:11 GMT+0800 (中国标准时间)
20:23:06.922 debug: Inspect cce:/internal/x/prerequisite-imports
20:23:06.934 debug: transform url: 'cce:/internal/x/prerequisite-imports' costs: 11.70 ms
20:23:06.935 debug: Resolve file:///C:/ProgramData/cocos/editors/Creator/3.8.8/resources/resources/3d/engine/editor/assets/default_renderpipeline/builtin-dof-pass.ts from cce:/internal/x/prerequisite-imports as file:///C:/ProgramData/cocos/editors/Creator/3.8.8/resources/resources/3d/engine/editor/assets/default_renderpipeline/builtin-dof-pass.ts.
20:23:06.936 debug: Resolve file:///C:/ProgramData/cocos/editors/Creator/3.8.8/resources/resources/3d/engine/editor/assets/default_renderpipeline/builtin-pipeline-pass.ts from cce:/internal/x/prerequisite-imports as file:///C:/ProgramData/cocos/editors/Creator/3.8.8/resources/resources/3d/engine/editor/assets/default_renderpipeline/builtin-pipeline-pass.ts.
20:23:06.937 debug: Resolve file:///C:/ProgramData/cocos/editors/Creator/3.8.8/resources/resources/3d/engine/editor/assets/default_renderpipeline/builtin-pipeline-settings.ts from cce:/internal/x/prerequisite-imports as file:///C:/ProgramData/cocos/editors/Creator/3.8.8/resources/resources/3d/engine/editor/assets/default_renderpipeline/builtin-pipeline-settings.ts.
20:23:06.937 debug: Resolve file:///C:/ProgramData/cocos/editors/Creator/3.8.8/resources/resources/3d/engine/editor/assets/default_renderpipeline/builtin-pipeline-types.ts from cce:/internal/x/prerequisite-imports as file:///C:/ProgramData/cocos/editors/Creator/3.8.8/resources/resources/3d/engine/editor/assets/default_renderpipeline/builtin-pipeline-types.ts.
20:23:06.938 debug: Resolve file:///C:/ProgramData/cocos/editors/Creator/3.8.8/resources/resources/3d/engine/editor/assets/default_renderpipeline/builtin-pipeline.ts from cce:/internal/x/prerequisite-imports as file:///C:/ProgramData/cocos/editors/Creator/3.8.8/resources/resources/3d/engine/editor/assets/default_renderpipeline/builtin-pipeline.ts.
20:23:06.939 debug: Resolve file:///C:/ProgramData/cocos/editors/Creator/3.8.8/resources/resources/3d/engine/editor/assets/tools/debug-view-runtime-control.ts from cce:/internal/x/prerequisite-imports as file:///C:/ProgramData/cocos/editors/Creator/3.8.8/resources/resources/3d/engine/editor/assets/tools/debug-view-runtime-control.ts.
20:23:06.939 debug: Resolve file:///D:/GameByself/Cocos/Project1/assets/Scripts/Car.ts from cce:/internal/x/prerequisite-imports as file:///D:/GameByself/Cocos/Project1/assets/Scripts/Car.ts.
20:23:06.940 debug: Detected change: file:///D:/GameByself/Cocos/Project1/assets/Scripts/Car.ts. Last mtime: Mon Aug 31 2026 20:20:50 GMT+0800 (中国标准时间)@5a936fee-f461-43c4-babc-9a428dd9672d, Current mtime: Mon Aug 31 2026 20:23:05 GMT+0800 (中国标准时间)@5a936fee-f461-43c4-babc-9a428dd9672d
20:23:06.940 debug: Inspect file:///D:/GameByself/Cocos/Project1/assets/Scripts/Car.ts
20:23:06.969 debug: transform url: 'file:///D:/GameByself/Cocos/Project1/assets/Scripts/Car.ts' costs: 29.60 ms
20:23:06.971 debug: Resolve cc from file:///D:/GameByself/Cocos/Project1/assets/Scripts/Car.ts as cce:/internal/x/cc.
20:23:06.971 debug: Resolve cc from file:///D:/GameByself/Cocos/Project1/assets/Scripts/Car.ts as cce:/internal/x/cc.
20:23:06.971 debug: Resolve cc from file:///D:/GameByself/Cocos/Project1/assets/Scripts/Car.ts as cce:/internal/x/cc.
20:23:06.981 debug: Target(editor) ends with cost 61.2027000002563ms.
20:23:06.981 debug: Target(preview) build started.
20:23:06.985 debug: Detected change: cce:/internal/x/prerequisite-imports. Last mtime: Thu Jan 01 1970 13:44:57 GMT+0800 (中国标准时间), Current mtime: Thu Jan 01 1970 13:47:12 GMT+0800 (中国标准时间)
20:23:06.985 debug: Inspect cce:/internal/x/prerequisite-imports
20:23:07.001 debug: transform url: 'cce:/internal/x/prerequisite-imports' costs: 15.80 ms
20:23:07.003 debug: Resolve file:///C:/ProgramData/cocos/editors/Creator/3.8.8/resources/resources/3d/engine/editor/assets/default_renderpipeline/builtin-dof-pass.ts from cce:/internal/x/prerequisite-imports as file:///C:/ProgramData/cocos/editors/Creator/3.8.8/resources/resources/3d/engine/editor/assets/default_renderpipeline/builtin-dof-pass.ts.
20:23:07.005 debug: Resolve file:///C:/ProgramData/cocos/editors/Creator/3.8.8/resources/resources/3d/engine/editor/assets/default_renderpipeline/builtin-pipeline-pass.ts from cce:/internal/x/prerequisite-imports as file:///C:/ProgramData/cocos/editors/Creator/3.8.8/resources/resources/3d/engine/editor/assets/default_renderpipeline/builtin-pipeline-pass.ts.
20:23:07.006 debug: Resolve file:///C:/ProgramData/cocos/editors/Creator/3.8.8/resources/resources/3d/engine/editor/assets/default_renderpipeline/builtin-pipeline-settings.ts from cce:/internal/x/prerequisite-imports as file:///C:/ProgramData/cocos/editors/Creator/3.8.8/resources/resources/3d/engine/editor/assets/default_renderpipeline/builtin-pipeline-settings.ts.
20:23:07.007 debug: Resolve file:///C:/ProgramData/cocos/editors/Creator/3.8.8/resources/resources/3d/engine/editor/assets/default_renderpipeline/builtin-pipeline-types.ts from cce:/internal/x/prerequisite-imports as file:///C:/ProgramData/cocos/editors/Creator/3.8.8/resources/resources/3d/engine/editor/assets/default_renderpipeline/builtin-pipeline-types.ts.
20:23:07.008 debug: Resolve file:///C:/ProgramData/cocos/editors/Creator/3.8.8/resources/resources/3d/engine/editor/assets/default_renderpipeline/builtin-pipeline.ts from cce:/internal/x/prerequisite-imports as file:///C:/ProgramData/cocos/editors/Creator/3.8.8/resources/resources/3d/engine/editor/assets/default_renderpipeline/builtin-pipeline.ts.
20:23:07.009 debug: Resolve file:///C:/ProgramData/cocos/editors/Creator/3.8.8/resources/resources/3d/engine/editor/assets/tools/debug-view-runtime-control.ts from cce:/internal/x/prerequisite-imports as file:///C:/ProgramData/cocos/editors/Creator/3.8.8/resources/resources/3d/engine/editor/assets/tools/debug-view-runtime-control.ts.
20:23:07.010 debug: Resolve file:///D:/GameByself/Cocos/Project1/assets/Scripts/Car.ts from cce:/internal/x/prerequisite-imports as file:///D:/GameByself/Cocos/Project1/assets/Scripts/Car.ts.
20:23:07.011 debug: Detected change: file:///D:/GameByself/Cocos/Project1/assets/Scripts/Car.ts. Last mtime: Mon Aug 31 2026 20:20:50 GMT+0800 (中国标准时间)@5a936fee-f461-43c4-babc-9a428dd9672d, Current mtime: Mon Aug 31 2026 20:23:05 GMT+0800 (中国标准时间)@5a936fee-f461-43c4-babc-9a428dd9672d
20:23:07.011 debug: Inspect file:///D:/GameByself/Cocos/Project1/assets/Scripts/Car.ts
20:23:07.055 debug: transform url: 'file:///D:/GameByself/Cocos/Project1/assets/Scripts/Car.ts' costs: 44.10 ms
20:23:07.056 debug: Resolve cc from file:///D:/GameByself/Cocos/Project1/assets/Scripts/Car.ts as cce:/internal/x/cc.
20:23:07.056 debug: Resolve cc from file:///D:/GameByself/Cocos/Project1/assets/Scripts/Car.ts as cce:/internal/x/cc.
20:23:07.056 debug: Resolve cc from file:///D:/GameByself/Cocos/Project1/assets/Scripts/Car.ts as cce:/internal/x/cc.
20:23:07.074 debug: Target(preview) ends with cost 93.26339999958873ms.
20:33:25.419 debug: Dispatch build request for time accumulated 1 asset changes.
20:33:25.420 debug: Build iteration starts.
Number of accumulated asset changes: 1
Feature changed: false
20:33:25.420 debug: Target(editor) build started.
20:33:25.423 debug: Detected change: cce:/internal/x/prerequisite-imports. Last mtime: Thu Jan 01 1970 13:47:11 GMT+0800 (中国标准时间), Current mtime: Thu Jan 01 1970 13:57:30 GMT+0800 (中国标准时间)
20:33:25.424 debug: Inspect cce:/internal/x/prerequisite-imports
20:33:25.434 debug: transform url: 'cce:/internal/x/prerequisite-imports' costs: 10.10 ms
20:33:25.436 debug: Resolve file:///C:/ProgramData/cocos/editors/Creator/3.8.8/resources/resources/3d/engine/editor/assets/default_renderpipeline/builtin-dof-pass.ts from cce:/internal/x/prerequisite-imports as file:///C:/ProgramData/cocos/editors/Creator/3.8.8/resources/resources/3d/engine/editor/assets/default_renderpipeline/builtin-dof-pass.ts.
20:33:25.437 debug: Resolve file:///C:/ProgramData/cocos/editors/Creator/3.8.8/resources/resources/3d/engine/editor/assets/default_renderpipeline/builtin-pipeline-pass.ts from cce:/internal/x/prerequisite-imports as file:///C:/ProgramData/cocos/editors/Creator/3.8.8/resources/resources/3d/engine/editor/assets/default_renderpipeline/builtin-pipeline-pass.ts.
20:33:25.438 debug: Resolve file:///C:/ProgramData/cocos/editors/Creator/3.8.8/resources/resources/3d/engine/editor/assets/default_renderpipeline/builtin-pipeline-settings.ts from cce:/internal/x/prerequisite-imports as file:///C:/ProgramData/cocos/editors/Creator/3.8.8/resources/resources/3d/engine/editor/assets/default_renderpipeline/builtin-pipeline-settings.ts.
20:33:25.439 debug: Resolve file:///C:/ProgramData/cocos/editors/Creator/3.8.8/resources/resources/3d/engine/editor/assets/default_renderpipeline/builtin-pipeline-types.ts from cce:/internal/x/prerequisite-imports as file:///C:/ProgramData/cocos/editors/Creator/3.8.8/resources/resources/3d/engine/editor/assets/default_renderpipeline/builtin-pipeline-types.ts.
20:33:25.440 debug: Resolve file:///C:/ProgramData/cocos/editors/Creator/3.8.8/resources/resources/3d/engine/editor/assets/default_renderpipeline/builtin-pipeline.ts from cce:/internal/x/prerequisite-imports as file:///C:/ProgramData/cocos/editors/Creator/3.8.8/resources/resources/3d/engine/editor/assets/default_renderpipeline/builtin-pipeline.ts.
20:33:25.441 debug: Resolve file:///C:/ProgramData/cocos/editors/Creator/3.8.8/resources/resources/3d/engine/editor/assets/tools/debug-view-runtime-control.ts from cce:/internal/x/prerequisite-imports as file:///C:/ProgramData/cocos/editors/Creator/3.8.8/resources/resources/3d/engine/editor/assets/tools/debug-view-runtime-control.ts.
20:33:25.441 debug: Resolve file:///D:/GameByself/Cocos/Project1/assets/Scripts/Car.ts from cce:/internal/x/prerequisite-imports as file:///D:/GameByself/Cocos/Project1/assets/Scripts/Car.ts.
20:33:25.442 debug: Detected change: file:///D:/GameByself/Cocos/Project1/assets/Scripts/Car.ts. Last mtime: Mon Aug 31 2026 20:23:05 GMT+0800 (中国标准时间)@5a936fee-f461-43c4-babc-9a428dd9672d, Current mtime: Mon Aug 31 2026 20:33:23 GMT+0800 (中国标准时间)@5a936fee-f461-43c4-babc-9a428dd9672d
20:33:25.442 debug: Inspect file:///D:/GameByself/Cocos/Project1/assets/Scripts/Car.ts
20:33:25.470 debug: transform url: 'file:///D:/GameByself/Cocos/Project1/assets/Scripts/Car.ts' costs: 28.30 ms
20:33:25.471 debug: Resolve cc from file:///D:/GameByself/Cocos/Project1/assets/Scripts/Car.ts as cce:/internal/x/cc.
20:33:25.471 debug: Resolve cc from file:///D:/GameByself/Cocos/Project1/assets/Scripts/Car.ts as cce:/internal/x/cc.
20:33:25.471 debug: Resolve cc from file:///D:/GameByself/Cocos/Project1/assets/Scripts/Car.ts as cce:/internal/x/cc.
20:33:25.481 debug: Target(editor) ends with cost 60.67999999970198ms.
20:33:25.481 debug: Target(preview) build started.
20:33:25.484 debug: Detected change: cce:/internal/x/prerequisite-imports. Last mtime: Thu Jan 01 1970 13:47:12 GMT+0800 (中国标准时间), Current mtime: Thu Jan 01 1970 13:57:30 GMT+0800 (中国标准时间)
20:33:25.485 debug: Inspect cce:/internal/x/prerequisite-imports
20:33:25.497 debug: transform url: 'cce:/internal/x/prerequisite-imports' costs: 12.50 ms
20:33:25.500 debug: Resolve file:///C:/ProgramData/cocos/editors/Creator/3.8.8/resources/resources/3d/engine/editor/assets/default_renderpipeline/builtin-dof-pass.ts from cce:/internal/x/prerequisite-imports as file:///C:/ProgramData/cocos/editors/Creator/3.8.8/resources/resources/3d/engine/editor/assets/default_renderpipeline/builtin-dof-pass.ts.
20:33:25.501 debug: Resolve file:///C:/ProgramData/cocos/editors/Creator/3.8.8/resources/resources/3d/engine/editor/assets/default_renderpipeline/builtin-pipeline-pass.ts from cce:/internal/x/prerequisite-imports as file:///C:/ProgramData/cocos/editors/Creator/3.8.8/resources/resources/3d/engine/editor/assets/default_renderpipeline/builtin-pipeline-pass.ts.
20:33:25.503 debug: Resolve file:///C:/ProgramData/cocos/editors/Creator/3.8.8/resources/resources/3d/engine/editor/assets/default_renderpipeline/builtin-pipeline-settings.ts from cce:/internal/x/prerequisite-imports as file:///C:/ProgramData/cocos/editors/Creator/3.8.8/resources/resources/3d/engine/editor/assets/default_renderpipeline/builtin-pipeline-settings.ts.
20:33:25.503 debug: Resolve file:///C:/ProgramData/cocos/editors/Creator/3.8.8/resources/resources/3d/engine/editor/assets/default_renderpipeline/builtin-pipeline-types.ts from cce:/internal/x/prerequisite-imports as file:///C:/ProgramData/cocos/editors/Creator/3.8.8/resources/resources/3d/engine/editor/assets/default_renderpipeline/builtin-pipeline-types.ts.
20:33:25.505 debug: Resolve file:///C:/ProgramData/cocos/editors/Creator/3.8.8/resources/resources/3d/engine/editor/assets/default_renderpipeline/builtin-pipeline.ts from cce:/internal/x/prerequisite-imports as file:///C:/ProgramData/cocos/editors/Creator/3.8.8/resources/resources/3d/engine/editor/assets/default_renderpipeline/builtin-pipeline.ts.
20:33:25.506 debug: Resolve file:///C:/ProgramData/cocos/editors/Creator/3.8.8/resources/resources/3d/engine/editor/assets/tools/debug-view-runtime-control.ts from cce:/internal/x/prerequisite-imports as file:///C:/ProgramData/cocos/editors/Creator/3.8.8/resources/resources/3d/engine/editor/assets/tools/debug-view-runtime-control.ts.
20:33:25.507 debug: Resolve file:///D:/GameByself/Cocos/Project1/assets/Scripts/Car.ts from cce:/internal/x/prerequisite-imports as file:///D:/GameByself/Cocos/Project1/assets/Scripts/Car.ts.
20:33:25.507 debug: Detected change: file:///D:/GameByself/Cocos/Project1/assets/Scripts/Car.ts. Last mtime: Mon Aug 31 2026 20:23:05 GMT+0800 (中国标准时间)@5a936fee-f461-43c4-babc-9a428dd9672d, Current mtime: Mon Aug 31 2026 20:33:23 GMT+0800 (中国标准时间)@5a936fee-f461-43c4-babc-9a428dd9672d
20:33:25.507 debug: Inspect file:///D:/GameByself/Cocos/Project1/assets/Scripts/Car.ts
20:33:25.556 debug: transform url: 'file:///D:/GameByself/Cocos/Project1/assets/Scripts/Car.ts' costs: 48.30 ms
20:33:25.557 debug: Resolve cc from file:///D:/GameByself/Cocos/Project1/assets/Scripts/Car.ts as cce:/internal/x/cc.
20:33:25.557 debug: Resolve cc from file:///D:/GameByself/Cocos/Project1/assets/Scripts/Car.ts as cce:/internal/x/cc.
20:33:25.557 debug: Resolve cc from file:///D:/GameByself/Cocos/Project1/assets/Scripts/Car.ts as cce:/internal/x/cc.
20:33:25.577 debug: Target(preview) ends with cost 95.4455000013113ms.
20:35:17.615 debug: Dispatch build request for time accumulated 1 asset changes.
20:35:17.617 debug: Build iteration starts.
Number of accumulated asset changes: 1
Feature changed: false
20:35:17.617 debug: Target(editor) build started.
20:35:17.620 debug: Detected change: cce:/internal/x/prerequisite-imports. Last mtime: Thu Jan 01 1970 13:57:30 GMT+0800 (中国标准时间), Current mtime: Thu Jan 01 1970 13:59:22 GMT+0800 (中国标准时间)
20:35:17.620 debug: Inspect cce:/internal/x/prerequisite-imports
20:35:17.654 debug: transform url: 'cce:/internal/x/prerequisite-imports' costs: 34.10 ms
20:35:17.657 debug: Resolve file:///C:/ProgramData/cocos/editors/Creator/3.8.8/resources/resources/3d/engine/editor/assets/default_renderpipeline/builtin-dof-pass.ts from cce:/internal/x/prerequisite-imports as file:///C:/ProgramData/cocos/editors/Creator/3.8.8/resources/resources/3d/engine/editor/assets/default_renderpipeline/builtin-dof-pass.ts.
20:35:17.659 debug: Resolve file:///C:/ProgramData/cocos/editors/Creator/3.8.8/resources/resources/3d/engine/editor/assets/default_renderpipeline/builtin-pipeline-pass.ts from cce:/internal/x/prerequisite-imports as file:///C:/ProgramData/cocos/editors/Creator/3.8.8/resources/resources/3d/engine/editor/assets/default_renderpipeline/builtin-pipeline-pass.ts.
20:35:17.660 debug: Resolve file:///C:/ProgramData/cocos/editors/Creator/3.8.8/resources/resources/3d/engine/editor/assets/default_renderpipeline/builtin-pipeline-settings.ts from cce:/internal/x/prerequisite-imports as file:///C:/ProgramData/cocos/editors/Creator/3.8.8/resources/resources/3d/engine/editor/assets/default_renderpipeline/builtin-pipeline-settings.ts.
20:35:17.661 debug: Resolve file:///C:/ProgramData/cocos/editors/Creator/3.8.8/resources/resources/3d/engine/editor/assets/default_renderpipeline/builtin-pipeline-types.ts from cce:/internal/x/prerequisite-imports as file:///C:/ProgramData/cocos/editors/Creator/3.8.8/resources/resources/3d/engine/editor/assets/default_renderpipeline/builtin-pipeline-types.ts.
20:35:17.663 debug: Resolve file:///C:/ProgramData/cocos/editors/Creator/3.8.8/resources/resources/3d/engine/editor/assets/default_renderpipeline/builtin-pipeline.ts from cce:/internal/x/prerequisite-imports as file:///C:/ProgramData/cocos/editors/Creator/3.8.8/resources/resources/3d/engine/editor/assets/default_renderpipeline/builtin-pipeline.ts.
20:35:17.664 debug: Resolve file:///C:/ProgramData/cocos/editors/Creator/3.8.8/resources/resources/3d/engine/editor/assets/tools/debug-view-runtime-control.ts from cce:/internal/x/prerequisite-imports as file:///C:/ProgramData/cocos/editors/Creator/3.8.8/resources/resources/3d/engine/editor/assets/tools/debug-view-runtime-control.ts.
20:35:17.665 debug: Resolve file:///D:/GameByself/Cocos/Project1/assets/Scripts/Car.ts from cce:/internal/x/prerequisite-imports as file:///D:/GameByself/Cocos/Project1/assets/Scripts/Car.ts.
20:35:17.666 debug: Detected change: file:///D:/GameByself/Cocos/Project1/assets/Scripts/Car.ts. Last mtime: Mon Aug 31 2026 20:33:23 GMT+0800 (中国标准时间)@5a936fee-f461-43c4-babc-9a428dd9672d, Current mtime: Mon Aug 31 2026 20:35:15 GMT+0800 (中国标准时间)@5a936fee-f461-43c4-babc-9a428dd9672d
20:35:17.666 debug: Inspect file:///D:/GameByself/Cocos/Project1/assets/Scripts/Car.ts
20:35:17.738 debug: transform url: 'file:///D:/GameByself/Cocos/Project1/assets/Scripts/Car.ts' costs: 71.90 ms
20:35:17.739 debug: Resolve cc from file:///D:/GameByself/Cocos/Project1/assets/Scripts/Car.ts as cce:/internal/x/cc.
20:35:17.739 debug: Resolve cc from file:///D:/GameByself/Cocos/Project1/assets/Scripts/Car.ts as cce:/internal/x/cc.
20:35:17.739 debug: Resolve cc from file:///D:/GameByself/Cocos/Project1/assets/Scripts/Car.ts as cce:/internal/x/cc.
20:35:17.750 debug: Target(editor) ends with cost 132.6710000000894ms.
20:35:17.750 debug: Target(preview) build started.
20:35:17.754 debug: Detected change: cce:/internal/x/prerequisite-imports. Last mtime: Thu Jan 01 1970 13:57:30 GMT+0800 (中国标准时间), Current mtime: Thu Jan 01 1970 13:59:22 GMT+0800 (中国标准时间)
20:35:17.754 debug: Inspect cce:/internal/x/prerequisite-imports
20:35:17.772 debug: transform url: 'cce:/internal/x/prerequisite-imports' costs: 17.50 ms
20:35:17.775 debug: Resolve file:///C:/ProgramData/cocos/editors/Creator/3.8.8/resources/resources/3d/engine/editor/assets/default_renderpipeline/builtin-dof-pass.ts from cce:/internal/x/prerequisite-imports as file:///C:/ProgramData/cocos/editors/Creator/3.8.8/resources/resources/3d/engine/editor/assets/default_renderpipeline/builtin-dof-pass.ts.
20:35:17.776 debug: Resolve file:///C:/ProgramData/cocos/editors/Creator/3.8.8/resources/resources/3d/engine/editor/assets/default_renderpipeline/builtin-pipeline-pass.ts from cce:/internal/x/prerequisite-imports as file:///C:/ProgramData/cocos/editors/Creator/3.8.8/resources/resources/3d/engine/editor/assets/default_renderpipeline/builtin-pipeline-pass.ts.
20:35:17.778 debug: Resolve file:///C:/ProgramData/cocos/editors/Creator/3.8.8/resources/resources/3d/engine/editor/assets/default_renderpipeline/builtin-pipeline-settings.ts from cce:/internal/x/prerequisite-imports as file:///C:/ProgramData/cocos/editors/Creator/3.8.8/resources/resources/3d/engine/editor/assets/default_renderpipeline/builtin-pipeline-settings.ts.
20:35:17.779 debug: Resolve file:///C:/ProgramData/cocos/editors/Creator/3.8.8/resources/resources/3d/engine/editor/assets/default_renderpipeline/builtin-pipeline-types.ts from cce:/internal/x/prerequisite-imports as file:///C:/ProgramData/cocos/editors/Creator/3.8.8/resources/resources/3d/engine/editor/assets/default_renderpipeline/builtin-pipeline-types.ts.
20:35:17.780 debug: Resolve file:///C:/ProgramData/cocos/editors/Creator/3.8.8/resources/resources/3d/engine/editor/assets/default_renderpipeline/builtin-pipeline.ts from cce:/internal/x/prerequisite-imports as file:///C:/ProgramData/cocos/editors/Creator/3.8.8/resources/resources/3d/engine/editor/assets/default_renderpipeline/builtin-pipeline.ts.
20:35:17.781 debug: Resolve file:///C:/ProgramData/cocos/editors/Creator/3.8.8/resources/resources/3d/engine/editor/assets/tools/debug-view-runtime-control.ts from cce:/internal/x/prerequisite-imports as file:///C:/ProgramData/cocos/editors/Creator/3.8.8/resources/resources/3d/engine/editor/assets/tools/debug-view-runtime-control.ts.
20:35:17.782 debug: Resolve file:///D:/GameByself/Cocos/Project1/assets/Scripts/Car.ts from cce:/internal/x/prerequisite-imports as file:///D:/GameByself/Cocos/Project1/assets/Scripts/Car.ts.
20:35:17.783 debug: Detected change: file:///D:/GameByself/Cocos/Project1/assets/Scripts/Car.ts. Last mtime: Mon Aug 31 2026 20:33:23 GMT+0800 (中国标准时间)@5a936fee-f461-43c4-babc-9a428dd9672d, Current mtime: Mon Aug 31 2026 20:35:15 GMT+0800 (中国标准时间)@5a936fee-f461-43c4-babc-9a428dd9672d
20:35:17.783 debug: Inspect file:///D:/GameByself/Cocos/Project1/assets/Scripts/Car.ts
20:35:17.841 debug: transform url: 'file:///D:/GameByself/Cocos/Project1/assets/Scripts/Car.ts' costs: 57.90 ms
20:35:17.843 debug: Resolve cc from file:///D:/GameByself/Cocos/Project1/assets/Scripts/Car.ts as cce:/internal/x/cc.
20:35:17.843 debug: Resolve cc from file:///D:/GameByself/Cocos/Project1/assets/Scripts/Car.ts as cce:/internal/x/cc.
20:35:17.843 debug: Resolve cc from file:///D:/GameByself/Cocos/Project1/assets/Scripts/Car.ts as cce:/internal/x/cc.
20:35:17.863 debug: Target(preview) ends with cost 112.31639999896288ms.
20:37:49.751 debug: Dispatch build request for time accumulated 1 asset changes.
20:37:49.753 debug: Build iteration starts.
Number of accumulated asset changes: 1
Feature changed: false
20:37:49.753 debug: Target(editor) build started.
20:37:49.756 debug: Detected change: cce:/internal/x/prerequisite-imports. Last mtime: Thu Jan 01 1970 13:59:22 GMT+0800 (中国标准时间), Current mtime: Thu Jan 01 1970 14:01:54 GMT+0800 (中国标准时间)
20:37:49.756 debug: Inspect cce:/internal/x/prerequisite-imports
20:37:49.764 debug: transform url: 'cce:/internal/x/prerequisite-imports' costs: 7.90 ms
20:37:49.765 debug: Resolve file:///C:/ProgramData/cocos/editors/Creator/3.8.8/resources/resources/3d/engine/editor/assets/default_renderpipeline/builtin-dof-pass.ts from cce:/internal/x/prerequisite-imports as file:///C:/ProgramData/cocos/editors/Creator/3.8.8/resources/resources/3d/engine/editor/assets/default_renderpipeline/builtin-dof-pass.ts.
20:37:49.766 debug: Resolve file:///C:/ProgramData/cocos/editors/Creator/3.8.8/resources/resources/3d/engine/editor/assets/default_renderpipeline/builtin-pipeline-pass.ts from cce:/internal/x/prerequisite-imports as file:///C:/ProgramData/cocos/editors/Creator/3.8.8/resources/resources/3d/engine/editor/assets/default_renderpipeline/builtin-pipeline-pass.ts.
20:37:49.767 debug: Resolve file:///C:/ProgramData/cocos/editors/Creator/3.8.8/resources/resources/3d/engine/editor/assets/default_renderpipeline/builtin-pipeline-settings.ts from cce:/internal/x/prerequisite-imports as file:///C:/ProgramData/cocos/editors/Creator/3.8.8/resources/resources/3d/engine/editor/assets/default_renderpipeline/builtin-pipeline-settings.ts.
20:37:49.768 debug: Resolve file:///C:/ProgramData/cocos/editors/Creator/3.8.8/resources/resources/3d/engine/editor/assets/default_renderpipeline/builtin-pipeline-types.ts from cce:/internal/x/prerequisite-imports as file:///C:/ProgramData/cocos/editors/Creator/3.8.8/resources/resources/3d/engine/editor/assets/default_renderpipeline/builtin-pipeline-types.ts.
20:37:49.768 debug: Resolve file:///C:/ProgramData/cocos/editors/Creator/3.8.8/resources/resources/3d/engine/editor/assets/default_renderpipeline/builtin-pipeline.ts from cce:/internal/x/prerequisite-imports as file:///C:/ProgramData/cocos/editors/Creator/3.8.8/resources/resources/3d/engine/editor/assets/default_renderpipeline/builtin-pipeline.ts.
20:37:49.769 debug: Resolve file:///C:/ProgramData/cocos/editors/Creator/3.8.8/resources/resources/3d/engine/editor/assets/tools/debug-view-runtime-control.ts from cce:/internal/x/prerequisite-imports as file:///C:/ProgramData/cocos/editors/Creator/3.8.8/resources/resources/3d/engine/editor/assets/tools/debug-view-runtime-control.ts.
20:37:49.770 debug: Resolve file:///D:/GameByself/Cocos/Project1/assets/Scripts/Car.ts from cce:/internal/x/prerequisite-imports as file:///D:/GameByself/Cocos/Project1/assets/Scripts/Car.ts.
20:37:49.770 debug: Detected change: file:///D:/GameByself/Cocos/Project1/assets/Scripts/Car.ts. Last mtime: Mon Aug 31 2026 20:35:15 GMT+0800 (中国标准时间)@5a936fee-f461-43c4-babc-9a428dd9672d, Current mtime: Mon Aug 31 2026 20:37:48 GMT+0800 (中国标准时间)@5a936fee-f461-43c4-babc-9a428dd9672d
20:37:49.770 debug: Inspect file:///D:/GameByself/Cocos/Project1/assets/Scripts/Car.ts
20:37:49.801 debug: transform url: 'file:///D:/GameByself/Cocos/Project1/assets/Scripts/Car.ts' costs: 31.20 ms
20:37:49.803 debug: Resolve cc from file:///D:/GameByself/Cocos/Project1/assets/Scripts/Car.ts as cce:/internal/x/cc.
20:37:49.803 debug: Resolve cc from file:///D:/GameByself/Cocos/Project1/assets/Scripts/Car.ts as cce:/internal/x/cc.
20:37:49.803 debug: Resolve cc from file:///D:/GameByself/Cocos/Project1/assets/Scripts/Car.ts as cce:/internal/x/cc.
20:37:49.812 debug: Target(editor) ends with cost 59.44810000061989ms.
20:37:49.813 debug: Target(preview) build started.
20:37:49.816 debug: Detected change: cce:/internal/x/prerequisite-imports. Last mtime: Thu Jan 01 1970 13:59:22 GMT+0800 (中国标准时间), Current mtime: Thu Jan 01 1970 14:01:54 GMT+0800 (中国标准时间)
20:37:49.816 debug: Inspect cce:/internal/x/prerequisite-imports
20:37:49.831 debug: transform url: 'cce:/internal/x/prerequisite-imports' costs: 15.00 ms
20:37:49.834 debug: Resolve file:///C:/ProgramData/cocos/editors/Creator/3.8.8/resources/resources/3d/engine/editor/assets/default_renderpipeline/builtin-dof-pass.ts from cce:/internal/x/prerequisite-imports as file:///C:/ProgramData/cocos/editors/Creator/3.8.8/resources/resources/3d/engine/editor/assets/default_renderpipeline/builtin-dof-pass.ts.
20:37:49.835 debug: Resolve file:///C:/ProgramData/cocos/editors/Creator/3.8.8/resources/resources/3d/engine/editor/assets/default_renderpipeline/builtin-pipeline-pass.ts from cce:/internal/x/prerequisite-imports as file:///C:/ProgramData/cocos/editors/Creator/3.8.8/resources/resources/3d/engine/editor/assets/default_renderpipeline/builtin-pipeline-pass.ts.
20:37:49.837 debug: Resolve file:///C:/ProgramData/cocos/editors/Creator/3.8.8/resources/resources/3d/engine/editor/assets/default_renderpipeline/builtin-pipeline-settings.ts from cce:/internal/x/prerequisite-imports as file:///C:/ProgramData/cocos/editors/Creator/3.8.8/resources/resources/3d/engine/editor/assets/default_renderpipeline/builtin-pipeline-settings.ts.
20:37:49.838 debug: Resolve file:///C:/ProgramData/cocos/editors/Creator/3.8.8/resources/resources/3d/engine/editor/assets/default_renderpipeline/builtin-pipeline-types.ts from cce:/internal/x/prerequisite-imports as file:///C:/ProgramData/cocos/editors/Creator/3.8.8/resources/resources/3d/engine/editor/assets/default_renderpipeline/builtin-pipeline-types.ts.
20:37:49.839 debug: Resolve file:///C:/ProgramData/cocos/editors/Creator/3.8.8/resources/resources/3d/engine/editor/assets/default_renderpipeline/builtin-pipeline.ts from cce:/internal/x/prerequisite-imports as file:///C:/ProgramData/cocos/editors/Creator/3.8.8/resources/resources/3d/engine/editor/assets/default_renderpipeline/builtin-pipeline.ts.
20:37:49.840 debug: Resolve file:///C:/ProgramData/cocos/editors/Creator/3.8.8/resources/resources/3d/engine/editor/assets/tools/debug-view-runtime-control.ts from cce:/internal/x/prerequisite-imports as file:///C:/ProgramData/cocos/editors/Creator/3.8.8/resources/resources/3d/engine/editor/assets/tools/debug-view-runtime-control.ts.
20:37:49.842 debug: Resolve file:///D:/GameByself/Cocos/Project1/assets/Scripts/Car.ts from cce:/internal/x/prerequisite-imports as file:///D:/GameByself/Cocos/Project1/assets/Scripts/Car.ts.
20:37:49.842 debug: Detected change: file:///D:/GameByself/Cocos/Project1/assets/Scripts/Car.ts. Last mtime: Mon Aug 31 2026 20:35:15 GMT+0800 (中国标准时间)@5a936fee-f461-43c4-babc-9a428dd9672d, Current mtime: Mon Aug 31 2026 20:37:48 GMT+0800 (中国标准时间)@5a936fee-f461-43c4-babc-9a428dd9672d
20:37:49.842 debug: Inspect file:///D:/GameByself/Cocos/Project1/assets/Scripts/Car.ts
20:37:49.887 debug: transform url: 'file:///D:/GameByself/Cocos/Project1/assets/Scripts/Car.ts' costs: 45.60 ms
20:37:49.889 debug: Resolve cc from file:///D:/GameByself/Cocos/Project1/assets/Scripts/Car.ts as cce:/internal/x/cc.
20:37:49.890 debug: Resolve cc from file:///D:/GameByself/Cocos/Project1/assets/Scripts/Car.ts as cce:/internal/x/cc.
20:37:49.890 debug: Resolve cc from file:///D:/GameByself/Cocos/Project1/assets/Scripts/Car.ts as cce:/internal/x/cc.
20:37:49.904 debug: Target(preview) ends with cost 91.6862000003457ms.
