2026-8-30 13:43:15-log: Cannot access game frame or container.
2026-8-30 13:43:16-debug: asset-db:require-engine-code (1166ms)
2026-8-30 13:43:16-log: meshopt wasm decoder initialized
2026-8-30 13:43:16-log: [bullet]:bullet wasm lib loaded.
2026-8-30 13:43:16-log: [box2d]:box2d wasm lib loaded.
2026-8-30 13:43:16-log: Cocos Creator v3.8.8
2026-8-30 13:43:16-log: Using legacy pipeline
2026-8-30 13:43:16-log: Forward render pipeline initialized.
2026-8-30 13:43:16-debug: [Assets Memory track]: asset-db:worker-init: initEngine start:31.64MB, end 79.51MB, increase: 47.87MB
2026-8-30 13:43:18-debug: [Assets Memory track]: asset-db:worker-init: initPlugin start:79.55MB, end 221.56MB, increase: 142.01MB
2026-8-30 13:43:18-debug: asset-db:worker-init: initPlugin (2180ms)
2026-8-30 13:43:18-debug: [Assets Memory track]: asset-db:worker-init start:31.63MB, end 221.68MB, increase: 190.05MB
2026-8-30 13:43:18-debug: Run asset db hook programming:beforePreStart ...
2026-8-30 13:43:18-debug: Run asset db hook programming:beforePreStart success!
2026-8-30 13:43:18-debug: Run asset db hook engine-extends:beforePreStart success!
2026-8-30 13:43:18-debug: Run asset db hook engine-extends:beforePreStart ...
2026-8-30 13:43:21-debug: asset-db:worker-init (6466ms)
2026-8-30 13:43:21-debug: asset-db-hook-programming-beforePreStart (2888ms)
2026-8-30 13:43:21-debug: asset-db-hook-engine-extends-beforePreStart (2887ms)
2026-8-30 13:43:22-debug: Preimport db internal success
2026-8-30 13:43:22-debug: Preimport db assets success
2026-8-30 13:43:22-debug: Run asset db hook programming:afterPreStart ...
2026-8-30 13:43:22-debug: starting packer-driver...
2026-8-30 13:43:23-debug: initialize scripting environment...
2026-8-30 13:43:23-debug: [[Executor]] prepare before lock
2026-8-30 13:43:23-debug: Set detail map pack:///resolution-detail-map.json: {}
2026-8-30 13:43:23-debug: [[Executor]] prepare after unlock
2026-8-30 13:43:23-debug: Run asset db hook programming:afterPreStart success!
2026-8-30 13:43:23-debug: Run asset db hook engine-extends:afterPreStart ...
2026-8-30 13:43:23-debug: Start up the 'internal' database...
2026-8-30 13:43:23-debug: Run asset db hook engine-extends:afterPreStart success!
2026-8-30 13:43:24-debug: asset-db-hook-programming-afterPreStart (2039ms)
2026-8-30 13:43:24-debug: asset-db:worker-effect-data-processing (1596ms)
2026-8-30 13:43:24-debug: asset-db-hook-engine-extends-afterPreStart (1598ms)
2026-8-30 13:43:24-debug: Run asset db hook engine-extends:afterStartDB ...
2026-8-30 13:43:25-debug: recompile effect.bin success
2026-8-30 13:43:25-debug: Run asset db hook engine-extends:afterStartDB success!
2026-8-30 13:43:25-debug: Start up the 'assets' database...
2026-8-30 13:43:25-debug: asset-db:worker-effect-data-processing (1120ms)
2026-8-30 13:43:25-debug: asset-db-hook-engine-extends-afterStartDB (1121ms)
2026-8-30 13:43:25-debug: %cImport%c: D:\GameByself\Cocos\Project1\assets\Scenes\scene.scenebackground: #aaff85; color: #000;color: #000;
2026-8-30 13:43:25-debug: Run asset db hook engine-extends:afterStartDB ...
2026-8-30 13:43:26-debug: recompile effect.bin success
2026-8-30 13:43:26-debug: Run asset db hook engine-extends:afterStartDB success!
2026-8-30 13:43:26-debug: lazy register asset handler text
2026-8-30 13:43:26-debug: lazy register asset handler *
2026-8-30 13:43:26-debug: lazy register asset handler directory
2026-8-30 13:43:26-debug: lazy register asset handler spine-data
2026-8-30 13:43:26-debug: lazy register asset handler dragonbones
2026-8-30 13:43:26-debug: lazy register asset handler dragonbones-atlas
2026-8-30 13:43:26-debug: lazy register asset handler javascript
2026-8-30 13:43:26-debug: lazy register asset handler json
2026-8-30 13:43:26-debug: lazy register asset handler typescript
2026-8-30 13:43:26-debug: lazy register asset handler scene
2026-8-30 13:43:26-debug: lazy register asset handler prefab
2026-8-30 13:43:26-debug: lazy register asset handler sprite-frame
2026-8-30 13:43:26-debug: lazy register asset handler buffer
2026-8-30 13:43:26-debug: lazy register asset handler tiled-map
2026-8-30 13:43:26-debug: lazy register asset handler sign-image
2026-8-30 13:43:26-debug: lazy register asset handler alpha-image
2026-8-30 13:43:26-debug: lazy register asset handler terrain
2026-8-30 13:43:26-debug: lazy register asset handler texture
2026-8-30 13:43:26-debug: lazy register asset handler texture-cube
2026-8-30 13:43:26-debug: lazy register asset handler erp-texture-cube
2026-8-30 13:43:26-debug: lazy register asset handler image
2026-8-30 13:43:26-debug: lazy register asset handler render-texture
2026-8-30 13:43:26-debug: lazy register asset handler texture-cube-face
2026-8-30 13:43:26-debug: lazy register asset handler gltf-mesh
2026-8-30 13:43:26-debug: lazy register asset handler rt-sprite-frame
2026-8-30 13:43:26-debug: lazy register asset handler gltf-animation
2026-8-30 13:43:26-debug: lazy register asset handler gltf-skeleton
2026-8-30 13:43:26-debug: lazy register asset handler gltf
2026-8-30 13:43:26-debug: lazy register asset handler gltf-material
2026-8-30 13:43:26-debug: lazy register asset handler gltf-scene
2026-8-30 13:43:26-debug: lazy register asset handler gltf-embeded-image
2026-8-30 13:43:26-debug: lazy register asset handler material
2026-8-30 13:43:26-debug: lazy register asset handler fbx
2026-8-30 13:43:26-debug: lazy register asset handler effect
2026-8-30 13:43:26-debug: lazy register asset handler effect-header
2026-8-30 13:43:26-debug: lazy register asset handler physics-material
2026-8-30 13:43:26-debug: lazy register asset handler animation-clip
2026-8-30 13:43:26-debug: lazy register asset handler animation-graph
2026-8-30 13:43:26-debug: lazy register asset handler animation-graph-variant
2026-8-30 13:43:26-debug: lazy register asset handler animation-mask
2026-8-30 13:43:26-debug: lazy register asset handler audio-clip
2026-8-30 13:43:26-debug: lazy register asset handler ttf-font
2026-8-30 13:43:26-debug: lazy register asset handler bitmap-font
2026-8-30 13:43:26-debug: lazy register asset handler sprite-atlas
2026-8-30 13:43:26-debug: lazy register asset handler label-atlas
2026-8-30 13:43:26-debug: lazy register asset handler auto-atlas
2026-8-30 13:43:26-debug: lazy register asset handler render-pipeline
2026-8-30 13:43:26-debug: lazy register asset handler particle
2026-8-30 13:43:26-debug: lazy register asset handler render-stage
2026-8-30 13:43:26-debug: lazy register asset handler instantiation-material
2026-8-30 13:43:26-debug: lazy register asset handler render-flow
2026-8-30 13:43:26-debug: lazy register asset handler instantiation-mesh
2026-8-30 13:43:26-debug: lazy register asset handler instantiation-skeleton
2026-8-30 13:43:26-debug: lazy register asset handler instantiation-animation
2026-8-30 13:43:26-debug: lazy register asset handler video-clip
2026-8-30 13:43:26-debug: asset-db:worker-effect-data-processing (311ms)
2026-8-30 13:43:26-debug: asset-db:start-database (7877ms)
2026-8-30 13:43:26-debug: asset-db-hook-engine-extends-afterStartDB (312ms)
2026-8-30 13:43:26-debug: asset-db:ready (15886ms)
2026-8-30 13:43:26-debug: init worker message success
2026-8-30 13:43:26-debug: programming:execute-script (8ms)
2026-8-30 13:43:26-debug: [Build Memory track]: builder:worker-init start:224.31MB, end 233.05MB, increase: 8.74MB
2026-8-30 13:43:26-debug: builder:worker-init (434ms)
2026-8-30 14:11:57-debug: refresh db internal success
2026-8-30 14:11:57-debug: refresh db assets success
2026-8-30 14:11:57-debug: Run asset db hook engine-extends:afterRefresh ...
2026-8-30 14:11:57-debug: Run asset db hook engine-extends:afterRefresh success!
2026-8-30 14:11:57-debug: asset-db:refresh-all-database (128ms)
2026-8-30 14:11:57-debug: asset-db:worker-effect-data-processing (1ms)
2026-8-30 14:11:57-debug: asset-db-hook-engine-extends-afterRefresh (2ms)
2026-8-30 14:12:04-debug: refresh db internal success
2026-8-30 14:12:04-debug: refresh db assets success
2026-8-30 14:12:04-debug: Run asset db hook engine-extends:afterRefresh ...
2026-8-30 14:12:04-debug: Run asset db hook engine-extends:afterRefresh success!
2026-8-30 14:12:04-debug: asset-db:refresh-all-database (110ms)
2026-8-30 14:12:04-debug: asset-db:worker-effect-data-processing (1ms)
2026-8-30 14:12:04-debug: asset-db-hook-engine-extends-afterRefresh (1ms)
2026-8-30 14:12:07-debug: refresh db internal success
2026-8-30 14:12:07-debug: refresh db assets success
2026-8-30 14:12:07-debug: Run asset db hook engine-extends:afterRefresh ...
2026-8-30 14:12:07-debug: Run asset db hook engine-extends:afterRefresh success!
2026-8-30 14:12:07-debug: asset-db:refresh-all-database (110ms)
2026-8-30 14:12:07-debug: asset-db:worker-effect-data-processing (1ms)
2026-8-30 14:12:07-debug: asset-db-hook-engine-extends-afterRefresh (2ms)
2026-8-30 14:14:58-debug: refresh db internal success
2026-8-30 14:14:58-debug: refresh db assets success
2026-8-30 14:14:58-debug: Run asset db hook engine-extends:afterRefresh ...
2026-8-30 14:14:58-debug: Run asset db hook engine-extends:afterRefresh success!
2026-8-30 14:14:58-debug: asset-db:refresh-all-database (109ms)
2026-8-30 14:14:58-debug: asset-db:worker-effect-data-processing (2ms)
2026-8-30 14:14:58-debug: asset-db-hook-engine-extends-afterRefresh (3ms)
2026-8-30 14:20:14-debug: refresh db internal success
2026-8-30 14:20:14-debug: refresh db assets success
2026-8-30 14:20:14-debug: Run asset db hook engine-extends:afterRefresh success!
2026-8-30 14:20:14-debug: Run asset db hook engine-extends:afterRefresh ...
2026-8-30 14:20:14-debug: asset-db:refresh-all-database (111ms)
2026-8-30 14:20:14-debug: asset-db:worker-effect-data-processing (1ms)
2026-8-30 14:20:14-debug: asset-db-hook-engine-extends-afterRefresh (1ms)
2026-8-30 14:37:57-debug: refresh db internal success
2026-8-30 14:37:57-debug: %cImport%c: D:\GameByself\Cocos\Project1\assets\Scripts\Car.tsbackground: #aaff85; color: #000;color: #000;
2026-8-30 14:37:57-debug: refresh db assets success
2026-8-30 14:37:57-debug: Run asset db hook engine-extends:afterRefresh ...
2026-8-30 14:37:57-debug: Run asset db hook engine-extends:afterRefresh success!
2026-8-30 14:37:57-debug: asset-db:refresh-all-database (132ms)
2026-8-30 14:37:57-debug: asset-db:worker-effect-data-processing (5ms)
2026-8-30 14:37:57-debug: asset-db-hook-engine-extends-afterRefresh (5ms)
2026-8-30 14:38:37-debug: refresh db internal success
2026-8-30 14:38:37-debug: refresh db assets success
2026-8-30 14:38:37-debug: Run asset db hook engine-extends:afterRefresh ...
2026-8-30 14:38:37-debug: Run asset db hook engine-extends:afterRefresh success!
2026-8-30 14:38:38-debug: asset-db:refresh-all-database (1089ms)
2026-8-30 14:38:38-debug: asset-db:worker-effect-data-processing (935ms)
2026-8-30 14:38:38-debug: asset-db-hook-engine-extends-afterRefresh (935ms)
2026-8-30 14:38:38-debug: Query all assets info in project
2026-8-30 14:38:38-debug: init custom config: keepNodeUuid: false, useCache: true
2026-8-30 14:38:38-debug: Skip compress image, progress: 0%
2026-8-30 14:38:38-debug: Init all bundles start..., progress: 0%
2026-8-30 14:38:38-debug: // ---- build task 查询 Asset Bundle ----
2026-8-30 14:38:38-debug: Num of bundles: 3..., progress: 0%
2026-8-30 14:38:38-debug: 查询 Asset Bundle start, progress: 0%
2026-8-30 14:38:38-debug: Init bundle root assets start..., progress: 0%
2026-8-30 14:38:38-debug: Query preload assets/scripts from cc.config.json: 60f7195c-ec2a-45eb-ba94-8955f60e81d0,1c02ae6f-4492-4915-b8f8-7492a3b1e4cd,810e96e4-e456-4468-9b59-f4e8f39732c0,efe8e2a3-eace-427b-b4f1-cb8a937ec77d,e9aa9a3e-5b2b-4ac7-a2c7-073de2b2b24f,8bbdbcdd-5cd4-4100-b6d5-b7c9625b6107,50f4348b-c883-4e2f-8f11-ce233b859fa1,fda095cb-831d-4601-ad94-846013963de8,f92806d7-1768-443f-afe8-12bcde84d0f0,dd3a144d-ab7f-41f0-82b8-2e43a090d496,f0416e68-0200-4b77-a926-4f9d16e494da,511d2633-09a7-4bdd-ac42-f778032124b3,5d45aa00-e064-4938-b314-4265f0c2258c,9361fd90-ba52-4f84-aa93-6e878fd576ca,970b0598-bcb0-4714-91fb-2e81440dccd8,bcd64cc6-2dd9-43f6-abbe-66318d332032,d930590d-bb92-4cc8-8bd1-23cd027f9edf,a3cd009f-0ab0-420d-9278-b9fdab939bbc,6a2d0734-bd9e-4ddf-946e-caa52498cb75,c27215d8-6835-4b68-bfbb-bdeac6100c04,b5d6115f-0370-4d7c-aad3-c194cc71cf98,d1346436-ac96-4271-b863-1f4fdead95b0,971bdb23-3ff6-43eb-b422-1c30165a3663,17debcc3-0a6b-4b8a-b00b-dc58b885581e,711ebe11-f673-4cd9-9a83-63c60ba54c5b,c0143906-9aed-447e-9436-2ae8512d1b6e,14da1725-c4c2-42b4-ab08-ee0aeb6898b3,081cab31-dccd-428e-8652-f2404cc81c47,78e0584a-4343-4727-8f37-e14e65c2a2db,ba21476f-2866-4f81-9c4d-6e359316e448,871c3b6c-7379-419d-bda3-794b239ab90d,1d08ef62-a503-4ce2-8b9a-46c90873f7d3,ff9b0199-ce04-4cfe-86cc-6c719f08d6e4,de1c2107-70c8-4021-8459-6399f24d01c6,cbf30902-517f-40dc-af90-a550bac27cf1,5c601d96-e4c7-4698-991b-7ee674b11079
2026-8-30 14:38:38-debug:   Number of all scripts: 7
2026-8-30 14:38:38-debug:   Number of other assets: 318
2026-8-30 14:38:38-debug: Init bundle root assets success..., progress: 0%
2026-8-30 14:38:38-debug:   Number of all scenes: 1
2026-8-30 14:38:38-debug: // ---- build task 查询 Asset Bundle ---- (12ms)
2026-8-30 14:38:38-debug: [Build Memory track]: 查询 Asset Bundle start:230.11MB, end 230.03MB, increase: -77.86KB
2026-8-30 14:38:38-log: run build task 查询 Asset Bundle success in 12 ms√, progress: 5%
2026-8-30 14:38:38-debug: 查询 Asset Bundle start, progress: 5%
2026-8-30 14:38:38-debug: // ---- build task 查询 Asset Bundle ----
2026-8-30 14:38:38-debug: // ---- build task 查询 Asset Bundle ---- (6ms)
2026-8-30 14:38:38-log: run build task 查询 Asset Bundle success in 6 ms√, progress: 10%
2026-8-30 14:38:38-debug: // ---- build task 整理部分构建选项内数据到 settings.json ----
2026-8-30 14:38:38-debug: [Build Memory track]: 查询 Asset Bundle start:230.07MB, end 230.18MB, increase: 113.28KB
2026-8-30 14:38:38-debug: 整理部分构建选项内数据到 settings.json start, progress: 10%
2026-8-30 14:38:38-debug: // ---- build task 整理部分构建选项内数据到 settings.json ---- (2ms)
2026-8-30 14:38:38-log: run build task 整理部分构建选项内数据到 settings.json success in 2 ms√, progress: 12%
2026-8-30 14:38:38-debug: // ---- build task 填充脚本数据到 settings.json ----
2026-8-30 14:38:38-debug: [Build Memory track]: 整理部分构建选项内数据到 settings.json start:230.23MB, end 230.27MB, increase: 36.54KB
2026-8-30 14:38:38-debug: 填充脚本数据到 settings.json start, progress: 12%
2026-8-30 14:38:38-debug: // ---- build task 填充脚本数据到 settings.json ---- (1ms)
2026-8-30 14:38:38-log: run build task 填充脚本数据到 settings.json success in 1 ms√, progress: 13%
2026-8-30 14:38:38-debug: [Build Memory track]: 填充脚本数据到 settings.json start:230.31MB, end 230.34MB, increase: 35.73KB
2026-8-30 14:38:38-debug: 整理部分构建选项内数据到 settings.json start, progress: 13%
2026-8-30 14:38:38-debug: // ---- build task 整理部分构建选项内数据到 settings.json ----
2026-8-30 14:38:38-debug: // ---- build task 整理部分构建选项内数据到 settings.json ---- (7ms)
2026-8-30 14:38:38-log: run build task 整理部分构建选项内数据到 settings.json success in 7 ms√, progress: 15%
2026-8-30 14:38:38-debug: [Build Memory track]: 整理部分构建选项内数据到 settings.json start:230.39MB, end 229.89MB, increase: -508.14KB
2026-8-30 14:38:47-debug: Query all assets info in project
2026-8-30 14:38:47-debug: init custom config: keepNodeUuid: false, useCache: true
2026-8-30 14:38:47-debug: Skip compress image, progress: 0%
2026-8-30 14:38:47-debug: Num of bundles: 3..., progress: 0%
2026-8-30 14:38:47-debug: Init all bundles start..., progress: 0%
2026-8-30 14:38:47-debug: 查询 Asset Bundle start, progress: 0%
2026-8-30 14:38:47-debug: // ---- build task 查询 Asset Bundle ----
2026-8-30 14:38:47-debug: Init bundle root assets start..., progress: 0%
2026-8-30 14:38:47-debug:   Number of all scenes: 1
2026-8-30 14:38:47-debug: Query preload assets/scripts from cc.config.json: 60f7195c-ec2a-45eb-ba94-8955f60e81d0,1c02ae6f-4492-4915-b8f8-7492a3b1e4cd,810e96e4-e456-4468-9b59-f4e8f39732c0,efe8e2a3-eace-427b-b4f1-cb8a937ec77d,e9aa9a3e-5b2b-4ac7-a2c7-073de2b2b24f,8bbdbcdd-5cd4-4100-b6d5-b7c9625b6107,50f4348b-c883-4e2f-8f11-ce233b859fa1,fda095cb-831d-4601-ad94-846013963de8,f92806d7-1768-443f-afe8-12bcde84d0f0,dd3a144d-ab7f-41f0-82b8-2e43a090d496,f0416e68-0200-4b77-a926-4f9d16e494da,511d2633-09a7-4bdd-ac42-f778032124b3,5d45aa00-e064-4938-b314-4265f0c2258c,9361fd90-ba52-4f84-aa93-6e878fd576ca,970b0598-bcb0-4714-91fb-2e81440dccd8,bcd64cc6-2dd9-43f6-abbe-66318d332032,d930590d-bb92-4cc8-8bd1-23cd027f9edf,a3cd009f-0ab0-420d-9278-b9fdab939bbc,6a2d0734-bd9e-4ddf-946e-caa52498cb75,c27215d8-6835-4b68-bfbb-bdeac6100c04,b5d6115f-0370-4d7c-aad3-c194cc71cf98,d1346436-ac96-4271-b863-1f4fdead95b0,971bdb23-3ff6-43eb-b422-1c30165a3663,17debcc3-0a6b-4b8a-b00b-dc58b885581e,711ebe11-f673-4cd9-9a83-63c60ba54c5b,c0143906-9aed-447e-9436-2ae8512d1b6e,14da1725-c4c2-42b4-ab08-ee0aeb6898b3,081cab31-dccd-428e-8652-f2404cc81c47,78e0584a-4343-4727-8f37-e14e65c2a2db,ba21476f-2866-4f81-9c4d-6e359316e448,871c3b6c-7379-419d-bda3-794b239ab90d,1d08ef62-a503-4ce2-8b9a-46c90873f7d3,ff9b0199-ce04-4cfe-86cc-6c719f08d6e4,de1c2107-70c8-4021-8459-6399f24d01c6,cbf30902-517f-40dc-af90-a550bac27cf1,5c601d96-e4c7-4698-991b-7ee674b11079
2026-8-30 14:38:47-debug:   Number of all scripts: 7
2026-8-30 14:38:47-debug:   Number of other assets: 318
2026-8-30 14:38:47-debug: Init bundle root assets success..., progress: 0%
2026-8-30 14:38:47-debug: // ---- build task 查询 Asset Bundle ---- (9ms)
2026-8-30 14:38:47-log: run build task 查询 Asset Bundle success in 9 ms√, progress: 5%
2026-8-30 14:38:47-debug: [Build Memory track]: 查询 Asset Bundle start:230.05MB, end 229.94MB, increase: -116.96KB
2026-8-30 14:38:47-debug: 查询 Asset Bundle start, progress: 5%
2026-8-30 14:38:47-debug: // ---- build task 查询 Asset Bundle ----
2026-8-30 14:38:47-debug: // ---- build task 查询 Asset Bundle ---- (4ms)
2026-8-30 14:38:47-log: run build task 查询 Asset Bundle success in 4 ms√, progress: 10%
2026-8-30 14:38:47-debug: // ---- build task 整理部分构建选项内数据到 settings.json ----
2026-8-30 14:38:47-debug: 整理部分构建选项内数据到 settings.json start, progress: 10%
2026-8-30 14:38:47-debug: [Build Memory track]: 查询 Asset Bundle start:229.98MB, end 230.09MB, increase: 112.50KB
2026-8-30 14:38:47-debug: // ---- build task 整理部分构建选项内数据到 settings.json ---- (2ms)
2026-8-30 14:38:47-debug: [Build Memory track]: 整理部分构建选项内数据到 settings.json start:230.13MB, end 230.17MB, increase: 34.48KB
2026-8-30 14:38:47-debug: 填充脚本数据到 settings.json start, progress: 12%
2026-8-30 14:38:47-log: run build task 整理部分构建选项内数据到 settings.json success in 2 ms√, progress: 12%
2026-8-30 14:38:47-debug: // ---- build task 填充脚本数据到 settings.json ----
2026-8-30 14:38:47-debug: // ---- build task 填充脚本数据到 settings.json ---- (2ms)
2026-8-30 14:38:47-log: run build task 填充脚本数据到 settings.json success in 2 ms√, progress: 13%
2026-8-30 14:38:47-debug: 整理部分构建选项内数据到 settings.json start, progress: 13%
2026-8-30 14:38:47-debug: [Build Memory track]: 填充脚本数据到 settings.json start:230.21MB, end 230.25MB, increase: 38.21KB
2026-8-30 14:38:47-debug: // ---- build task 整理部分构建选项内数据到 settings.json ----
2026-8-30 14:38:47-debug: // ---- build task 整理部分构建选项内数据到 settings.json ---- (4ms)
2026-8-30 14:38:47-debug: [Build Memory track]: 整理部分构建选项内数据到 settings.json start:230.29MB, end 230.44MB, increase: 150.94KB
2026-8-30 14:38:47-log: run build task 整理部分构建选项内数据到 settings.json success in 4 ms√, progress: 15%
2026-8-30 14:38:58-debug: Query all assets info in project
2026-8-30 14:38:58-debug: init custom config: keepNodeUuid: false, useCache: true
2026-8-30 14:38:58-debug: Skip compress image, progress: 0%
2026-8-30 14:38:58-debug: Init all bundles start..., progress: 0%
2026-8-30 14:38:58-debug: // ---- build task 查询 Asset Bundle ----
2026-8-30 14:38:58-debug: Init bundle root assets start..., progress: 0%
2026-8-30 14:38:58-debug: Num of bundles: 3..., progress: 0%
2026-8-30 14:38:58-debug: 查询 Asset Bundle start, progress: 0%
2026-8-30 14:38:58-debug: Query preload assets/scripts from cc.config.json: 60f7195c-ec2a-45eb-ba94-8955f60e81d0,1c02ae6f-4492-4915-b8f8-7492a3b1e4cd,810e96e4-e456-4468-9b59-f4e8f39732c0,efe8e2a3-eace-427b-b4f1-cb8a937ec77d,e9aa9a3e-5b2b-4ac7-a2c7-073de2b2b24f,8bbdbcdd-5cd4-4100-b6d5-b7c9625b6107,50f4348b-c883-4e2f-8f11-ce233b859fa1,fda095cb-831d-4601-ad94-846013963de8,f92806d7-1768-443f-afe8-12bcde84d0f0,dd3a144d-ab7f-41f0-82b8-2e43a090d496,f0416e68-0200-4b77-a926-4f9d16e494da,511d2633-09a7-4bdd-ac42-f778032124b3,5d45aa00-e064-4938-b314-4265f0c2258c,9361fd90-ba52-4f84-aa93-6e878fd576ca,970b0598-bcb0-4714-91fb-2e81440dccd8,bcd64cc6-2dd9-43f6-abbe-66318d332032,d930590d-bb92-4cc8-8bd1-23cd027f9edf,a3cd009f-0ab0-420d-9278-b9fdab939bbc,6a2d0734-bd9e-4ddf-946e-caa52498cb75,c27215d8-6835-4b68-bfbb-bdeac6100c04,b5d6115f-0370-4d7c-aad3-c194cc71cf98,d1346436-ac96-4271-b863-1f4fdead95b0,971bdb23-3ff6-43eb-b422-1c30165a3663,17debcc3-0a6b-4b8a-b00b-dc58b885581e,711ebe11-f673-4cd9-9a83-63c60ba54c5b,c0143906-9aed-447e-9436-2ae8512d1b6e,14da1725-c4c2-42b4-ab08-ee0aeb6898b3,081cab31-dccd-428e-8652-f2404cc81c47,78e0584a-4343-4727-8f37-e14e65c2a2db,ba21476f-2866-4f81-9c4d-6e359316e448,871c3b6c-7379-419d-bda3-794b239ab90d,1d08ef62-a503-4ce2-8b9a-46c90873f7d3,ff9b0199-ce04-4cfe-86cc-6c719f08d6e4,de1c2107-70c8-4021-8459-6399f24d01c6,cbf30902-517f-40dc-af90-a550bac27cf1,5c601d96-e4c7-4698-991b-7ee674b11079
2026-8-30 14:38:58-debug:   Number of all scenes: 1
2026-8-30 14:38:58-debug:   Number of other assets: 318
2026-8-30 14:38:58-debug: Init bundle root assets success..., progress: 0%
2026-8-30 14:38:58-debug:   Number of all scripts: 7
2026-8-30 14:38:58-debug: // ---- build task 查询 Asset Bundle ---- (8ms)
2026-8-30 14:38:58-log: run build task 查询 Asset Bundle success in 8 ms√, progress: 5%
2026-8-30 14:38:58-debug: // ---- build task 查询 Asset Bundle ----
2026-8-30 14:38:58-debug: [Build Memory track]: 查询 Asset Bundle start:230.54MB, end 230.35MB, increase: -193.80KB
2026-8-30 14:38:58-debug: 查询 Asset Bundle start, progress: 5%
2026-8-30 14:38:58-debug: // ---- build task 查询 Asset Bundle ---- (4ms)
2026-8-30 14:38:58-log: run build task 查询 Asset Bundle success in 4 ms√, progress: 10%
2026-8-30 14:38:58-debug: // ---- build task 整理部分构建选项内数据到 settings.json ----
2026-8-30 14:38:58-debug: [Build Memory track]: 查询 Asset Bundle start:230.41MB, end 230.52MB, increase: 118.00KB
2026-8-30 14:38:58-debug: 整理部分构建选项内数据到 settings.json start, progress: 10%
2026-8-30 14:38:58-debug: // ---- build task 整理部分构建选项内数据到 settings.json ---- (1ms)
2026-8-30 14:38:58-log: run build task 整理部分构建选项内数据到 settings.json success in 1 ms√, progress: 12%
2026-8-30 14:38:58-debug: 填充脚本数据到 settings.json start, progress: 12%
2026-8-30 14:38:58-debug: [Build Memory track]: 整理部分构建选项内数据到 settings.json start:230.56MB, end 230.60MB, increase: 37.20KB
2026-8-30 14:38:58-debug: // ---- build task 填充脚本数据到 settings.json ----
2026-8-30 14:38:58-debug: // ---- build task 填充脚本数据到 settings.json ---- (2ms)
2026-8-30 14:38:58-log: run build task 填充脚本数据到 settings.json success in 2 ms√, progress: 13%
2026-8-30 14:38:58-debug: [Build Memory track]: 填充脚本数据到 settings.json start:230.64MB, end 230.67MB, increase: 33.82KB
2026-8-30 14:38:58-debug: 整理部分构建选项内数据到 settings.json start, progress: 13%
2026-8-30 14:38:58-debug: // ---- build task 整理部分构建选项内数据到 settings.json ----
2026-8-30 14:38:58-debug: // ---- build task 整理部分构建选项内数据到 settings.json ---- (6ms)
2026-8-30 14:38:58-log: run build task 整理部分构建选项内数据到 settings.json success in 6 ms√, progress: 15%
2026-8-30 14:38:58-debug: [Build Memory track]: 整理部分构建选项内数据到 settings.json start:230.72MB, end 230.87MB, increase: 158.02KB
2026-8-30 14:39:02-debug: refresh db internal success
2026-8-30 14:39:02-debug: refresh db assets success
2026-8-30 14:39:02-debug: Run asset db hook engine-extends:afterRefresh ...
2026-8-30 14:39:02-debug: Run asset db hook engine-extends:afterRefresh success!
2026-8-30 14:39:02-debug: asset-db:refresh-all-database (107ms)
2026-8-30 14:39:02-debug: asset-db:worker-effect-data-processing (1ms)
2026-8-30 14:39:02-debug: asset-db-hook-engine-extends-afterRefresh (2ms)
2026-8-30 14:39:48-debug: Query all assets info in project
2026-8-30 14:39:48-debug: init custom config: keepNodeUuid: false, useCache: true
2026-8-30 14:39:48-debug: Skip compress image, progress: 0%
2026-8-30 14:39:48-debug: Init all bundles start..., progress: 0%
2026-8-30 14:39:48-debug: // ---- build task 查询 Asset Bundle ----
2026-8-30 14:39:48-debug: 查询 Asset Bundle start, progress: 0%
2026-8-30 14:39:48-debug: Num of bundles: 3..., progress: 0%
2026-8-30 14:39:48-debug: Init bundle root assets start..., progress: 0%
2026-8-30 14:39:48-debug:   Number of all scenes: 1
2026-8-30 14:39:48-debug: Query preload assets/scripts from cc.config.json: 60f7195c-ec2a-45eb-ba94-8955f60e81d0,1c02ae6f-4492-4915-b8f8-7492a3b1e4cd,810e96e4-e456-4468-9b59-f4e8f39732c0,efe8e2a3-eace-427b-b4f1-cb8a937ec77d,e9aa9a3e-5b2b-4ac7-a2c7-073de2b2b24f,8bbdbcdd-5cd4-4100-b6d5-b7c9625b6107,50f4348b-c883-4e2f-8f11-ce233b859fa1,fda095cb-831d-4601-ad94-846013963de8,f92806d7-1768-443f-afe8-12bcde84d0f0,dd3a144d-ab7f-41f0-82b8-2e43a090d496,f0416e68-0200-4b77-a926-4f9d16e494da,511d2633-09a7-4bdd-ac42-f778032124b3,5d45aa00-e064-4938-b314-4265f0c2258c,9361fd90-ba52-4f84-aa93-6e878fd576ca,970b0598-bcb0-4714-91fb-2e81440dccd8,bcd64cc6-2dd9-43f6-abbe-66318d332032,d930590d-bb92-4cc8-8bd1-23cd027f9edf,a3cd009f-0ab0-420d-9278-b9fdab939bbc,6a2d0734-bd9e-4ddf-946e-caa52498cb75,c27215d8-6835-4b68-bfbb-bdeac6100c04,b5d6115f-0370-4d7c-aad3-c194cc71cf98,d1346436-ac96-4271-b863-1f4fdead95b0,971bdb23-3ff6-43eb-b422-1c30165a3663,17debcc3-0a6b-4b8a-b00b-dc58b885581e,711ebe11-f673-4cd9-9a83-63c60ba54c5b,c0143906-9aed-447e-9436-2ae8512d1b6e,14da1725-c4c2-42b4-ab08-ee0aeb6898b3,081cab31-dccd-428e-8652-f2404cc81c47,78e0584a-4343-4727-8f37-e14e65c2a2db,ba21476f-2866-4f81-9c4d-6e359316e448,871c3b6c-7379-419d-bda3-794b239ab90d,1d08ef62-a503-4ce2-8b9a-46c90873f7d3,ff9b0199-ce04-4cfe-86cc-6c719f08d6e4,de1c2107-70c8-4021-8459-6399f24d01c6,cbf30902-517f-40dc-af90-a550bac27cf1,5c601d96-e4c7-4698-991b-7ee674b11079
2026-8-30 14:39:48-debug: Init bundle root assets success..., progress: 0%
2026-8-30 14:39:48-debug:   Number of other assets: 318
2026-8-30 14:39:48-debug:   Number of all scripts: 7
2026-8-30 14:39:48-log: run build task 查询 Asset Bundle success in 16 ms√, progress: 5%
2026-8-30 14:39:48-debug: [Build Memory track]: 查询 Asset Bundle start:232.39MB, end 232.36MB, increase: -24.51KB
2026-8-30 14:39:48-debug: 查询 Asset Bundle start, progress: 5%
2026-8-30 14:39:48-debug: // ---- build task 查询 Asset Bundle ---- (16ms)
2026-8-30 14:39:48-debug: // ---- build task 查询 Asset Bundle ----
2026-8-30 14:39:48-debug: // ---- build task 查询 Asset Bundle ---- (7ms)
2026-8-30 14:39:48-log: run build task 查询 Asset Bundle success in 7 ms√, progress: 10%
2026-8-30 14:39:48-debug: [Build Memory track]: 查询 Asset Bundle start:232.40MB, end 232.70MB, increase: 304.26KB
2026-8-30 14:39:48-debug: 整理部分构建选项内数据到 settings.json start, progress: 10%
2026-8-30 14:39:48-debug: // ---- build task 整理部分构建选项内数据到 settings.json ----
2026-8-30 14:39:48-log: run build task 整理部分构建选项内数据到 settings.json success in 5 ms√, progress: 12%
2026-8-30 14:39:48-debug: [Build Memory track]: 整理部分构建选项内数据到 settings.json start:232.74MB, end 232.61MB, increase: -135.25KB
2026-8-30 14:39:48-debug: 填充脚本数据到 settings.json start, progress: 12%
2026-8-30 14:39:48-debug: // ---- build task 整理部分构建选项内数据到 settings.json ---- (5ms)
2026-8-30 14:39:48-debug: // ---- build task 填充脚本数据到 settings.json ----
2026-8-30 14:39:48-debug: refresh db internal success
2026-8-30 14:39:48-debug: // ---- build task 填充脚本数据到 settings.json ---- (4ms)
2026-8-30 14:39:48-log: run build task 填充脚本数据到 settings.json success in 4 ms√, progress: 13%
2026-8-30 14:39:48-debug: [Build Memory track]: 填充脚本数据到 settings.json start:232.65MB, end 232.77MB, increase: 117.97KB
2026-8-30 14:39:48-debug: 整理部分构建选项内数据到 settings.json start, progress: 13%
2026-8-30 14:39:48-debug: // ---- build task 整理部分构建选项内数据到 settings.json ----
2026-8-30 14:39:48-debug: %cImport%c: D:\GameByself\Cocos\Project1\assets\Scripts\Car.tsbackground: #aaff85; color: #000;color: #000;
2026-8-30 14:39:48-debug: refresh db assets success
2026-8-30 14:39:48-debug: Run asset db hook engine-extends:afterRefresh ...
2026-8-30 14:39:48-debug: Run asset db hook engine-extends:afterRefresh success!
2026-8-30 14:39:48-debug: asset-db:refresh-all-database (245ms)
2026-8-30 14:39:48-debug: asset-db:worker-effect-data-processing (2ms)
2026-8-30 14:39:48-debug: asset-db-hook-engine-extends-afterRefresh (3ms)
2026-8-30 14:39:48-debug: // ---- build task 整理部分构建选项内数据到 settings.json ---- (17ms)
2026-8-30 14:39:48-log: run build task 整理部分构建选项内数据到 settings.json success in 17 ms√, progress: 15%
2026-8-30 14:39:48-debug: [Build Memory track]: 整理部分构建选项内数据到 settings.json start:232.81MB, end 232.57MB, increase: -243.33KB
2026-8-30 14:39:49-debug: Query all assets info in project
2026-8-30 14:39:49-debug: init custom config: keepNodeUuid: false, useCache: true
2026-8-30 14:39:49-debug: Skip compress image, progress: 0%
2026-8-30 14:39:49-debug: Init all bundles start..., progress: 0%
2026-8-30 14:39:49-debug: // ---- build task 查询 Asset Bundle ----
2026-8-30 14:39:49-debug: Num of bundles: 3..., progress: 0%
2026-8-30 14:39:49-debug: 查询 Asset Bundle start, progress: 0%
2026-8-30 14:39:49-debug: Init bundle root assets start..., progress: 0%
2026-8-30 14:39:49-debug: Query preload assets/scripts from cc.config.json: 60f7195c-ec2a-45eb-ba94-8955f60e81d0,1c02ae6f-4492-4915-b8f8-7492a3b1e4cd,810e96e4-e456-4468-9b59-f4e8f39732c0,efe8e2a3-eace-427b-b4f1-cb8a937ec77d,e9aa9a3e-5b2b-4ac7-a2c7-073de2b2b24f,8bbdbcdd-5cd4-4100-b6d5-b7c9625b6107,50f4348b-c883-4e2f-8f11-ce233b859fa1,fda095cb-831d-4601-ad94-846013963de8,f92806d7-1768-443f-afe8-12bcde84d0f0,dd3a144d-ab7f-41f0-82b8-2e43a090d496,f0416e68-0200-4b77-a926-4f9d16e494da,511d2633-09a7-4bdd-ac42-f778032124b3,5d45aa00-e064-4938-b314-4265f0c2258c,9361fd90-ba52-4f84-aa93-6e878fd576ca,970b0598-bcb0-4714-91fb-2e81440dccd8,bcd64cc6-2dd9-43f6-abbe-66318d332032,d930590d-bb92-4cc8-8bd1-23cd027f9edf,a3cd009f-0ab0-420d-9278-b9fdab939bbc,6a2d0734-bd9e-4ddf-946e-caa52498cb75,c27215d8-6835-4b68-bfbb-bdeac6100c04,b5d6115f-0370-4d7c-aad3-c194cc71cf98,d1346436-ac96-4271-b863-1f4fdead95b0,971bdb23-3ff6-43eb-b422-1c30165a3663,17debcc3-0a6b-4b8a-b00b-dc58b885581e,711ebe11-f673-4cd9-9a83-63c60ba54c5b,c0143906-9aed-447e-9436-2ae8512d1b6e,14da1725-c4c2-42b4-ab08-ee0aeb6898b3,081cab31-dccd-428e-8652-f2404cc81c47,78e0584a-4343-4727-8f37-e14e65c2a2db,ba21476f-2866-4f81-9c4d-6e359316e448,871c3b6c-7379-419d-bda3-794b239ab90d,1d08ef62-a503-4ce2-8b9a-46c90873f7d3,ff9b0199-ce04-4cfe-86cc-6c719f08d6e4,de1c2107-70c8-4021-8459-6399f24d01c6,cbf30902-517f-40dc-af90-a550bac27cf1,5c601d96-e4c7-4698-991b-7ee674b11079
2026-8-30 14:39:49-debug: Init bundle root assets success..., progress: 0%
2026-8-30 14:39:49-debug:   Number of all scenes: 1
2026-8-30 14:39:49-debug:   Number of other assets: 318
2026-8-30 14:39:49-debug:   Number of all scripts: 7
2026-8-30 14:39:49-debug: // ---- build task 查询 Asset Bundle ---- (9ms)
2026-8-30 14:39:49-log: run build task 查询 Asset Bundle success in 9 ms√, progress: 5%
2026-8-30 14:39:49-debug: [Build Memory track]: 查询 Asset Bundle start:232.82MB, end 232.62MB, increase: -207.40KB
2026-8-30 14:39:49-debug: // ---- build task 查询 Asset Bundle ----
2026-8-30 14:39:49-debug: 查询 Asset Bundle start, progress: 5%
2026-8-30 14:39:49-debug: // ---- build task 查询 Asset Bundle ---- (3ms)
2026-8-30 14:39:49-log: run build task 查询 Asset Bundle success in 3 ms√, progress: 10%
2026-8-30 14:39:49-debug: [Build Memory track]: 查询 Asset Bundle start:232.66MB, end 232.77MB, increase: 111.99KB
2026-8-30 14:39:49-debug: 整理部分构建选项内数据到 settings.json start, progress: 10%
2026-8-30 14:39:49-debug: // ---- build task 整理部分构建选项内数据到 settings.json ----
2026-8-30 14:39:49-debug: // ---- build task 整理部分构建选项内数据到 settings.json ---- (1ms)
2026-8-30 14:39:49-log: run build task 整理部分构建选项内数据到 settings.json success in 1 ms√, progress: 12%
2026-8-30 14:39:49-debug: [Build Memory track]: 整理部分构建选项内数据到 settings.json start:232.81MB, end 232.84MB, increase: 34.62KB
2026-8-30 14:39:49-debug: 填充脚本数据到 settings.json start, progress: 12%
2026-8-30 14:39:49-debug: // ---- build task 填充脚本数据到 settings.json ----
2026-8-30 14:39:49-debug: // ---- build task 填充脚本数据到 settings.json ---- (2ms)
2026-8-30 14:39:49-log: run build task 填充脚本数据到 settings.json success in 2 ms√, progress: 13%
2026-8-30 14:39:49-debug: [Build Memory track]: 填充脚本数据到 settings.json start:232.88MB, end 232.92MB, increase: 35.38KB
2026-8-30 14:39:49-debug: 整理部分构建选项内数据到 settings.json start, progress: 13%
2026-8-30 14:39:49-debug: // ---- build task 整理部分构建选项内数据到 settings.json ----
2026-8-30 14:39:49-debug: // ---- build task 整理部分构建选项内数据到 settings.json ---- (5ms)
2026-8-30 14:39:49-log: run build task 整理部分构建选项内数据到 settings.json success in 5 ms√, progress: 15%
2026-8-30 14:39:49-debug: [Build Memory track]: 整理部分构建选项内数据到 settings.json start:232.96MB, end 233.10MB, increase: 146.78KB
2026-8-30 14:40:01-debug: refresh db internal success
2026-8-30 14:40:01-debug: %cImport%c: D:\GameByself\Cocos\Project1\assets\Scripts\Car.tsbackground: #aaff85; color: #000;color: #000;
2026-8-30 14:40:01-debug: refresh db assets success
2026-8-30 14:40:01-debug: Run asset db hook engine-extends:afterRefresh ...
2026-8-30 14:40:01-debug: Run asset db hook engine-extends:afterRefresh success!
2026-8-30 14:40:01-debug: asset-db:refresh-all-database (112ms)
2026-8-30 14:40:01-debug: asset-db:worker-effect-data-processing (2ms)
2026-8-30 14:40:01-debug: asset-db-hook-engine-extends-afterRefresh (2ms)
2026-8-30 14:40:02-debug: Query all assets info in project
2026-8-30 14:40:02-debug: init custom config: keepNodeUuid: false, useCache: true
2026-8-30 14:40:02-debug: Skip compress image, progress: 0%
2026-8-30 14:40:02-debug: Init all bundles start..., progress: 0%
2026-8-30 14:40:02-debug: // ---- build task 查询 Asset Bundle ----
2026-8-30 14:40:02-debug: 查询 Asset Bundle start, progress: 0%
2026-8-30 14:40:02-debug: Num of bundles: 3..., progress: 0%
2026-8-30 14:40:02-debug: Init bundle root assets start..., progress: 0%
2026-8-30 14:40:02-debug: Query preload assets/scripts from cc.config.json: 60f7195c-ec2a-45eb-ba94-8955f60e81d0,1c02ae6f-4492-4915-b8f8-7492a3b1e4cd,810e96e4-e456-4468-9b59-f4e8f39732c0,efe8e2a3-eace-427b-b4f1-cb8a937ec77d,e9aa9a3e-5b2b-4ac7-a2c7-073de2b2b24f,8bbdbcdd-5cd4-4100-b6d5-b7c9625b6107,50f4348b-c883-4e2f-8f11-ce233b859fa1,fda095cb-831d-4601-ad94-846013963de8,f92806d7-1768-443f-afe8-12bcde84d0f0,dd3a144d-ab7f-41f0-82b8-2e43a090d496,f0416e68-0200-4b77-a926-4f9d16e494da,511d2633-09a7-4bdd-ac42-f778032124b3,5d45aa00-e064-4938-b314-4265f0c2258c,9361fd90-ba52-4f84-aa93-6e878fd576ca,970b0598-bcb0-4714-91fb-2e81440dccd8,bcd64cc6-2dd9-43f6-abbe-66318d332032,d930590d-bb92-4cc8-8bd1-23cd027f9edf,a3cd009f-0ab0-420d-9278-b9fdab939bbc,6a2d0734-bd9e-4ddf-946e-caa52498cb75,c27215d8-6835-4b68-bfbb-bdeac6100c04,b5d6115f-0370-4d7c-aad3-c194cc71cf98,d1346436-ac96-4271-b863-1f4fdead95b0,971bdb23-3ff6-43eb-b422-1c30165a3663,17debcc3-0a6b-4b8a-b00b-dc58b885581e,711ebe11-f673-4cd9-9a83-63c60ba54c5b,c0143906-9aed-447e-9436-2ae8512d1b6e,14da1725-c4c2-42b4-ab08-ee0aeb6898b3,081cab31-dccd-428e-8652-f2404cc81c47,78e0584a-4343-4727-8f37-e14e65c2a2db,ba21476f-2866-4f81-9c4d-6e359316e448,871c3b6c-7379-419d-bda3-794b239ab90d,1d08ef62-a503-4ce2-8b9a-46c90873f7d3,ff9b0199-ce04-4cfe-86cc-6c719f08d6e4,de1c2107-70c8-4021-8459-6399f24d01c6,cbf30902-517f-40dc-af90-a550bac27cf1,5c601d96-e4c7-4698-991b-7ee674b11079
2026-8-30 14:40:02-debug:   Number of all scripts: 7
2026-8-30 14:40:02-debug: Init bundle root assets success..., progress: 0%
2026-8-30 14:40:02-debug:   Number of other assets: 318
2026-8-30 14:40:02-debug:   Number of all scenes: 1
2026-8-30 14:40:02-debug: // ---- build task 查询 Asset Bundle ---- (9ms)
2026-8-30 14:40:02-log: run build task 查询 Asset Bundle success in 9 ms√, progress: 5%
2026-8-30 14:40:02-debug: [Build Memory track]: 查询 Asset Bundle start:234.00MB, end 234.02MB, increase: 21.45KB
2026-8-30 14:40:02-debug: 查询 Asset Bundle start, progress: 5%
2026-8-30 14:40:02-debug: // ---- build task 查询 Asset Bundle ----
2026-8-30 14:40:02-debug: // ---- build task 查询 Asset Bundle ---- (6ms)
2026-8-30 14:40:02-log: run build task 查询 Asset Bundle success in 6 ms√, progress: 10%
2026-8-30 14:40:02-debug: [Build Memory track]: 查询 Asset Bundle start:234.06MB, end 234.17MB, increase: 112.27KB
2026-8-30 14:40:02-debug: 整理部分构建选项内数据到 settings.json start, progress: 10%
2026-8-30 14:40:02-debug: // ---- build task 整理部分构建选项内数据到 settings.json ----
2026-8-30 14:40:02-debug: // ---- build task 整理部分构建选项内数据到 settings.json ---- (1ms)
2026-8-30 14:40:02-log: run build task 整理部分构建选项内数据到 settings.json success in 1 ms√, progress: 12%
2026-8-30 14:40:02-debug: 填充脚本数据到 settings.json start, progress: 12%
2026-8-30 14:40:02-debug: [Build Memory track]: 整理部分构建选项内数据到 settings.json start:234.21MB, end 234.17MB, increase: -41.17KB
2026-8-30 14:40:02-debug: // ---- build task 填充脚本数据到 settings.json ----
2026-8-30 14:40:02-log: run build task 填充脚本数据到 settings.json success in 2 ms√, progress: 13%
2026-8-30 14:40:02-debug: [Build Memory track]: 填充脚本数据到 settings.json start:234.20MB, end 234.23MB, increase: 27.70KB
2026-8-30 14:40:02-debug: // ---- build task 填充脚本数据到 settings.json ---- (2ms)
2026-8-30 14:40:02-debug: 整理部分构建选项内数据到 settings.json start, progress: 13%
2026-8-30 14:40:02-debug: // ---- build task 整理部分构建选项内数据到 settings.json ----
2026-8-30 14:40:02-debug: // ---- build task 整理部分构建选项内数据到 settings.json ---- (9ms)
2026-8-30 14:40:02-log: run build task 整理部分构建选项内数据到 settings.json success in 9 ms√, progress: 15%
2026-8-30 14:40:02-debug: [Build Memory track]: 整理部分构建选项内数据到 settings.json start:234.26MB, end 234.38MB, increase: 128.52KB
2026-8-30 14:40:10-debug: refresh db internal success
2026-8-30 14:40:10-debug: refresh db assets success
2026-8-30 14:40:10-debug: Run asset db hook engine-extends:afterRefresh ...
2026-8-30 14:40:10-debug: Run asset db hook engine-extends:afterRefresh success!
2026-8-30 14:40:10-debug: asset-db:refresh-all-database (123ms)
2026-8-30 14:40:10-debug: asset-db:worker-effect-data-processing (2ms)
2026-8-30 14:40:10-debug: asset-db-hook-engine-extends-afterRefresh (2ms)
2026-8-30 14:40:10-debug: Query all assets info in project
2026-8-30 14:40:10-debug: init custom config: keepNodeUuid: false, useCache: true
2026-8-30 14:40:10-debug: Skip compress image, progress: 0%
2026-8-30 14:40:10-debug: Init all bundles start..., progress: 0%
2026-8-30 14:40:10-debug: // ---- build task 查询 Asset Bundle ----
2026-8-30 14:40:10-debug: Num of bundles: 3..., progress: 0%
2026-8-30 14:40:10-debug: 查询 Asset Bundle start, progress: 0%
2026-8-30 14:40:10-debug: Init bundle root assets start..., progress: 0%
2026-8-30 14:40:10-debug: Query preload assets/scripts from cc.config.json: 60f7195c-ec2a-45eb-ba94-8955f60e81d0,1c02ae6f-4492-4915-b8f8-7492a3b1e4cd,810e96e4-e456-4468-9b59-f4e8f39732c0,efe8e2a3-eace-427b-b4f1-cb8a937ec77d,e9aa9a3e-5b2b-4ac7-a2c7-073de2b2b24f,8bbdbcdd-5cd4-4100-b6d5-b7c9625b6107,50f4348b-c883-4e2f-8f11-ce233b859fa1,fda095cb-831d-4601-ad94-846013963de8,f92806d7-1768-443f-afe8-12bcde84d0f0,dd3a144d-ab7f-41f0-82b8-2e43a090d496,f0416e68-0200-4b77-a926-4f9d16e494da,511d2633-09a7-4bdd-ac42-f778032124b3,5d45aa00-e064-4938-b314-4265f0c2258c,9361fd90-ba52-4f84-aa93-6e878fd576ca,970b0598-bcb0-4714-91fb-2e81440dccd8,bcd64cc6-2dd9-43f6-abbe-66318d332032,d930590d-bb92-4cc8-8bd1-23cd027f9edf,a3cd009f-0ab0-420d-9278-b9fdab939bbc,6a2d0734-bd9e-4ddf-946e-caa52498cb75,c27215d8-6835-4b68-bfbb-bdeac6100c04,b5d6115f-0370-4d7c-aad3-c194cc71cf98,d1346436-ac96-4271-b863-1f4fdead95b0,971bdb23-3ff6-43eb-b422-1c30165a3663,17debcc3-0a6b-4b8a-b00b-dc58b885581e,711ebe11-f673-4cd9-9a83-63c60ba54c5b,c0143906-9aed-447e-9436-2ae8512d1b6e,14da1725-c4c2-42b4-ab08-ee0aeb6898b3,081cab31-dccd-428e-8652-f2404cc81c47,78e0584a-4343-4727-8f37-e14e65c2a2db,ba21476f-2866-4f81-9c4d-6e359316e448,871c3b6c-7379-419d-bda3-794b239ab90d,1d08ef62-a503-4ce2-8b9a-46c90873f7d3,ff9b0199-ce04-4cfe-86cc-6c719f08d6e4,de1c2107-70c8-4021-8459-6399f24d01c6,cbf30902-517f-40dc-af90-a550bac27cf1,5c601d96-e4c7-4698-991b-7ee674b11079
2026-8-30 14:40:10-debug:   Number of all scenes: 1
2026-8-30 14:40:10-debug:   Number of all scripts: 7
2026-8-30 14:40:10-debug:   Number of other assets: 318
2026-8-30 14:40:10-debug: Init bundle root assets success..., progress: 0%
2026-8-30 14:40:10-debug: // ---- build task 查询 Asset Bundle ---- (9ms)
2026-8-30 14:40:10-debug: [Build Memory track]: 查询 Asset Bundle start:235.53MB, end 235.26MB, increase: -278.82KB
2026-8-30 14:40:10-log: run build task 查询 Asset Bundle success in 9 ms√, progress: 5%
2026-8-30 14:40:10-debug: 查询 Asset Bundle start, progress: 5%
2026-8-30 14:40:10-debug: // ---- build task 查询 Asset Bundle ----
2026-8-30 14:40:10-debug: // ---- build task 查询 Asset Bundle ---- (4ms)
2026-8-30 14:40:10-log: run build task 查询 Asset Bundle success in 4 ms√, progress: 10%
2026-8-30 14:40:10-debug: 整理部分构建选项内数据到 settings.json start, progress: 10%
2026-8-30 14:40:10-debug: [Build Memory track]: 查询 Asset Bundle start:235.29MB, end 235.39MB, increase: 105.20KB
2026-8-30 14:40:10-debug: // ---- build task 整理部分构建选项内数据到 settings.json ----
2026-8-30 14:40:10-debug: // ---- build task 整理部分构建选项内数据到 settings.json ---- (2ms)
2026-8-30 14:40:10-log: run build task 整理部分构建选项内数据到 settings.json success in 2 ms√, progress: 12%
2026-8-30 14:40:10-debug: 填充脚本数据到 settings.json start, progress: 12%
2026-8-30 14:40:10-debug: [Build Memory track]: 整理部分构建选项内数据到 settings.json start:235.43MB, end 235.45MB, increase: 27.46KB
2026-8-30 14:40:10-debug: // ---- build task 填充脚本数据到 settings.json ----
2026-8-30 14:40:10-debug: // ---- build task 填充脚本数据到 settings.json ---- (1ms)
2026-8-30 14:40:10-log: run build task 填充脚本数据到 settings.json success in 1 ms√, progress: 13%
2026-8-30 14:40:10-debug: [Build Memory track]: 填充脚本数据到 settings.json start:235.48MB, end 235.51MB, increase: 26.98KB
2026-8-30 14:40:10-debug: 整理部分构建选项内数据到 settings.json start, progress: 13%
2026-8-30 14:40:10-debug: // ---- build task 整理部分构建选项内数据到 settings.json ----
2026-8-30 14:40:10-log: run build task 整理部分构建选项内数据到 settings.json success in 6 ms√, progress: 15%
2026-8-30 14:40:10-debug: [Build Memory track]: 整理部分构建选项内数据到 settings.json start:235.54MB, end 235.67MB, increase: 128.62KB
2026-8-30 14:40:10-debug: // ---- build task 整理部分构建选项内数据到 settings.json ---- (6ms)
2026-8-30 14:40:16-debug: Query all assets info in project
2026-8-30 14:40:16-debug: init custom config: keepNodeUuid: false, useCache: true
2026-8-30 14:40:16-debug: Skip compress image, progress: 0%
2026-8-30 14:40:16-debug: Init all bundles start..., progress: 0%
2026-8-30 14:40:16-debug: // ---- build task 查询 Asset Bundle ----
2026-8-30 14:40:16-debug: 查询 Asset Bundle start, progress: 0%
2026-8-30 14:40:16-debug: Num of bundles: 3..., progress: 0%
2026-8-30 14:40:16-debug: Init bundle root assets start..., progress: 0%
2026-8-30 14:40:16-debug:   Number of all scenes: 1
2026-8-30 14:40:16-debug: Query preload assets/scripts from cc.config.json: 60f7195c-ec2a-45eb-ba94-8955f60e81d0,1c02ae6f-4492-4915-b8f8-7492a3b1e4cd,810e96e4-e456-4468-9b59-f4e8f39732c0,efe8e2a3-eace-427b-b4f1-cb8a937ec77d,e9aa9a3e-5b2b-4ac7-a2c7-073de2b2b24f,8bbdbcdd-5cd4-4100-b6d5-b7c9625b6107,50f4348b-c883-4e2f-8f11-ce233b859fa1,fda095cb-831d-4601-ad94-846013963de8,f92806d7-1768-443f-afe8-12bcde84d0f0,dd3a144d-ab7f-41f0-82b8-2e43a090d496,f0416e68-0200-4b77-a926-4f9d16e494da,511d2633-09a7-4bdd-ac42-f778032124b3,5d45aa00-e064-4938-b314-4265f0c2258c,9361fd90-ba52-4f84-aa93-6e878fd576ca,970b0598-bcb0-4714-91fb-2e81440dccd8,bcd64cc6-2dd9-43f6-abbe-66318d332032,d930590d-bb92-4cc8-8bd1-23cd027f9edf,a3cd009f-0ab0-420d-9278-b9fdab939bbc,6a2d0734-bd9e-4ddf-946e-caa52498cb75,c27215d8-6835-4b68-bfbb-bdeac6100c04,b5d6115f-0370-4d7c-aad3-c194cc71cf98,d1346436-ac96-4271-b863-1f4fdead95b0,971bdb23-3ff6-43eb-b422-1c30165a3663,17debcc3-0a6b-4b8a-b00b-dc58b885581e,711ebe11-f673-4cd9-9a83-63c60ba54c5b,c0143906-9aed-447e-9436-2ae8512d1b6e,14da1725-c4c2-42b4-ab08-ee0aeb6898b3,081cab31-dccd-428e-8652-f2404cc81c47,78e0584a-4343-4727-8f37-e14e65c2a2db,ba21476f-2866-4f81-9c4d-6e359316e448,871c3b6c-7379-419d-bda3-794b239ab90d,1d08ef62-a503-4ce2-8b9a-46c90873f7d3,ff9b0199-ce04-4cfe-86cc-6c719f08d6e4,de1c2107-70c8-4021-8459-6399f24d01c6,cbf30902-517f-40dc-af90-a550bac27cf1,5c601d96-e4c7-4698-991b-7ee674b11079
2026-8-30 14:40:16-debug: Init bundle root assets success..., progress: 0%
2026-8-30 14:40:16-debug:   Number of other assets: 318
2026-8-30 14:40:16-debug:   Number of all scripts: 7
2026-8-30 14:40:16-debug: // ---- build task 查询 Asset Bundle ---- (9ms)
2026-8-30 14:40:16-log: run build task 查询 Asset Bundle success in 9 ms√, progress: 5%
2026-8-30 14:40:16-debug: [Build Memory track]: 查询 Asset Bundle start:235.71MB, end 235.44MB, increase: -281.96KB
2026-8-30 14:40:16-debug: 查询 Asset Bundle start, progress: 5%
2026-8-30 14:40:16-debug: // ---- build task 查询 Asset Bundle ----
2026-8-30 14:40:16-debug: // ---- build task 查询 Asset Bundle ---- (4ms)
2026-8-30 14:40:16-log: run build task 查询 Asset Bundle success in 4 ms√, progress: 10%
2026-8-30 14:40:16-debug: [Build Memory track]: 查询 Asset Bundle start:235.47MB, end 235.57MB, increase: 103.91KB
2026-8-30 14:40:16-debug: 整理部分构建选项内数据到 settings.json start, progress: 10%
2026-8-30 14:40:16-debug: // ---- build task 整理部分构建选项内数据到 settings.json ----
2026-8-30 14:40:16-debug: // ---- build task 整理部分构建选项内数据到 settings.json ---- (2ms)
2026-8-30 14:40:16-log: run build task 整理部分构建选项内数据到 settings.json success in 2 ms√, progress: 12%
2026-8-30 14:40:16-debug: // ---- build task 填充脚本数据到 settings.json ----
2026-8-30 14:40:16-debug: [Build Memory track]: 整理部分构建选项内数据到 settings.json start:235.60MB, end 235.63MB, increase: 27.68KB
2026-8-30 14:40:16-debug: 填充脚本数据到 settings.json start, progress: 12%
2026-8-30 14:40:16-debug: // ---- build task 填充脚本数据到 settings.json ---- (3ms)
2026-8-30 14:40:16-log: run build task 填充脚本数据到 settings.json success in 3 ms√, progress: 13%
2026-8-30 14:40:16-debug: // ---- build task 整理部分构建选项内数据到 settings.json ----
2026-8-30 14:40:16-debug: [Build Memory track]: 填充脚本数据到 settings.json start:235.66MB, end 235.69MB, increase: 29.93KB
2026-8-30 14:40:16-debug: 整理部分构建选项内数据到 settings.json start, progress: 13%
2026-8-30 14:40:16-debug: // ---- build task 整理部分构建选项内数据到 settings.json ---- (4ms)
2026-8-30 14:40:16-log: run build task 整理部分构建选项内数据到 settings.json success in 4 ms√, progress: 15%
2026-8-30 14:40:16-debug: [Build Memory track]: 整理部分构建选项内数据到 settings.json start:235.72MB, end 235.86MB, increase: 146.04KB
2026-8-30 14:40:25-debug: refresh db internal success
2026-8-30 14:40:25-debug: refresh db assets success
2026-8-30 14:40:25-debug: Run asset db hook engine-extends:afterRefresh ...
2026-8-30 14:40:25-debug: Run asset db hook engine-extends:afterRefresh success!
2026-8-30 14:40:25-debug: asset-db:refresh-all-database (101ms)
2026-8-30 14:40:25-debug: asset-db:worker-effect-data-processing (2ms)
2026-8-30 14:40:25-debug: asset-db-hook-engine-extends-afterRefresh (2ms)
2026-8-30 14:40:38-debug: refresh db internal success
2026-8-30 14:40:38-debug: refresh db assets success
2026-8-30 14:40:38-debug: Run asset db hook engine-extends:afterRefresh ...
2026-8-30 14:40:38-debug: Run asset db hook engine-extends:afterRefresh success!
2026-8-30 14:40:38-debug: asset-db:refresh-all-database (102ms)
2026-8-30 14:40:38-debug: asset-db:worker-effect-data-processing (2ms)
2026-8-30 14:40:38-debug: asset-db-hook-engine-extends-afterRefresh (2ms)
2026-8-30 14:40:45-debug: Query all assets info in project
2026-8-30 14:40:45-debug: init custom config: keepNodeUuid: false, useCache: true
2026-8-30 14:40:45-debug: Skip compress image, progress: 0%
2026-8-30 14:40:45-debug: Init all bundles start..., progress: 0%
2026-8-30 14:40:45-debug: Num of bundles: 3..., progress: 0%
2026-8-30 14:40:45-debug: 查询 Asset Bundle start, progress: 0%
2026-8-30 14:40:45-debug: // ---- build task 查询 Asset Bundle ----
2026-8-30 14:40:45-debug: Init bundle root assets start..., progress: 0%
2026-8-30 14:40:45-debug: Query preload assets/scripts from cc.config.json: 60f7195c-ec2a-45eb-ba94-8955f60e81d0,1c02ae6f-4492-4915-b8f8-7492a3b1e4cd,810e96e4-e456-4468-9b59-f4e8f39732c0,efe8e2a3-eace-427b-b4f1-cb8a937ec77d,e9aa9a3e-5b2b-4ac7-a2c7-073de2b2b24f,8bbdbcdd-5cd4-4100-b6d5-b7c9625b6107,50f4348b-c883-4e2f-8f11-ce233b859fa1,fda095cb-831d-4601-ad94-846013963de8,f92806d7-1768-443f-afe8-12bcde84d0f0,dd3a144d-ab7f-41f0-82b8-2e43a090d496,f0416e68-0200-4b77-a926-4f9d16e494da,511d2633-09a7-4bdd-ac42-f778032124b3,5d45aa00-e064-4938-b314-4265f0c2258c,9361fd90-ba52-4f84-aa93-6e878fd576ca,970b0598-bcb0-4714-91fb-2e81440dccd8,bcd64cc6-2dd9-43f6-abbe-66318d332032,d930590d-bb92-4cc8-8bd1-23cd027f9edf,a3cd009f-0ab0-420d-9278-b9fdab939bbc,6a2d0734-bd9e-4ddf-946e-caa52498cb75,c27215d8-6835-4b68-bfbb-bdeac6100c04,b5d6115f-0370-4d7c-aad3-c194cc71cf98,d1346436-ac96-4271-b863-1f4fdead95b0,971bdb23-3ff6-43eb-b422-1c30165a3663,17debcc3-0a6b-4b8a-b00b-dc58b885581e,711ebe11-f673-4cd9-9a83-63c60ba54c5b,c0143906-9aed-447e-9436-2ae8512d1b6e,14da1725-c4c2-42b4-ab08-ee0aeb6898b3,081cab31-dccd-428e-8652-f2404cc81c47,78e0584a-4343-4727-8f37-e14e65c2a2db,ba21476f-2866-4f81-9c4d-6e359316e448,871c3b6c-7379-419d-bda3-794b239ab90d,1d08ef62-a503-4ce2-8b9a-46c90873f7d3,ff9b0199-ce04-4cfe-86cc-6c719f08d6e4,de1c2107-70c8-4021-8459-6399f24d01c6,cbf30902-517f-40dc-af90-a550bac27cf1,5c601d96-e4c7-4698-991b-7ee674b11079
2026-8-30 14:40:45-debug:   Number of all scripts: 7
2026-8-30 14:40:45-debug:   Number of other assets: 318
2026-8-30 14:40:45-debug: Init bundle root assets success..., progress: 0%
2026-8-30 14:40:45-debug:   Number of all scenes: 1
2026-8-30 14:40:45-debug: // ---- build task 查询 Asset Bundle ---- (15ms)
2026-8-30 14:40:45-log: run build task 查询 Asset Bundle success in 15 ms√, progress: 5%
2026-8-30 14:40:45-debug: [Build Memory track]: 查询 Asset Bundle start:237.66MB, end 237.40MB, increase: -271.13KB
2026-8-30 14:40:45-debug: // ---- build task 查询 Asset Bundle ----
2026-8-30 14:40:45-debug: 查询 Asset Bundle start, progress: 5%
2026-8-30 14:40:45-debug: // ---- build task 查询 Asset Bundle ---- (8ms)
2026-8-30 14:40:45-log: run build task 查询 Asset Bundle success in 8 ms√, progress: 10%
2026-8-30 14:40:45-debug: [Build Memory track]: 查询 Asset Bundle start:237.64MB, end 237.55MB, increase: -87.64KB
2026-8-30 14:40:45-debug: 整理部分构建选项内数据到 settings.json start, progress: 10%
2026-8-30 14:40:45-debug: // ---- build task 整理部分构建选项内数据到 settings.json ----
2026-8-30 14:40:45-debug: // ---- build task 整理部分构建选项内数据到 settings.json ---- (2ms)
2026-8-30 14:40:45-log: run build task 整理部分构建选项内数据到 settings.json success in 2 ms√, progress: 12%
2026-8-30 14:40:45-debug: 填充脚本数据到 settings.json start, progress: 12%
2026-8-30 14:40:45-debug: [Build Memory track]: 整理部分构建选项内数据到 settings.json start:237.59MB, end 237.62MB, increase: 26.92KB
2026-8-30 14:40:45-debug: // ---- build task 填充脚本数据到 settings.json ----
2026-8-30 14:40:45-debug: // ---- build task 填充脚本数据到 settings.json ---- (5ms)
2026-8-30 14:40:45-log: run build task 填充脚本数据到 settings.json success in 5 ms√, progress: 13%
2026-8-30 14:40:45-debug: [Build Memory track]: 填充脚本数据到 settings.json start:237.65MB, end 237.68MB, increase: 28.00KB
2026-8-30 14:40:45-debug: 整理部分构建选项内数据到 settings.json start, progress: 13%
2026-8-30 14:40:45-debug: // ---- build task 整理部分构建选项内数据到 settings.json ----
2026-8-30 14:40:45-debug: // ---- build task 整理部分构建选项内数据到 settings.json ---- (8ms)
2026-8-30 14:40:45-log: run build task 整理部分构建选项内数据到 settings.json success in 8 ms√, progress: 15%
2026-8-30 14:40:45-debug: [Build Memory track]: 整理部分构建选项内数据到 settings.json start:237.71MB, end 237.86MB, increase: 149.61KB
2026-8-30 14:44:40-debug: Query all assets info in project
2026-8-30 14:44:40-debug: init custom config: keepNodeUuid: false, useCache: true
2026-8-30 14:44:40-debug: Skip compress image, progress: 0%
2026-8-30 14:44:40-debug: Init all bundles start..., progress: 0%
2026-8-30 14:44:40-debug: // ---- build task 查询 Asset Bundle ----
2026-8-30 14:44:40-debug: 查询 Asset Bundle start, progress: 0%
2026-8-30 14:44:40-debug: Num of bundles: 3..., progress: 0%
2026-8-30 14:44:40-debug: Init bundle root assets start..., progress: 0%
2026-8-30 14:44:40-debug: Query preload assets/scripts from cc.config.json: 60f7195c-ec2a-45eb-ba94-8955f60e81d0,1c02ae6f-4492-4915-b8f8-7492a3b1e4cd,810e96e4-e456-4468-9b59-f4e8f39732c0,efe8e2a3-eace-427b-b4f1-cb8a937ec77d,e9aa9a3e-5b2b-4ac7-a2c7-073de2b2b24f,8bbdbcdd-5cd4-4100-b6d5-b7c9625b6107,50f4348b-c883-4e2f-8f11-ce233b859fa1,fda095cb-831d-4601-ad94-846013963de8,f92806d7-1768-443f-afe8-12bcde84d0f0,dd3a144d-ab7f-41f0-82b8-2e43a090d496,f0416e68-0200-4b77-a926-4f9d16e494da,511d2633-09a7-4bdd-ac42-f778032124b3,5d45aa00-e064-4938-b314-4265f0c2258c,9361fd90-ba52-4f84-aa93-6e878fd576ca,970b0598-bcb0-4714-91fb-2e81440dccd8,bcd64cc6-2dd9-43f6-abbe-66318d332032,d930590d-bb92-4cc8-8bd1-23cd027f9edf,a3cd009f-0ab0-420d-9278-b9fdab939bbc,6a2d0734-bd9e-4ddf-946e-caa52498cb75,c27215d8-6835-4b68-bfbb-bdeac6100c04,b5d6115f-0370-4d7c-aad3-c194cc71cf98,d1346436-ac96-4271-b863-1f4fdead95b0,971bdb23-3ff6-43eb-b422-1c30165a3663,17debcc3-0a6b-4b8a-b00b-dc58b885581e,711ebe11-f673-4cd9-9a83-63c60ba54c5b,c0143906-9aed-447e-9436-2ae8512d1b6e,14da1725-c4c2-42b4-ab08-ee0aeb6898b3,081cab31-dccd-428e-8652-f2404cc81c47,78e0584a-4343-4727-8f37-e14e65c2a2db,ba21476f-2866-4f81-9c4d-6e359316e448,871c3b6c-7379-419d-bda3-794b239ab90d,1d08ef62-a503-4ce2-8b9a-46c90873f7d3,ff9b0199-ce04-4cfe-86cc-6c719f08d6e4,de1c2107-70c8-4021-8459-6399f24d01c6,cbf30902-517f-40dc-af90-a550bac27cf1,5c601d96-e4c7-4698-991b-7ee674b11079
2026-8-30 14:44:40-debug:   Number of all scenes: 1
2026-8-30 14:44:40-debug:   Number of all scripts: 7
2026-8-30 14:44:40-debug:   Number of other assets: 318
2026-8-30 14:44:40-debug: Init bundle root assets success..., progress: 0%
2026-8-30 14:44:40-debug: // ---- build task 查询 Asset Bundle ---- (13ms)
2026-8-30 14:44:40-debug: [Build Memory track]: 查询 Asset Bundle start:238.69MB, end 238.59MB, increase: -97.35KB
2026-8-30 14:44:40-log: run build task 查询 Asset Bundle success in 13 ms√, progress: 5%
2026-8-30 14:44:40-debug: 查询 Asset Bundle start, progress: 5%
2026-8-30 14:44:40-debug: // ---- build task 查询 Asset Bundle ----
2026-8-30 14:44:40-debug: refresh db internal success
2026-8-30 14:44:40-debug: // ---- build task 查询 Asset Bundle ---- (8ms)
2026-8-30 14:44:40-log: run build task 查询 Asset Bundle success in 8 ms√, progress: 10%
2026-8-30 14:44:40-debug: [Build Memory track]: 查询 Asset Bundle start:238.63MB, end 238.64MB, increase: 19.23KB
2026-8-30 14:44:40-debug: 整理部分构建选项内数据到 settings.json start, progress: 10%
2026-8-30 14:44:40-debug: // ---- build task 整理部分构建选项内数据到 settings.json ----
2026-8-30 14:44:40-debug: %cImport%c: D:\GameByself\Cocos\Project1\assets\Scripts\Car.tsbackground: #aaff85; color: #000;color: #000;
2026-8-30 14:44:40-debug: [Build Memory track]: 整理部分构建选项内数据到 settings.json start:238.68MB, end 238.79MB, increase: 117.87KB
2026-8-30 14:44:40-debug: 填充脚本数据到 settings.json start, progress: 12%
2026-8-30 14:44:40-debug: // ---- build task 整理部分构建选项内数据到 settings.json ---- (2ms)
2026-8-30 14:44:40-log: run build task 整理部分构建选项内数据到 settings.json success in 2 ms√, progress: 12%
2026-8-30 14:44:40-debug: // ---- build task 填充脚本数据到 settings.json ----
2026-8-30 14:44:40-debug: // ---- build task 填充脚本数据到 settings.json ---- (2ms)
2026-8-30 14:44:40-log: run build task 填充脚本数据到 settings.json success in 2 ms√, progress: 13%
2026-8-30 14:44:40-debug: // ---- build task 整理部分构建选项内数据到 settings.json ----
2026-8-30 14:44:40-debug: [Build Memory track]: 填充脚本数据到 settings.json start:238.82MB, end 238.86MB, increase: 40.70KB
2026-8-30 14:44:40-debug: 整理部分构建选项内数据到 settings.json start, progress: 13%
2026-8-30 14:44:40-debug: refresh db assets success
2026-8-30 14:44:40-debug: Run asset db hook engine-extends:afterRefresh ...
2026-8-30 14:44:40-debug: Run asset db hook engine-extends:afterRefresh success!
2026-8-30 14:44:40-debug: asset-db:refresh-all-database (234ms)
2026-8-30 14:44:40-debug: asset-db:worker-effect-data-processing (3ms)
2026-8-30 14:44:40-debug: asset-db-hook-engine-extends-afterRefresh (4ms)
2026-8-30 14:44:40-debug: // ---- build task 整理部分构建选项内数据到 settings.json ---- (12ms)
2026-8-30 14:44:40-debug: [Build Memory track]: 整理部分构建选项内数据到 settings.json start:238.89MB, end 239.21MB, increase: 327.52KB
2026-8-30 14:44:40-log: run build task 整理部分构建选项内数据到 settings.json success in 12 ms√, progress: 15%
2026-8-30 14:44:41-debug: Query all assets info in project
2026-8-30 14:44:41-debug: init custom config: keepNodeUuid: false, useCache: true
2026-8-30 14:44:41-debug: Skip compress image, progress: 0%
2026-8-30 14:44:41-debug: Init all bundles start..., progress: 0%
2026-8-30 14:44:41-debug: // ---- build task 查询 Asset Bundle ----
2026-8-30 14:44:41-debug: 查询 Asset Bundle start, progress: 0%
2026-8-30 14:44:41-debug: Num of bundles: 3..., progress: 0%
2026-8-30 14:44:41-debug: Init bundle root assets start..., progress: 0%
2026-8-30 14:44:41-debug: Query preload assets/scripts from cc.config.json: 60f7195c-ec2a-45eb-ba94-8955f60e81d0,1c02ae6f-4492-4915-b8f8-7492a3b1e4cd,810e96e4-e456-4468-9b59-f4e8f39732c0,efe8e2a3-eace-427b-b4f1-cb8a937ec77d,e9aa9a3e-5b2b-4ac7-a2c7-073de2b2b24f,8bbdbcdd-5cd4-4100-b6d5-b7c9625b6107,50f4348b-c883-4e2f-8f11-ce233b859fa1,fda095cb-831d-4601-ad94-846013963de8,f92806d7-1768-443f-afe8-12bcde84d0f0,dd3a144d-ab7f-41f0-82b8-2e43a090d496,f0416e68-0200-4b77-a926-4f9d16e494da,511d2633-09a7-4bdd-ac42-f778032124b3,5d45aa00-e064-4938-b314-4265f0c2258c,9361fd90-ba52-4f84-aa93-6e878fd576ca,970b0598-bcb0-4714-91fb-2e81440dccd8,bcd64cc6-2dd9-43f6-abbe-66318d332032,d930590d-bb92-4cc8-8bd1-23cd027f9edf,a3cd009f-0ab0-420d-9278-b9fdab939bbc,6a2d0734-bd9e-4ddf-946e-caa52498cb75,c27215d8-6835-4b68-bfbb-bdeac6100c04,b5d6115f-0370-4d7c-aad3-c194cc71cf98,d1346436-ac96-4271-b863-1f4fdead95b0,971bdb23-3ff6-43eb-b422-1c30165a3663,17debcc3-0a6b-4b8a-b00b-dc58b885581e,711ebe11-f673-4cd9-9a83-63c60ba54c5b,c0143906-9aed-447e-9436-2ae8512d1b6e,14da1725-c4c2-42b4-ab08-ee0aeb6898b3,081cab31-dccd-428e-8652-f2404cc81c47,78e0584a-4343-4727-8f37-e14e65c2a2db,ba21476f-2866-4f81-9c4d-6e359316e448,871c3b6c-7379-419d-bda3-794b239ab90d,1d08ef62-a503-4ce2-8b9a-46c90873f7d3,ff9b0199-ce04-4cfe-86cc-6c719f08d6e4,de1c2107-70c8-4021-8459-6399f24d01c6,cbf30902-517f-40dc-af90-a550bac27cf1,5c601d96-e4c7-4698-991b-7ee674b11079
2026-8-30 14:44:41-debug:   Number of other assets: 318
2026-8-30 14:44:41-debug: Init bundle root assets success..., progress: 0%
2026-8-30 14:44:41-debug:   Number of all scripts: 7
2026-8-30 14:44:41-debug:   Number of all scenes: 1
2026-8-30 14:44:41-debug: // ---- build task 查询 Asset Bundle ---- (9ms)
2026-8-30 14:44:41-log: run build task 查询 Asset Bundle success in 9 ms√, progress: 5%
2026-8-30 14:44:41-debug: [Build Memory track]: 查询 Asset Bundle start:239.13MB, end 238.89MB, increase: -250.88KB
2026-8-30 14:44:41-debug: 查询 Asset Bundle start, progress: 5%
2026-8-30 14:44:41-debug: // ---- build task 查询 Asset Bundle ----
2026-8-30 14:44:41-debug: // ---- build task 查询 Asset Bundle ---- (4ms)
2026-8-30 14:44:41-log: run build task 查询 Asset Bundle success in 4 ms√, progress: 10%
2026-8-30 14:44:41-debug: 整理部分构建选项内数据到 settings.json start, progress: 10%
2026-8-30 14:44:41-debug: [Build Memory track]: 查询 Asset Bundle start:238.92MB, end 239.02MB, increase: 103.73KB
2026-8-30 14:44:41-debug: // ---- build task 整理部分构建选项内数据到 settings.json ----
2026-8-30 14:44:41-debug: // ---- build task 整理部分构建选项内数据到 settings.json ---- (1ms)
2026-8-30 14:44:41-log: run build task 整理部分构建选项内数据到 settings.json success in 1 ms√, progress: 12%
2026-8-30 14:44:41-debug: [Build Memory track]: 整理部分构建选项内数据到 settings.json start:239.05MB, end 239.08MB, increase: 26.99KB
2026-8-30 14:44:41-debug: 填充脚本数据到 settings.json start, progress: 12%
2026-8-30 14:44:41-debug: // ---- build task 填充脚本数据到 settings.json ----
2026-8-30 14:44:41-debug: // ---- build task 填充脚本数据到 settings.json ---- (3ms)
2026-8-30 14:44:41-log: run build task 填充脚本数据到 settings.json success in 3 ms√, progress: 13%
2026-8-30 14:44:41-debug: // ---- build task 整理部分构建选项内数据到 settings.json ----
2026-8-30 14:44:41-debug: [Build Memory track]: 填充脚本数据到 settings.json start:239.11MB, end 239.14MB, increase: 27.73KB
2026-8-30 14:44:41-debug: 整理部分构建选项内数据到 settings.json start, progress: 13%
2026-8-30 14:44:41-debug: // ---- build task 整理部分构建选项内数据到 settings.json ---- (5ms)
2026-8-30 14:44:41-log: run build task 整理部分构建选项内数据到 settings.json success in 5 ms√, progress: 15%
2026-8-30 14:44:41-debug: [Build Memory track]: 整理部分构建选项内数据到 settings.json start:239.17MB, end 239.32MB, increase: 157.79KB
2026-8-30 14:45:17-debug: Query all assets info in project
2026-8-30 14:45:17-debug: init custom config: keepNodeUuid: false, useCache: true
2026-8-30 14:45:17-debug: Skip compress image, progress: 0%
2026-8-30 14:45:17-debug: Init all bundles start..., progress: 0%
2026-8-30 14:45:17-debug: // ---- build task 查询 Asset Bundle ----
2026-8-30 14:45:17-debug: Num of bundles: 3..., progress: 0%
2026-8-30 14:45:17-debug: 查询 Asset Bundle start, progress: 0%
2026-8-30 14:45:17-debug: Init bundle root assets start..., progress: 0%
2026-8-30 14:45:17-debug: Query preload assets/scripts from cc.config.json: 60f7195c-ec2a-45eb-ba94-8955f60e81d0,1c02ae6f-4492-4915-b8f8-7492a3b1e4cd,810e96e4-e456-4468-9b59-f4e8f39732c0,efe8e2a3-eace-427b-b4f1-cb8a937ec77d,e9aa9a3e-5b2b-4ac7-a2c7-073de2b2b24f,8bbdbcdd-5cd4-4100-b6d5-b7c9625b6107,50f4348b-c883-4e2f-8f11-ce233b859fa1,fda095cb-831d-4601-ad94-846013963de8,f92806d7-1768-443f-afe8-12bcde84d0f0,dd3a144d-ab7f-41f0-82b8-2e43a090d496,f0416e68-0200-4b77-a926-4f9d16e494da,511d2633-09a7-4bdd-ac42-f778032124b3,5d45aa00-e064-4938-b314-4265f0c2258c,9361fd90-ba52-4f84-aa93-6e878fd576ca,970b0598-bcb0-4714-91fb-2e81440dccd8,bcd64cc6-2dd9-43f6-abbe-66318d332032,d930590d-bb92-4cc8-8bd1-23cd027f9edf,a3cd009f-0ab0-420d-9278-b9fdab939bbc,6a2d0734-bd9e-4ddf-946e-caa52498cb75,c27215d8-6835-4b68-bfbb-bdeac6100c04,b5d6115f-0370-4d7c-aad3-c194cc71cf98,d1346436-ac96-4271-b863-1f4fdead95b0,971bdb23-3ff6-43eb-b422-1c30165a3663,17debcc3-0a6b-4b8a-b00b-dc58b885581e,711ebe11-f673-4cd9-9a83-63c60ba54c5b,c0143906-9aed-447e-9436-2ae8512d1b6e,14da1725-c4c2-42b4-ab08-ee0aeb6898b3,081cab31-dccd-428e-8652-f2404cc81c47,78e0584a-4343-4727-8f37-e14e65c2a2db,ba21476f-2866-4f81-9c4d-6e359316e448,871c3b6c-7379-419d-bda3-794b239ab90d,1d08ef62-a503-4ce2-8b9a-46c90873f7d3,ff9b0199-ce04-4cfe-86cc-6c719f08d6e4,de1c2107-70c8-4021-8459-6399f24d01c6,cbf30902-517f-40dc-af90-a550bac27cf1,5c601d96-e4c7-4698-991b-7ee674b11079
2026-8-30 14:45:17-debug:   Number of all scenes: 1
2026-8-30 14:45:17-debug:   Number of other assets: 318
2026-8-30 14:45:17-debug: Init bundle root assets success..., progress: 0%
2026-8-30 14:45:17-debug:   Number of all scripts: 7
2026-8-30 14:45:17-debug: // ---- build task 查询 Asset Bundle ---- (19ms)
2026-8-30 14:45:17-log: run build task 查询 Asset Bundle success in 19 ms√, progress: 5%
2026-8-30 14:45:17-debug: [Build Memory track]: 查询 Asset Bundle start:240.46MB, end 239.89MB, increase: -577.24KB
2026-8-30 14:45:17-debug: 查询 Asset Bundle start, progress: 5%
2026-8-30 14:45:17-debug: // ---- build task 查询 Asset Bundle ----
2026-8-30 14:45:17-debug: refresh db internal success
2026-8-30 14:45:17-debug: // ---- build task 查询 Asset Bundle ---- (15ms)
2026-8-30 14:45:17-debug: [Build Memory track]: 查询 Asset Bundle start:239.92MB, end 239.92MB, increase: 0.29KB
2026-8-30 14:45:17-log: run build task 查询 Asset Bundle success in 15 ms√, progress: 10%
2026-8-30 14:45:17-debug: // ---- build task 整理部分构建选项内数据到 settings.json ----
2026-8-30 14:45:17-debug: 整理部分构建选项内数据到 settings.json start, progress: 10%
2026-8-30 14:45:17-debug: refresh db assets success
2026-8-30 14:45:17-debug: Run asset db hook engine-extends:afterRefresh success!
2026-8-30 14:45:17-log: run build task 整理部分构建选项内数据到 settings.json success in 8 ms√, progress: 12%
2026-8-30 14:45:17-debug: [Build Memory track]: 整理部分构建选项内数据到 settings.json start:239.95MB, end 240.12MB, increase: 172.80KB
2026-8-30 14:45:17-debug: Run asset db hook engine-extends:afterRefresh ...
2026-8-30 14:45:17-debug: // ---- build task 整理部分构建选项内数据到 settings.json ---- (8ms)
2026-8-30 14:45:17-debug: 填充脚本数据到 settings.json start, progress: 12%
2026-8-30 14:45:17-debug: // ---- build task 填充脚本数据到 settings.json ----
2026-8-30 14:45:17-debug: asset-db:refresh-all-database (221ms)
2026-8-30 14:45:17-debug: asset-db:worker-effect-data-processing (5ms)
2026-8-30 14:45:17-debug: // ---- build task 填充脚本数据到 settings.json ---- (4ms)
2026-8-30 14:45:17-debug: [Build Memory track]: 填充脚本数据到 settings.json start:240.16MB, end 240.21MB, increase: 57.36KB
2026-8-30 14:45:17-log: run build task 填充脚本数据到 settings.json success in 4 ms√, progress: 13%
2026-8-30 14:45:17-debug: asset-db-hook-engine-extends-afterRefresh (6ms)
2026-8-30 14:45:17-debug: // ---- build task 整理部分构建选项内数据到 settings.json ----
2026-8-30 14:45:17-debug: 整理部分构建选项内数据到 settings.json start, progress: 13%
2026-8-30 14:45:17-debug: // ---- build task 整理部分构建选项内数据到 settings.json ---- (16ms)
2026-8-30 14:45:17-log: run build task 整理部分构建选项内数据到 settings.json success in 16 ms√, progress: 15%
2026-8-30 14:45:17-debug: [Build Memory track]: 整理部分构建选项内数据到 settings.json start:240.24MB, end 240.37MB, increase: 129.73KB
2026-8-30 14:45:22-debug: refresh db internal success
2026-8-30 14:45:22-debug: refresh db assets success
2026-8-30 14:45:22-debug: Run asset db hook engine-extends:afterRefresh ...
2026-8-30 14:45:22-debug: Run asset db hook engine-extends:afterRefresh success!
2026-8-30 14:45:22-debug: asset-db:refresh-all-database (106ms)
2026-8-30 14:45:22-debug: asset-db:worker-effect-data-processing (2ms)
2026-8-30 14:45:22-debug: asset-db-hook-engine-extends-afterRefresh (2ms)
2026-8-30 14:46:21-debug: refresh db internal success
2026-8-30 14:46:21-debug: refresh db assets success
2026-8-30 14:46:21-debug: Run asset db hook engine-extends:afterRefresh ...
2026-8-30 14:46:21-debug: Run asset db hook engine-extends:afterRefresh success!
2026-8-30 14:46:21-debug: asset-db:refresh-all-database (104ms)
2026-8-30 14:46:21-debug: asset-db:worker-effect-data-processing (2ms)
2026-8-30 14:46:21-debug: asset-db-hook-engine-extends-afterRefresh (2ms)
2026-8-30 14:46:26-debug: Query all assets info in project
2026-8-30 14:46:26-debug: init custom config: keepNodeUuid: false, useCache: true
2026-8-30 14:46:26-debug: Skip compress image, progress: 0%
2026-8-30 14:46:26-debug: Init all bundles start..., progress: 0%
2026-8-30 14:46:26-debug: // ---- build task 查询 Asset Bundle ----
2026-8-30 14:46:26-debug: Num of bundles: 3..., progress: 0%
2026-8-30 14:46:26-debug: 查询 Asset Bundle start, progress: 0%
2026-8-30 14:46:26-debug: Init bundle root assets start..., progress: 0%
2026-8-30 14:46:26-debug: Query preload assets/scripts from cc.config.json: 60f7195c-ec2a-45eb-ba94-8955f60e81d0,1c02ae6f-4492-4915-b8f8-7492a3b1e4cd,810e96e4-e456-4468-9b59-f4e8f39732c0,efe8e2a3-eace-427b-b4f1-cb8a937ec77d,e9aa9a3e-5b2b-4ac7-a2c7-073de2b2b24f,8bbdbcdd-5cd4-4100-b6d5-b7c9625b6107,50f4348b-c883-4e2f-8f11-ce233b859fa1,fda095cb-831d-4601-ad94-846013963de8,f92806d7-1768-443f-afe8-12bcde84d0f0,dd3a144d-ab7f-41f0-82b8-2e43a090d496,f0416e68-0200-4b77-a926-4f9d16e494da,511d2633-09a7-4bdd-ac42-f778032124b3,5d45aa00-e064-4938-b314-4265f0c2258c,9361fd90-ba52-4f84-aa93-6e878fd576ca,970b0598-bcb0-4714-91fb-2e81440dccd8,bcd64cc6-2dd9-43f6-abbe-66318d332032,d930590d-bb92-4cc8-8bd1-23cd027f9edf,a3cd009f-0ab0-420d-9278-b9fdab939bbc,6a2d0734-bd9e-4ddf-946e-caa52498cb75,c27215d8-6835-4b68-bfbb-bdeac6100c04,b5d6115f-0370-4d7c-aad3-c194cc71cf98,d1346436-ac96-4271-b863-1f4fdead95b0,971bdb23-3ff6-43eb-b422-1c30165a3663,17debcc3-0a6b-4b8a-b00b-dc58b885581e,711ebe11-f673-4cd9-9a83-63c60ba54c5b,c0143906-9aed-447e-9436-2ae8512d1b6e,14da1725-c4c2-42b4-ab08-ee0aeb6898b3,081cab31-dccd-428e-8652-f2404cc81c47,78e0584a-4343-4727-8f37-e14e65c2a2db,ba21476f-2866-4f81-9c4d-6e359316e448,871c3b6c-7379-419d-bda3-794b239ab90d,1d08ef62-a503-4ce2-8b9a-46c90873f7d3,ff9b0199-ce04-4cfe-86cc-6c719f08d6e4,de1c2107-70c8-4021-8459-6399f24d01c6,cbf30902-517f-40dc-af90-a550bac27cf1,5c601d96-e4c7-4698-991b-7ee674b11079
2026-8-30 14:46:26-debug:   Number of all scenes: 1
2026-8-30 14:46:26-debug:   Number of all scripts: 7
2026-8-30 14:46:26-debug:   Number of other assets: 318
2026-8-30 14:46:26-debug: Init bundle root assets success..., progress: 0%
2026-8-30 14:46:26-debug: // ---- build task 查询 Asset Bundle ---- (8ms)
2026-8-30 14:46:26-log: run build task 查询 Asset Bundle success in 8 ms√, progress: 5%
2026-8-30 14:46:26-debug: [Build Memory track]: 查询 Asset Bundle start:242.09MB, end 242.06MB, increase: -32.21KB
2026-8-30 14:46:26-debug: // ---- build task 查询 Asset Bundle ----
2026-8-30 14:46:26-debug: 查询 Asset Bundle start, progress: 5%
2026-8-30 14:46:26-debug: // ---- build task 查询 Asset Bundle ---- (4ms)
2026-8-30 14:46:26-log: run build task 查询 Asset Bundle success in 4 ms√, progress: 10%
2026-8-30 14:46:26-debug: // ---- build task 整理部分构建选项内数据到 settings.json ----
2026-8-30 14:46:26-debug: [Build Memory track]: 查询 Asset Bundle start:242.09MB, end 242.21MB, increase: 121.70KB
2026-8-30 14:46:26-debug: 整理部分构建选项内数据到 settings.json start, progress: 10%
2026-8-30 14:46:26-debug: // ---- build task 整理部分构建选项内数据到 settings.json ---- (3ms)
2026-8-30 14:46:26-log: run build task 整理部分构建选项内数据到 settings.json success in 3 ms√, progress: 12%
2026-8-30 14:46:26-debug: 填充脚本数据到 settings.json start, progress: 12%
2026-8-30 14:46:26-debug: [Build Memory track]: 整理部分构建选项内数据到 settings.json start:242.24MB, end 241.49MB, increase: -765.26KB
2026-8-30 14:46:26-debug: // ---- build task 填充脚本数据到 settings.json ----
2026-8-30 14:46:26-log: run build task 填充脚本数据到 settings.json success in 1 ms√, progress: 13%
2026-8-30 14:46:26-debug: [Build Memory track]: 填充脚本数据到 settings.json start:241.52MB, end 241.55MB, increase: 26.79KB
2026-8-30 14:46:26-debug: 整理部分构建选项内数据到 settings.json start, progress: 13%
2026-8-30 14:46:26-debug: // ---- build task 填充脚本数据到 settings.json ---- (1ms)
2026-8-30 14:46:26-debug: // ---- build task 整理部分构建选项内数据到 settings.json ----
2026-8-30 14:46:26-debug: // ---- build task 整理部分构建选项内数据到 settings.json ---- (6ms)
2026-8-30 14:46:26-log: run build task 整理部分构建选项内数据到 settings.json success in 6 ms√, progress: 15%
2026-8-30 14:46:26-debug: [Build Memory track]: 整理部分构建选项内数据到 settings.json start:241.58MB, end 241.71MB, increase: 130.73KB
2026-8-30 14:46:41-debug: Query all assets info in project
2026-8-30 14:46:41-debug: init custom config: keepNodeUuid: false, useCache: true
2026-8-30 14:46:41-debug: Skip compress image, progress: 0%
2026-8-30 14:46:41-debug: Init all bundles start..., progress: 0%
2026-8-30 14:46:41-debug: Num of bundles: 3..., progress: 0%
2026-8-30 14:46:41-debug: 查询 Asset Bundle start, progress: 0%
2026-8-30 14:46:41-debug: // ---- build task 查询 Asset Bundle ----
2026-8-30 14:46:41-debug: Init bundle root assets start..., progress: 0%
2026-8-30 14:46:41-debug: Query preload assets/scripts from cc.config.json: 60f7195c-ec2a-45eb-ba94-8955f60e81d0,1c02ae6f-4492-4915-b8f8-7492a3b1e4cd,810e96e4-e456-4468-9b59-f4e8f39732c0,efe8e2a3-eace-427b-b4f1-cb8a937ec77d,e9aa9a3e-5b2b-4ac7-a2c7-073de2b2b24f,8bbdbcdd-5cd4-4100-b6d5-b7c9625b6107,50f4348b-c883-4e2f-8f11-ce233b859fa1,fda095cb-831d-4601-ad94-846013963de8,f92806d7-1768-443f-afe8-12bcde84d0f0,dd3a144d-ab7f-41f0-82b8-2e43a090d496,f0416e68-0200-4b77-a926-4f9d16e494da,511d2633-09a7-4bdd-ac42-f778032124b3,5d45aa00-e064-4938-b314-4265f0c2258c,9361fd90-ba52-4f84-aa93-6e878fd576ca,970b0598-bcb0-4714-91fb-2e81440dccd8,bcd64cc6-2dd9-43f6-abbe-66318d332032,d930590d-bb92-4cc8-8bd1-23cd027f9edf,a3cd009f-0ab0-420d-9278-b9fdab939bbc,6a2d0734-bd9e-4ddf-946e-caa52498cb75,c27215d8-6835-4b68-bfbb-bdeac6100c04,b5d6115f-0370-4d7c-aad3-c194cc71cf98,d1346436-ac96-4271-b863-1f4fdead95b0,971bdb23-3ff6-43eb-b422-1c30165a3663,17debcc3-0a6b-4b8a-b00b-dc58b885581e,711ebe11-f673-4cd9-9a83-63c60ba54c5b,c0143906-9aed-447e-9436-2ae8512d1b6e,14da1725-c4c2-42b4-ab08-ee0aeb6898b3,081cab31-dccd-428e-8652-f2404cc81c47,78e0584a-4343-4727-8f37-e14e65c2a2db,ba21476f-2866-4f81-9c4d-6e359316e448,871c3b6c-7379-419d-bda3-794b239ab90d,1d08ef62-a503-4ce2-8b9a-46c90873f7d3,ff9b0199-ce04-4cfe-86cc-6c719f08d6e4,de1c2107-70c8-4021-8459-6399f24d01c6,cbf30902-517f-40dc-af90-a550bac27cf1,5c601d96-e4c7-4698-991b-7ee674b11079
2026-8-30 14:46:41-debug:   Number of other assets: 318
2026-8-30 14:46:41-debug: Init bundle root assets success..., progress: 0%
2026-8-30 14:46:41-debug:   Number of all scenes: 1
2026-8-30 14:46:41-debug:   Number of all scripts: 7
2026-8-30 14:46:41-debug: // ---- build task 查询 Asset Bundle ---- (11ms)
2026-8-30 14:46:41-log: run build task 查询 Asset Bundle success in 11 ms√, progress: 5%
2026-8-30 14:46:41-debug: [Build Memory track]: 查询 Asset Bundle start:242.04MB, end 241.79MB, increase: -254.67KB
2026-8-30 14:46:41-debug: 查询 Asset Bundle start, progress: 5%
2026-8-30 14:46:41-debug: // ---- build task 查询 Asset Bundle ----
2026-8-30 14:46:41-debug: // ---- build task 查询 Asset Bundle ---- (6ms)
2026-8-30 14:46:41-log: run build task 查询 Asset Bundle success in 6 ms√, progress: 10%
2026-8-30 14:46:41-debug: 整理部分构建选项内数据到 settings.json start, progress: 10%
2026-8-30 14:46:41-debug: [Build Memory track]: 查询 Asset Bundle start:241.82MB, end 241.92MB, increase: 103.57KB
2026-8-30 14:46:41-debug: // ---- build task 整理部分构建选项内数据到 settings.json ----
2026-8-30 14:46:41-debug: // ---- build task 整理部分构建选项内数据到 settings.json ---- (3ms)
2026-8-30 14:46:41-log: run build task 整理部分构建选项内数据到 settings.json success in 3 ms√, progress: 12%
2026-8-30 14:46:41-debug: [Build Memory track]: 整理部分构建选项内数据到 settings.json start:241.96MB, end 241.98MB, increase: 26.75KB
2026-8-30 14:46:41-debug: 填充脚本数据到 settings.json start, progress: 12%
2026-8-30 14:46:41-debug: // ---- build task 填充脚本数据到 settings.json ----
2026-8-30 14:46:41-debug: // ---- build task 填充脚本数据到 settings.json ---- (4ms)
2026-8-30 14:46:41-log: run build task 填充脚本数据到 settings.json success in 4 ms√, progress: 13%
2026-8-30 14:46:41-debug: 整理部分构建选项内数据到 settings.json start, progress: 13%
2026-8-30 14:46:41-debug: [Build Memory track]: 填充脚本数据到 settings.json start:242.01MB, end 242.04MB, increase: 27.86KB
2026-8-30 14:46:41-debug: // ---- build task 整理部分构建选项内数据到 settings.json ----
2026-8-30 14:46:41-log: run build task 整理部分构建选项内数据到 settings.json success in 6 ms√, progress: 15%
2026-8-30 14:46:41-debug: [Build Memory track]: 整理部分构建选项内数据到 settings.json start:242.07MB, end 242.20MB, increase: 127.45KB
2026-8-30 14:46:41-debug: // ---- build task 整理部分构建选项内数据到 settings.json ---- (6ms)
2026-8-30 14:50:00-debug: Query all assets info in project
2026-8-30 14:50:00-debug: Skip compress image, progress: 0%
2026-8-30 14:50:00-debug: init custom config: keepNodeUuid: false, useCache: true
2026-8-30 14:50:00-debug: Init all bundles start..., progress: 0%
2026-8-30 14:50:00-debug: // ---- build task 查询 Asset Bundle ----
2026-8-30 14:50:00-debug: Num of bundles: 3..., progress: 0%
2026-8-30 14:50:00-debug: 查询 Asset Bundle start, progress: 0%
2026-8-30 14:50:00-debug: Init bundle root assets start..., progress: 0%
2026-8-30 14:50:00-debug: Query preload assets/scripts from cc.config.json: 60f7195c-ec2a-45eb-ba94-8955f60e81d0,1c02ae6f-4492-4915-b8f8-7492a3b1e4cd,810e96e4-e456-4468-9b59-f4e8f39732c0,efe8e2a3-eace-427b-b4f1-cb8a937ec77d,e9aa9a3e-5b2b-4ac7-a2c7-073de2b2b24f,8bbdbcdd-5cd4-4100-b6d5-b7c9625b6107,50f4348b-c883-4e2f-8f11-ce233b859fa1,fda095cb-831d-4601-ad94-846013963de8,f92806d7-1768-443f-afe8-12bcde84d0f0,dd3a144d-ab7f-41f0-82b8-2e43a090d496,f0416e68-0200-4b77-a926-4f9d16e494da,511d2633-09a7-4bdd-ac42-f778032124b3,5d45aa00-e064-4938-b314-4265f0c2258c,9361fd90-ba52-4f84-aa93-6e878fd576ca,970b0598-bcb0-4714-91fb-2e81440dccd8,bcd64cc6-2dd9-43f6-abbe-66318d332032,d930590d-bb92-4cc8-8bd1-23cd027f9edf,a3cd009f-0ab0-420d-9278-b9fdab939bbc,6a2d0734-bd9e-4ddf-946e-caa52498cb75,c27215d8-6835-4b68-bfbb-bdeac6100c04,b5d6115f-0370-4d7c-aad3-c194cc71cf98,d1346436-ac96-4271-b863-1f4fdead95b0,971bdb23-3ff6-43eb-b422-1c30165a3663,17debcc3-0a6b-4b8a-b00b-dc58b885581e,711ebe11-f673-4cd9-9a83-63c60ba54c5b,c0143906-9aed-447e-9436-2ae8512d1b6e,14da1725-c4c2-42b4-ab08-ee0aeb6898b3,081cab31-dccd-428e-8652-f2404cc81c47,78e0584a-4343-4727-8f37-e14e65c2a2db,ba21476f-2866-4f81-9c4d-6e359316e448,871c3b6c-7379-419d-bda3-794b239ab90d,1d08ef62-a503-4ce2-8b9a-46c90873f7d3,ff9b0199-ce04-4cfe-86cc-6c719f08d6e4,de1c2107-70c8-4021-8459-6399f24d01c6,cbf30902-517f-40dc-af90-a550bac27cf1,5c601d96-e4c7-4698-991b-7ee674b11079
2026-8-30 14:50:00-debug:   Number of all scenes: 1
2026-8-30 14:50:00-debug:   Number of all scripts: 7
2026-8-30 14:50:00-debug: Init bundle root assets success..., progress: 0%
2026-8-30 14:50:00-debug:   Number of other assets: 318
2026-8-30 14:50:00-debug: // ---- build task 查询 Asset Bundle ---- (35ms)
2026-8-30 14:50:00-log: run build task 查询 Asset Bundle success in 35 ms√, progress: 5%
2026-8-30 14:50:00-debug: 查询 Asset Bundle start, progress: 5%
2026-8-30 14:50:00-debug: [Build Memory track]: 查询 Asset Bundle start:243.37MB, end 222.71MB, increase: -21157.58KB
2026-8-30 14:50:00-debug: // ---- build task 查询 Asset Bundle ----
2026-8-30 14:50:00-debug: // ---- build task 查询 Asset Bundle ---- (5ms)
2026-8-30 14:50:00-log: run build task 查询 Asset Bundle success in 5 ms√, progress: 10%
2026-8-30 14:50:00-debug: [Build Memory track]: 查询 Asset Bundle start:222.74MB, end 222.36MB, increase: -384.00KB
2026-8-30 14:50:00-debug: 整理部分构建选项内数据到 settings.json start, progress: 10%
2026-8-30 14:50:00-debug: // ---- build task 整理部分构建选项内数据到 settings.json ----
2026-8-30 14:50:00-log: run build task 整理部分构建选项内数据到 settings.json success in 4 ms√, progress: 12%
2026-8-30 14:50:00-debug: [Build Memory track]: 整理部分构建选项内数据到 settings.json start:222.40MB, end 222.48MB, increase: 82.48KB
2026-8-30 14:50:00-debug: // ---- build task 整理部分构建选项内数据到 settings.json ---- (4ms)
2026-8-30 14:50:00-debug: 填充脚本数据到 settings.json start, progress: 12%
2026-8-30 14:50:00-debug: // ---- build task 填充脚本数据到 settings.json ----
2026-8-30 14:50:00-debug: // ---- build task 填充脚本数据到 settings.json ---- (3ms)
2026-8-30 14:50:00-log: run build task 填充脚本数据到 settings.json success in 3 ms√, progress: 13%
2026-8-30 14:50:00-debug: [Build Memory track]: 填充脚本数据到 settings.json start:222.51MB, end 222.59MB, increase: 85.25KB
2026-8-30 14:50:00-debug: 整理部分构建选项内数据到 settings.json start, progress: 13%
2026-8-30 14:50:00-debug: // ---- build task 整理部分构建选项内数据到 settings.json ----
2026-8-30 14:50:00-debug: refresh db internal success
2026-8-30 14:50:00-debug: %cImport%c: D:\GameByself\Cocos\Project1\assets\Scripts\Car.tsbackground: #aaff85; color: #000;color: #000;
2026-8-30 14:50:00-debug: // ---- build task 整理部分构建选项内数据到 settings.json ---- (16ms)
2026-8-30 14:50:00-log: run build task 整理部分构建选项内数据到 settings.json success in 16 ms√, progress: 15%
2026-8-30 14:50:00-debug: [Build Memory track]: 整理部分构建选项内数据到 settings.json start:222.62MB, end 222.75MB, increase: 134.99KB
2026-8-30 14:50:00-debug: refresh db assets success
2026-8-30 14:50:00-debug: Run asset db hook engine-extends:afterRefresh success!
2026-8-30 14:50:00-debug: Run asset db hook engine-extends:afterRefresh ...
2026-8-30 14:50:00-debug: asset-db:refresh-all-database (307ms)
2026-8-30 14:50:00-debug: asset-db:worker-effect-data-processing (5ms)
2026-8-30 14:50:00-debug: asset-db-hook-engine-extends-afterRefresh (6ms)
2026-8-30 14:50:01-debug: Query all assets info in project
2026-8-30 14:50:01-debug: init custom config: keepNodeUuid: false, useCache: true
2026-8-30 14:50:01-debug: Skip compress image, progress: 0%
2026-8-30 14:50:01-debug: // ---- build task 查询 Asset Bundle ----
2026-8-30 14:50:01-debug: 查询 Asset Bundle start, progress: 0%
2026-8-30 14:50:01-debug: Num of bundles: 3..., progress: 0%
2026-8-30 14:50:01-debug: Init bundle root assets start..., progress: 0%
2026-8-30 14:50:01-debug: Init all bundles start..., progress: 0%
2026-8-30 14:50:01-debug:   Number of all scenes: 1
2026-8-30 14:50:01-debug: Query preload assets/scripts from cc.config.json: 60f7195c-ec2a-45eb-ba94-8955f60e81d0,1c02ae6f-4492-4915-b8f8-7492a3b1e4cd,810e96e4-e456-4468-9b59-f4e8f39732c0,efe8e2a3-eace-427b-b4f1-cb8a937ec77d,e9aa9a3e-5b2b-4ac7-a2c7-073de2b2b24f,8bbdbcdd-5cd4-4100-b6d5-b7c9625b6107,50f4348b-c883-4e2f-8f11-ce233b859fa1,fda095cb-831d-4601-ad94-846013963de8,f92806d7-1768-443f-afe8-12bcde84d0f0,dd3a144d-ab7f-41f0-82b8-2e43a090d496,f0416e68-0200-4b77-a926-4f9d16e494da,511d2633-09a7-4bdd-ac42-f778032124b3,5d45aa00-e064-4938-b314-4265f0c2258c,9361fd90-ba52-4f84-aa93-6e878fd576ca,970b0598-bcb0-4714-91fb-2e81440dccd8,bcd64cc6-2dd9-43f6-abbe-66318d332032,d930590d-bb92-4cc8-8bd1-23cd027f9edf,a3cd009f-0ab0-420d-9278-b9fdab939bbc,6a2d0734-bd9e-4ddf-946e-caa52498cb75,c27215d8-6835-4b68-bfbb-bdeac6100c04,b5d6115f-0370-4d7c-aad3-c194cc71cf98,d1346436-ac96-4271-b863-1f4fdead95b0,971bdb23-3ff6-43eb-b422-1c30165a3663,17debcc3-0a6b-4b8a-b00b-dc58b885581e,711ebe11-f673-4cd9-9a83-63c60ba54c5b,c0143906-9aed-447e-9436-2ae8512d1b6e,14da1725-c4c2-42b4-ab08-ee0aeb6898b3,081cab31-dccd-428e-8652-f2404cc81c47,78e0584a-4343-4727-8f37-e14e65c2a2db,ba21476f-2866-4f81-9c4d-6e359316e448,871c3b6c-7379-419d-bda3-794b239ab90d,1d08ef62-a503-4ce2-8b9a-46c90873f7d3,ff9b0199-ce04-4cfe-86cc-6c719f08d6e4,de1c2107-70c8-4021-8459-6399f24d01c6,cbf30902-517f-40dc-af90-a550bac27cf1,5c601d96-e4c7-4698-991b-7ee674b11079
2026-8-30 14:50:01-debug:   Number of other assets: 318
2026-8-30 14:50:01-debug: Init bundle root assets success..., progress: 0%
2026-8-30 14:50:01-debug:   Number of all scripts: 7
2026-8-30 14:50:01-log: run build task 查询 Asset Bundle success in 9 ms√, progress: 5%
2026-8-30 14:50:01-debug: [Build Memory track]: 查询 Asset Bundle start:223.10MB, end 222.99MB, increase: -116.63KB
2026-8-30 14:50:01-debug: // ---- build task 查询 Asset Bundle ---- (9ms)
2026-8-30 14:50:01-debug: 查询 Asset Bundle start, progress: 5%
2026-8-30 14:50:01-debug: // ---- build task 查询 Asset Bundle ----
2026-8-30 14:50:01-debug: // ---- build task 查询 Asset Bundle ---- (4ms)
2026-8-30 14:50:01-log: run build task 查询 Asset Bundle success in 4 ms√, progress: 10%
2026-8-30 14:50:01-debug: [Build Memory track]: 查询 Asset Bundle start:223.02MB, end 222.42MB, increase: -613.08KB
2026-8-30 14:50:01-debug: // ---- build task 整理部分构建选项内数据到 settings.json ----
2026-8-30 14:50:01-debug: 整理部分构建选项内数据到 settings.json start, progress: 10%
2026-8-30 14:50:01-debug: // ---- build task 整理部分构建选项内数据到 settings.json ---- (1ms)
2026-8-30 14:50:01-log: run build task 整理部分构建选项内数据到 settings.json success in 1 ms√, progress: 12%
2026-8-30 14:50:01-debug: 填充脚本数据到 settings.json start, progress: 12%
2026-8-30 14:50:01-debug: // ---- build task 填充脚本数据到 settings.json ----
2026-8-30 14:50:01-debug: [Build Memory track]: 整理部分构建选项内数据到 settings.json start:222.45MB, end 222.48MB, increase: 27.42KB
2026-8-30 14:50:01-debug: // ---- build task 填充脚本数据到 settings.json ---- (2ms)
2026-8-30 14:50:01-log: run build task 填充脚本数据到 settings.json success in 2 ms√, progress: 13%
2026-8-30 14:50:01-debug: [Build Memory track]: 填充脚本数据到 settings.json start:222.51MB, end 222.54MB, increase: 26.99KB
2026-8-30 14:50:01-debug: 整理部分构建选项内数据到 settings.json start, progress: 13%
2026-8-30 14:50:01-debug: // ---- build task 整理部分构建选项内数据到 settings.json ----
2026-8-30 14:50:01-debug: // ---- build task 整理部分构建选项内数据到 settings.json ---- (4ms)
2026-8-30 14:50:01-log: run build task 整理部分构建选项内数据到 settings.json success in 4 ms√, progress: 15%
2026-8-30 14:50:01-debug: [Build Memory track]: 整理部分构建选项内数据到 settings.json start:222.57MB, end 222.70MB, increase: 135.36KB
2026-8-30 14:50:18-debug: refresh db internal success
2026-8-30 14:50:18-debug: refresh db assets success
2026-8-30 14:50:18-debug: Run asset db hook engine-extends:afterRefresh ...
2026-8-30 14:50:18-debug: Run asset db hook engine-extends:afterRefresh success!
2026-8-30 14:50:18-debug: asset-db:refresh-all-database (117ms)
2026-8-30 14:50:18-debug: asset-db:worker-effect-data-processing (1ms)
2026-8-30 14:50:18-debug: asset-db-hook-engine-extends-afterRefresh (2ms)
2026-8-30 14:50:25-debug: %cImport%c: D:\GameByself\Cocos\Project1\assets\Scenes\scene.scenebackground: #aaff85; color: #000;color: #000;
2026-8-30 14:50:25-debug: asset-db:reimport-assetcb02e093-8bba-4046-8e6e-d0462e7be5da (14ms)
2026-8-30 14:50:26-debug: Query all assets info in project
2026-8-30 14:50:26-debug: init custom config: keepNodeUuid: false, useCache: true
2026-8-30 14:50:26-debug: Skip compress image, progress: 0%
2026-8-30 14:50:26-debug: Init all bundles start..., progress: 0%
2026-8-30 14:50:26-debug: 查询 Asset Bundle start, progress: 0%
2026-8-30 14:50:26-debug: // ---- build task 查询 Asset Bundle ----
2026-8-30 14:50:26-debug: Init bundle root assets start..., progress: 0%
2026-8-30 14:50:26-debug: Num of bundles: 3..., progress: 0%
2026-8-30 14:50:26-debug: Query preload assets/scripts from cc.config.json: 60f7195c-ec2a-45eb-ba94-8955f60e81d0,1c02ae6f-4492-4915-b8f8-7492a3b1e4cd,810e96e4-e456-4468-9b59-f4e8f39732c0,efe8e2a3-eace-427b-b4f1-cb8a937ec77d,e9aa9a3e-5b2b-4ac7-a2c7-073de2b2b24f,8bbdbcdd-5cd4-4100-b6d5-b7c9625b6107,50f4348b-c883-4e2f-8f11-ce233b859fa1,fda095cb-831d-4601-ad94-846013963de8,f92806d7-1768-443f-afe8-12bcde84d0f0,dd3a144d-ab7f-41f0-82b8-2e43a090d496,f0416e68-0200-4b77-a926-4f9d16e494da,511d2633-09a7-4bdd-ac42-f778032124b3,5d45aa00-e064-4938-b314-4265f0c2258c,9361fd90-ba52-4f84-aa93-6e878fd576ca,970b0598-bcb0-4714-91fb-2e81440dccd8,bcd64cc6-2dd9-43f6-abbe-66318d332032,d930590d-bb92-4cc8-8bd1-23cd027f9edf,a3cd009f-0ab0-420d-9278-b9fdab939bbc,6a2d0734-bd9e-4ddf-946e-caa52498cb75,c27215d8-6835-4b68-bfbb-bdeac6100c04,b5d6115f-0370-4d7c-aad3-c194cc71cf98,d1346436-ac96-4271-b863-1f4fdead95b0,971bdb23-3ff6-43eb-b422-1c30165a3663,17debcc3-0a6b-4b8a-b00b-dc58b885581e,711ebe11-f673-4cd9-9a83-63c60ba54c5b,c0143906-9aed-447e-9436-2ae8512d1b6e,14da1725-c4c2-42b4-ab08-ee0aeb6898b3,081cab31-dccd-428e-8652-f2404cc81c47,78e0584a-4343-4727-8f37-e14e65c2a2db,ba21476f-2866-4f81-9c4d-6e359316e448,871c3b6c-7379-419d-bda3-794b239ab90d,1d08ef62-a503-4ce2-8b9a-46c90873f7d3,ff9b0199-ce04-4cfe-86cc-6c719f08d6e4,de1c2107-70c8-4021-8459-6399f24d01c6,cbf30902-517f-40dc-af90-a550bac27cf1,5c601d96-e4c7-4698-991b-7ee674b11079
2026-8-30 14:50:26-debug:   Number of all scenes: 1
2026-8-30 14:50:26-debug: Init bundle root assets success..., progress: 0%
2026-8-30 14:50:26-debug:   Number of all scripts: 7
2026-8-30 14:50:26-debug:   Number of other assets: 318
2026-8-30 14:50:26-log: run build task 查询 Asset Bundle success in 17 ms√, progress: 5%
2026-8-30 14:50:26-debug: [Build Memory track]: 查询 Asset Bundle start:224.27MB, end 224.22MB, increase: -48.19KB
2026-8-30 14:50:26-debug: // ---- build task 查询 Asset Bundle ---- (17ms)
2026-8-30 14:50:26-debug: // ---- build task 查询 Asset Bundle ----
2026-8-30 14:50:26-debug: 查询 Asset Bundle start, progress: 5%
2026-8-30 14:50:26-debug: // ---- build task 查询 Asset Bundle ---- (8ms)
2026-8-30 14:50:26-log: run build task 查询 Asset Bundle success in 8 ms√, progress: 10%
2026-8-30 14:50:26-debug: 整理部分构建选项内数据到 settings.json start, progress: 10%
2026-8-30 14:50:26-debug: [Build Memory track]: 查询 Asset Bundle start:224.25MB, end 223.70MB, increase: -568.93KB
2026-8-30 14:50:26-debug: // ---- build task 整理部分构建选项内数据到 settings.json ----
2026-8-30 14:50:26-debug: // ---- build task 整理部分构建选项内数据到 settings.json ---- (4ms)
2026-8-30 14:50:26-log: run build task 整理部分构建选项内数据到 settings.json success in 4 ms√, progress: 12%
2026-8-30 14:50:26-debug: [Build Memory track]: 整理部分构建选项内数据到 settings.json start:223.73MB, end 223.76MB, increase: 28.20KB
2026-8-30 14:50:26-debug: 填充脚本数据到 settings.json start, progress: 12%
2026-8-30 14:50:26-debug: // ---- build task 填充脚本数据到 settings.json ----
2026-8-30 14:50:26-debug: // ---- build task 填充脚本数据到 settings.json ---- (3ms)
2026-8-30 14:50:26-log: run build task 填充脚本数据到 settings.json success in 3 ms√, progress: 13%
2026-8-30 14:50:26-debug: [Build Memory track]: 填充脚本数据到 settings.json start:223.79MB, end 223.82MB, increase: 27.69KB
2026-8-30 14:50:26-debug: 整理部分构建选项内数据到 settings.json start, progress: 13%
2026-8-30 14:50:26-debug: // ---- build task 整理部分构建选项内数据到 settings.json ----
2026-8-30 14:50:26-debug: // ---- build task 整理部分构建选项内数据到 settings.json ---- (22ms)
2026-8-30 14:50:26-log: run build task 整理部分构建选项内数据到 settings.json success in 22 ms√, progress: 15%
2026-8-30 14:50:26-debug: [Build Memory track]: 整理部分构建选项内数据到 settings.json start:223.85MB, end 223.97MB, increase: 127.77KB
2026-8-30 14:50:35-debug: refresh db internal success
2026-8-30 14:50:35-debug: refresh db assets success
2026-8-30 14:50:35-debug: Run asset db hook engine-extends:afterRefresh success!
2026-8-30 14:50:35-debug: Run asset db hook engine-extends:afterRefresh ...
2026-8-30 14:50:35-debug: asset-db:refresh-all-database (108ms)
2026-8-30 14:50:35-debug: asset-db:worker-effect-data-processing (2ms)
2026-8-30 14:50:35-debug: asset-db-hook-engine-extends-afterRefresh (3ms)
2026-8-30 14:51:40-debug: refresh db internal success
2026-8-30 14:51:40-debug: %cImport%c: D:\GameByself\Cocos\Project1\assets\Scripts\Car.tsbackground: #aaff85; color: #000;color: #000;
2026-8-30 14:51:40-debug: refresh db assets success
2026-8-30 14:51:40-debug: Run asset db hook engine-extends:afterRefresh ...
2026-8-30 14:51:40-debug: Run asset db hook engine-extends:afterRefresh success!
2026-8-30 14:51:40-debug: asset-db:worker-effect-data-processing (2ms)
2026-8-30 14:51:40-debug: asset-db-hook-engine-extends-afterRefresh (2ms)
2026-8-30 14:51:40-debug: asset-db:refresh-all-database (108ms)
2026-8-30 14:52:04-debug: refresh db internal success
2026-8-30 14:52:04-debug: %cImport%c: D:\GameByself\Cocos\Project1\assets\Scripts\Car.tsbackground: #aaff85; color: #000;color: #000;
2026-8-30 14:52:04-debug: refresh db assets success
2026-8-30 14:52:04-debug: Run asset db hook engine-extends:afterRefresh ...
2026-8-30 14:52:04-debug: Run asset db hook engine-extends:afterRefresh success!
2026-8-30 14:52:04-debug: asset-db:refresh-all-database (109ms)
2026-8-30 14:52:04-debug: asset-db:worker-effect-data-processing (1ms)
2026-8-30 14:52:04-debug: asset-db-hook-engine-extends-afterRefresh (3ms)
2026-8-30 14:54:58-debug: Query all assets info in project
2026-8-30 14:54:58-debug: init custom config: keepNodeUuid: false, useCache: true
2026-8-30 14:54:58-debug: Skip compress image, progress: 0%
2026-8-30 14:54:58-debug: Init all bundles start..., progress: 0%
2026-8-30 14:54:58-debug: 查询 Asset Bundle start, progress: 0%
2026-8-30 14:54:58-debug: // ---- build task 查询 Asset Bundle ----
2026-8-30 14:54:58-debug: Num of bundles: 3..., progress: 0%
2026-8-30 14:54:58-debug: Init bundle root assets start..., progress: 0%
2026-8-30 14:54:58-debug: Query preload assets/scripts from cc.config.json: 60f7195c-ec2a-45eb-ba94-8955f60e81d0,1c02ae6f-4492-4915-b8f8-7492a3b1e4cd,810e96e4-e456-4468-9b59-f4e8f39732c0,efe8e2a3-eace-427b-b4f1-cb8a937ec77d,e9aa9a3e-5b2b-4ac7-a2c7-073de2b2b24f,8bbdbcdd-5cd4-4100-b6d5-b7c9625b6107,50f4348b-c883-4e2f-8f11-ce233b859fa1,fda095cb-831d-4601-ad94-846013963de8,f92806d7-1768-443f-afe8-12bcde84d0f0,dd3a144d-ab7f-41f0-82b8-2e43a090d496,f0416e68-0200-4b77-a926-4f9d16e494da,511d2633-09a7-4bdd-ac42-f778032124b3,5d45aa00-e064-4938-b314-4265f0c2258c,9361fd90-ba52-4f84-aa93-6e878fd576ca,970b0598-bcb0-4714-91fb-2e81440dccd8,bcd64cc6-2dd9-43f6-abbe-66318d332032,d930590d-bb92-4cc8-8bd1-23cd027f9edf,a3cd009f-0ab0-420d-9278-b9fdab939bbc,6a2d0734-bd9e-4ddf-946e-caa52498cb75,c27215d8-6835-4b68-bfbb-bdeac6100c04,b5d6115f-0370-4d7c-aad3-c194cc71cf98,d1346436-ac96-4271-b863-1f4fdead95b0,971bdb23-3ff6-43eb-b422-1c30165a3663,17debcc3-0a6b-4b8a-b00b-dc58b885581e,711ebe11-f673-4cd9-9a83-63c60ba54c5b,c0143906-9aed-447e-9436-2ae8512d1b6e,14da1725-c4c2-42b4-ab08-ee0aeb6898b3,081cab31-dccd-428e-8652-f2404cc81c47,78e0584a-4343-4727-8f37-e14e65c2a2db,ba21476f-2866-4f81-9c4d-6e359316e448,871c3b6c-7379-419d-bda3-794b239ab90d,1d08ef62-a503-4ce2-8b9a-46c90873f7d3,ff9b0199-ce04-4cfe-86cc-6c719f08d6e4,de1c2107-70c8-4021-8459-6399f24d01c6,cbf30902-517f-40dc-af90-a550bac27cf1,5c601d96-e4c7-4698-991b-7ee674b11079
2026-8-30 14:54:58-debug:   Number of all scenes: 1
2026-8-30 14:54:58-debug:   Number of all scripts: 7
2026-8-30 14:54:58-debug: Init bundle root assets success..., progress: 0%
2026-8-30 14:54:58-debug:   Number of other assets: 318
2026-8-30 14:54:58-debug: refresh db internal success
2026-8-30 14:54:58-debug: // ---- build task 查询 Asset Bundle ---- (16ms)
2026-8-30 14:54:58-log: run build task 查询 Asset Bundle success in 16 ms√, progress: 5%
2026-8-30 14:54:58-debug: [Build Memory track]: 查询 Asset Bundle start:228.91MB, end 228.78MB, increase: -132.29KB
2026-8-30 14:54:58-debug: 查询 Asset Bundle start, progress: 5%
2026-8-30 14:54:58-debug: // ---- build task 查询 Asset Bundle ----
2026-8-30 14:54:58-debug: %cImport%c: D:\GameByself\Cocos\Project1\assets\Scripts\Car.tsbackground: #aaff85; color: #000;color: #000;
2026-8-30 14:54:58-debug: // ---- build task 查询 Asset Bundle ---- (7ms)
2026-8-30 14:54:58-log: run build task 查询 Asset Bundle success in 7 ms√, progress: 10%
2026-8-30 14:54:58-debug: [Build Memory track]: 查询 Asset Bundle start:228.81MB, end 229.00MB, increase: 201.38KB
2026-8-30 14:54:58-debug: 整理部分构建选项内数据到 settings.json start, progress: 10%
2026-8-30 14:54:58-debug: // ---- build task 整理部分构建选项内数据到 settings.json ----
2026-8-30 14:54:58-debug: Run asset db hook engine-extends:afterRefresh ...
2026-8-30 14:54:58-debug: Run asset db hook engine-extends:afterRefresh success!
2026-8-30 14:54:58-debug: refresh db assets success
2026-8-30 14:54:58-debug: // ---- build task 整理部分构建选项内数据到 settings.json ---- (4ms)
2026-8-30 14:54:58-log: run build task 整理部分构建选项内数据到 settings.json success in 4 ms√, progress: 12%
2026-8-30 14:54:58-debug: asset-db:refresh-all-database (192ms)
2026-8-30 14:54:58-debug: asset-db:worker-effect-data-processing (3ms)
2026-8-30 14:54:58-debug: 填充脚本数据到 settings.json start, progress: 12%
2026-8-30 14:54:58-debug: [Build Memory track]: 整理部分构建选项内数据到 settings.json start:229.04MB, end 229.14MB, increase: 108.73KB
2026-8-30 14:54:58-debug: // ---- build task 填充脚本数据到 settings.json ----
2026-8-30 14:54:58-debug: asset-db-hook-engine-extends-afterRefresh (3ms)
2026-8-30 14:54:58-debug: // ---- build task 填充脚本数据到 settings.json ---- (4ms)
2026-8-30 14:54:58-log: run build task 填充脚本数据到 settings.json success in 4 ms√, progress: 13%
2026-8-30 14:54:58-debug: 整理部分构建选项内数据到 settings.json start, progress: 13%
2026-8-30 14:54:58-debug: [Build Memory track]: 填充脚本数据到 settings.json start:229.17MB, end 229.23MB, increase: 58.27KB
2026-8-30 14:54:58-debug: // ---- build task 整理部分构建选项内数据到 settings.json ----
2026-8-30 14:54:58-debug: // ---- build task 整理部分构建选项内数据到 settings.json ---- (11ms)
2026-8-30 14:54:58-log: run build task 整理部分构建选项内数据到 settings.json success in 11 ms√, progress: 15%
2026-8-30 14:54:58-debug: [Build Memory track]: 整理部分构建选项内数据到 settings.json start:229.26MB, end 228.72MB, increase: -551.37KB
2026-8-30 14:54:59-debug: Query all assets info in project
2026-8-30 14:54:59-debug: init custom config: keepNodeUuid: false, useCache: true
2026-8-30 14:54:59-debug: Skip compress image, progress: 0%
2026-8-30 14:54:59-debug: Init all bundles start..., progress: 0%
2026-8-30 14:54:59-debug: 查询 Asset Bundle start, progress: 0%
2026-8-30 14:54:59-debug: // ---- build task 查询 Asset Bundle ----
2026-8-30 14:54:59-debug: Num of bundles: 3..., progress: 0%
2026-8-30 14:54:59-debug: Init bundle root assets start..., progress: 0%
2026-8-30 14:54:59-debug: Query preload assets/scripts from cc.config.json: 60f7195c-ec2a-45eb-ba94-8955f60e81d0,1c02ae6f-4492-4915-b8f8-7492a3b1e4cd,810e96e4-e456-4468-9b59-f4e8f39732c0,efe8e2a3-eace-427b-b4f1-cb8a937ec77d,e9aa9a3e-5b2b-4ac7-a2c7-073de2b2b24f,8bbdbcdd-5cd4-4100-b6d5-b7c9625b6107,50f4348b-c883-4e2f-8f11-ce233b859fa1,fda095cb-831d-4601-ad94-846013963de8,f92806d7-1768-443f-afe8-12bcde84d0f0,dd3a144d-ab7f-41f0-82b8-2e43a090d496,f0416e68-0200-4b77-a926-4f9d16e494da,511d2633-09a7-4bdd-ac42-f778032124b3,5d45aa00-e064-4938-b314-4265f0c2258c,9361fd90-ba52-4f84-aa93-6e878fd576ca,970b0598-bcb0-4714-91fb-2e81440dccd8,bcd64cc6-2dd9-43f6-abbe-66318d332032,d930590d-bb92-4cc8-8bd1-23cd027f9edf,a3cd009f-0ab0-420d-9278-b9fdab939bbc,6a2d0734-bd9e-4ddf-946e-caa52498cb75,c27215d8-6835-4b68-bfbb-bdeac6100c04,b5d6115f-0370-4d7c-aad3-c194cc71cf98,d1346436-ac96-4271-b863-1f4fdead95b0,971bdb23-3ff6-43eb-b422-1c30165a3663,17debcc3-0a6b-4b8a-b00b-dc58b885581e,711ebe11-f673-4cd9-9a83-63c60ba54c5b,c0143906-9aed-447e-9436-2ae8512d1b6e,14da1725-c4c2-42b4-ab08-ee0aeb6898b3,081cab31-dccd-428e-8652-f2404cc81c47,78e0584a-4343-4727-8f37-e14e65c2a2db,ba21476f-2866-4f81-9c4d-6e359316e448,871c3b6c-7379-419d-bda3-794b239ab90d,1d08ef62-a503-4ce2-8b9a-46c90873f7d3,ff9b0199-ce04-4cfe-86cc-6c719f08d6e4,de1c2107-70c8-4021-8459-6399f24d01c6,cbf30902-517f-40dc-af90-a550bac27cf1,5c601d96-e4c7-4698-991b-7ee674b11079
2026-8-30 14:54:59-debug:   Number of all scenes: 1
2026-8-30 14:54:59-debug:   Number of all scripts: 7
2026-8-30 14:54:59-debug:   Number of other assets: 318
2026-8-30 14:54:59-debug: Init bundle root assets success..., progress: 0%
2026-8-30 14:54:59-debug: // ---- build task 查询 Asset Bundle ---- (7ms)
2026-8-30 14:54:59-log: run build task 查询 Asset Bundle success in 7 ms√, progress: 5%
2026-8-30 14:54:59-debug: [Build Memory track]: 查询 Asset Bundle start:229.38MB, end 230.03MB, increase: 667.18KB
2026-8-30 14:54:59-debug: 查询 Asset Bundle start, progress: 5%
2026-8-30 14:54:59-debug: // ---- build task 查询 Asset Bundle ----
2026-8-30 14:54:59-debug: // ---- build task 查询 Asset Bundle ---- (5ms)
2026-8-30 14:54:59-log: run build task 查询 Asset Bundle success in 5 ms√, progress: 10%
2026-8-30 14:54:59-debug: // ---- build task 整理部分构建选项内数据到 settings.json ----
2026-8-30 14:54:59-debug: 整理部分构建选项内数据到 settings.json start, progress: 10%
2026-8-30 14:54:59-debug: [Build Memory track]: 查询 Asset Bundle start:230.06MB, end 230.17MB, increase: 104.79KB
2026-8-30 14:54:59-debug: // ---- build task 整理部分构建选项内数据到 settings.json ---- (1ms)
2026-8-30 14:54:59-log: run build task 整理部分构建选项内数据到 settings.json success in 1 ms√, progress: 12%
2026-8-30 14:54:59-debug: [Build Memory track]: 整理部分构建选项内数据到 settings.json start:230.20MB, end 230.23MB, increase: 28.23KB
2026-8-30 14:54:59-debug: // ---- build task 填充脚本数据到 settings.json ----
2026-8-30 14:54:59-debug: 填充脚本数据到 settings.json start, progress: 12%
2026-8-30 14:54:59-debug: // ---- build task 填充脚本数据到 settings.json ---- (2ms)
2026-8-30 14:54:59-log: run build task 填充脚本数据到 settings.json success in 2 ms√, progress: 13%
2026-8-30 14:54:59-debug: [Build Memory track]: 填充脚本数据到 settings.json start:230.26MB, end 228.82MB, increase: -1475.24KB
2026-8-30 14:54:59-debug: 整理部分构建选项内数据到 settings.json start, progress: 13%
2026-8-30 14:54:59-debug: // ---- build task 整理部分构建选项内数据到 settings.json ----
2026-8-30 14:54:59-debug: // ---- build task 整理部分构建选项内数据到 settings.json ---- (7ms)
2026-8-30 14:54:59-log: run build task 整理部分构建选项内数据到 settings.json success in 7 ms√, progress: 15%
2026-8-30 14:54:59-debug: [Build Memory track]: 整理部分构建选项内数据到 settings.json start:228.85MB, end 228.99MB, increase: 140.63KB
2026-8-30 14:55:54-debug: refresh db internal success
2026-8-30 14:55:54-debug: %cImport%c: D:\GameByself\Cocos\Project1\assets\Scripts\Car.tsbackground: #aaff85; color: #000;color: #000;
2026-8-30 14:55:54-debug: refresh db assets success
2026-8-30 14:55:54-debug: Run asset db hook engine-extends:afterRefresh ...
2026-8-30 14:55:54-debug: Run asset db hook engine-extends:afterRefresh success!
2026-8-30 14:55:54-debug: asset-db:refresh-all-database (106ms)
2026-8-30 14:55:54-debug: asset-db:worker-effect-data-processing (1ms)
2026-8-30 14:55:54-debug: asset-db-hook-engine-extends-afterRefresh (2ms)
2026-8-30 14:55:55-debug: Query all assets info in project
2026-8-30 14:55:55-debug: init custom config: keepNodeUuid: false, useCache: true
2026-8-30 14:55:55-debug: Skip compress image, progress: 0%
2026-8-30 14:55:55-debug: Init all bundles start..., progress: 0%
2026-8-30 14:55:55-debug: // ---- build task 查询 Asset Bundle ----
2026-8-30 14:55:55-debug: 查询 Asset Bundle start, progress: 0%
2026-8-30 14:55:55-debug: Num of bundles: 3..., progress: 0%
2026-8-30 14:55:55-debug: Init bundle root assets start..., progress: 0%
2026-8-30 14:55:55-debug: Query preload assets/scripts from cc.config.json: 60f7195c-ec2a-45eb-ba94-8955f60e81d0,1c02ae6f-4492-4915-b8f8-7492a3b1e4cd,810e96e4-e456-4468-9b59-f4e8f39732c0,efe8e2a3-eace-427b-b4f1-cb8a937ec77d,e9aa9a3e-5b2b-4ac7-a2c7-073de2b2b24f,8bbdbcdd-5cd4-4100-b6d5-b7c9625b6107,50f4348b-c883-4e2f-8f11-ce233b859fa1,fda095cb-831d-4601-ad94-846013963de8,f92806d7-1768-443f-afe8-12bcde84d0f0,dd3a144d-ab7f-41f0-82b8-2e43a090d496,f0416e68-0200-4b77-a926-4f9d16e494da,511d2633-09a7-4bdd-ac42-f778032124b3,5d45aa00-e064-4938-b314-4265f0c2258c,9361fd90-ba52-4f84-aa93-6e878fd576ca,970b0598-bcb0-4714-91fb-2e81440dccd8,bcd64cc6-2dd9-43f6-abbe-66318d332032,d930590d-bb92-4cc8-8bd1-23cd027f9edf,a3cd009f-0ab0-420d-9278-b9fdab939bbc,6a2d0734-bd9e-4ddf-946e-caa52498cb75,c27215d8-6835-4b68-bfbb-bdeac6100c04,b5d6115f-0370-4d7c-aad3-c194cc71cf98,d1346436-ac96-4271-b863-1f4fdead95b0,971bdb23-3ff6-43eb-b422-1c30165a3663,17debcc3-0a6b-4b8a-b00b-dc58b885581e,711ebe11-f673-4cd9-9a83-63c60ba54c5b,c0143906-9aed-447e-9436-2ae8512d1b6e,14da1725-c4c2-42b4-ab08-ee0aeb6898b3,081cab31-dccd-428e-8652-f2404cc81c47,78e0584a-4343-4727-8f37-e14e65c2a2db,ba21476f-2866-4f81-9c4d-6e359316e448,871c3b6c-7379-419d-bda3-794b239ab90d,1d08ef62-a503-4ce2-8b9a-46c90873f7d3,ff9b0199-ce04-4cfe-86cc-6c719f08d6e4,de1c2107-70c8-4021-8459-6399f24d01c6,cbf30902-517f-40dc-af90-a550bac27cf1,5c601d96-e4c7-4698-991b-7ee674b11079
2026-8-30 14:55:55-debug:   Number of all scenes: 1
2026-8-30 14:55:55-debug:   Number of all scripts: 7
2026-8-30 14:55:55-debug: Init bundle root assets success..., progress: 0%
2026-8-30 14:55:55-debug:   Number of other assets: 318
2026-8-30 14:55:55-debug: // ---- build task 查询 Asset Bundle ---- (9ms)
2026-8-30 14:55:55-log: run build task 查询 Asset Bundle success in 9 ms√, progress: 5%
2026-8-30 14:55:55-debug: [Build Memory track]: 查询 Asset Bundle start:230.21MB, end 230.17MB, increase: -43.36KB
2026-8-30 14:55:55-debug: 查询 Asset Bundle start, progress: 5%
2026-8-30 14:55:55-debug: // ---- build task 查询 Asset Bundle ----
2026-8-30 14:55:55-debug: // ---- build task 查询 Asset Bundle ---- (5ms)
2026-8-30 14:55:55-log: run build task 查询 Asset Bundle success in 5 ms√, progress: 10%
2026-8-30 14:55:55-debug: // ---- build task 整理部分构建选项内数据到 settings.json ----
2026-8-30 14:55:55-debug: [Build Memory track]: 查询 Asset Bundle start:230.20MB, end 230.30MB, increase: 104.09KB
2026-8-30 14:55:55-debug: 整理部分构建选项内数据到 settings.json start, progress: 10%
2026-8-30 14:55:55-debug: // ---- build task 整理部分构建选项内数据到 settings.json ---- (2ms)
2026-8-30 14:55:55-log: run build task 整理部分构建选项内数据到 settings.json success in 2 ms√, progress: 12%
2026-8-30 14:55:55-debug: [Build Memory track]: 整理部分构建选项内数据到 settings.json start:230.33MB, end 230.36MB, increase: 28.23KB
2026-8-30 14:55:55-debug: 填充脚本数据到 settings.json start, progress: 12%
2026-8-30 14:55:55-debug: // ---- build task 填充脚本数据到 settings.json ----
2026-8-30 14:55:55-debug: // ---- build task 填充脚本数据到 settings.json ---- (4ms)
2026-8-30 14:55:55-log: run build task 填充脚本数据到 settings.json success in 4 ms√, progress: 13%
2026-8-30 14:55:55-debug: [Build Memory track]: 填充脚本数据到 settings.json start:230.39MB, end 230.42MB, increase: 27.62KB
2026-8-30 14:55:55-debug: 整理部分构建选项内数据到 settings.json start, progress: 13%
2026-8-30 14:55:55-debug: // ---- build task 整理部分构建选项内数据到 settings.json ----
2026-8-30 14:55:55-log: run build task 整理部分构建选项内数据到 settings.json success in 10 ms√, progress: 15%
2026-8-30 14:55:55-debug: [Build Memory track]: 整理部分构建选项内数据到 settings.json start:230.45MB, end 230.58MB, increase: 127.70KB
2026-8-30 14:55:55-debug: // ---- build task 整理部分构建选项内数据到 settings.json ---- (10ms)
2026-8-30 14:55:58-debug: refresh db internal success
2026-8-30 14:55:58-debug: refresh db assets success
2026-8-30 14:55:58-debug: Run asset db hook engine-extends:afterRefresh ...
2026-8-30 14:55:58-debug: Run asset db hook engine-extends:afterRefresh success!
2026-8-30 14:55:58-debug: asset-db:refresh-all-database (106ms)
2026-8-30 14:55:58-debug: asset-db:worker-effect-data-processing (1ms)
2026-8-30 14:55:58-debug: asset-db-hook-engine-extends-afterRefresh (1ms)
2026-8-30 14:56:23-debug: refresh db internal success
2026-8-30 14:56:23-debug: refresh db assets success
2026-8-30 14:56:23-debug: Run asset db hook engine-extends:afterRefresh ...
2026-8-30 14:56:23-debug: Run asset db hook engine-extends:afterRefresh success!
2026-8-30 14:56:23-debug: asset-db:refresh-all-database (109ms)
2026-8-30 14:56:23-debug: asset-db:worker-effect-data-processing (2ms)
2026-8-30 14:56:23-debug: asset-db-hook-engine-extends-afterRefresh (2ms)
2026-8-30 14:57:18-debug: refresh db internal success
2026-8-30 14:57:18-debug: %cImport%c: D:\GameByself\Cocos\Project1\assets\Scripts\Car.tsbackground: #aaff85; color: #000;color: #000;
2026-8-30 14:57:18-debug: refresh db assets success
2026-8-30 14:57:18-debug: Run asset db hook engine-extends:afterRefresh success!
2026-8-30 14:57:18-debug: Run asset db hook engine-extends:afterRefresh ...
2026-8-30 14:57:18-debug: asset-db:refresh-all-database (115ms)
2026-8-30 14:57:18-debug: asset-db:worker-effect-data-processing (3ms)
2026-8-30 14:57:18-debug: asset-db-hook-engine-extends-afterRefresh (3ms)
2026-8-30 14:57:19-debug: Query all assets info in project
2026-8-30 14:57:19-debug: init custom config: keepNodeUuid: false, useCache: true
2026-8-30 14:57:19-debug: Skip compress image, progress: 0%
2026-8-30 14:57:19-debug: Init all bundles start..., progress: 0%
2026-8-30 14:57:19-debug: Num of bundles: 3..., progress: 0%
2026-8-30 14:57:19-debug: 查询 Asset Bundle start, progress: 0%
2026-8-30 14:57:19-debug: // ---- build task 查询 Asset Bundle ----
2026-8-30 14:57:19-debug: Init bundle root assets start..., progress: 0%
2026-8-30 14:57:19-debug: Query preload assets/scripts from cc.config.json: 60f7195c-ec2a-45eb-ba94-8955f60e81d0,1c02ae6f-4492-4915-b8f8-7492a3b1e4cd,810e96e4-e456-4468-9b59-f4e8f39732c0,efe8e2a3-eace-427b-b4f1-cb8a937ec77d,e9aa9a3e-5b2b-4ac7-a2c7-073de2b2b24f,8bbdbcdd-5cd4-4100-b6d5-b7c9625b6107,50f4348b-c883-4e2f-8f11-ce233b859fa1,fda095cb-831d-4601-ad94-846013963de8,f92806d7-1768-443f-afe8-12bcde84d0f0,dd3a144d-ab7f-41f0-82b8-2e43a090d496,f0416e68-0200-4b77-a926-4f9d16e494da,511d2633-09a7-4bdd-ac42-f778032124b3,5d45aa00-e064-4938-b314-4265f0c2258c,9361fd90-ba52-4f84-aa93-6e878fd576ca,970b0598-bcb0-4714-91fb-2e81440dccd8,bcd64cc6-2dd9-43f6-abbe-66318d332032,d930590d-bb92-4cc8-8bd1-23cd027f9edf,a3cd009f-0ab0-420d-9278-b9fdab939bbc,6a2d0734-bd9e-4ddf-946e-caa52498cb75,c27215d8-6835-4b68-bfbb-bdeac6100c04,b5d6115f-0370-4d7c-aad3-c194cc71cf98,d1346436-ac96-4271-b863-1f4fdead95b0,971bdb23-3ff6-43eb-b422-1c30165a3663,17debcc3-0a6b-4b8a-b00b-dc58b885581e,711ebe11-f673-4cd9-9a83-63c60ba54c5b,c0143906-9aed-447e-9436-2ae8512d1b6e,14da1725-c4c2-42b4-ab08-ee0aeb6898b3,081cab31-dccd-428e-8652-f2404cc81c47,78e0584a-4343-4727-8f37-e14e65c2a2db,ba21476f-2866-4f81-9c4d-6e359316e448,871c3b6c-7379-419d-bda3-794b239ab90d,1d08ef62-a503-4ce2-8b9a-46c90873f7d3,ff9b0199-ce04-4cfe-86cc-6c719f08d6e4,de1c2107-70c8-4021-8459-6399f24d01c6,cbf30902-517f-40dc-af90-a550bac27cf1,5c601d96-e4c7-4698-991b-7ee674b11079
2026-8-30 14:57:19-debug:   Number of all scenes: 1
2026-8-30 14:57:19-debug:   Number of other assets: 318
2026-8-30 14:57:19-debug: Init bundle root assets success..., progress: 0%
2026-8-30 14:57:19-debug:   Number of all scripts: 7
2026-8-30 14:57:19-debug: // ---- build task 查询 Asset Bundle ---- (9ms)
2026-8-30 14:57:19-log: run build task 查询 Asset Bundle success in 9 ms√, progress: 5%
2026-8-30 14:57:19-debug: [Build Memory track]: 查询 Asset Bundle start:233.69MB, end 233.40MB, increase: -291.27KB
2026-8-30 14:57:19-debug: 查询 Asset Bundle start, progress: 5%
2026-8-30 14:57:19-debug: // ---- build task 查询 Asset Bundle ----
2026-8-30 14:57:19-debug: // ---- build task 查询 Asset Bundle ---- (5ms)
2026-8-30 14:57:19-log: run build task 查询 Asset Bundle success in 5 ms√, progress: 10%
2026-8-30 14:57:19-debug: // ---- build task 整理部分构建选项内数据到 settings.json ----
2026-8-30 14:57:19-debug: 整理部分构建选项内数据到 settings.json start, progress: 10%
2026-8-30 14:57:19-debug: [Build Memory track]: 查询 Asset Bundle start:233.44MB, end 233.54MB, increase: 104.07KB
2026-8-30 14:57:19-debug: // ---- build task 整理部分构建选项内数据到 settings.json ---- (3ms)
2026-8-30 14:57:19-debug: [Build Memory track]: 整理部分构建选项内数据到 settings.json start:233.57MB, end 233.60MB, increase: 28.16KB
2026-8-30 14:57:19-debug: 填充脚本数据到 settings.json start, progress: 12%
2026-8-30 14:57:19-log: run build task 整理部分构建选项内数据到 settings.json success in 3 ms√, progress: 12%
2026-8-30 14:57:19-debug: // ---- build task 填充脚本数据到 settings.json ----
2026-8-30 14:57:19-debug: // ---- build task 填充脚本数据到 settings.json ---- (2ms)
2026-8-30 14:57:19-log: run build task 填充脚本数据到 settings.json success in 2 ms√, progress: 13%
2026-8-30 14:57:19-debug: 整理部分构建选项内数据到 settings.json start, progress: 13%
2026-8-30 14:57:19-debug: [Build Memory track]: 填充脚本数据到 settings.json start:233.63MB, end 233.65MB, increase: 27.59KB
2026-8-30 14:57:19-debug: // ---- build task 整理部分构建选项内数据到 settings.json ----
2026-8-30 14:57:19-debug: // ---- build task 整理部分构建选项内数据到 settings.json ---- (5ms)
2026-8-30 14:57:19-log: run build task 整理部分构建选项内数据到 settings.json success in 5 ms√, progress: 15%
2026-8-30 14:57:19-debug: [Build Memory track]: 整理部分构建选项内数据到 settings.json start:233.69MB, end 233.81MB, increase: 130.14KB
2026-8-30 14:58:29-debug: Query all assets info in project
2026-8-30 14:58:29-debug: init custom config: keepNodeUuid: false, useCache: true
2026-8-30 14:58:29-debug: Skip compress image, progress: 0%
2026-8-30 14:58:29-debug: Init all bundles start..., progress: 0%
2026-8-30 14:58:29-debug: Num of bundles: 3..., progress: 0%
2026-8-30 14:58:29-debug: // ---- build task 查询 Asset Bundle ----
2026-8-30 14:58:29-debug: 查询 Asset Bundle start, progress: 0%
2026-8-30 14:58:29-debug: Init bundle root assets start..., progress: 0%
2026-8-30 14:58:29-debug: Query preload assets/scripts from cc.config.json: 60f7195c-ec2a-45eb-ba94-8955f60e81d0,1c02ae6f-4492-4915-b8f8-7492a3b1e4cd,810e96e4-e456-4468-9b59-f4e8f39732c0,efe8e2a3-eace-427b-b4f1-cb8a937ec77d,e9aa9a3e-5b2b-4ac7-a2c7-073de2b2b24f,8bbdbcdd-5cd4-4100-b6d5-b7c9625b6107,50f4348b-c883-4e2f-8f11-ce233b859fa1,fda095cb-831d-4601-ad94-846013963de8,f92806d7-1768-443f-afe8-12bcde84d0f0,dd3a144d-ab7f-41f0-82b8-2e43a090d496,f0416e68-0200-4b77-a926-4f9d16e494da,511d2633-09a7-4bdd-ac42-f778032124b3,5d45aa00-e064-4938-b314-4265f0c2258c,9361fd90-ba52-4f84-aa93-6e878fd576ca,970b0598-bcb0-4714-91fb-2e81440dccd8,bcd64cc6-2dd9-43f6-abbe-66318d332032,d930590d-bb92-4cc8-8bd1-23cd027f9edf,a3cd009f-0ab0-420d-9278-b9fdab939bbc,6a2d0734-bd9e-4ddf-946e-caa52498cb75,c27215d8-6835-4b68-bfbb-bdeac6100c04,b5d6115f-0370-4d7c-aad3-c194cc71cf98,d1346436-ac96-4271-b863-1f4fdead95b0,971bdb23-3ff6-43eb-b422-1c30165a3663,17debcc3-0a6b-4b8a-b00b-dc58b885581e,711ebe11-f673-4cd9-9a83-63c60ba54c5b,c0143906-9aed-447e-9436-2ae8512d1b6e,14da1725-c4c2-42b4-ab08-ee0aeb6898b3,081cab31-dccd-428e-8652-f2404cc81c47,78e0584a-4343-4727-8f37-e14e65c2a2db,ba21476f-2866-4f81-9c4d-6e359316e448,871c3b6c-7379-419d-bda3-794b239ab90d,1d08ef62-a503-4ce2-8b9a-46c90873f7d3,ff9b0199-ce04-4cfe-86cc-6c719f08d6e4,de1c2107-70c8-4021-8459-6399f24d01c6,cbf30902-517f-40dc-af90-a550bac27cf1,5c601d96-e4c7-4698-991b-7ee674b11079
2026-8-30 14:58:29-debug:   Number of all scripts: 7
2026-8-30 14:58:29-debug:   Number of all scenes: 1
2026-8-30 14:58:29-debug: Init bundle root assets success..., progress: 0%
2026-8-30 14:58:29-debug:   Number of other assets: 318
2026-8-30 14:58:29-debug: // ---- build task 查询 Asset Bundle ---- (13ms)
2026-8-30 14:58:29-log: run build task 查询 Asset Bundle success in 13 ms√, progress: 5%
2026-8-30 14:58:29-debug: // ---- build task 查询 Asset Bundle ----
2026-8-30 14:58:29-debug: 查询 Asset Bundle start, progress: 5%
2026-8-30 14:58:29-debug: [Build Memory track]: 查询 Asset Bundle start:234.85MB, end 234.20MB, increase: -660.66KB
2026-8-30 14:58:29-debug: refresh db internal success
2026-8-30 14:58:29-debug: // ---- build task 查询 Asset Bundle ---- (18ms)
2026-8-30 14:58:29-log: run build task 查询 Asset Bundle success in 18 ms√, progress: 10%
2026-8-30 14:58:29-debug: [Build Memory track]: 查询 Asset Bundle start:234.23MB, end 234.43MB, increase: 199.69KB
2026-8-30 14:58:29-debug: 整理部分构建选项内数据到 settings.json start, progress: 10%
2026-8-30 14:58:29-debug: // ---- build task 整理部分构建选项内数据到 settings.json ----
2026-8-30 14:58:29-debug: %cImport%c: D:\GameByself\Cocos\Project1\assets\Scripts\Car.tsbackground: #aaff85; color: #000;color: #000;
2026-8-30 14:58:29-log: run build task 整理部分构建选项内数据到 settings.json success in 5 ms√, progress: 12%
2026-8-30 14:58:29-debug: [Build Memory track]: 整理部分构建选项内数据到 settings.json start:234.46MB, end 234.51MB, increase: 57.25KB
2026-8-30 14:58:29-debug: 填充脚本数据到 settings.json start, progress: 12%
2026-8-30 14:58:29-debug: // ---- build task 整理部分构建选项内数据到 settings.json ---- (5ms)
2026-8-30 14:58:29-debug: // ---- build task 填充脚本数据到 settings.json ----
2026-8-30 14:58:29-debug: refresh db assets success
2026-8-30 14:58:29-debug: Run asset db hook engine-extends:afterRefresh ...
2026-8-30 14:58:29-debug: // ---- build task 填充脚本数据到 settings.json ---- (3ms)
2026-8-30 14:58:29-log: run build task 填充脚本数据到 settings.json success in 3 ms√, progress: 13%
2026-8-30 14:58:29-debug: [Build Memory track]: 填充脚本数据到 settings.json start:234.54MB, end 234.65MB, increase: 109.58KB
2026-8-30 14:58:29-debug: 整理部分构建选项内数据到 settings.json start, progress: 13%
2026-8-30 14:58:29-debug: Run asset db hook engine-extends:afterRefresh success!
2026-8-30 14:58:29-debug: // ---- build task 整理部分构建选项内数据到 settings.json ----
2026-8-30 14:58:29-debug: asset-db:worker-effect-data-processing (2ms)
2026-8-30 14:58:29-debug: asset-db:refresh-all-database (225ms)
2026-8-30 14:58:29-debug: asset-db-hook-engine-extends-afterRefresh (2ms)
2026-8-30 14:58:29-debug: // ---- build task 整理部分构建选项内数据到 settings.json ---- (13ms)
2026-8-30 14:58:29-log: run build task 整理部分构建选项内数据到 settings.json success in 13 ms√, progress: 15%
2026-8-30 14:58:29-debug: [Build Memory track]: 整理部分构建选项内数据到 settings.json start:234.68MB, end 234.92MB, increase: 245.62KB
2026-8-30 14:58:30-debug: Query all assets info in project
2026-8-30 14:58:30-debug: Skip compress image, progress: 0%
2026-8-30 14:58:30-debug: init custom config: keepNodeUuid: false, useCache: true
2026-8-30 14:58:30-debug: Init all bundles start..., progress: 0%
2026-8-30 14:58:30-debug: // ---- build task 查询 Asset Bundle ----
2026-8-30 14:58:30-debug: 查询 Asset Bundle start, progress: 0%
2026-8-30 14:58:30-debug: Init bundle root assets start..., progress: 0%
2026-8-30 14:58:30-debug: Num of bundles: 3..., progress: 0%
2026-8-30 14:58:30-debug: Query preload assets/scripts from cc.config.json: 60f7195c-ec2a-45eb-ba94-8955f60e81d0,1c02ae6f-4492-4915-b8f8-7492a3b1e4cd,810e96e4-e456-4468-9b59-f4e8f39732c0,efe8e2a3-eace-427b-b4f1-cb8a937ec77d,e9aa9a3e-5b2b-4ac7-a2c7-073de2b2b24f,8bbdbcdd-5cd4-4100-b6d5-b7c9625b6107,50f4348b-c883-4e2f-8f11-ce233b859fa1,fda095cb-831d-4601-ad94-846013963de8,f92806d7-1768-443f-afe8-12bcde84d0f0,dd3a144d-ab7f-41f0-82b8-2e43a090d496,f0416e68-0200-4b77-a926-4f9d16e494da,511d2633-09a7-4bdd-ac42-f778032124b3,5d45aa00-e064-4938-b314-4265f0c2258c,9361fd90-ba52-4f84-aa93-6e878fd576ca,970b0598-bcb0-4714-91fb-2e81440dccd8,bcd64cc6-2dd9-43f6-abbe-66318d332032,d930590d-bb92-4cc8-8bd1-23cd027f9edf,a3cd009f-0ab0-420d-9278-b9fdab939bbc,6a2d0734-bd9e-4ddf-946e-caa52498cb75,c27215d8-6835-4b68-bfbb-bdeac6100c04,b5d6115f-0370-4d7c-aad3-c194cc71cf98,d1346436-ac96-4271-b863-1f4fdead95b0,971bdb23-3ff6-43eb-b422-1c30165a3663,17debcc3-0a6b-4b8a-b00b-dc58b885581e,711ebe11-f673-4cd9-9a83-63c60ba54c5b,c0143906-9aed-447e-9436-2ae8512d1b6e,14da1725-c4c2-42b4-ab08-ee0aeb6898b3,081cab31-dccd-428e-8652-f2404cc81c47,78e0584a-4343-4727-8f37-e14e65c2a2db,ba21476f-2866-4f81-9c4d-6e359316e448,871c3b6c-7379-419d-bda3-794b239ab90d,1d08ef62-a503-4ce2-8b9a-46c90873f7d3,ff9b0199-ce04-4cfe-86cc-6c719f08d6e4,de1c2107-70c8-4021-8459-6399f24d01c6,cbf30902-517f-40dc-af90-a550bac27cf1,5c601d96-e4c7-4698-991b-7ee674b11079
2026-8-30 14:58:30-debug:   Number of all scenes: 1
2026-8-30 14:58:30-debug: Init bundle root assets success..., progress: 0%
2026-8-30 14:58:30-debug:   Number of all scripts: 7
2026-8-30 14:58:30-debug:   Number of other assets: 318
2026-8-30 14:58:30-debug: // ---- build task 查询 Asset Bundle ---- (10ms)
2026-8-30 14:58:30-log: run build task 查询 Asset Bundle success in 10 ms√, progress: 5%
2026-8-30 14:58:30-debug: [Build Memory track]: 查询 Asset Bundle start:235.04MB, end 234.96MB, increase: -81.06KB
2026-8-30 14:58:30-debug: 查询 Asset Bundle start, progress: 5%
2026-8-30 14:58:30-debug: // ---- build task 查询 Asset Bundle ----
2026-8-30 14:58:30-debug: // ---- build task 查询 Asset Bundle ---- (3ms)
2026-8-30 14:58:30-log: run build task 查询 Asset Bundle success in 3 ms√, progress: 10%
2026-8-30 14:58:30-debug: // ---- build task 整理部分构建选项内数据到 settings.json ----
2026-8-30 14:58:30-debug: [Build Memory track]: 查询 Asset Bundle start:234.99MB, end 235.09MB, increase: 104.05KB
2026-8-30 14:58:30-debug: 整理部分构建选项内数据到 settings.json start, progress: 10%
2026-8-30 14:58:30-debug: // ---- build task 整理部分构建选项内数据到 settings.json ---- (2ms)
2026-8-30 14:58:30-log: run build task 整理部分构建选项内数据到 settings.json success in 2 ms√, progress: 12%
2026-8-30 14:58:30-debug: 填充脚本数据到 settings.json start, progress: 12%
2026-8-30 14:58:30-debug: // ---- build task 填充脚本数据到 settings.json ----
2026-8-30 14:58:30-debug: [Build Memory track]: 整理部分构建选项内数据到 settings.json start:235.12MB, end 235.15MB, increase: 28.09KB
2026-8-30 14:58:30-debug: // ---- build task 填充脚本数据到 settings.json ---- (3ms)
2026-8-30 14:58:30-log: run build task 填充脚本数据到 settings.json success in 3 ms√, progress: 13%
2026-8-30 14:58:30-debug: [Build Memory track]: 填充脚本数据到 settings.json start:235.18MB, end 235.21MB, increase: 27.61KB
2026-8-30 14:58:30-debug: // ---- build task 整理部分构建选项内数据到 settings.json ----
2026-8-30 14:58:30-debug: 整理部分构建选项内数据到 settings.json start, progress: 13%
2026-8-30 14:58:30-debug: // ---- build task 整理部分构建选项内数据到 settings.json ---- (5ms)
2026-8-30 14:58:30-log: run build task 整理部分构建选项内数据到 settings.json success in 5 ms√, progress: 15%
2026-8-30 14:58:30-debug: [Build Memory track]: 整理部分构建选项内数据到 settings.json start:235.24MB, end 235.37MB, increase: 127.60KB
2026-8-30 14:58:34-debug: refresh db internal success
2026-8-30 14:58:34-debug: refresh db assets success
2026-8-30 14:58:34-debug: Run asset db hook engine-extends:afterRefresh ...
2026-8-30 14:58:34-debug: Run asset db hook engine-extends:afterRefresh success!
2026-8-30 14:58:34-debug: asset-db:refresh-all-database (101ms)
2026-8-30 14:58:34-debug: asset-db:worker-effect-data-processing (2ms)
2026-8-30 14:58:34-debug: asset-db-hook-engine-extends-afterRefresh (2ms)
2026-8-30 14:58:36-debug: refresh db internal success
2026-8-30 14:58:36-debug: refresh db assets success
2026-8-30 14:58:36-debug: Run asset db hook engine-extends:afterRefresh ...
2026-8-30 14:58:36-debug: Run asset db hook engine-extends:afterRefresh success!
2026-8-30 14:58:36-debug: asset-db:refresh-all-database (101ms)
2026-8-30 14:58:36-debug: asset-db-hook-engine-extends-afterRefresh (2ms)
2026-8-30 14:58:36-debug: asset-db:worker-effect-data-processing (2ms)
2026-8-30 14:58:48-debug: refresh db internal success
2026-8-30 14:58:48-debug: refresh db assets success
2026-8-30 14:58:48-debug: Run asset db hook engine-extends:afterRefresh ...
2026-8-30 14:58:48-debug: Run asset db hook engine-extends:afterRefresh success!
2026-8-30 14:58:48-debug: asset-db:refresh-all-database (107ms)
2026-8-30 14:58:48-debug: asset-db:worker-effect-data-processing (1ms)
2026-8-30 14:58:48-debug: asset-db-hook-engine-extends-afterRefresh (2ms)
2026-8-30 14:59:16-debug: refresh db internal success
2026-8-30 14:59:16-debug: refresh db assets success
2026-8-30 14:59:16-debug: Run asset db hook engine-extends:afterRefresh ...
2026-8-30 14:59:16-debug: Run asset db hook engine-extends:afterRefresh success!
2026-8-30 14:59:16-debug: asset-db:refresh-all-database (115ms)
2026-8-30 14:59:16-debug: asset-db:worker-effect-data-processing (1ms)
2026-8-30 14:59:16-debug: asset-db-hook-engine-extends-afterRefresh (2ms)
2026-8-30 14:59:17-debug: Query all assets info in project
2026-8-30 14:59:17-debug: init custom config: keepNodeUuid: false, useCache: true
2026-8-30 14:59:17-debug: Skip compress image, progress: 0%
2026-8-30 14:59:17-debug: Init all bundles start..., progress: 0%
2026-8-30 14:59:17-debug: // ---- build task 查询 Asset Bundle ----
2026-8-30 14:59:17-debug: Num of bundles: 3..., progress: 0%
2026-8-30 14:59:17-debug: 查询 Asset Bundle start, progress: 0%
2026-8-30 14:59:17-debug: Init bundle root assets start..., progress: 0%
2026-8-30 14:59:17-debug: Query preload assets/scripts from cc.config.json: 60f7195c-ec2a-45eb-ba94-8955f60e81d0,1c02ae6f-4492-4915-b8f8-7492a3b1e4cd,810e96e4-e456-4468-9b59-f4e8f39732c0,efe8e2a3-eace-427b-b4f1-cb8a937ec77d,e9aa9a3e-5b2b-4ac7-a2c7-073de2b2b24f,8bbdbcdd-5cd4-4100-b6d5-b7c9625b6107,50f4348b-c883-4e2f-8f11-ce233b859fa1,fda095cb-831d-4601-ad94-846013963de8,f92806d7-1768-443f-afe8-12bcde84d0f0,dd3a144d-ab7f-41f0-82b8-2e43a090d496,f0416e68-0200-4b77-a926-4f9d16e494da,511d2633-09a7-4bdd-ac42-f778032124b3,5d45aa00-e064-4938-b314-4265f0c2258c,9361fd90-ba52-4f84-aa93-6e878fd576ca,970b0598-bcb0-4714-91fb-2e81440dccd8,bcd64cc6-2dd9-43f6-abbe-66318d332032,d930590d-bb92-4cc8-8bd1-23cd027f9edf,a3cd009f-0ab0-420d-9278-b9fdab939bbc,6a2d0734-bd9e-4ddf-946e-caa52498cb75,c27215d8-6835-4b68-bfbb-bdeac6100c04,b5d6115f-0370-4d7c-aad3-c194cc71cf98,d1346436-ac96-4271-b863-1f4fdead95b0,971bdb23-3ff6-43eb-b422-1c30165a3663,17debcc3-0a6b-4b8a-b00b-dc58b885581e,711ebe11-f673-4cd9-9a83-63c60ba54c5b,c0143906-9aed-447e-9436-2ae8512d1b6e,14da1725-c4c2-42b4-ab08-ee0aeb6898b3,081cab31-dccd-428e-8652-f2404cc81c47,78e0584a-4343-4727-8f37-e14e65c2a2db,ba21476f-2866-4f81-9c4d-6e359316e448,871c3b6c-7379-419d-bda3-794b239ab90d,1d08ef62-a503-4ce2-8b9a-46c90873f7d3,ff9b0199-ce04-4cfe-86cc-6c719f08d6e4,de1c2107-70c8-4021-8459-6399f24d01c6,cbf30902-517f-40dc-af90-a550bac27cf1,5c601d96-e4c7-4698-991b-7ee674b11079
2026-8-30 14:59:17-debug:   Number of other assets: 318
2026-8-30 14:59:17-debug:   Number of all scenes: 1
2026-8-30 14:59:17-debug:   Number of all scripts: 7
2026-8-30 14:59:17-debug: Init bundle root assets success..., progress: 0%
2026-8-30 14:59:17-debug: // ---- build task 查询 Asset Bundle ---- (11ms)
2026-8-30 14:59:17-debug: [Build Memory track]: 查询 Asset Bundle start:238.31MB, end 238.08MB, increase: -231.48KB
2026-8-30 14:59:17-debug: 查询 Asset Bundle start, progress: 5%
2026-8-30 14:59:17-log: run build task 查询 Asset Bundle success in 11 ms√, progress: 5%
2026-8-30 14:59:17-debug: // ---- build task 查询 Asset Bundle ----
2026-8-30 14:59:17-debug: // ---- build task 查询 Asset Bundle ---- (8ms)
2026-8-30 14:59:17-log: run build task 查询 Asset Bundle success in 8 ms√, progress: 10%
2026-8-30 14:59:17-debug: [Build Memory track]: 查询 Asset Bundle start:238.11MB, end 238.22MB, increase: 106.54KB
2026-8-30 14:59:17-debug: 整理部分构建选项内数据到 settings.json start, progress: 10%
2026-8-30 14:59:17-debug: // ---- build task 整理部分构建选项内数据到 settings.json ----
2026-8-30 14:59:17-debug: // ---- build task 整理部分构建选项内数据到 settings.json ---- (4ms)
2026-8-30 14:59:17-log: run build task 整理部分构建选项内数据到 settings.json success in 4 ms√, progress: 12%
2026-8-30 14:59:17-debug: [Build Memory track]: 整理部分构建选项内数据到 settings.json start:238.25MB, end 238.28MB, increase: 27.83KB
2026-8-30 14:59:17-debug: // ---- build task 填充脚本数据到 settings.json ----
2026-8-30 14:59:17-debug: 填充脚本数据到 settings.json start, progress: 12%
2026-8-30 14:59:17-debug: // ---- build task 填充脚本数据到 settings.json ---- (4ms)
2026-8-30 14:59:17-log: run build task 填充脚本数据到 settings.json success in 4 ms√, progress: 13%
2026-8-30 14:59:17-debug: // ---- build task 整理部分构建选项内数据到 settings.json ----
2026-8-30 14:59:17-debug: 整理部分构建选项内数据到 settings.json start, progress: 13%
2026-8-30 14:59:17-debug: [Build Memory track]: 填充脚本数据到 settings.json start:238.31MB, end 238.33MB, increase: 27.50KB
2026-8-30 14:59:17-debug: // ---- build task 整理部分构建选项内数据到 settings.json ---- (17ms)
2026-8-30 14:59:17-debug: [Build Memory track]: 整理部分构建选项内数据到 settings.json start:238.36MB, end 238.51MB, increase: 145.36KB
2026-8-30 14:59:17-log: run build task 整理部分构建选项内数据到 settings.json success in 17 ms√, progress: 15%
2026-8-30 15:00:34-debug: refresh db internal success
2026-8-30 15:00:34-debug: %cImport%c: D:\GameByself\Cocos\Project1\assets\Scripts\Car.tsbackground: #aaff85; color: #000;color: #000;
2026-8-30 15:00:34-debug: refresh db assets success
2026-8-30 15:00:34-debug: Run asset db hook engine-extends:afterRefresh ...
2026-8-30 15:00:34-debug: Run asset db hook engine-extends:afterRefresh success!
2026-8-30 15:00:34-debug: asset-db:refresh-all-database (103ms)
2026-8-30 15:00:34-debug: asset-db:worker-effect-data-processing (4ms)
2026-8-30 15:00:34-debug: asset-db-hook-engine-extends-afterRefresh (4ms)
2026-8-30 15:00:36-debug: Query all assets info in project
2026-8-30 15:00:36-debug: init custom config: keepNodeUuid: false, useCache: true
2026-8-30 15:00:36-debug: Skip compress image, progress: 0%
2026-8-30 15:00:36-debug: // ---- build task 查询 Asset Bundle ----
2026-8-30 15:00:36-debug: 查询 Asset Bundle start, progress: 0%
2026-8-30 15:00:36-debug: Num of bundles: 3..., progress: 0%
2026-8-30 15:00:36-debug: Init all bundles start..., progress: 0%
2026-8-30 15:00:36-debug: Init bundle root assets start..., progress: 0%
2026-8-30 15:00:36-debug: Query preload assets/scripts from cc.config.json: 60f7195c-ec2a-45eb-ba94-8955f60e81d0,1c02ae6f-4492-4915-b8f8-7492a3b1e4cd,810e96e4-e456-4468-9b59-f4e8f39732c0,efe8e2a3-eace-427b-b4f1-cb8a937ec77d,e9aa9a3e-5b2b-4ac7-a2c7-073de2b2b24f,8bbdbcdd-5cd4-4100-b6d5-b7c9625b6107,50f4348b-c883-4e2f-8f11-ce233b859fa1,fda095cb-831d-4601-ad94-846013963de8,f92806d7-1768-443f-afe8-12bcde84d0f0,dd3a144d-ab7f-41f0-82b8-2e43a090d496,f0416e68-0200-4b77-a926-4f9d16e494da,511d2633-09a7-4bdd-ac42-f778032124b3,5d45aa00-e064-4938-b314-4265f0c2258c,9361fd90-ba52-4f84-aa93-6e878fd576ca,970b0598-bcb0-4714-91fb-2e81440dccd8,bcd64cc6-2dd9-43f6-abbe-66318d332032,d930590d-bb92-4cc8-8bd1-23cd027f9edf,a3cd009f-0ab0-420d-9278-b9fdab939bbc,6a2d0734-bd9e-4ddf-946e-caa52498cb75,c27215d8-6835-4b68-bfbb-bdeac6100c04,b5d6115f-0370-4d7c-aad3-c194cc71cf98,d1346436-ac96-4271-b863-1f4fdead95b0,971bdb23-3ff6-43eb-b422-1c30165a3663,17debcc3-0a6b-4b8a-b00b-dc58b885581e,711ebe11-f673-4cd9-9a83-63c60ba54c5b,c0143906-9aed-447e-9436-2ae8512d1b6e,14da1725-c4c2-42b4-ab08-ee0aeb6898b3,081cab31-dccd-428e-8652-f2404cc81c47,78e0584a-4343-4727-8f37-e14e65c2a2db,ba21476f-2866-4f81-9c4d-6e359316e448,871c3b6c-7379-419d-bda3-794b239ab90d,1d08ef62-a503-4ce2-8b9a-46c90873f7d3,ff9b0199-ce04-4cfe-86cc-6c719f08d6e4,de1c2107-70c8-4021-8459-6399f24d01c6,cbf30902-517f-40dc-af90-a550bac27cf1,5c601d96-e4c7-4698-991b-7ee674b11079
2026-8-30 15:00:36-debug:   Number of all scenes: 1
2026-8-30 15:00:36-debug:   Number of other assets: 318
2026-8-30 15:00:36-debug: Init bundle root assets success..., progress: 0%
2026-8-30 15:00:36-debug:   Number of all scripts: 7
2026-8-30 15:00:36-debug: // ---- build task 查询 Asset Bundle ---- (16ms)
2026-8-30 15:00:36-log: run build task 查询 Asset Bundle success in 16 ms√, progress: 5%
2026-8-30 15:00:36-debug: 查询 Asset Bundle start, progress: 5%
2026-8-30 15:00:36-debug: // ---- build task 查询 Asset Bundle ----
2026-8-30 15:00:36-debug: [Build Memory track]: 查询 Asset Bundle start:239.15MB, end 238.89MB, increase: -257.18KB
2026-8-30 15:00:36-debug: // ---- build task 查询 Asset Bundle ---- (7ms)
2026-8-30 15:00:36-log: run build task 查询 Asset Bundle success in 7 ms√, progress: 10%
2026-8-30 15:00:36-debug: 整理部分构建选项内数据到 settings.json start, progress: 10%
2026-8-30 15:00:36-debug: // ---- build task 整理部分构建选项内数据到 settings.json ----
2026-8-30 15:00:36-debug: [Build Memory track]: 查询 Asset Bundle start:238.93MB, end 239.03MB, increase: 105.29KB
2026-8-30 15:00:36-debug: // ---- build task 整理部分构建选项内数据到 settings.json ---- (4ms)
2026-8-30 15:00:36-log: run build task 整理部分构建选项内数据到 settings.json success in 4 ms√, progress: 12%
2026-8-30 15:00:36-debug: [Build Memory track]: 整理部分构建选项内数据到 settings.json start:239.06MB, end 239.09MB, increase: 28.01KB
2026-8-30 15:00:36-debug: 填充脚本数据到 settings.json start, progress: 12%
2026-8-30 15:00:36-debug: // ---- build task 填充脚本数据到 settings.json ----
2026-8-30 15:00:36-debug: // ---- build task 填充脚本数据到 settings.json ---- (4ms)
2026-8-30 15:00:36-debug: [Build Memory track]: 填充脚本数据到 settings.json start:239.12MB, end 239.15MB, increase: 27.35KB
2026-8-30 15:00:36-debug: 整理部分构建选项内数据到 settings.json start, progress: 13%
2026-8-30 15:00:36-log: run build task 填充脚本数据到 settings.json success in 4 ms√, progress: 13%
2026-8-30 15:00:36-debug: // ---- build task 整理部分构建选项内数据到 settings.json ----
2026-8-30 15:00:36-debug: // ---- build task 整理部分构建选项内数据到 settings.json ---- (13ms)
2026-8-30 15:00:36-log: run build task 整理部分构建选项内数据到 settings.json success in 13 ms√, progress: 15%
2026-8-30 15:00:36-debug: [Build Memory track]: 整理部分构建选项内数据到 settings.json start:239.18MB, end 239.30MB, increase: 128.95KB
2026-8-30 15:00:41-debug: refresh db internal success
2026-8-30 15:00:41-debug: refresh db assets success
2026-8-30 15:00:41-debug: Run asset db hook engine-extends:afterRefresh ...
2026-8-30 15:00:41-debug: Run asset db hook engine-extends:afterRefresh success!
2026-8-30 15:00:41-debug: asset-db:refresh-all-database (102ms)
2026-8-30 15:00:41-debug: asset-db:worker-effect-data-processing (2ms)
2026-8-30 15:00:41-debug: asset-db-hook-engine-extends-afterRefresh (2ms)
2026-8-30 15:02:01-debug: refresh db internal success
2026-8-30 15:02:01-debug: refresh db assets success
2026-8-30 15:02:01-debug: Run asset db hook engine-extends:afterRefresh ...
2026-8-30 15:02:01-debug: Run asset db hook engine-extends:afterRefresh success!
2026-8-30 15:02:01-debug: asset-db:refresh-all-database (99ms)
2026-8-30 15:02:01-debug: asset-db-hook-engine-extends-afterRefresh (1ms)
2026-8-30 15:02:21-debug: refresh db internal success
2026-8-30 15:02:21-debug: refresh db assets success
2026-8-30 15:02:21-debug: Run asset db hook engine-extends:afterRefresh ...
2026-8-30 15:02:21-debug: Run asset db hook engine-extends:afterRefresh success!
2026-8-30 15:02:21-debug: asset-db:refresh-all-database (104ms)
2026-8-30 15:02:21-debug: asset-db-hook-engine-extends-afterRefresh (1ms)
2026-8-30 15:02:22-debug: %cImport%c: D:\GameByself\Cocos\Project1\assets\Scenes\scene.scenebackground: #aaff85; color: #000;color: #000;
2026-8-30 15:02:22-debug: asset-db:reimport-assetcb02e093-8bba-4046-8e6e-d0462e7be5da (13ms)
2026-8-30 15:02:26-debug: Query all assets info in project
2026-8-30 15:02:26-debug: init custom config: keepNodeUuid: false, useCache: true
2026-8-30 15:02:26-debug: Skip compress image, progress: 0%
2026-8-30 15:02:26-debug: Init all bundles start..., progress: 0%
2026-8-30 15:02:26-debug: 查询 Asset Bundle start, progress: 0%
2026-8-30 15:02:26-debug: // ---- build task 查询 Asset Bundle ----
2026-8-30 15:02:26-debug: Init bundle root assets start..., progress: 0%
2026-8-30 15:02:26-debug: Num of bundles: 3..., progress: 0%
2026-8-30 15:02:26-debug: Query preload assets/scripts from cc.config.json: 60f7195c-ec2a-45eb-ba94-8955f60e81d0,1c02ae6f-4492-4915-b8f8-7492a3b1e4cd,810e96e4-e456-4468-9b59-f4e8f39732c0,efe8e2a3-eace-427b-b4f1-cb8a937ec77d,e9aa9a3e-5b2b-4ac7-a2c7-073de2b2b24f,8bbdbcdd-5cd4-4100-b6d5-b7c9625b6107,50f4348b-c883-4e2f-8f11-ce233b859fa1,fda095cb-831d-4601-ad94-846013963de8,f92806d7-1768-443f-afe8-12bcde84d0f0,dd3a144d-ab7f-41f0-82b8-2e43a090d496,f0416e68-0200-4b77-a926-4f9d16e494da,511d2633-09a7-4bdd-ac42-f778032124b3,5d45aa00-e064-4938-b314-4265f0c2258c,9361fd90-ba52-4f84-aa93-6e878fd576ca,970b0598-bcb0-4714-91fb-2e81440dccd8,bcd64cc6-2dd9-43f6-abbe-66318d332032,d930590d-bb92-4cc8-8bd1-23cd027f9edf,a3cd009f-0ab0-420d-9278-b9fdab939bbc,6a2d0734-bd9e-4ddf-946e-caa52498cb75,c27215d8-6835-4b68-bfbb-bdeac6100c04,b5d6115f-0370-4d7c-aad3-c194cc71cf98,d1346436-ac96-4271-b863-1f4fdead95b0,971bdb23-3ff6-43eb-b422-1c30165a3663,17debcc3-0a6b-4b8a-b00b-dc58b885581e,711ebe11-f673-4cd9-9a83-63c60ba54c5b,c0143906-9aed-447e-9436-2ae8512d1b6e,14da1725-c4c2-42b4-ab08-ee0aeb6898b3,081cab31-dccd-428e-8652-f2404cc81c47,78e0584a-4343-4727-8f37-e14e65c2a2db,ba21476f-2866-4f81-9c4d-6e359316e448,871c3b6c-7379-419d-bda3-794b239ab90d,1d08ef62-a503-4ce2-8b9a-46c90873f7d3,ff9b0199-ce04-4cfe-86cc-6c719f08d6e4,de1c2107-70c8-4021-8459-6399f24d01c6,cbf30902-517f-40dc-af90-a550bac27cf1,5c601d96-e4c7-4698-991b-7ee674b11079
2026-8-30 15:02:26-debug:   Number of all scenes: 1
2026-8-30 15:02:26-debug:   Number of all scripts: 7
2026-8-30 15:02:26-debug: Init bundle root assets success..., progress: 0%
2026-8-30 15:02:26-debug:   Number of other assets: 318
2026-8-30 15:02:26-debug: // ---- build task 查询 Asset Bundle ---- (30ms)
2026-8-30 15:02:26-log: run build task 查询 Asset Bundle success in 30 ms√, progress: 5%
2026-8-30 15:02:26-debug: 查询 Asset Bundle start, progress: 5%
2026-8-30 15:02:26-debug: [Build Memory track]: 查询 Asset Bundle start:242.48MB, end 242.22MB, increase: -258.22KB
2026-8-30 15:02:26-debug: // ---- build task 查询 Asset Bundle ----
2026-8-30 15:02:26-debug: // ---- build task 查询 Asset Bundle ---- (29ms)
2026-8-30 15:02:26-debug: [Build Memory track]: 查询 Asset Bundle start:242.27MB, end 242.38MB, increase: 104.49KB
2026-8-30 15:02:26-log: run build task 查询 Asset Bundle success in 29 ms√, progress: 10%
2026-8-30 15:02:26-debug: 整理部分构建选项内数据到 settings.json start, progress: 10%
2026-8-30 15:02:26-debug: // ---- build task 整理部分构建选项内数据到 settings.json ----
2026-8-30 15:02:26-debug: // ---- build task 整理部分构建选项内数据到 settings.json ---- (5ms)
2026-8-30 15:02:26-log: run build task 整理部分构建选项内数据到 settings.json success in 5 ms√, progress: 12%
2026-8-30 15:02:26-debug: // ---- build task 填充脚本数据到 settings.json ----
2026-8-30 15:02:26-debug: 填充脚本数据到 settings.json start, progress: 12%
2026-8-30 15:02:26-debug: [Build Memory track]: 整理部分构建选项内数据到 settings.json start:242.41MB, end 242.43MB, increase: 28.13KB
2026-8-30 15:02:26-log: run build task 填充脚本数据到 settings.json success in 4 ms√, progress: 13%
2026-8-30 15:02:26-debug: [Build Memory track]: 填充脚本数据到 settings.json start:242.47MB, end 242.49MB, increase: 27.51KB
2026-8-30 15:02:26-debug: // ---- build task 填充脚本数据到 settings.json ---- (4ms)
2026-8-30 15:02:26-debug: 整理部分构建选项内数据到 settings.json start, progress: 13%
2026-8-30 15:02:26-debug: // ---- build task 整理部分构建选项内数据到 settings.json ----
2026-8-30 15:02:26-debug: // ---- build task 整理部分构建选项内数据到 settings.json ---- (18ms)
2026-8-30 15:02:26-log: run build task 整理部分构建选项内数据到 settings.json success in 18 ms√, progress: 15%
2026-8-30 15:02:26-debug: [Build Memory track]: 整理部分构建选项内数据到 settings.json start:242.52MB, end 242.66MB, increase: 136.40KB
2026-8-30 15:02:34-debug: Query all assets info in project
2026-8-30 15:02:34-debug: init custom config: keepNodeUuid: false, useCache: true
2026-8-30 15:02:34-debug: Skip compress image, progress: 0%
2026-8-30 15:02:34-debug: Init all bundles start..., progress: 0%
2026-8-30 15:02:34-debug: // ---- build task 查询 Asset Bundle ----
2026-8-30 15:02:34-debug: Num of bundles: 3..., progress: 0%
2026-8-30 15:02:34-debug: 查询 Asset Bundle start, progress: 0%
2026-8-30 15:02:34-debug: Init bundle root assets start..., progress: 0%
2026-8-30 15:02:34-debug: Query preload assets/scripts from cc.config.json: 60f7195c-ec2a-45eb-ba94-8955f60e81d0,1c02ae6f-4492-4915-b8f8-7492a3b1e4cd,810e96e4-e456-4468-9b59-f4e8f39732c0,efe8e2a3-eace-427b-b4f1-cb8a937ec77d,e9aa9a3e-5b2b-4ac7-a2c7-073de2b2b24f,8bbdbcdd-5cd4-4100-b6d5-b7c9625b6107,50f4348b-c883-4e2f-8f11-ce233b859fa1,fda095cb-831d-4601-ad94-846013963de8,f92806d7-1768-443f-afe8-12bcde84d0f0,dd3a144d-ab7f-41f0-82b8-2e43a090d496,f0416e68-0200-4b77-a926-4f9d16e494da,511d2633-09a7-4bdd-ac42-f778032124b3,5d45aa00-e064-4938-b314-4265f0c2258c,9361fd90-ba52-4f84-aa93-6e878fd576ca,970b0598-bcb0-4714-91fb-2e81440dccd8,bcd64cc6-2dd9-43f6-abbe-66318d332032,d930590d-bb92-4cc8-8bd1-23cd027f9edf,a3cd009f-0ab0-420d-9278-b9fdab939bbc,6a2d0734-bd9e-4ddf-946e-caa52498cb75,c27215d8-6835-4b68-bfbb-bdeac6100c04,b5d6115f-0370-4d7c-aad3-c194cc71cf98,d1346436-ac96-4271-b863-1f4fdead95b0,971bdb23-3ff6-43eb-b422-1c30165a3663,17debcc3-0a6b-4b8a-b00b-dc58b885581e,711ebe11-f673-4cd9-9a83-63c60ba54c5b,c0143906-9aed-447e-9436-2ae8512d1b6e,14da1725-c4c2-42b4-ab08-ee0aeb6898b3,081cab31-dccd-428e-8652-f2404cc81c47,78e0584a-4343-4727-8f37-e14e65c2a2db,ba21476f-2866-4f81-9c4d-6e359316e448,871c3b6c-7379-419d-bda3-794b239ab90d,1d08ef62-a503-4ce2-8b9a-46c90873f7d3,ff9b0199-ce04-4cfe-86cc-6c719f08d6e4,de1c2107-70c8-4021-8459-6399f24d01c6,cbf30902-517f-40dc-af90-a550bac27cf1,5c601d96-e4c7-4698-991b-7ee674b11079
2026-8-30 15:02:34-debug:   Number of all scenes: 1
2026-8-30 15:02:34-debug:   Number of all scripts: 7
2026-8-30 15:02:34-debug:   Number of other assets: 318
2026-8-30 15:02:34-debug: Init bundle root assets success..., progress: 0%
2026-8-30 15:02:34-debug: // ---- build task 查询 Asset Bundle ---- (7ms)
2026-8-30 15:02:34-log: run build task 查询 Asset Bundle success in 7 ms√, progress: 5%
2026-8-30 15:02:34-debug: 查询 Asset Bundle start, progress: 5%
2026-8-30 15:02:34-debug: [Build Memory track]: 查询 Asset Bundle start:242.68MB, end 242.40MB, increase: -278.82KB
2026-8-30 15:02:34-debug: // ---- build task 查询 Asset Bundle ----
2026-8-30 15:02:34-debug: // ---- build task 查询 Asset Bundle ---- (3ms)
2026-8-30 15:02:34-log: run build task 查询 Asset Bundle success in 3 ms√, progress: 10%
2026-8-30 15:02:34-debug: 整理部分构建选项内数据到 settings.json start, progress: 10%
2026-8-30 15:02:34-debug: [Build Memory track]: 查询 Asset Bundle start:242.43MB, end 242.54MB, increase: 103.99KB
2026-8-30 15:02:34-debug: // ---- build task 整理部分构建选项内数据到 settings.json ----
2026-8-30 15:02:34-log: run build task 整理部分构建选项内数据到 settings.json success in √, progress: 12%
2026-8-30 15:02:34-debug: [Build Memory track]: 整理部分构建选项内数据到 settings.json start:242.57MB, end 242.59MB, increase: 17.98KB
2026-8-30 15:02:34-debug: 填充脚本数据到 settings.json start, progress: 12%
2026-8-30 15:02:34-debug: // ---- build task 填充脚本数据到 settings.json ----
2026-8-30 15:02:34-debug: [Build Memory track]: 填充脚本数据到 settings.json start:242.62MB, end 242.63MB, increase: 16.54KB
2026-8-30 15:02:34-debug: 整理部分构建选项内数据到 settings.json start, progress: 13%
2026-8-30 15:02:34-log: run build task 填充脚本数据到 settings.json success in √, progress: 13%
2026-8-30 15:02:34-debug: // ---- build task 整理部分构建选项内数据到 settings.json ----
2026-8-30 15:02:34-debug: // ---- build task 整理部分构建选项内数据到 settings.json ---- (4ms)
2026-8-30 15:02:34-log: run build task 整理部分构建选项内数据到 settings.json success in 4 ms√, progress: 15%
2026-8-30 15:02:34-debug: [Build Memory track]: 整理部分构建选项内数据到 settings.json start:242.66MB, end 242.07MB, increase: -608.67KB
2026-8-30 15:02:38-debug: refresh db internal success
2026-8-30 15:02:38-debug: refresh db assets success
2026-8-30 15:02:38-debug: Run asset db hook engine-extends:afterRefresh ...
2026-8-30 15:02:38-debug: Run asset db hook engine-extends:afterRefresh success!
2026-8-30 15:02:38-debug: asset-db:refresh-all-database (101ms)
2026-8-30 15:02:38-debug: asset-db:worker-effect-data-processing (1ms)
2026-8-30 15:02:38-debug: asset-db-hook-engine-extends-afterRefresh (1ms)
2026-8-30 15:03:00-debug: refresh db internal success
2026-8-30 15:03:00-debug: refresh db assets success
2026-8-30 15:03:00-debug: Run asset db hook engine-extends:afterRefresh ...
2026-8-30 15:03:00-debug: Run asset db hook engine-extends:afterRefresh success!
2026-8-30 15:03:00-debug: asset-db:refresh-all-database (119ms)
2026-8-30 15:03:00-debug: asset-db:worker-effect-data-processing (1ms)
2026-8-30 15:03:00-debug: asset-db-hook-engine-extends-afterRefresh (2ms)
2026-8-30 15:03:12-debug: refresh db internal success
2026-8-30 15:03:12-debug: refresh db assets success
2026-8-30 15:03:12-debug: Run asset db hook engine-extends:afterRefresh ...
2026-8-30 15:03:12-debug: Run asset db hook engine-extends:afterRefresh success!
2026-8-30 15:03:12-debug: asset-db:refresh-all-database (103ms)
2026-8-30 15:03:12-debug: asset-db-hook-engine-extends-afterRefresh (1ms)
2026-8-30 15:03:14-debug: Query all assets info in project
2026-8-30 15:03:14-debug: init custom config: keepNodeUuid: false, useCache: true
2026-8-30 15:03:14-debug: Skip compress image, progress: 0%
2026-8-30 15:03:14-debug: Init all bundles start..., progress: 0%
2026-8-30 15:03:14-debug: Num of bundles: 3..., progress: 0%
2026-8-30 15:03:14-debug: 查询 Asset Bundle start, progress: 0%
2026-8-30 15:03:14-debug: // ---- build task 查询 Asset Bundle ----
2026-8-30 15:03:14-debug: Init bundle root assets start..., progress: 0%
2026-8-30 15:03:14-debug:   Number of all scenes: 1
2026-8-30 15:03:14-debug: Query preload assets/scripts from cc.config.json: 60f7195c-ec2a-45eb-ba94-8955f60e81d0,1c02ae6f-4492-4915-b8f8-7492a3b1e4cd,810e96e4-e456-4468-9b59-f4e8f39732c0,efe8e2a3-eace-427b-b4f1-cb8a937ec77d,e9aa9a3e-5b2b-4ac7-a2c7-073de2b2b24f,8bbdbcdd-5cd4-4100-b6d5-b7c9625b6107,50f4348b-c883-4e2f-8f11-ce233b859fa1,fda095cb-831d-4601-ad94-846013963de8,f92806d7-1768-443f-afe8-12bcde84d0f0,dd3a144d-ab7f-41f0-82b8-2e43a090d496,f0416e68-0200-4b77-a926-4f9d16e494da,511d2633-09a7-4bdd-ac42-f778032124b3,5d45aa00-e064-4938-b314-4265f0c2258c,9361fd90-ba52-4f84-aa93-6e878fd576ca,970b0598-bcb0-4714-91fb-2e81440dccd8,bcd64cc6-2dd9-43f6-abbe-66318d332032,d930590d-bb92-4cc8-8bd1-23cd027f9edf,a3cd009f-0ab0-420d-9278-b9fdab939bbc,6a2d0734-bd9e-4ddf-946e-caa52498cb75,c27215d8-6835-4b68-bfbb-bdeac6100c04,b5d6115f-0370-4d7c-aad3-c194cc71cf98,d1346436-ac96-4271-b863-1f4fdead95b0,971bdb23-3ff6-43eb-b422-1c30165a3663,17debcc3-0a6b-4b8a-b00b-dc58b885581e,711ebe11-f673-4cd9-9a83-63c60ba54c5b,c0143906-9aed-447e-9436-2ae8512d1b6e,14da1725-c4c2-42b4-ab08-ee0aeb6898b3,081cab31-dccd-428e-8652-f2404cc81c47,78e0584a-4343-4727-8f37-e14e65c2a2db,ba21476f-2866-4f81-9c4d-6e359316e448,871c3b6c-7379-419d-bda3-794b239ab90d,1d08ef62-a503-4ce2-8b9a-46c90873f7d3,ff9b0199-ce04-4cfe-86cc-6c719f08d6e4,de1c2107-70c8-4021-8459-6399f24d01c6,cbf30902-517f-40dc-af90-a550bac27cf1,5c601d96-e4c7-4698-991b-7ee674b11079
2026-8-30 15:03:14-debug:   Number of all scripts: 7
2026-8-30 15:03:14-debug:   Number of other assets: 318
2026-8-30 15:03:14-debug: Init bundle root assets success..., progress: 0%
2026-8-30 15:03:14-log: run build task 查询 Asset Bundle success in 15 ms√, progress: 5%
2026-8-30 15:03:14-debug: [Build Memory track]: 查询 Asset Bundle start:223.97MB, end 223.79MB, increase: -190.52KB
2026-8-30 15:03:14-debug: // ---- build task 查询 Asset Bundle ---- (15ms)
2026-8-30 15:03:14-debug: 查询 Asset Bundle start, progress: 5%
2026-8-30 15:03:14-debug: // ---- build task 查询 Asset Bundle ----
2026-8-30 15:03:14-debug: // ---- build task 查询 Asset Bundle ---- (6ms)
2026-8-30 15:03:14-log: run build task 查询 Asset Bundle success in 6 ms√, progress: 10%
2026-8-30 15:03:14-debug: [Build Memory track]: 查询 Asset Bundle start:223.82MB, end 223.92MB, increase: 106.15KB
2026-8-30 15:03:14-debug: 整理部分构建选项内数据到 settings.json start, progress: 10%
2026-8-30 15:03:14-debug: // ---- build task 整理部分构建选项内数据到 settings.json ----
2026-8-30 15:03:14-debug: // ---- build task 整理部分构建选项内数据到 settings.json ---- (3ms)
2026-8-30 15:03:14-debug: [Build Memory track]: 整理部分构建选项内数据到 settings.json start:223.96MB, end 223.98MB, increase: 27.92KB
2026-8-30 15:03:14-debug: 填充脚本数据到 settings.json start, progress: 12%
2026-8-30 15:03:14-log: run build task 整理部分构建选项内数据到 settings.json success in 3 ms√, progress: 12%
2026-8-30 15:03:14-debug: // ---- build task 填充脚本数据到 settings.json ----
2026-8-30 15:03:14-log: run build task 填充脚本数据到 settings.json success in 1 ms√, progress: 13%
2026-8-30 15:03:14-debug: [Build Memory track]: 填充脚本数据到 settings.json start:224.02MB, end 224.04MB, increase: 27.48KB
2026-8-30 15:03:14-debug: 整理部分构建选项内数据到 settings.json start, progress: 13%
2026-8-30 15:03:14-debug: // ---- build task 填充脚本数据到 settings.json ---- (1ms)
2026-8-30 15:03:14-debug: // ---- build task 整理部分构建选项内数据到 settings.json ----
2026-8-30 15:03:14-debug: // ---- build task 整理部分构建选项内数据到 settings.json ---- (8ms)
2026-8-30 15:03:14-debug: [Build Memory track]: 整理部分构建选项内数据到 settings.json start:224.07MB, end 224.20MB, increase: 131.66KB
2026-8-30 15:03:14-log: run build task 整理部分构建选项内数据到 settings.json success in 8 ms√, progress: 15%
2026-8-30 15:03:19-debug: Query all assets info in project
2026-8-30 15:03:19-debug: init custom config: keepNodeUuid: false, useCache: true
2026-8-30 15:03:19-debug: Skip compress image, progress: 0%
2026-8-30 15:03:19-debug: Init all bundles start..., progress: 0%
2026-8-30 15:03:19-debug: // ---- build task 查询 Asset Bundle ----
2026-8-30 15:03:19-debug: 查询 Asset Bundle start, progress: 0%
2026-8-30 15:03:19-debug: Init bundle root assets start..., progress: 0%
2026-8-30 15:03:19-debug: Num of bundles: 3..., progress: 0%
2026-8-30 15:03:19-debug: Query preload assets/scripts from cc.config.json: 60f7195c-ec2a-45eb-ba94-8955f60e81d0,1c02ae6f-4492-4915-b8f8-7492a3b1e4cd,810e96e4-e456-4468-9b59-f4e8f39732c0,efe8e2a3-eace-427b-b4f1-cb8a937ec77d,e9aa9a3e-5b2b-4ac7-a2c7-073de2b2b24f,8bbdbcdd-5cd4-4100-b6d5-b7c9625b6107,50f4348b-c883-4e2f-8f11-ce233b859fa1,fda095cb-831d-4601-ad94-846013963de8,f92806d7-1768-443f-afe8-12bcde84d0f0,dd3a144d-ab7f-41f0-82b8-2e43a090d496,f0416e68-0200-4b77-a926-4f9d16e494da,511d2633-09a7-4bdd-ac42-f778032124b3,5d45aa00-e064-4938-b314-4265f0c2258c,9361fd90-ba52-4f84-aa93-6e878fd576ca,970b0598-bcb0-4714-91fb-2e81440dccd8,bcd64cc6-2dd9-43f6-abbe-66318d332032,d930590d-bb92-4cc8-8bd1-23cd027f9edf,a3cd009f-0ab0-420d-9278-b9fdab939bbc,6a2d0734-bd9e-4ddf-946e-caa52498cb75,c27215d8-6835-4b68-bfbb-bdeac6100c04,b5d6115f-0370-4d7c-aad3-c194cc71cf98,d1346436-ac96-4271-b863-1f4fdead95b0,971bdb23-3ff6-43eb-b422-1c30165a3663,17debcc3-0a6b-4b8a-b00b-dc58b885581e,711ebe11-f673-4cd9-9a83-63c60ba54c5b,c0143906-9aed-447e-9436-2ae8512d1b6e,14da1725-c4c2-42b4-ab08-ee0aeb6898b3,081cab31-dccd-428e-8652-f2404cc81c47,78e0584a-4343-4727-8f37-e14e65c2a2db,ba21476f-2866-4f81-9c4d-6e359316e448,871c3b6c-7379-419d-bda3-794b239ab90d,1d08ef62-a503-4ce2-8b9a-46c90873f7d3,ff9b0199-ce04-4cfe-86cc-6c719f08d6e4,de1c2107-70c8-4021-8459-6399f24d01c6,cbf30902-517f-40dc-af90-a550bac27cf1,5c601d96-e4c7-4698-991b-7ee674b11079
2026-8-30 15:03:19-debug:   Number of all scripts: 7
2026-8-30 15:03:19-debug:   Number of all scenes: 1
2026-8-30 15:03:19-debug:   Number of other assets: 318
2026-8-30 15:03:19-debug: Init bundle root assets success..., progress: 0%
2026-8-30 15:03:19-debug: // ---- build task 查询 Asset Bundle ---- (7ms)
2026-8-30 15:03:19-log: run build task 查询 Asset Bundle success in 7 ms√, progress: 5%
2026-8-30 15:03:19-debug: [Build Memory track]: 查询 Asset Bundle start:225.04MB, end 224.11MB, increase: -956.25KB
2026-8-30 15:03:19-debug: 查询 Asset Bundle start, progress: 5%
2026-8-30 15:03:19-debug: // ---- build task 查询 Asset Bundle ----
2026-8-30 15:03:19-debug: // ---- build task 查询 Asset Bundle ---- (3ms)
2026-8-30 15:03:19-debug: [Build Memory track]: 查询 Asset Bundle start:224.14MB, end 224.24MB, increase: 103.91KB
2026-8-30 15:03:19-log: run build task 查询 Asset Bundle success in 3 ms√, progress: 10%
2026-8-30 15:03:19-debug: 整理部分构建选项内数据到 settings.json start, progress: 10%
2026-8-30 15:03:19-debug: // ---- build task 整理部分构建选项内数据到 settings.json ----
2026-8-30 15:03:19-debug: // ---- build task 整理部分构建选项内数据到 settings.json ---- (1ms)
2026-8-30 15:03:19-log: run build task 整理部分构建选项内数据到 settings.json success in 1 ms√, progress: 12%
2026-8-30 15:03:19-debug: [Build Memory track]: 整理部分构建选项内数据到 settings.json start:224.27MB, end 224.30MB, increase: 27.95KB
2026-8-30 15:03:19-debug: 填充脚本数据到 settings.json start, progress: 12%
2026-8-30 15:03:19-debug: // ---- build task 填充脚本数据到 settings.json ----
2026-8-30 15:03:19-log: run build task 填充脚本数据到 settings.json success in √, progress: 13%
2026-8-30 15:03:19-debug: [Build Memory track]: 填充脚本数据到 settings.json start:224.33MB, end 224.35MB, increase: 17.25KB
2026-8-30 15:03:19-debug: 整理部分构建选项内数据到 settings.json start, progress: 13%
2026-8-30 15:03:19-debug: // ---- build task 整理部分构建选项内数据到 settings.json ----
2026-8-30 15:03:19-debug: // ---- build task 整理部分构建选项内数据到 settings.json ---- (4ms)
2026-8-30 15:03:19-log: run build task 整理部分构建选项内数据到 settings.json success in 4 ms√, progress: 15%
2026-8-30 15:03:19-debug: [Build Memory track]: 整理部分构建选项内数据到 settings.json start:224.38MB, end 223.60MB, increase: -800.19KB
2026-8-30 15:03:22-debug: Query all assets info in project
2026-8-30 15:03:22-debug: init custom config: keepNodeUuid: false, useCache: true
2026-8-30 15:03:22-debug: Skip compress image, progress: 0%
2026-8-30 15:03:22-debug: Init all bundles start..., progress: 0%
2026-8-30 15:03:22-debug: // ---- build task 查询 Asset Bundle ----
2026-8-30 15:03:22-debug: Init bundle root assets start..., progress: 0%
2026-8-30 15:03:22-debug: 查询 Asset Bundle start, progress: 0%
2026-8-30 15:03:22-debug: Num of bundles: 3..., progress: 0%
2026-8-30 15:03:22-debug: Query preload assets/scripts from cc.config.json: 60f7195c-ec2a-45eb-ba94-8955f60e81d0,1c02ae6f-4492-4915-b8f8-7492a3b1e4cd,810e96e4-e456-4468-9b59-f4e8f39732c0,efe8e2a3-eace-427b-b4f1-cb8a937ec77d,e9aa9a3e-5b2b-4ac7-a2c7-073de2b2b24f,8bbdbcdd-5cd4-4100-b6d5-b7c9625b6107,50f4348b-c883-4e2f-8f11-ce233b859fa1,fda095cb-831d-4601-ad94-846013963de8,f92806d7-1768-443f-afe8-12bcde84d0f0,dd3a144d-ab7f-41f0-82b8-2e43a090d496,f0416e68-0200-4b77-a926-4f9d16e494da,511d2633-09a7-4bdd-ac42-f778032124b3,5d45aa00-e064-4938-b314-4265f0c2258c,9361fd90-ba52-4f84-aa93-6e878fd576ca,970b0598-bcb0-4714-91fb-2e81440dccd8,bcd64cc6-2dd9-43f6-abbe-66318d332032,d930590d-bb92-4cc8-8bd1-23cd027f9edf,a3cd009f-0ab0-420d-9278-b9fdab939bbc,6a2d0734-bd9e-4ddf-946e-caa52498cb75,c27215d8-6835-4b68-bfbb-bdeac6100c04,b5d6115f-0370-4d7c-aad3-c194cc71cf98,d1346436-ac96-4271-b863-1f4fdead95b0,971bdb23-3ff6-43eb-b422-1c30165a3663,17debcc3-0a6b-4b8a-b00b-dc58b885581e,711ebe11-f673-4cd9-9a83-63c60ba54c5b,c0143906-9aed-447e-9436-2ae8512d1b6e,14da1725-c4c2-42b4-ab08-ee0aeb6898b3,081cab31-dccd-428e-8652-f2404cc81c47,78e0584a-4343-4727-8f37-e14e65c2a2db,ba21476f-2866-4f81-9c4d-6e359316e448,871c3b6c-7379-419d-bda3-794b239ab90d,1d08ef62-a503-4ce2-8b9a-46c90873f7d3,ff9b0199-ce04-4cfe-86cc-6c719f08d6e4,de1c2107-70c8-4021-8459-6399f24d01c6,cbf30902-517f-40dc-af90-a550bac27cf1,5c601d96-e4c7-4698-991b-7ee674b11079
2026-8-30 15:03:22-debug:   Number of other assets: 318
2026-8-30 15:03:22-debug: Init bundle root assets success..., progress: 0%
2026-8-30 15:03:22-debug:   Number of all scripts: 7
2026-8-30 15:03:22-debug:   Number of all scenes: 1
2026-8-30 15:03:22-log: run build task 查询 Asset Bundle success in 8 ms√, progress: 5%
2026-8-30 15:03:22-debug: [Build Memory track]: 查询 Asset Bundle start:224.37MB, end 224.22MB, increase: -150.66KB
2026-8-30 15:03:22-debug: // ---- build task 查询 Asset Bundle ---- (8ms)
2026-8-30 15:03:22-debug: 查询 Asset Bundle start, progress: 5%
2026-8-30 15:03:22-debug: // ---- build task 查询 Asset Bundle ----
2026-8-30 15:03:22-debug: // ---- build task 查询 Asset Bundle ---- (2ms)
2026-8-30 15:03:22-log: run build task 查询 Asset Bundle success in 2 ms√, progress: 10%
2026-8-30 15:03:22-debug: [Build Memory track]: 查询 Asset Bundle start:224.25MB, end 223.64MB, increase: -632.10KB
2026-8-30 15:03:22-debug: 整理部分构建选项内数据到 settings.json start, progress: 10%
2026-8-30 15:03:22-debug: // ---- build task 整理部分构建选项内数据到 settings.json ----
2026-8-30 15:03:22-log: run build task 整理部分构建选项内数据到 settings.json success in √, progress: 12%
2026-8-30 15:03:22-debug: [Build Memory track]: 整理部分构建选项内数据到 settings.json start:223.67MB, end 223.69MB, increase: 17.72KB
2026-8-30 15:03:22-debug: 填充脚本数据到 settings.json start, progress: 12%
2026-8-30 15:03:22-debug: // ---- build task 填充脚本数据到 settings.json ----
2026-8-30 15:03:22-debug: // ---- build task 填充脚本数据到 settings.json ---- (2ms)
2026-8-30 15:03:22-log: run build task 填充脚本数据到 settings.json success in 2 ms√, progress: 13%
2026-8-30 15:03:22-debug: [Build Memory track]: 填充脚本数据到 settings.json start:223.72MB, end 223.74MB, increase: 26.65KB
2026-8-30 15:03:22-debug: 整理部分构建选项内数据到 settings.json start, progress: 13%
2026-8-30 15:03:22-debug: // ---- build task 整理部分构建选项内数据到 settings.json ----
2026-8-30 15:03:22-debug: // ---- build task 整理部分构建选项内数据到 settings.json ---- (3ms)
2026-8-30 15:03:22-log: run build task 整理部分构建选项内数据到 settings.json success in 3 ms√, progress: 15%
2026-8-30 15:03:22-debug: [Build Memory track]: 整理部分构建选项内数据到 settings.json start:223.77MB, end 223.90MB, increase: 127.93KB
2026-8-30 15:03:25-debug: refresh db internal success
2026-8-30 15:03:25-debug: refresh db assets success
2026-8-30 15:03:25-debug: Run asset db hook engine-extends:afterRefresh ...
2026-8-30 15:03:25-debug: Run asset db hook engine-extends:afterRefresh success!
2026-8-30 15:03:25-debug: asset-db:refresh-all-database (104ms)
2026-8-30 15:03:25-debug: asset-db:worker-effect-data-processing (2ms)
2026-8-30 15:03:25-debug: asset-db-hook-engine-extends-afterRefresh (2ms)
2026-8-30 15:03:28-debug: %cImport%c: D:\GameByself\Cocos\Project1\assets\Scenes\scene.scenebackground: #aaff85; color: #000;color: #000;
2026-8-30 15:03:28-debug: asset-db:reimport-assetcb02e093-8bba-4046-8e6e-d0462e7be5da (14ms)
2026-8-30 15:03:29-debug: Query all assets info in project
2026-8-30 15:03:29-debug: init custom config: keepNodeUuid: false, useCache: true
2026-8-30 15:03:29-debug: Skip compress image, progress: 0%
2026-8-30 15:03:29-debug: Init all bundles start..., progress: 0%
2026-8-30 15:03:29-debug: // ---- build task 查询 Asset Bundle ----
2026-8-30 15:03:29-debug: Num of bundles: 3..., progress: 0%
2026-8-30 15:03:29-debug: Init bundle root assets start..., progress: 0%
2026-8-30 15:03:29-debug: 查询 Asset Bundle start, progress: 0%
2026-8-30 15:03:29-debug:   Number of all scenes: 1
2026-8-30 15:03:29-debug:   Number of all scripts: 7
2026-8-30 15:03:29-debug: Init bundle root assets success..., progress: 0%
2026-8-30 15:03:29-debug:   Number of other assets: 318
2026-8-30 15:03:29-debug: Query preload assets/scripts from cc.config.json: 60f7195c-ec2a-45eb-ba94-8955f60e81d0,1c02ae6f-4492-4915-b8f8-7492a3b1e4cd,810e96e4-e456-4468-9b59-f4e8f39732c0,efe8e2a3-eace-427b-b4f1-cb8a937ec77d,e9aa9a3e-5b2b-4ac7-a2c7-073de2b2b24f,8bbdbcdd-5cd4-4100-b6d5-b7c9625b6107,50f4348b-c883-4e2f-8f11-ce233b859fa1,fda095cb-831d-4601-ad94-846013963de8,f92806d7-1768-443f-afe8-12bcde84d0f0,dd3a144d-ab7f-41f0-82b8-2e43a090d496,f0416e68-0200-4b77-a926-4f9d16e494da,511d2633-09a7-4bdd-ac42-f778032124b3,5d45aa00-e064-4938-b314-4265f0c2258c,9361fd90-ba52-4f84-aa93-6e878fd576ca,970b0598-bcb0-4714-91fb-2e81440dccd8,bcd64cc6-2dd9-43f6-abbe-66318d332032,d930590d-bb92-4cc8-8bd1-23cd027f9edf,a3cd009f-0ab0-420d-9278-b9fdab939bbc,6a2d0734-bd9e-4ddf-946e-caa52498cb75,c27215d8-6835-4b68-bfbb-bdeac6100c04,b5d6115f-0370-4d7c-aad3-c194cc71cf98,d1346436-ac96-4271-b863-1f4fdead95b0,971bdb23-3ff6-43eb-b422-1c30165a3663,17debcc3-0a6b-4b8a-b00b-dc58b885581e,711ebe11-f673-4cd9-9a83-63c60ba54c5b,c0143906-9aed-447e-9436-2ae8512d1b6e,14da1725-c4c2-42b4-ab08-ee0aeb6898b3,081cab31-dccd-428e-8652-f2404cc81c47,78e0584a-4343-4727-8f37-e14e65c2a2db,ba21476f-2866-4f81-9c4d-6e359316e448,871c3b6c-7379-419d-bda3-794b239ab90d,1d08ef62-a503-4ce2-8b9a-46c90873f7d3,ff9b0199-ce04-4cfe-86cc-6c719f08d6e4,de1c2107-70c8-4021-8459-6399f24d01c6,cbf30902-517f-40dc-af90-a550bac27cf1,5c601d96-e4c7-4698-991b-7ee674b11079
2026-8-30 15:03:29-debug: // ---- build task 查询 Asset Bundle ---- (10ms)
2026-8-30 15:03:29-log: run build task 查询 Asset Bundle success in 10 ms√, progress: 5%
2026-8-30 15:03:29-debug: [Build Memory track]: 查询 Asset Bundle start:225.17MB, end 225.84MB, increase: 688.50KB
2026-8-30 15:03:29-debug: 查询 Asset Bundle start, progress: 5%
2026-8-30 15:03:29-debug: // ---- build task 查询 Asset Bundle ----
2026-8-30 15:03:29-debug: // ---- build task 查询 Asset Bundle ---- (3ms)
2026-8-30 15:03:29-log: run build task 查询 Asset Bundle success in 3 ms√, progress: 10%
2026-8-30 15:03:29-debug: [Build Memory track]: 查询 Asset Bundle start:225.87MB, end 225.97MB, increase: 104.93KB
2026-8-30 15:03:29-debug: 整理部分构建选项内数据到 settings.json start, progress: 10%
2026-8-30 15:03:29-debug: // ---- build task 整理部分构建选项内数据到 settings.json ----
2026-8-30 15:03:29-log: run build task 整理部分构建选项内数据到 settings.json success in √, progress: 12%
2026-8-30 15:03:29-debug: [Build Memory track]: 整理部分构建选项内数据到 settings.json start:226.00MB, end 226.02MB, increase: 17.79KB
2026-8-30 15:03:29-debug: 填充脚本数据到 settings.json start, progress: 12%
2026-8-30 15:03:29-debug: // ---- build task 填充脚本数据到 settings.json ----
2026-8-30 15:03:29-debug: // ---- build task 填充脚本数据到 settings.json ---- (2ms)
2026-8-30 15:03:29-log: run build task 填充脚本数据到 settings.json success in 2 ms√, progress: 13%
2026-8-30 15:03:29-debug: 整理部分构建选项内数据到 settings.json start, progress: 13%
2026-8-30 15:03:29-debug: [Build Memory track]: 填充脚本数据到 settings.json start:226.05MB, end 226.08MB, increase: 26.58KB
2026-8-30 15:03:29-debug: // ---- build task 整理部分构建选项内数据到 settings.json ----
2026-8-30 15:03:29-debug: // ---- build task 整理部分构建选项内数据到 settings.json ---- (3ms)
2026-8-30 15:03:29-log: run build task 整理部分构建选项内数据到 settings.json success in 3 ms√, progress: 15%
2026-8-30 15:03:29-debug: [Build Memory track]: 整理部分构建选项内数据到 settings.json start:226.11MB, end 226.24MB, increase: 133.08KB
2026-8-30 15:03:44-debug: Query all assets info in project
2026-8-30 15:03:44-debug: Skip compress image, progress: 0%
2026-8-30 15:03:44-debug: init custom config: keepNodeUuid: false, useCache: true
2026-8-30 15:03:44-debug: Init all bundles start..., progress: 0%
2026-8-30 15:03:44-debug: // ---- build task 查询 Asset Bundle ----
2026-8-30 15:03:44-debug: Num of bundles: 3..., progress: 0%
2026-8-30 15:03:44-debug: 查询 Asset Bundle start, progress: 0%
2026-8-30 15:03:44-debug: Init bundle root assets start..., progress: 0%
2026-8-30 15:03:44-debug: Query preload assets/scripts from cc.config.json: 60f7195c-ec2a-45eb-ba94-8955f60e81d0,1c02ae6f-4492-4915-b8f8-7492a3b1e4cd,810e96e4-e456-4468-9b59-f4e8f39732c0,efe8e2a3-eace-427b-b4f1-cb8a937ec77d,e9aa9a3e-5b2b-4ac7-a2c7-073de2b2b24f,8bbdbcdd-5cd4-4100-b6d5-b7c9625b6107,50f4348b-c883-4e2f-8f11-ce233b859fa1,fda095cb-831d-4601-ad94-846013963de8,f92806d7-1768-443f-afe8-12bcde84d0f0,dd3a144d-ab7f-41f0-82b8-2e43a090d496,f0416e68-0200-4b77-a926-4f9d16e494da,511d2633-09a7-4bdd-ac42-f778032124b3,5d45aa00-e064-4938-b314-4265f0c2258c,9361fd90-ba52-4f84-aa93-6e878fd576ca,970b0598-bcb0-4714-91fb-2e81440dccd8,bcd64cc6-2dd9-43f6-abbe-66318d332032,d930590d-bb92-4cc8-8bd1-23cd027f9edf,a3cd009f-0ab0-420d-9278-b9fdab939bbc,6a2d0734-bd9e-4ddf-946e-caa52498cb75,c27215d8-6835-4b68-bfbb-bdeac6100c04,b5d6115f-0370-4d7c-aad3-c194cc71cf98,d1346436-ac96-4271-b863-1f4fdead95b0,971bdb23-3ff6-43eb-b422-1c30165a3663,17debcc3-0a6b-4b8a-b00b-dc58b885581e,711ebe11-f673-4cd9-9a83-63c60ba54c5b,c0143906-9aed-447e-9436-2ae8512d1b6e,14da1725-c4c2-42b4-ab08-ee0aeb6898b3,081cab31-dccd-428e-8652-f2404cc81c47,78e0584a-4343-4727-8f37-e14e65c2a2db,ba21476f-2866-4f81-9c4d-6e359316e448,871c3b6c-7379-419d-bda3-794b239ab90d,1d08ef62-a503-4ce2-8b9a-46c90873f7d3,ff9b0199-ce04-4cfe-86cc-6c719f08d6e4,de1c2107-70c8-4021-8459-6399f24d01c6,cbf30902-517f-40dc-af90-a550bac27cf1,5c601d96-e4c7-4698-991b-7ee674b11079
2026-8-30 15:03:44-debug:   Number of all scripts: 7
2026-8-30 15:03:44-debug:   Number of other assets: 318
2026-8-30 15:03:44-debug: Init bundle root assets success..., progress: 0%
2026-8-30 15:03:44-debug:   Number of all scenes: 1
2026-8-30 15:03:44-debug: // ---- build task 查询 Asset Bundle ---- (8ms)
2026-8-30 15:03:44-log: run build task 查询 Asset Bundle success in 8 ms√, progress: 5%
2026-8-30 15:03:44-debug: 查询 Asset Bundle start, progress: 5%
2026-8-30 15:03:44-debug: [Build Memory track]: 查询 Asset Bundle start:225.53MB, end 226.18MB, increase: 672.33KB
2026-8-30 15:03:44-debug: // ---- build task 查询 Asset Bundle ----
2026-8-30 15:03:44-debug: // ---- build task 查询 Asset Bundle ---- (3ms)
2026-8-30 15:03:44-log: run build task 查询 Asset Bundle success in 3 ms√, progress: 10%
2026-8-30 15:03:44-debug: [Build Memory track]: 查询 Asset Bundle start:226.21MB, end 226.31MB, increase: 103.90KB
2026-8-30 15:03:44-debug: 整理部分构建选项内数据到 settings.json start, progress: 10%
2026-8-30 15:03:44-debug: // ---- build task 整理部分构建选项内数据到 settings.json ----
2026-8-30 15:03:44-log: run build task 整理部分构建选项内数据到 settings.json success in √, progress: 12%
2026-8-30 15:03:44-debug: [Build Memory track]: 整理部分构建选项内数据到 settings.json start:226.35MB, end 226.36MB, increase: 17.74KB
2026-8-30 15:03:44-debug: // ---- build task 填充脚本数据到 settings.json ----
2026-8-30 15:03:44-debug: 填充脚本数据到 settings.json start, progress: 12%
2026-8-30 15:03:44-debug: // ---- build task 填充脚本数据到 settings.json ---- (2ms)
2026-8-30 15:03:44-log: run build task 填充脚本数据到 settings.json success in 2 ms√, progress: 13%
2026-8-30 15:03:44-debug: [Build Memory track]: 填充脚本数据到 settings.json start:226.39MB, end 224.92MB, increase: -1509.39KB
2026-8-30 15:03:44-debug: 整理部分构建选项内数据到 settings.json start, progress: 13%
2026-8-30 15:03:44-debug: // ---- build task 整理部分构建选项内数据到 settings.json ----
2026-8-30 15:03:44-debug: // ---- build task 整理部分构建选项内数据到 settings.json ---- (4ms)
2026-8-30 15:03:44-log: run build task 整理部分构建选项内数据到 settings.json success in 4 ms√, progress: 15%
2026-8-30 15:03:44-debug: [Build Memory track]: 整理部分构建选项内数据到 settings.json start:224.95MB, end 225.08MB, increase: 128.19KB
2026-8-30 15:03:52-debug: refresh db internal success
2026-8-30 15:03:52-debug: Run asset db hook engine-extends:afterRefresh success!
2026-8-30 15:03:52-debug: refresh db assets success
2026-8-30 15:03:52-debug: Run asset db hook engine-extends:afterRefresh ...
2026-8-30 15:03:52-debug: asset-db:refresh-all-database (100ms)
2026-8-30 15:03:52-debug: asset-db:worker-effect-data-processing (1ms)
2026-8-30 15:03:52-debug: asset-db-hook-engine-extends-afterRefresh (1ms)
2026-8-30 15:03:58-debug: %cImport%c: D:\GameByself\Cocos\Project1\assets\Scenes\scene.scenebackground: #aaff85; color: #000;color: #000;
2026-8-30 15:03:58-debug: asset-db:reimport-assetcb02e093-8bba-4046-8e6e-d0462e7be5da (12ms)
2026-8-30 15:04:03-debug: Query all assets info in project
2026-8-30 15:04:03-debug: init custom config: keepNodeUuid: false, useCache: true
2026-8-30 15:04:03-debug: Skip compress image, progress: 0%
2026-8-30 15:04:03-debug: Init all bundles start..., progress: 0%
2026-8-30 15:04:03-debug: Num of bundles: 3..., progress: 0%
2026-8-30 15:04:03-debug: 查询 Asset Bundle start, progress: 0%
2026-8-30 15:04:03-debug: Init bundle root assets start..., progress: 0%
2026-8-30 15:04:03-debug: // ---- build task 查询 Asset Bundle ----
2026-8-30 15:04:03-debug:   Number of all scenes: 1
2026-8-30 15:04:03-debug: Query preload assets/scripts from cc.config.json: 60f7195c-ec2a-45eb-ba94-8955f60e81d0,1c02ae6f-4492-4915-b8f8-7492a3b1e4cd,810e96e4-e456-4468-9b59-f4e8f39732c0,efe8e2a3-eace-427b-b4f1-cb8a937ec77d,e9aa9a3e-5b2b-4ac7-a2c7-073de2b2b24f,8bbdbcdd-5cd4-4100-b6d5-b7c9625b6107,50f4348b-c883-4e2f-8f11-ce233b859fa1,fda095cb-831d-4601-ad94-846013963de8,f92806d7-1768-443f-afe8-12bcde84d0f0,dd3a144d-ab7f-41f0-82b8-2e43a090d496,f0416e68-0200-4b77-a926-4f9d16e494da,511d2633-09a7-4bdd-ac42-f778032124b3,5d45aa00-e064-4938-b314-4265f0c2258c,9361fd90-ba52-4f84-aa93-6e878fd576ca,970b0598-bcb0-4714-91fb-2e81440dccd8,bcd64cc6-2dd9-43f6-abbe-66318d332032,d930590d-bb92-4cc8-8bd1-23cd027f9edf,a3cd009f-0ab0-420d-9278-b9fdab939bbc,6a2d0734-bd9e-4ddf-946e-caa52498cb75,c27215d8-6835-4b68-bfbb-bdeac6100c04,b5d6115f-0370-4d7c-aad3-c194cc71cf98,d1346436-ac96-4271-b863-1f4fdead95b0,971bdb23-3ff6-43eb-b422-1c30165a3663,17debcc3-0a6b-4b8a-b00b-dc58b885581e,711ebe11-f673-4cd9-9a83-63c60ba54c5b,c0143906-9aed-447e-9436-2ae8512d1b6e,14da1725-c4c2-42b4-ab08-ee0aeb6898b3,081cab31-dccd-428e-8652-f2404cc81c47,78e0584a-4343-4727-8f37-e14e65c2a2db,ba21476f-2866-4f81-9c4d-6e359316e448,871c3b6c-7379-419d-bda3-794b239ab90d,1d08ef62-a503-4ce2-8b9a-46c90873f7d3,ff9b0199-ce04-4cfe-86cc-6c719f08d6e4,de1c2107-70c8-4021-8459-6399f24d01c6,cbf30902-517f-40dc-af90-a550bac27cf1,5c601d96-e4c7-4698-991b-7ee674b11079
2026-8-30 15:04:03-debug: Init bundle root assets success..., progress: 0%
2026-8-30 15:04:03-debug:   Number of other assets: 318
2026-8-30 15:04:03-log: run build task 查询 Asset Bundle success in 7 ms√, progress: 5%
2026-8-30 15:04:03-debug: [Build Memory track]: 查询 Asset Bundle start:226.26MB, end 226.13MB, increase: -139.36KB
2026-8-30 15:04:03-debug:   Number of all scripts: 7
2026-8-30 15:04:03-debug: 查询 Asset Bundle start, progress: 5%
2026-8-30 15:04:03-debug: // ---- build task 查询 Asset Bundle ----
2026-8-30 15:04:03-debug: // ---- build task 查询 Asset Bundle ---- (7ms)
2026-8-30 15:04:03-log: run build task 查询 Asset Bundle success in 3 ms√, progress: 10%
2026-8-30 15:04:03-debug: 整理部分构建选项内数据到 settings.json start, progress: 10%
2026-8-30 15:04:03-debug: [Build Memory track]: 查询 Asset Bundle start:226.16MB, end 226.26MB, increase: 107.90KB
2026-8-30 15:04:03-debug: // ---- build task 查询 Asset Bundle ---- (3ms)
2026-8-30 15:04:03-debug: // ---- build task 整理部分构建选项内数据到 settings.json ----
2026-8-30 15:04:03-debug: // ---- build task 整理部分构建选项内数据到 settings.json ---- (1ms)
2026-8-30 15:04:03-log: run build task 整理部分构建选项内数据到 settings.json success in 1 ms√, progress: 12%
2026-8-30 15:04:03-debug: 填充脚本数据到 settings.json start, progress: 12%
2026-8-30 15:04:03-debug: [Build Memory track]: 整理部分构建选项内数据到 settings.json start:226.29MB, end 226.32MB, increase: 28.00KB
2026-8-30 15:04:03-debug: // ---- build task 填充脚本数据到 settings.json ----
2026-8-30 15:04:03-debug: // ---- build task 填充脚本数据到 settings.json ---- (2ms)
2026-8-30 15:04:03-log: run build task 填充脚本数据到 settings.json success in 2 ms√, progress: 13%
2026-8-30 15:04:03-debug: [Build Memory track]: 填充脚本数据到 settings.json start:226.35MB, end 226.38MB, increase: 27.34KB
2026-8-30 15:04:03-debug: 整理部分构建选项内数据到 settings.json start, progress: 13%
2026-8-30 15:04:03-debug: // ---- build task 整理部分构建选项内数据到 settings.json ----
2026-8-30 15:04:03-debug: // ---- build task 整理部分构建选项内数据到 settings.json ---- (5ms)
2026-8-30 15:04:03-log: run build task 整理部分构建选项内数据到 settings.json success in 5 ms√, progress: 15%
2026-8-30 15:04:03-debug: [Build Memory track]: 整理部分构建选项内数据到 settings.json start:226.41MB, end 226.54MB, increase: 136.78KB
2026-8-30 15:04:40-debug: refresh db internal success
2026-8-30 15:04:40-debug: refresh db assets success
2026-8-30 15:04:40-debug: Run asset db hook engine-extends:afterRefresh ...
2026-8-30 15:04:40-debug: Run asset db hook engine-extends:afterRefresh success!
2026-8-30 15:04:40-debug: asset-db:refresh-all-database (105ms)
2026-8-30 15:04:40-debug: asset-db:worker-effect-data-processing (1ms)
2026-8-30 15:04:40-debug: asset-db-hook-engine-extends-afterRefresh (1ms)
2026-8-30 15:04:45-debug: %cImport%c: D:\GameByself\Cocos\Project1\assets\Scenes\scene.scenebackground: #aaff85; color: #000;color: #000;
2026-8-30 15:04:45-debug: asset-db:reimport-assetcb02e093-8bba-4046-8e6e-d0462e7be5da (10ms)
2026-8-30 15:04:46-debug: Query all assets info in project
2026-8-30 15:04:46-debug: init custom config: keepNodeUuid: false, useCache: true
2026-8-30 15:04:46-debug: Skip compress image, progress: 0%
2026-8-30 15:04:46-debug: Num of bundles: 3..., progress: 0%
2026-8-30 15:04:46-debug: 查询 Asset Bundle start, progress: 0%
2026-8-30 15:04:46-debug: Init all bundles start..., progress: 0%
2026-8-30 15:04:46-debug: // ---- build task 查询 Asset Bundle ----
2026-8-30 15:04:46-debug: Init bundle root assets start..., progress: 0%
2026-8-30 15:04:46-debug: Query preload assets/scripts from cc.config.json: 60f7195c-ec2a-45eb-ba94-8955f60e81d0,1c02ae6f-4492-4915-b8f8-7492a3b1e4cd,810e96e4-e456-4468-9b59-f4e8f39732c0,efe8e2a3-eace-427b-b4f1-cb8a937ec77d,e9aa9a3e-5b2b-4ac7-a2c7-073de2b2b24f,8bbdbcdd-5cd4-4100-b6d5-b7c9625b6107,50f4348b-c883-4e2f-8f11-ce233b859fa1,fda095cb-831d-4601-ad94-846013963de8,f92806d7-1768-443f-afe8-12bcde84d0f0,dd3a144d-ab7f-41f0-82b8-2e43a090d496,f0416e68-0200-4b77-a926-4f9d16e494da,511d2633-09a7-4bdd-ac42-f778032124b3,5d45aa00-e064-4938-b314-4265f0c2258c,9361fd90-ba52-4f84-aa93-6e878fd576ca,970b0598-bcb0-4714-91fb-2e81440dccd8,bcd64cc6-2dd9-43f6-abbe-66318d332032,d930590d-bb92-4cc8-8bd1-23cd027f9edf,a3cd009f-0ab0-420d-9278-b9fdab939bbc,6a2d0734-bd9e-4ddf-946e-caa52498cb75,c27215d8-6835-4b68-bfbb-bdeac6100c04,b5d6115f-0370-4d7c-aad3-c194cc71cf98,d1346436-ac96-4271-b863-1f4fdead95b0,971bdb23-3ff6-43eb-b422-1c30165a3663,17debcc3-0a6b-4b8a-b00b-dc58b885581e,711ebe11-f673-4cd9-9a83-63c60ba54c5b,c0143906-9aed-447e-9436-2ae8512d1b6e,14da1725-c4c2-42b4-ab08-ee0aeb6898b3,081cab31-dccd-428e-8652-f2404cc81c47,78e0584a-4343-4727-8f37-e14e65c2a2db,ba21476f-2866-4f81-9c4d-6e359316e448,871c3b6c-7379-419d-bda3-794b239ab90d,1d08ef62-a503-4ce2-8b9a-46c90873f7d3,ff9b0199-ce04-4cfe-86cc-6c719f08d6e4,de1c2107-70c8-4021-8459-6399f24d01c6,cbf30902-517f-40dc-af90-a550bac27cf1,5c601d96-e4c7-4698-991b-7ee674b11079
2026-8-30 15:04:46-debug:   Number of all scripts: 7
2026-8-30 15:04:46-debug:   Number of other assets: 318
2026-8-30 15:04:46-debug: Init bundle root assets success..., progress: 0%
2026-8-30 15:04:46-debug:   Number of all scenes: 1
2026-8-30 15:04:46-debug: // ---- build task 查询 Asset Bundle ---- (11ms)
2026-8-30 15:04:46-log: run build task 查询 Asset Bundle success in 11 ms√, progress: 5%
2026-8-30 15:04:46-debug: // ---- build task 查询 Asset Bundle ----
2026-8-30 15:04:46-debug: [Build Memory track]: 查询 Asset Bundle start:227.91MB, end 227.63MB, increase: -293.08KB
2026-8-30 15:04:46-debug: 查询 Asset Bundle start, progress: 5%
2026-8-30 15:04:46-debug: // ---- build task 查询 Asset Bundle ---- (5ms)
2026-8-30 15:04:46-log: run build task 查询 Asset Bundle success in 5 ms√, progress: 10%
2026-8-30 15:04:46-debug: [Build Memory track]: 查询 Asset Bundle start:227.66MB, end 227.76MB, increase: 103.93KB
2026-8-30 15:04:46-debug: 整理部分构建选项内数据到 settings.json start, progress: 10%
2026-8-30 15:04:46-debug: // ---- build task 整理部分构建选项内数据到 settings.json ----
2026-8-30 15:04:46-debug: // ---- build task 整理部分构建选项内数据到 settings.json ---- (5ms)
2026-8-30 15:04:46-log: run build task 整理部分构建选项内数据到 settings.json success in 5 ms√, progress: 12%
2026-8-30 15:04:46-debug: [Build Memory track]: 整理部分构建选项内数据到 settings.json start:227.79MB, end 227.82MB, increase: 28.10KB
2026-8-30 15:04:46-debug: 填充脚本数据到 settings.json start, progress: 12%
2026-8-30 15:04:46-debug: // ---- build task 填充脚本数据到 settings.json ----
2026-8-30 15:04:46-debug: // ---- build task 填充脚本数据到 settings.json ---- (5ms)
2026-8-30 15:04:46-log: run build task 填充脚本数据到 settings.json success in 5 ms√, progress: 13%
2026-8-30 15:04:46-debug: [Build Memory track]: 填充脚本数据到 settings.json start:227.85MB, end 227.88MB, increase: 27.37KB
2026-8-30 15:04:46-debug: // ---- build task 整理部分构建选项内数据到 settings.json ----
2026-8-30 15:04:46-debug: 整理部分构建选项内数据到 settings.json start, progress: 13%
2026-8-30 15:04:46-debug: // ---- build task 整理部分构建选项内数据到 settings.json ---- (37ms)
2026-8-30 15:04:46-log: run build task 整理部分构建选项内数据到 settings.json success in 37 ms√, progress: 15%
2026-8-30 15:04:46-debug: [Build Memory track]: 整理部分构建选项内数据到 settings.json start:227.91MB, end 227.34MB, increase: -579.30KB
2026-8-30 15:04:54-debug: refresh db internal success
2026-8-30 15:04:54-debug: refresh db assets success
2026-8-30 15:04:54-debug: Run asset db hook engine-extends:afterRefresh ...
2026-8-30 15:04:54-debug: Run asset db hook engine-extends:afterRefresh success!
2026-8-30 15:04:54-debug: asset-db:refresh-all-database (106ms)
2026-8-30 15:04:54-debug: asset-db:worker-effect-data-processing (1ms)
2026-8-30 15:04:54-debug: asset-db-hook-engine-extends-afterRefresh (2ms)
2026-8-30 15:04:58-debug: %cImport%c: D:\GameByself\Cocos\Project1\assets\Scenes\scene.scenebackground: #aaff85; color: #000;color: #000;
2026-8-30 15:04:58-debug: asset-db:reimport-assetcb02e093-8bba-4046-8e6e-d0462e7be5da (12ms)
2026-8-30 15:04:59-debug: Query all assets info in project
2026-8-30 15:04:59-debug: init custom config: keepNodeUuid: false, useCache: true
2026-8-30 15:04:59-debug: Skip compress image, progress: 0%
2026-8-30 15:04:59-debug: Init all bundles start..., progress: 0%
2026-8-30 15:04:59-debug: // ---- build task 查询 Asset Bundle ----
2026-8-30 15:04:59-debug: 查询 Asset Bundle start, progress: 0%
2026-8-30 15:04:59-debug: Num of bundles: 3..., progress: 0%
2026-8-30 15:04:59-debug: Init bundle root assets start..., progress: 0%
2026-8-30 15:04:59-debug: Query preload assets/scripts from cc.config.json: 60f7195c-ec2a-45eb-ba94-8955f60e81d0,1c02ae6f-4492-4915-b8f8-7492a3b1e4cd,810e96e4-e456-4468-9b59-f4e8f39732c0,efe8e2a3-eace-427b-b4f1-cb8a937ec77d,e9aa9a3e-5b2b-4ac7-a2c7-073de2b2b24f,8bbdbcdd-5cd4-4100-b6d5-b7c9625b6107,50f4348b-c883-4e2f-8f11-ce233b859fa1,fda095cb-831d-4601-ad94-846013963de8,f92806d7-1768-443f-afe8-12bcde84d0f0,dd3a144d-ab7f-41f0-82b8-2e43a090d496,f0416e68-0200-4b77-a926-4f9d16e494da,511d2633-09a7-4bdd-ac42-f778032124b3,5d45aa00-e064-4938-b314-4265f0c2258c,9361fd90-ba52-4f84-aa93-6e878fd576ca,970b0598-bcb0-4714-91fb-2e81440dccd8,bcd64cc6-2dd9-43f6-abbe-66318d332032,d930590d-bb92-4cc8-8bd1-23cd027f9edf,a3cd009f-0ab0-420d-9278-b9fdab939bbc,6a2d0734-bd9e-4ddf-946e-caa52498cb75,c27215d8-6835-4b68-bfbb-bdeac6100c04,b5d6115f-0370-4d7c-aad3-c194cc71cf98,d1346436-ac96-4271-b863-1f4fdead95b0,971bdb23-3ff6-43eb-b422-1c30165a3663,17debcc3-0a6b-4b8a-b00b-dc58b885581e,711ebe11-f673-4cd9-9a83-63c60ba54c5b,c0143906-9aed-447e-9436-2ae8512d1b6e,14da1725-c4c2-42b4-ab08-ee0aeb6898b3,081cab31-dccd-428e-8652-f2404cc81c47,78e0584a-4343-4727-8f37-e14e65c2a2db,ba21476f-2866-4f81-9c4d-6e359316e448,871c3b6c-7379-419d-bda3-794b239ab90d,1d08ef62-a503-4ce2-8b9a-46c90873f7d3,ff9b0199-ce04-4cfe-86cc-6c719f08d6e4,de1c2107-70c8-4021-8459-6399f24d01c6,cbf30902-517f-40dc-af90-a550bac27cf1,5c601d96-e4c7-4698-991b-7ee674b11079
2026-8-30 15:04:59-debug:   Number of all scenes: 1
2026-8-30 15:04:59-debug:   Number of all scripts: 7
2026-8-30 15:04:59-debug:   Number of other assets: 318
2026-8-30 15:04:59-debug: Init bundle root assets success..., progress: 0%
2026-8-30 15:04:59-log: run build task 查询 Asset Bundle success in 10 ms√, progress: 5%
2026-8-30 15:04:59-debug: [Build Memory track]: 查询 Asset Bundle start:228.69MB, end 228.56MB, increase: -131.08KB
2026-8-30 15:04:59-debug: // ---- build task 查询 Asset Bundle ----
2026-8-30 15:04:59-debug: 查询 Asset Bundle start, progress: 5%
2026-8-30 15:04:59-debug: // ---- build task 查询 Asset Bundle ---- (10ms)
2026-8-30 15:04:59-debug: // ---- build task 查询 Asset Bundle ---- (5ms)
2026-8-30 15:04:59-debug: [Build Memory track]: 查询 Asset Bundle start:228.59MB, end 228.70MB, increase: 103.93KB
2026-8-30 15:04:59-log: run build task 查询 Asset Bundle success in 5 ms√, progress: 10%
2026-8-30 15:04:59-debug: 整理部分构建选项内数据到 settings.json start, progress: 10%
2026-8-30 15:04:59-debug: // ---- build task 整理部分构建选项内数据到 settings.json ----
2026-8-30 15:04:59-debug: // ---- build task 整理部分构建选项内数据到 settings.json ---- (2ms)
2026-8-30 15:04:59-log: run build task 整理部分构建选项内数据到 settings.json success in 2 ms√, progress: 12%
2026-8-30 15:04:59-debug: 填充脚本数据到 settings.json start, progress: 12%
2026-8-30 15:04:59-debug: [Build Memory track]: 整理部分构建选项内数据到 settings.json start:228.73MB, end 228.75MB, increase: 28.05KB
2026-8-30 15:04:59-debug: // ---- build task 填充脚本数据到 settings.json ----
2026-8-30 15:04:59-debug: // ---- build task 填充脚本数据到 settings.json ---- (2ms)
2026-8-30 15:04:59-log: run build task 填充脚本数据到 settings.json success in 2 ms√, progress: 13%
2026-8-30 15:04:59-debug: [Build Memory track]: 填充脚本数据到 settings.json start:228.79MB, end 228.81MB, increase: 27.37KB
2026-8-30 15:04:59-debug: 整理部分构建选项内数据到 settings.json start, progress: 13%
2026-8-30 15:04:59-debug: // ---- build task 整理部分构建选项内数据到 settings.json ----
2026-8-30 15:04:59-debug: // ---- build task 整理部分构建选项内数据到 settings.json ---- (12ms)
2026-8-30 15:04:59-log: run build task 整理部分构建选项内数据到 settings.json success in 12 ms√, progress: 15%
2026-8-30 15:04:59-debug: [Build Memory track]: 整理部分构建选项内数据到 settings.json start:228.84MB, end 228.97MB, increase: 127.55KB
2026-8-30 15:05:05-debug: Query all assets info in project
2026-8-30 15:05:05-debug: init custom config: keepNodeUuid: false, useCache: true
2026-8-30 15:05:05-debug: Skip compress image, progress: 0%
2026-8-30 15:05:05-debug: Init all bundles start..., progress: 0%
2026-8-30 15:05:05-debug: Num of bundles: 3..., progress: 0%
2026-8-30 15:05:05-debug: 查询 Asset Bundle start, progress: 0%
2026-8-30 15:05:05-debug: // ---- build task 查询 Asset Bundle ----
2026-8-30 15:05:05-debug: Init bundle root assets start..., progress: 0%
2026-8-30 15:05:05-debug: Query preload assets/scripts from cc.config.json: 60f7195c-ec2a-45eb-ba94-8955f60e81d0,1c02ae6f-4492-4915-b8f8-7492a3b1e4cd,810e96e4-e456-4468-9b59-f4e8f39732c0,efe8e2a3-eace-427b-b4f1-cb8a937ec77d,e9aa9a3e-5b2b-4ac7-a2c7-073de2b2b24f,8bbdbcdd-5cd4-4100-b6d5-b7c9625b6107,50f4348b-c883-4e2f-8f11-ce233b859fa1,fda095cb-831d-4601-ad94-846013963de8,f92806d7-1768-443f-afe8-12bcde84d0f0,dd3a144d-ab7f-41f0-82b8-2e43a090d496,f0416e68-0200-4b77-a926-4f9d16e494da,511d2633-09a7-4bdd-ac42-f778032124b3,5d45aa00-e064-4938-b314-4265f0c2258c,9361fd90-ba52-4f84-aa93-6e878fd576ca,970b0598-bcb0-4714-91fb-2e81440dccd8,bcd64cc6-2dd9-43f6-abbe-66318d332032,d930590d-bb92-4cc8-8bd1-23cd027f9edf,a3cd009f-0ab0-420d-9278-b9fdab939bbc,6a2d0734-bd9e-4ddf-946e-caa52498cb75,c27215d8-6835-4b68-bfbb-bdeac6100c04,b5d6115f-0370-4d7c-aad3-c194cc71cf98,d1346436-ac96-4271-b863-1f4fdead95b0,971bdb23-3ff6-43eb-b422-1c30165a3663,17debcc3-0a6b-4b8a-b00b-dc58b885581e,711ebe11-f673-4cd9-9a83-63c60ba54c5b,c0143906-9aed-447e-9436-2ae8512d1b6e,14da1725-c4c2-42b4-ab08-ee0aeb6898b3,081cab31-dccd-428e-8652-f2404cc81c47,78e0584a-4343-4727-8f37-e14e65c2a2db,ba21476f-2866-4f81-9c4d-6e359316e448,871c3b6c-7379-419d-bda3-794b239ab90d,1d08ef62-a503-4ce2-8b9a-46c90873f7d3,ff9b0199-ce04-4cfe-86cc-6c719f08d6e4,de1c2107-70c8-4021-8459-6399f24d01c6,cbf30902-517f-40dc-af90-a550bac27cf1,5c601d96-e4c7-4698-991b-7ee674b11079
2026-8-30 15:05:05-debug:   Number of all scenes: 1
2026-8-30 15:05:05-debug:   Number of all scripts: 7
2026-8-30 15:05:05-debug:   Number of other assets: 318
2026-8-30 15:05:05-debug: Init bundle root assets success..., progress: 0%
2026-8-30 15:05:05-debug: // ---- build task 查询 Asset Bundle ---- (7ms)
2026-8-30 15:05:05-log: run build task 查询 Asset Bundle success in 7 ms√, progress: 5%
2026-8-30 15:05:05-debug: 查询 Asset Bundle start, progress: 5%
2026-8-30 15:05:05-debug: [Build Memory track]: 查询 Asset Bundle start:229.03MB, end 228.77MB, increase: -261.91KB
2026-8-30 15:05:05-debug: // ---- build task 查询 Asset Bundle ----
2026-8-30 15:05:05-debug: // ---- build task 查询 Asset Bundle ---- (2ms)
2026-8-30 15:05:05-log: run build task 查询 Asset Bundle success in 2 ms√, progress: 10%
2026-8-30 15:05:05-debug: [Build Memory track]: 查询 Asset Bundle start:228.80MB, end 228.90MB, increase: 104.08KB
2026-8-30 15:05:05-debug: 整理部分构建选项内数据到 settings.json start, progress: 10%
2026-8-30 15:05:05-debug: // ---- build task 整理部分构建选项内数据到 settings.json ----
2026-8-30 15:05:05-debug: // ---- build task 整理部分构建选项内数据到 settings.json ---- (1ms)
2026-8-30 15:05:05-log: run build task 整理部分构建选项内数据到 settings.json success in 1 ms√, progress: 12%
2026-8-30 15:05:05-debug: [Build Memory track]: 整理部分构建选项内数据到 settings.json start:228.93MB, end 228.96MB, increase: 28.02KB
2026-8-30 15:05:05-debug: 填充脚本数据到 settings.json start, progress: 12%
2026-8-30 15:05:05-debug: // ---- build task 填充脚本数据到 settings.json ----
2026-8-30 15:05:05-debug: // ---- build task 填充脚本数据到 settings.json ---- (2ms)
2026-8-30 15:05:05-log: run build task 填充脚本数据到 settings.json success in 2 ms√, progress: 13%
2026-8-30 15:05:05-debug: [Build Memory track]: 填充脚本数据到 settings.json start:228.99MB, end 229.02MB, increase: 27.37KB
2026-8-30 15:05:05-debug: 整理部分构建选项内数据到 settings.json start, progress: 13%
2026-8-30 15:05:05-debug: // ---- build task 整理部分构建选项内数据到 settings.json ----
2026-8-30 15:05:05-debug: // ---- build task 整理部分构建选项内数据到 settings.json ---- (4ms)
2026-8-30 15:05:05-log: run build task 整理部分构建选项内数据到 settings.json success in 4 ms√, progress: 15%
2026-8-30 15:05:05-debug: [Build Memory track]: 整理部分构建选项内数据到 settings.json start:229.05MB, end 229.18MB, increase: 133.07KB
2026-8-30 15:05:07-debug: refresh db internal success
2026-8-30 15:05:07-debug: refresh db assets success
2026-8-30 15:05:07-debug: Run asset db hook engine-extends:afterRefresh ...
2026-8-30 15:05:07-debug: Run asset db hook engine-extends:afterRefresh success!
2026-8-30 15:05:07-debug: asset-db:refresh-all-database (103ms)
2026-8-30 15:05:07-debug: asset-db-hook-engine-extends-afterRefresh (1ms)
2026-8-30 15:05:14-debug: %cImport%c: D:\GameByself\Cocos\Project1\assets\Scenes\scene.scenebackground: #aaff85; color: #000;color: #000;
2026-8-30 15:05:14-debug: asset-db:reimport-assetcb02e093-8bba-4046-8e6e-d0462e7be5da (12ms)
2026-8-30 15:05:14-debug: Query all assets info in project
2026-8-30 15:05:14-debug: init custom config: keepNodeUuid: false, useCache: true
2026-8-30 15:05:14-debug: Skip compress image, progress: 0%
2026-8-30 15:05:14-debug: Init all bundles start..., progress: 0%
2026-8-30 15:05:14-debug: // ---- build task 查询 Asset Bundle ----
2026-8-30 15:05:14-debug: Num of bundles: 3..., progress: 0%
2026-8-30 15:05:14-debug: 查询 Asset Bundle start, progress: 0%
2026-8-30 15:05:14-debug: Init bundle root assets start..., progress: 0%
2026-8-30 15:05:14-debug: Query preload assets/scripts from cc.config.json: 60f7195c-ec2a-45eb-ba94-8955f60e81d0,1c02ae6f-4492-4915-b8f8-7492a3b1e4cd,810e96e4-e456-4468-9b59-f4e8f39732c0,efe8e2a3-eace-427b-b4f1-cb8a937ec77d,e9aa9a3e-5b2b-4ac7-a2c7-073de2b2b24f,8bbdbcdd-5cd4-4100-b6d5-b7c9625b6107,50f4348b-c883-4e2f-8f11-ce233b859fa1,fda095cb-831d-4601-ad94-846013963de8,f92806d7-1768-443f-afe8-12bcde84d0f0,dd3a144d-ab7f-41f0-82b8-2e43a090d496,f0416e68-0200-4b77-a926-4f9d16e494da,511d2633-09a7-4bdd-ac42-f778032124b3,5d45aa00-e064-4938-b314-4265f0c2258c,9361fd90-ba52-4f84-aa93-6e878fd576ca,970b0598-bcb0-4714-91fb-2e81440dccd8,bcd64cc6-2dd9-43f6-abbe-66318d332032,d930590d-bb92-4cc8-8bd1-23cd027f9edf,a3cd009f-0ab0-420d-9278-b9fdab939bbc,6a2d0734-bd9e-4ddf-946e-caa52498cb75,c27215d8-6835-4b68-bfbb-bdeac6100c04,b5d6115f-0370-4d7c-aad3-c194cc71cf98,d1346436-ac96-4271-b863-1f4fdead95b0,971bdb23-3ff6-43eb-b422-1c30165a3663,17debcc3-0a6b-4b8a-b00b-dc58b885581e,711ebe11-f673-4cd9-9a83-63c60ba54c5b,c0143906-9aed-447e-9436-2ae8512d1b6e,14da1725-c4c2-42b4-ab08-ee0aeb6898b3,081cab31-dccd-428e-8652-f2404cc81c47,78e0584a-4343-4727-8f37-e14e65c2a2db,ba21476f-2866-4f81-9c4d-6e359316e448,871c3b6c-7379-419d-bda3-794b239ab90d,1d08ef62-a503-4ce2-8b9a-46c90873f7d3,ff9b0199-ce04-4cfe-86cc-6c719f08d6e4,de1c2107-70c8-4021-8459-6399f24d01c6,cbf30902-517f-40dc-af90-a550bac27cf1,5c601d96-e4c7-4698-991b-7ee674b11079
2026-8-30 15:05:14-debug:   Number of all scenes: 1
2026-8-30 15:05:14-debug:   Number of all scripts: 7
2026-8-30 15:05:14-debug:   Number of other assets: 318
2026-8-30 15:05:14-debug: Init bundle root assets success..., progress: 0%
2026-8-30 15:05:14-debug: // ---- build task 查询 Asset Bundle ---- (7ms)
2026-8-30 15:05:14-log: run build task 查询 Asset Bundle success in 7 ms√, progress: 5%
2026-8-30 15:05:14-debug: [Build Memory track]: 查询 Asset Bundle start:230.94MB, end 229.81MB, increase: -1162.95KB
2026-8-30 15:05:14-debug: 查询 Asset Bundle start, progress: 5%
2026-8-30 15:05:14-debug: // ---- build task 查询 Asset Bundle ----
2026-8-30 15:05:14-debug: // ---- build task 查询 Asset Bundle ---- (3ms)
2026-8-30 15:05:14-log: run build task 查询 Asset Bundle success in 3 ms√, progress: 10%
2026-8-30 15:05:14-debug: [Build Memory track]: 查询 Asset Bundle start:229.84MB, end 229.94MB, increase: 104.90KB
2026-8-30 15:05:14-debug: 整理部分构建选项内数据到 settings.json start, progress: 10%
2026-8-30 15:05:14-debug: // ---- build task 整理部分构建选项内数据到 settings.json ----
2026-8-30 15:05:14-debug: // ---- build task 整理部分构建选项内数据到 settings.json ---- (2ms)
2026-8-30 15:05:14-log: run build task 整理部分构建选项内数据到 settings.json success in 2 ms√, progress: 12%
2026-8-30 15:05:14-debug: 填充脚本数据到 settings.json start, progress: 12%
2026-8-30 15:05:14-debug: [Build Memory track]: 整理部分构建选项内数据到 settings.json start:229.97MB, end 230.00MB, increase: 28.05KB
2026-8-30 15:05:14-debug: // ---- build task 填充脚本数据到 settings.json ----
2026-8-30 15:05:14-debug: // ---- build task 填充脚本数据到 settings.json ---- (1ms)
2026-8-30 15:05:14-log: run build task 填充脚本数据到 settings.json success in 1 ms√, progress: 13%
2026-8-30 15:05:14-debug: [Build Memory track]: 填充脚本数据到 settings.json start:230.03MB, end 230.06MB, increase: 27.31KB
2026-8-30 15:05:14-debug: 整理部分构建选项内数据到 settings.json start, progress: 13%
2026-8-30 15:05:14-debug: // ---- build task 整理部分构建选项内数据到 settings.json ----
2026-8-30 15:05:14-debug: // ---- build task 整理部分构建选项内数据到 settings.json ---- (6ms)
2026-8-30 15:05:14-log: run build task 整理部分构建选项内数据到 settings.json success in 6 ms√, progress: 15%
2026-8-30 15:05:14-debug: [Build Memory track]: 整理部分构建选项内数据到 settings.json start:230.09MB, end 230.22MB, increase: 131.45KB
2026-8-30 15:05:27-debug: %cImport%c: D:\GameByself\Cocos\Project1\assets\Scenes\scene.scenebackground: #aaff85; color: #000;color: #000;
2026-8-30 15:05:27-debug: asset-db:reimport-assetcb02e093-8bba-4046-8e6e-d0462e7be5da (12ms)
2026-8-30 15:05:28-debug: Query all assets info in project
2026-8-30 15:05:28-debug: init custom config: keepNodeUuid: false, useCache: true
2026-8-30 15:05:28-debug: Skip compress image, progress: 0%
2026-8-30 15:05:28-debug: Init all bundles start..., progress: 0%
2026-8-30 15:05:28-debug: Num of bundles: 3..., progress: 0%
2026-8-30 15:05:28-debug: 查询 Asset Bundle start, progress: 0%
2026-8-30 15:05:28-debug: // ---- build task 查询 Asset Bundle ----
2026-8-30 15:05:28-debug: Init bundle root assets start..., progress: 0%
2026-8-30 15:05:28-debug: Query preload assets/scripts from cc.config.json: 60f7195c-ec2a-45eb-ba94-8955f60e81d0,1c02ae6f-4492-4915-b8f8-7492a3b1e4cd,810e96e4-e456-4468-9b59-f4e8f39732c0,efe8e2a3-eace-427b-b4f1-cb8a937ec77d,e9aa9a3e-5b2b-4ac7-a2c7-073de2b2b24f,8bbdbcdd-5cd4-4100-b6d5-b7c9625b6107,50f4348b-c883-4e2f-8f11-ce233b859fa1,fda095cb-831d-4601-ad94-846013963de8,f92806d7-1768-443f-afe8-12bcde84d0f0,dd3a144d-ab7f-41f0-82b8-2e43a090d496,f0416e68-0200-4b77-a926-4f9d16e494da,511d2633-09a7-4bdd-ac42-f778032124b3,5d45aa00-e064-4938-b314-4265f0c2258c,9361fd90-ba52-4f84-aa93-6e878fd576ca,970b0598-bcb0-4714-91fb-2e81440dccd8,bcd64cc6-2dd9-43f6-abbe-66318d332032,d930590d-bb92-4cc8-8bd1-23cd027f9edf,a3cd009f-0ab0-420d-9278-b9fdab939bbc,6a2d0734-bd9e-4ddf-946e-caa52498cb75,c27215d8-6835-4b68-bfbb-bdeac6100c04,b5d6115f-0370-4d7c-aad3-c194cc71cf98,d1346436-ac96-4271-b863-1f4fdead95b0,971bdb23-3ff6-43eb-b422-1c30165a3663,17debcc3-0a6b-4b8a-b00b-dc58b885581e,711ebe11-f673-4cd9-9a83-63c60ba54c5b,c0143906-9aed-447e-9436-2ae8512d1b6e,14da1725-c4c2-42b4-ab08-ee0aeb6898b3,081cab31-dccd-428e-8652-f2404cc81c47,78e0584a-4343-4727-8f37-e14e65c2a2db,ba21476f-2866-4f81-9c4d-6e359316e448,871c3b6c-7379-419d-bda3-794b239ab90d,1d08ef62-a503-4ce2-8b9a-46c90873f7d3,ff9b0199-ce04-4cfe-86cc-6c719f08d6e4,de1c2107-70c8-4021-8459-6399f24d01c6,cbf30902-517f-40dc-af90-a550bac27cf1,5c601d96-e4c7-4698-991b-7ee674b11079
2026-8-30 15:05:28-debug:   Number of all scenes: 1
2026-8-30 15:05:28-debug:   Number of other assets: 318
2026-8-30 15:05:28-debug: Init bundle root assets success..., progress: 0%
2026-8-30 15:05:28-debug:   Number of all scripts: 7
2026-8-30 15:05:28-debug: // ---- build task 查询 Asset Bundle ---- (9ms)
2026-8-30 15:05:28-log: run build task 查询 Asset Bundle success in 9 ms√, progress: 5%
2026-8-30 15:05:28-debug: [Build Memory track]: 查询 Asset Bundle start:230.45MB, end 230.21MB, increase: -253.52KB
2026-8-30 15:05:28-debug: 查询 Asset Bundle start, progress: 5%
2026-8-30 15:05:28-debug: // ---- build task 查询 Asset Bundle ----
2026-8-30 15:05:28-debug: // ---- build task 查询 Asset Bundle ---- (4ms)
2026-8-30 15:05:28-debug: [Build Memory track]: 查询 Asset Bundle start:230.24MB, end 230.34MB, increase: 103.95KB
2026-8-30 15:05:28-log: run build task 查询 Asset Bundle success in 4 ms√, progress: 10%
2026-8-30 15:05:28-debug: 整理部分构建选项内数据到 settings.json start, progress: 10%
2026-8-30 15:05:28-debug: // ---- build task 整理部分构建选项内数据到 settings.json ----
2026-8-30 15:05:28-debug: // ---- build task 整理部分构建选项内数据到 settings.json ---- (1ms)
2026-8-30 15:05:28-log: run build task 整理部分构建选项内数据到 settings.json success in 1 ms√, progress: 12%
2026-8-30 15:05:28-debug: [Build Memory track]: 整理部分构建选项内数据到 settings.json start:230.37MB, end 230.40MB, increase: 27.98KB
2026-8-30 15:05:28-debug: 填充脚本数据到 settings.json start, progress: 12%
2026-8-30 15:05:28-debug: // ---- build task 填充脚本数据到 settings.json ----
2026-8-30 15:05:28-log: run build task 填充脚本数据到 settings.json success in √, progress: 13%
2026-8-30 15:05:28-debug: [Build Memory track]: 填充脚本数据到 settings.json start:230.43MB, end 230.45MB, increase: 17.22KB
2026-8-30 15:05:28-debug: 整理部分构建选项内数据到 settings.json start, progress: 13%
2026-8-30 15:05:28-debug: // ---- build task 整理部分构建选项内数据到 settings.json ----
2026-8-30 15:05:28-debug: // ---- build task 整理部分构建选项内数据到 settings.json ---- (6ms)
2026-8-30 15:05:28-log: run build task 整理部分构建选项内数据到 settings.json success in 6 ms√, progress: 15%
2026-8-30 15:05:28-debug: [Build Memory track]: 整理部分构建选项内数据到 settings.json start:230.48MB, end 229.92MB, increase: -574.13KB
2026-8-30 15:05:46-debug: refresh db internal success
2026-8-30 15:05:46-debug: refresh db assets success
2026-8-30 15:05:46-debug: Run asset db hook engine-extends:afterRefresh ...
2026-8-30 15:05:46-debug: Run asset db hook engine-extends:afterRefresh success!
2026-8-30 15:05:46-debug: asset-db:refresh-all-database (111ms)
2026-8-30 15:05:46-debug: asset-db:worker-effect-data-processing (2ms)
2026-8-30 15:05:46-debug: asset-db-hook-engine-extends-afterRefresh (2ms)
2026-8-30 15:06:51-debug: %cImport%c: D:\GameByself\Cocos\Project1\assets\Scenes\scene.scenebackground: #aaff85; color: #000;color: #000;
2026-8-30 15:06:51-debug: asset-db:reimport-assetcb02e093-8bba-4046-8e6e-d0462e7be5da (12ms)
2026-8-30 15:06:52-debug: Query all assets info in project
2026-8-30 15:06:52-debug: init custom config: keepNodeUuid: false, useCache: true
2026-8-30 15:06:52-debug: Skip compress image, progress: 0%
2026-8-30 15:06:52-debug: Init all bundles start..., progress: 0%
2026-8-30 15:06:52-debug: // ---- build task 查询 Asset Bundle ----
2026-8-30 15:06:52-debug: Init bundle root assets start..., progress: 0%
2026-8-30 15:06:52-debug: 查询 Asset Bundle start, progress: 0%
2026-8-30 15:06:52-debug: Num of bundles: 3..., progress: 0%
2026-8-30 15:06:52-debug: Query preload assets/scripts from cc.config.json: 60f7195c-ec2a-45eb-ba94-8955f60e81d0,1c02ae6f-4492-4915-b8f8-7492a3b1e4cd,810e96e4-e456-4468-9b59-f4e8f39732c0,efe8e2a3-eace-427b-b4f1-cb8a937ec77d,e9aa9a3e-5b2b-4ac7-a2c7-073de2b2b24f,8bbdbcdd-5cd4-4100-b6d5-b7c9625b6107,50f4348b-c883-4e2f-8f11-ce233b859fa1,fda095cb-831d-4601-ad94-846013963de8,f92806d7-1768-443f-afe8-12bcde84d0f0,dd3a144d-ab7f-41f0-82b8-2e43a090d496,f0416e68-0200-4b77-a926-4f9d16e494da,511d2633-09a7-4bdd-ac42-f778032124b3,5d45aa00-e064-4938-b314-4265f0c2258c,9361fd90-ba52-4f84-aa93-6e878fd576ca,970b0598-bcb0-4714-91fb-2e81440dccd8,bcd64cc6-2dd9-43f6-abbe-66318d332032,d930590d-bb92-4cc8-8bd1-23cd027f9edf,a3cd009f-0ab0-420d-9278-b9fdab939bbc,6a2d0734-bd9e-4ddf-946e-caa52498cb75,c27215d8-6835-4b68-bfbb-bdeac6100c04,b5d6115f-0370-4d7c-aad3-c194cc71cf98,d1346436-ac96-4271-b863-1f4fdead95b0,971bdb23-3ff6-43eb-b422-1c30165a3663,17debcc3-0a6b-4b8a-b00b-dc58b885581e,711ebe11-f673-4cd9-9a83-63c60ba54c5b,c0143906-9aed-447e-9436-2ae8512d1b6e,14da1725-c4c2-42b4-ab08-ee0aeb6898b3,081cab31-dccd-428e-8652-f2404cc81c47,78e0584a-4343-4727-8f37-e14e65c2a2db,ba21476f-2866-4f81-9c4d-6e359316e448,871c3b6c-7379-419d-bda3-794b239ab90d,1d08ef62-a503-4ce2-8b9a-46c90873f7d3,ff9b0199-ce04-4cfe-86cc-6c719f08d6e4,de1c2107-70c8-4021-8459-6399f24d01c6,cbf30902-517f-40dc-af90-a550bac27cf1,5c601d96-e4c7-4698-991b-7ee674b11079
2026-8-30 15:06:52-debug:   Number of all scripts: 7
2026-8-30 15:06:52-debug: Init bundle root assets success..., progress: 0%
2026-8-30 15:06:52-debug:   Number of all scenes: 1
2026-8-30 15:06:52-debug:   Number of other assets: 318
2026-8-30 15:06:52-debug: // ---- build task 查询 Asset Bundle ---- (10ms)
2026-8-30 15:06:52-log: run build task 查询 Asset Bundle success in 10 ms√, progress: 5%
2026-8-30 15:06:52-debug: // ---- build task 查询 Asset Bundle ----
2026-8-30 15:06:52-debug: [Build Memory track]: 查询 Asset Bundle start:231.79MB, end 231.63MB, increase: -157.43KB
2026-8-30 15:06:52-debug: 查询 Asset Bundle start, progress: 5%
2026-8-30 15:06:52-debug: // ---- build task 查询 Asset Bundle ---- (8ms)
2026-8-30 15:06:52-log: run build task 查询 Asset Bundle success in 8 ms√, progress: 10%
2026-8-30 15:06:52-debug: // ---- build task 整理部分构建选项内数据到 settings.json ----
2026-8-30 15:06:52-debug: [Build Memory track]: 查询 Asset Bundle start:231.66MB, end 231.10MB, increase: -581.36KB
2026-8-30 15:06:52-debug: 整理部分构建选项内数据到 settings.json start, progress: 10%
2026-8-30 15:06:52-debug: // ---- build task 整理部分构建选项内数据到 settings.json ---- (1ms)
2026-8-30 15:06:52-log: run build task 整理部分构建选项内数据到 settings.json success in 1 ms√, progress: 12%
2026-8-30 15:06:52-debug: [Build Memory track]: 整理部分构建选项内数据到 settings.json start:231.13MB, end 231.15MB, increase: 27.99KB
2026-8-30 15:06:52-debug: 填充脚本数据到 settings.json start, progress: 12%
2026-8-30 15:06:52-debug: // ---- build task 填充脚本数据到 settings.json ----
2026-8-30 15:06:52-debug: // ---- build task 填充脚本数据到 settings.json ---- (2ms)
2026-8-30 15:06:52-log: run build task 填充脚本数据到 settings.json success in 2 ms√, progress: 13%
2026-8-30 15:06:52-debug: [Build Memory track]: 填充脚本数据到 settings.json start:231.19MB, end 231.21MB, increase: 27.36KB
2026-8-30 15:06:52-debug: 整理部分构建选项内数据到 settings.json start, progress: 13%
2026-8-30 15:06:52-debug: // ---- build task 整理部分构建选项内数据到 settings.json ----
2026-8-30 15:06:52-debug: // ---- build task 整理部分构建选项内数据到 settings.json ---- (5ms)
2026-8-30 15:06:52-log: run build task 整理部分构建选项内数据到 settings.json success in 5 ms√, progress: 15%
2026-8-30 15:06:52-debug: [Build Memory track]: 整理部分构建选项内数据到 settings.json start:231.24MB, end 231.37MB, increase: 127.56KB
2026-8-30 15:07:09-debug: %cImport%c: D:\GameByself\Cocos\Project1\assets\Scenes\scene.scenebackground: #aaff85; color: #000;color: #000;
2026-8-30 15:07:09-debug: asset-db:reimport-assetcb02e093-8bba-4046-8e6e-d0462e7be5da (12ms)
2026-8-30 15:07:10-debug: Query all assets info in project
2026-8-30 15:07:10-debug: init custom config: keepNodeUuid: false, useCache: true
2026-8-30 15:07:10-debug: Skip compress image, progress: 0%
2026-8-30 15:07:10-debug: Init all bundles start..., progress: 0%
2026-8-30 15:07:10-debug: // ---- build task 查询 Asset Bundle ----
2026-8-30 15:07:10-debug: 查询 Asset Bundle start, progress: 0%
2026-8-30 15:07:10-debug: Num of bundles: 3..., progress: 0%
2026-8-30 15:07:10-debug: Init bundle root assets start..., progress: 0%
2026-8-30 15:07:10-debug:   Number of all scenes: 1
2026-8-30 15:07:10-debug: Init bundle root assets success..., progress: 0%
2026-8-30 15:07:10-debug:   Number of other assets: 318
2026-8-30 15:07:10-debug: Query preload assets/scripts from cc.config.json: 60f7195c-ec2a-45eb-ba94-8955f60e81d0,1c02ae6f-4492-4915-b8f8-7492a3b1e4cd,810e96e4-e456-4468-9b59-f4e8f39732c0,efe8e2a3-eace-427b-b4f1-cb8a937ec77d,e9aa9a3e-5b2b-4ac7-a2c7-073de2b2b24f,8bbdbcdd-5cd4-4100-b6d5-b7c9625b6107,50f4348b-c883-4e2f-8f11-ce233b859fa1,fda095cb-831d-4601-ad94-846013963de8,f92806d7-1768-443f-afe8-12bcde84d0f0,dd3a144d-ab7f-41f0-82b8-2e43a090d496,f0416e68-0200-4b77-a926-4f9d16e494da,511d2633-09a7-4bdd-ac42-f778032124b3,5d45aa00-e064-4938-b314-4265f0c2258c,9361fd90-ba52-4f84-aa93-6e878fd576ca,970b0598-bcb0-4714-91fb-2e81440dccd8,bcd64cc6-2dd9-43f6-abbe-66318d332032,d930590d-bb92-4cc8-8bd1-23cd027f9edf,a3cd009f-0ab0-420d-9278-b9fdab939bbc,6a2d0734-bd9e-4ddf-946e-caa52498cb75,c27215d8-6835-4b68-bfbb-bdeac6100c04,b5d6115f-0370-4d7c-aad3-c194cc71cf98,d1346436-ac96-4271-b863-1f4fdead95b0,971bdb23-3ff6-43eb-b422-1c30165a3663,17debcc3-0a6b-4b8a-b00b-dc58b885581e,711ebe11-f673-4cd9-9a83-63c60ba54c5b,c0143906-9aed-447e-9436-2ae8512d1b6e,14da1725-c4c2-42b4-ab08-ee0aeb6898b3,081cab31-dccd-428e-8652-f2404cc81c47,78e0584a-4343-4727-8f37-e14e65c2a2db,ba21476f-2866-4f81-9c4d-6e359316e448,871c3b6c-7379-419d-bda3-794b239ab90d,1d08ef62-a503-4ce2-8b9a-46c90873f7d3,ff9b0199-ce04-4cfe-86cc-6c719f08d6e4,de1c2107-70c8-4021-8459-6399f24d01c6,cbf30902-517f-40dc-af90-a550bac27cf1,5c601d96-e4c7-4698-991b-7ee674b11079
2026-8-30 15:07:10-debug:   Number of all scripts: 7
2026-8-30 15:07:10-debug: // ---- build task 查询 Asset Bundle ---- (11ms)
2026-8-30 15:07:10-debug: [Build Memory track]: 查询 Asset Bundle start:231.78MB, end 231.57MB, increase: -209.82KB
2026-8-30 15:07:10-debug: 查询 Asset Bundle start, progress: 5%
2026-8-30 15:07:10-log: run build task 查询 Asset Bundle success in 11 ms√, progress: 5%
2026-8-30 15:07:10-debug: // ---- build task 查询 Asset Bundle ----
2026-8-30 15:07:10-debug: // ---- build task 查询 Asset Bundle ---- (4ms)
2026-8-30 15:07:10-log: run build task 查询 Asset Bundle success in 4 ms√, progress: 10%
2026-8-30 15:07:10-debug: [Build Memory track]: 查询 Asset Bundle start:231.61MB, end 231.71MB, increase: 103.91KB
2026-8-30 15:07:10-debug: 整理部分构建选项内数据到 settings.json start, progress: 10%
2026-8-30 15:07:10-debug: // ---- build task 整理部分构建选项内数据到 settings.json ----
2026-8-30 15:07:10-debug: // ---- build task 整理部分构建选项内数据到 settings.json ---- (1ms)
2026-8-30 15:07:10-log: run build task 整理部分构建选项内数据到 settings.json success in 1 ms√, progress: 12%
2026-8-30 15:07:10-debug: [Build Memory track]: 整理部分构建选项内数据到 settings.json start:231.74MB, end 231.77MB, increase: 27.95KB
2026-8-30 15:07:10-debug: 填充脚本数据到 settings.json start, progress: 12%
2026-8-30 15:07:10-debug: // ---- build task 填充脚本数据到 settings.json ----
2026-8-30 15:07:10-debug: // ---- build task 填充脚本数据到 settings.json ---- (3ms)
2026-8-30 15:07:10-log: run build task 填充脚本数据到 settings.json success in 3 ms√, progress: 13%
2026-8-30 15:07:10-debug: // ---- build task 整理部分构建选项内数据到 settings.json ----
2026-8-30 15:07:10-debug: [Build Memory track]: 填充脚本数据到 settings.json start:231.80MB, end 231.82MB, increase: 27.41KB
2026-8-30 15:07:10-debug: 整理部分构建选项内数据到 settings.json start, progress: 13%
2026-8-30 15:07:10-debug: // ---- build task 整理部分构建选项内数据到 settings.json ---- (5ms)
2026-8-30 15:07:10-log: run build task 整理部分构建选项内数据到 settings.json success in 5 ms√, progress: 15%
2026-8-30 15:07:10-debug: [Build Memory track]: 整理部分构建选项内数据到 settings.json start:231.85MB, end 231.30MB, increase: -569.10KB
2026-8-30 15:07:33-debug: %cImport%c: D:\GameByself\Cocos\Project1\assets\Scenes\scene.scenebackground: #aaff85; color: #000;color: #000;
2026-8-30 15:07:33-debug: asset-db:reimport-assetcb02e093-8bba-4046-8e6e-d0462e7be5da (13ms)
2026-8-30 15:07:33-debug: Query all assets info in project
2026-8-30 15:07:33-debug: init custom config: keepNodeUuid: false, useCache: true
2026-8-30 15:07:33-debug: Skip compress image, progress: 0%
2026-8-30 15:07:33-debug: Init all bundles start..., progress: 0%
2026-8-30 15:07:33-debug: // ---- build task 查询 Asset Bundle ----
2026-8-30 15:07:33-debug: 查询 Asset Bundle start, progress: 0%
2026-8-30 15:07:33-debug: Num of bundles: 3..., progress: 0%
2026-8-30 15:07:33-debug: Init bundle root assets start..., progress: 0%
2026-8-30 15:07:33-debug: Query preload assets/scripts from cc.config.json: 60f7195c-ec2a-45eb-ba94-8955f60e81d0,1c02ae6f-4492-4915-b8f8-7492a3b1e4cd,810e96e4-e456-4468-9b59-f4e8f39732c0,efe8e2a3-eace-427b-b4f1-cb8a937ec77d,e9aa9a3e-5b2b-4ac7-a2c7-073de2b2b24f,8bbdbcdd-5cd4-4100-b6d5-b7c9625b6107,50f4348b-c883-4e2f-8f11-ce233b859fa1,fda095cb-831d-4601-ad94-846013963de8,f92806d7-1768-443f-afe8-12bcde84d0f0,dd3a144d-ab7f-41f0-82b8-2e43a090d496,f0416e68-0200-4b77-a926-4f9d16e494da,511d2633-09a7-4bdd-ac42-f778032124b3,5d45aa00-e064-4938-b314-4265f0c2258c,9361fd90-ba52-4f84-aa93-6e878fd576ca,970b0598-bcb0-4714-91fb-2e81440dccd8,bcd64cc6-2dd9-43f6-abbe-66318d332032,d930590d-bb92-4cc8-8bd1-23cd027f9edf,a3cd009f-0ab0-420d-9278-b9fdab939bbc,6a2d0734-bd9e-4ddf-946e-caa52498cb75,c27215d8-6835-4b68-bfbb-bdeac6100c04,b5d6115f-0370-4d7c-aad3-c194cc71cf98,d1346436-ac96-4271-b863-1f4fdead95b0,971bdb23-3ff6-43eb-b422-1c30165a3663,17debcc3-0a6b-4b8a-b00b-dc58b885581e,711ebe11-f673-4cd9-9a83-63c60ba54c5b,c0143906-9aed-447e-9436-2ae8512d1b6e,14da1725-c4c2-42b4-ab08-ee0aeb6898b3,081cab31-dccd-428e-8652-f2404cc81c47,78e0584a-4343-4727-8f37-e14e65c2a2db,ba21476f-2866-4f81-9c4d-6e359316e448,871c3b6c-7379-419d-bda3-794b239ab90d,1d08ef62-a503-4ce2-8b9a-46c90873f7d3,ff9b0199-ce04-4cfe-86cc-6c719f08d6e4,de1c2107-70c8-4021-8459-6399f24d01c6,cbf30902-517f-40dc-af90-a550bac27cf1,5c601d96-e4c7-4698-991b-7ee674b11079
2026-8-30 15:07:33-debug:   Number of all scenes: 1
2026-8-30 15:07:33-debug:   Number of all scripts: 7
2026-8-30 15:07:33-debug: Init bundle root assets success..., progress: 0%
2026-8-30 15:07:33-debug:   Number of other assets: 318
2026-8-30 15:07:33-debug: // ---- build task 查询 Asset Bundle ---- (9ms)
2026-8-30 15:07:33-log: run build task 查询 Asset Bundle success in 9 ms√, progress: 5%
2026-8-30 15:07:33-debug: // ---- build task 查询 Asset Bundle ----
2026-8-30 15:07:33-debug: 查询 Asset Bundle start, progress: 5%
2026-8-30 15:07:33-debug: [Build Memory track]: 查询 Asset Bundle start:231.77MB, end 231.56MB, increase: -222.56KB
2026-8-30 15:07:34-debug: // ---- build task 查询 Asset Bundle ---- (9ms)
2026-8-30 15:07:34-log: run build task 查询 Asset Bundle success in 9 ms√, progress: 10%
2026-8-30 15:07:34-debug: [Build Memory track]: 查询 Asset Bundle start:231.59MB, end 231.69MB, increase: 109.80KB
2026-8-30 15:07:34-debug: 整理部分构建选项内数据到 settings.json start, progress: 10%
2026-8-30 15:07:34-debug: // ---- build task 整理部分构建选项内数据到 settings.json ----
2026-8-30 15:07:34-debug: // ---- build task 整理部分构建选项内数据到 settings.json ---- (2ms)
2026-8-30 15:07:34-log: run build task 整理部分构建选项内数据到 settings.json success in 2 ms√, progress: 12%
2026-8-30 15:07:34-debug: [Build Memory track]: 整理部分构建选项内数据到 settings.json start:231.73MB, end 231.75MB, increase: 28.19KB
2026-8-30 15:07:34-debug: 填充脚本数据到 settings.json start, progress: 12%
2026-8-30 15:07:34-debug: // ---- build task 填充脚本数据到 settings.json ----
2026-8-30 15:07:34-debug: // ---- build task 填充脚本数据到 settings.json ---- (5ms)
2026-8-30 15:07:34-debug: [Build Memory track]: 填充脚本数据到 settings.json start:231.78MB, end 231.81MB, increase: 27.37KB
2026-8-30 15:07:34-log: run build task 填充脚本数据到 settings.json success in 5 ms√, progress: 13%
2026-8-30 15:07:34-debug: 整理部分构建选项内数据到 settings.json start, progress: 13%
2026-8-30 15:07:34-debug: // ---- build task 整理部分构建选项内数据到 settings.json ----
2026-8-30 15:07:34-debug: // ---- build task 整理部分构建选项内数据到 settings.json ---- (7ms)
2026-8-30 15:07:34-log: run build task 整理部分构建选项内数据到 settings.json success in 7 ms√, progress: 15%
2026-8-30 15:07:34-debug: [Build Memory track]: 整理部分构建选项内数据到 settings.json start:231.84MB, end 231.97MB, increase: 127.56KB
2026-8-30 15:08:36-debug: refresh db internal success
2026-8-30 15:08:36-debug: refresh db assets success
2026-8-30 15:08:36-debug: Run asset db hook engine-extends:afterRefresh ...
2026-8-30 15:08:36-debug: Run asset db hook engine-extends:afterRefresh success!
2026-8-30 15:08:36-debug: asset-db:refresh-all-database (102ms)
2026-8-30 15:08:36-debug: asset-db-hook-engine-extends-afterRefresh (1ms)
2026-8-30 15:12:20-debug: refresh db internal success
2026-8-30 15:12:20-debug: %cImport%c: D:\GameByself\Cocos\Project1\assets\Scripts\Car.tsbackground: #aaff85; color: #000;color: #000;
2026-8-30 15:12:20-debug: refresh db assets success
2026-8-30 15:12:20-debug: Run asset db hook engine-extends:afterRefresh ...
2026-8-30 15:12:20-debug: Run asset db hook engine-extends:afterRefresh success!
2026-8-30 15:12:20-debug: asset-db:refresh-all-database (112ms)
2026-8-30 15:12:20-debug: asset-db:worker-effect-data-processing (3ms)
2026-8-30 15:12:20-debug: asset-db-hook-engine-extends-afterRefresh (3ms)
2026-8-30 15:12:22-debug: Query all assets info in project
2026-8-30 15:12:22-debug: init custom config: keepNodeUuid: false, useCache: true
2026-8-30 15:12:22-debug: Skip compress image, progress: 0%
2026-8-30 15:12:22-debug: Init all bundles start..., progress: 0%
2026-8-30 15:12:22-debug: Num of bundles: 3..., progress: 0%
2026-8-30 15:12:22-debug: 查询 Asset Bundle start, progress: 0%
2026-8-30 15:12:22-debug: // ---- build task 查询 Asset Bundle ----
2026-8-30 15:12:22-debug: Init bundle root assets start..., progress: 0%
2026-8-30 15:12:22-debug:   Number of all scenes: 1
2026-8-30 15:12:22-debug:   Number of all scripts: 7
2026-8-30 15:12:22-debug:   Number of other assets: 318
2026-8-30 15:12:22-debug: Query preload assets/scripts from cc.config.json: 60f7195c-ec2a-45eb-ba94-8955f60e81d0,1c02ae6f-4492-4915-b8f8-7492a3b1e4cd,810e96e4-e456-4468-9b59-f4e8f39732c0,efe8e2a3-eace-427b-b4f1-cb8a937ec77d,e9aa9a3e-5b2b-4ac7-a2c7-073de2b2b24f,8bbdbcdd-5cd4-4100-b6d5-b7c9625b6107,50f4348b-c883-4e2f-8f11-ce233b859fa1,fda095cb-831d-4601-ad94-846013963de8,f92806d7-1768-443f-afe8-12bcde84d0f0,dd3a144d-ab7f-41f0-82b8-2e43a090d496,f0416e68-0200-4b77-a926-4f9d16e494da,511d2633-09a7-4bdd-ac42-f778032124b3,5d45aa00-e064-4938-b314-4265f0c2258c,9361fd90-ba52-4f84-aa93-6e878fd576ca,970b0598-bcb0-4714-91fb-2e81440dccd8,bcd64cc6-2dd9-43f6-abbe-66318d332032,d930590d-bb92-4cc8-8bd1-23cd027f9edf,a3cd009f-0ab0-420d-9278-b9fdab939bbc,6a2d0734-bd9e-4ddf-946e-caa52498cb75,c27215d8-6835-4b68-bfbb-bdeac6100c04,b5d6115f-0370-4d7c-aad3-c194cc71cf98,d1346436-ac96-4271-b863-1f4fdead95b0,971bdb23-3ff6-43eb-b422-1c30165a3663,17debcc3-0a6b-4b8a-b00b-dc58b885581e,711ebe11-f673-4cd9-9a83-63c60ba54c5b,c0143906-9aed-447e-9436-2ae8512d1b6e,14da1725-c4c2-42b4-ab08-ee0aeb6898b3,081cab31-dccd-428e-8652-f2404cc81c47,78e0584a-4343-4727-8f37-e14e65c2a2db,ba21476f-2866-4f81-9c4d-6e359316e448,871c3b6c-7379-419d-bda3-794b239ab90d,1d08ef62-a503-4ce2-8b9a-46c90873f7d3,ff9b0199-ce04-4cfe-86cc-6c719f08d6e4,de1c2107-70c8-4021-8459-6399f24d01c6,cbf30902-517f-40dc-af90-a550bac27cf1,5c601d96-e4c7-4698-991b-7ee674b11079
2026-8-30 15:12:22-debug: Init bundle root assets success..., progress: 0%
2026-8-30 15:12:22-debug: // ---- build task 查询 Asset Bundle ---- (11ms)
2026-8-30 15:12:22-log: run build task 查询 Asset Bundle success in 11 ms√, progress: 5%
2026-8-30 15:12:22-debug: 查询 Asset Bundle start, progress: 5%
2026-8-30 15:12:22-debug: // ---- build task 查询 Asset Bundle ----
2026-8-30 15:12:22-debug: [Build Memory track]: 查询 Asset Bundle start:233.90MB, end 233.62MB, increase: -286.81KB
2026-8-30 15:12:22-debug: // ---- build task 查询 Asset Bundle ---- (7ms)
2026-8-30 15:12:22-log: run build task 查询 Asset Bundle success in 7 ms√, progress: 10%
2026-8-30 15:12:22-debug: [Build Memory track]: 查询 Asset Bundle start:233.65MB, end 233.76MB, increase: 104.34KB
2026-8-30 15:12:22-debug: 整理部分构建选项内数据到 settings.json start, progress: 10%
2026-8-30 15:12:22-debug: // ---- build task 整理部分构建选项内数据到 settings.json ----
2026-8-30 15:12:22-debug: // ---- build task 整理部分构建选项内数据到 settings.json ---- (2ms)
2026-8-30 15:12:22-log: run build task 整理部分构建选项内数据到 settings.json success in 2 ms√, progress: 12%
2026-8-30 15:12:22-debug: // ---- build task 填充脚本数据到 settings.json ----
2026-8-30 15:12:22-debug: 填充脚本数据到 settings.json start, progress: 12%
2026-8-30 15:12:22-debug: [Build Memory track]: 整理部分构建选项内数据到 settings.json start:233.79MB, end 233.81MB, increase: 27.92KB
2026-8-30 15:12:22-debug: // ---- build task 填充脚本数据到 settings.json ---- (3ms)
2026-8-30 15:12:22-log: run build task 填充脚本数据到 settings.json success in 3 ms√, progress: 13%
2026-8-30 15:12:22-debug: [Build Memory track]: 填充脚本数据到 settings.json start:233.85MB, end 233.87MB, increase: 26.77KB
2026-8-30 15:12:22-debug: 整理部分构建选项内数据到 settings.json start, progress: 13%
2026-8-30 15:12:22-debug: // ---- build task 整理部分构建选项内数据到 settings.json ----
2026-8-30 15:12:22-debug: // ---- build task 整理部分构建选项内数据到 settings.json ---- (8ms)
2026-8-30 15:12:22-log: run build task 整理部分构建选项内数据到 settings.json success in 8 ms√, progress: 15%
2026-8-30 15:12:22-debug: [Build Memory track]: 整理部分构建选项内数据到 settings.json start:233.90MB, end 234.03MB, increase: 128.15KB
2026-8-30 15:21:03-debug: refresh db internal success
2026-8-30 15:21:03-debug: %cImport%c: D:\GameByself\Cocos\Project1\assets\Scripts\Car.tsbackground: #aaff85; color: #000;color: #000;
2026-8-30 15:21:03-debug: refresh db assets success
2026-8-30 15:21:03-debug: Run asset db hook engine-extends:afterRefresh ...
2026-8-30 15:21:03-debug: asset-db:worker-effect-data-processing (2ms)
2026-8-30 15:21:03-debug: asset-db:refresh-all-database (104ms)
2026-8-30 15:21:03-debug: Run asset db hook engine-extends:afterRefresh success!
2026-8-30 15:21:03-debug: asset-db-hook-engine-extends-afterRefresh (2ms)
2026-8-30 15:21:12-debug: Query all assets info in project
2026-8-30 15:21:12-debug: init custom config: keepNodeUuid: false, useCache: true
2026-8-30 15:21:12-debug: Skip compress image, progress: 0%
2026-8-30 15:21:12-debug: Init all bundles start..., progress: 0%
2026-8-30 15:21:12-debug: 查询 Asset Bundle start, progress: 0%
2026-8-30 15:21:12-debug: // ---- build task 查询 Asset Bundle ----
2026-8-30 15:21:12-debug: Init bundle root assets start..., progress: 0%
2026-8-30 15:21:12-debug: Num of bundles: 3..., progress: 0%
2026-8-30 15:21:12-debug: Query preload assets/scripts from cc.config.json: 60f7195c-ec2a-45eb-ba94-8955f60e81d0,1c02ae6f-4492-4915-b8f8-7492a3b1e4cd,810e96e4-e456-4468-9b59-f4e8f39732c0,efe8e2a3-eace-427b-b4f1-cb8a937ec77d,e9aa9a3e-5b2b-4ac7-a2c7-073de2b2b24f,8bbdbcdd-5cd4-4100-b6d5-b7c9625b6107,50f4348b-c883-4e2f-8f11-ce233b859fa1,fda095cb-831d-4601-ad94-846013963de8,f92806d7-1768-443f-afe8-12bcde84d0f0,dd3a144d-ab7f-41f0-82b8-2e43a090d496,f0416e68-0200-4b77-a926-4f9d16e494da,511d2633-09a7-4bdd-ac42-f778032124b3,5d45aa00-e064-4938-b314-4265f0c2258c,9361fd90-ba52-4f84-aa93-6e878fd576ca,970b0598-bcb0-4714-91fb-2e81440dccd8,bcd64cc6-2dd9-43f6-abbe-66318d332032,d930590d-bb92-4cc8-8bd1-23cd027f9edf,a3cd009f-0ab0-420d-9278-b9fdab939bbc,6a2d0734-bd9e-4ddf-946e-caa52498cb75,c27215d8-6835-4b68-bfbb-bdeac6100c04,b5d6115f-0370-4d7c-aad3-c194cc71cf98,d1346436-ac96-4271-b863-1f4fdead95b0,971bdb23-3ff6-43eb-b422-1c30165a3663,17debcc3-0a6b-4b8a-b00b-dc58b885581e,711ebe11-f673-4cd9-9a83-63c60ba54c5b,c0143906-9aed-447e-9436-2ae8512d1b6e,14da1725-c4c2-42b4-ab08-ee0aeb6898b3,081cab31-dccd-428e-8652-f2404cc81c47,78e0584a-4343-4727-8f37-e14e65c2a2db,ba21476f-2866-4f81-9c4d-6e359316e448,871c3b6c-7379-419d-bda3-794b239ab90d,1d08ef62-a503-4ce2-8b9a-46c90873f7d3,ff9b0199-ce04-4cfe-86cc-6c719f08d6e4,de1c2107-70c8-4021-8459-6399f24d01c6,cbf30902-517f-40dc-af90-a550bac27cf1,5c601d96-e4c7-4698-991b-7ee674b11079
2026-8-30 15:21:12-debug:   Number of all scenes: 1
2026-8-30 15:21:12-debug:   Number of all scripts: 7
2026-8-30 15:21:12-debug:   Number of other assets: 318
2026-8-30 15:21:12-debug: Init bundle root assets success..., progress: 0%
2026-8-30 15:21:12-debug: // ---- build task 查询 Asset Bundle ---- (22ms)
2026-8-30 15:21:12-log: run build task 查询 Asset Bundle success in 22 ms√, progress: 5%
2026-8-30 15:21:12-debug: 查询 Asset Bundle start, progress: 5%
2026-8-30 15:21:12-debug: [Build Memory track]: 查询 Asset Bundle start:235.00MB, end 234.70MB, increase: -306.81KB
2026-8-30 15:21:12-debug: // ---- build task 查询 Asset Bundle ----
2026-8-30 15:21:12-debug: // ---- build task 查询 Asset Bundle ---- (15ms)
2026-8-30 15:21:12-log: run build task 查询 Asset Bundle success in 15 ms√, progress: 10%
2026-8-30 15:21:12-debug: [Build Memory track]: 查询 Asset Bundle start:234.73MB, end 234.83MB, increase: 105.44KB
2026-8-30 15:21:12-debug: 整理部分构建选项内数据到 settings.json start, progress: 10%
2026-8-30 15:21:12-debug: // ---- build task 整理部分构建选项内数据到 settings.json ----
2026-8-30 15:21:12-debug: // ---- build task 整理部分构建选项内数据到 settings.json ---- (6ms)
2026-8-30 15:21:12-log: run build task 整理部分构建选项内数据到 settings.json success in 6 ms√, progress: 12%
2026-8-30 15:21:12-debug: 填充脚本数据到 settings.json start, progress: 12%
2026-8-30 15:21:12-debug: [Build Memory track]: 整理部分构建选项内数据到 settings.json start:234.87MB, end 234.89MB, increase: 27.98KB
2026-8-30 15:21:12-debug: // ---- build task 填充脚本数据到 settings.json ----
2026-8-30 15:21:12-debug: // ---- build task 填充脚本数据到 settings.json ---- (8ms)
2026-8-30 15:21:12-debug: [Build Memory track]: 填充脚本数据到 settings.json start:234.92MB, end 234.95MB, increase: 27.46KB
2026-8-30 15:21:12-debug: 整理部分构建选项内数据到 settings.json start, progress: 13%
2026-8-30 15:21:12-log: run build task 填充脚本数据到 settings.json success in 8 ms√, progress: 13%
2026-8-30 15:21:12-debug: // ---- build task 整理部分构建选项内数据到 settings.json ----
2026-8-30 15:21:12-debug: // ---- build task 整理部分构建选项内数据到 settings.json ---- (17ms)
2026-8-30 15:21:12-log: run build task 整理部分构建选项内数据到 settings.json success in 17 ms√, progress: 15%
2026-8-30 15:21:12-debug: [Build Memory track]: 整理部分构建选项内数据到 settings.json start:235.04MB, end 234.48MB, increase: -572.43KB
2026-8-30 15:21:50-debug: refresh db internal success
2026-8-30 15:21:50-debug: refresh db assets success
2026-8-30 15:21:50-debug: Run asset db hook engine-extends:afterRefresh ...
2026-8-30 15:21:50-debug: Run asset db hook engine-extends:afterRefresh success!
2026-8-30 15:21:50-debug: asset-db:refresh-all-database (103ms)
2026-8-30 15:21:50-debug: asset-db:worker-effect-data-processing (1ms)
2026-8-30 15:21:50-debug: asset-db-hook-engine-extends-afterRefresh (2ms)
2026-8-30 15:23:35-debug: refresh db internal success
2026-8-30 15:23:35-debug: refresh db assets success
2026-8-30 15:23:35-debug: Run asset db hook engine-extends:afterRefresh ...
2026-8-30 15:23:35-debug: Run asset db hook engine-extends:afterRefresh success!
2026-8-30 15:23:35-debug: asset-db:refresh-all-database (113ms)
2026-8-30 15:23:35-debug: asset-db:worker-effect-data-processing (2ms)
2026-8-30 15:23:35-debug: asset-db-hook-engine-extends-afterRefresh (2ms)
2026-8-30 15:24:26-debug: %cImport%c: D:\GameByself\Cocos\Project1\assets\Scenes\scene.scenebackground: #aaff85; color: #000;color: #000;
2026-8-30 15:24:26-debug: asset-db:reimport-assetcb02e093-8bba-4046-8e6e-d0462e7be5da (13ms)
2026-8-30 15:24:28-debug: Query all assets info in project
2026-8-30 15:24:28-debug: init custom config: keepNodeUuid: false, useCache: true
2026-8-30 15:24:28-debug: Skip compress image, progress: 0%
2026-8-30 15:24:28-debug: Init all bundles start..., progress: 0%
2026-8-30 15:24:28-debug: Num of bundles: 3..., progress: 0%
2026-8-30 15:24:28-debug: 查询 Asset Bundle start, progress: 0%
2026-8-30 15:24:28-debug: Init bundle root assets start..., progress: 0%
2026-8-30 15:24:28-debug: // ---- build task 查询 Asset Bundle ----
2026-8-30 15:24:28-debug: Query preload assets/scripts from cc.config.json: 60f7195c-ec2a-45eb-ba94-8955f60e81d0,1c02ae6f-4492-4915-b8f8-7492a3b1e4cd,810e96e4-e456-4468-9b59-f4e8f39732c0,efe8e2a3-eace-427b-b4f1-cb8a937ec77d,e9aa9a3e-5b2b-4ac7-a2c7-073de2b2b24f,8bbdbcdd-5cd4-4100-b6d5-b7c9625b6107,50f4348b-c883-4e2f-8f11-ce233b859fa1,fda095cb-831d-4601-ad94-846013963de8,f92806d7-1768-443f-afe8-12bcde84d0f0,dd3a144d-ab7f-41f0-82b8-2e43a090d496,f0416e68-0200-4b77-a926-4f9d16e494da,511d2633-09a7-4bdd-ac42-f778032124b3,5d45aa00-e064-4938-b314-4265f0c2258c,9361fd90-ba52-4f84-aa93-6e878fd576ca,970b0598-bcb0-4714-91fb-2e81440dccd8,bcd64cc6-2dd9-43f6-abbe-66318d332032,d930590d-bb92-4cc8-8bd1-23cd027f9edf,a3cd009f-0ab0-420d-9278-b9fdab939bbc,6a2d0734-bd9e-4ddf-946e-caa52498cb75,c27215d8-6835-4b68-bfbb-bdeac6100c04,b5d6115f-0370-4d7c-aad3-c194cc71cf98,d1346436-ac96-4271-b863-1f4fdead95b0,971bdb23-3ff6-43eb-b422-1c30165a3663,17debcc3-0a6b-4b8a-b00b-dc58b885581e,711ebe11-f673-4cd9-9a83-63c60ba54c5b,c0143906-9aed-447e-9436-2ae8512d1b6e,14da1725-c4c2-42b4-ab08-ee0aeb6898b3,081cab31-dccd-428e-8652-f2404cc81c47,78e0584a-4343-4727-8f37-e14e65c2a2db,ba21476f-2866-4f81-9c4d-6e359316e448,871c3b6c-7379-419d-bda3-794b239ab90d,1d08ef62-a503-4ce2-8b9a-46c90873f7d3,ff9b0199-ce04-4cfe-86cc-6c719f08d6e4,de1c2107-70c8-4021-8459-6399f24d01c6,cbf30902-517f-40dc-af90-a550bac27cf1,5c601d96-e4c7-4698-991b-7ee674b11079
2026-8-30 15:24:28-debug:   Number of all scenes: 1
2026-8-30 15:24:28-debug:   Number of all scripts: 7
2026-8-30 15:24:28-debug:   Number of other assets: 318
2026-8-30 15:24:28-debug: Init bundle root assets success..., progress: 0%
2026-8-30 15:24:28-debug: // ---- build task 查询 Asset Bundle ---- (21ms)
2026-8-30 15:24:28-log: run build task 查询 Asset Bundle success in 21 ms√, progress: 5%
2026-8-30 15:24:28-debug: [Build Memory track]: 查询 Asset Bundle start:237.37MB, end 237.12MB, increase: -263.59KB
2026-8-30 15:24:28-debug: // ---- build task 查询 Asset Bundle ----
2026-8-30 15:24:28-debug: 查询 Asset Bundle start, progress: 5%
2026-8-30 15:24:28-debug: // ---- build task 查询 Asset Bundle ---- (14ms)
2026-8-30 15:24:28-log: run build task 查询 Asset Bundle success in 14 ms√, progress: 10%
2026-8-30 15:24:28-debug: [Build Memory track]: 查询 Asset Bundle start:237.15MB, end 237.25MB, increase: 103.95KB
2026-8-30 15:24:28-debug: 整理部分构建选项内数据到 settings.json start, progress: 10%
2026-8-30 15:24:28-debug: // ---- build task 整理部分构建选项内数据到 settings.json ----
2026-8-30 15:24:28-debug: // ---- build task 整理部分构建选项内数据到 settings.json ---- (10ms)
2026-8-30 15:24:28-log: run build task 整理部分构建选项内数据到 settings.json success in 10 ms√, progress: 12%
2026-8-30 15:24:28-debug: [Build Memory track]: 整理部分构建选项内数据到 settings.json start:237.28MB, end 237.31MB, increase: 28.01KB
2026-8-30 15:24:28-debug: 填充脚本数据到 settings.json start, progress: 12%
2026-8-30 15:24:28-debug: // ---- build task 填充脚本数据到 settings.json ----
2026-8-30 15:24:28-debug: // ---- build task 填充脚本数据到 settings.json ---- (9ms)
2026-8-30 15:24:28-debug: [Build Memory track]: 填充脚本数据到 settings.json start:237.34MB, end 237.37MB, increase: 27.34KB
2026-8-30 15:24:28-debug: 整理部分构建选项内数据到 settings.json start, progress: 13%
2026-8-30 15:24:28-log: run build task 填充脚本数据到 settings.json success in 9 ms√, progress: 13%
2026-8-30 15:24:28-debug: // ---- build task 整理部分构建选项内数据到 settings.json ----
2026-8-30 15:24:28-debug: // ---- build task 整理部分构建选项内数据到 settings.json ---- (14ms)
2026-8-30 15:24:28-log: run build task 整理部分构建选项内数据到 settings.json success in 14 ms√, progress: 15%
2026-8-30 15:24:28-debug: [Build Memory track]: 整理部分构建选项内数据到 settings.json start:237.40MB, end 236.85MB, increase: -563.05KB
2026-8-30 15:24:37-debug: refresh db internal success
2026-8-30 15:24:37-debug: refresh db assets success
2026-8-30 15:24:37-debug: Run asset db hook engine-extends:afterRefresh ...
2026-8-30 15:24:37-debug: Run asset db hook engine-extends:afterRefresh success!
2026-8-30 15:24:37-debug: asset-db:refresh-all-database (104ms)
2026-8-30 15:24:37-debug: asset-db:worker-effect-data-processing (2ms)
2026-8-30 15:24:37-debug: asset-db-hook-engine-extends-afterRefresh (2ms)
2026-8-30 15:24:49-debug: Query all assets info in project
2026-8-30 15:24:49-debug: init custom config: keepNodeUuid: false, useCache: true
2026-8-30 15:24:49-debug: Skip compress image, progress: 0%
2026-8-30 15:24:49-debug: Num of bundles: 3..., progress: 0%
2026-8-30 15:24:49-debug: Init all bundles start..., progress: 0%
2026-8-30 15:24:49-debug: 查询 Asset Bundle start, progress: 0%
2026-8-30 15:24:49-debug: // ---- build task 查询 Asset Bundle ----
2026-8-30 15:24:49-debug: Init bundle root assets start..., progress: 0%
2026-8-30 15:24:49-debug:   Number of all scenes: 1
2026-8-30 15:24:49-debug: Query preload assets/scripts from cc.config.json: 60f7195c-ec2a-45eb-ba94-8955f60e81d0,1c02ae6f-4492-4915-b8f8-7492a3b1e4cd,810e96e4-e456-4468-9b59-f4e8f39732c0,efe8e2a3-eace-427b-b4f1-cb8a937ec77d,e9aa9a3e-5b2b-4ac7-a2c7-073de2b2b24f,8bbdbcdd-5cd4-4100-b6d5-b7c9625b6107,50f4348b-c883-4e2f-8f11-ce233b859fa1,fda095cb-831d-4601-ad94-846013963de8,f92806d7-1768-443f-afe8-12bcde84d0f0,dd3a144d-ab7f-41f0-82b8-2e43a090d496,f0416e68-0200-4b77-a926-4f9d16e494da,511d2633-09a7-4bdd-ac42-f778032124b3,5d45aa00-e064-4938-b314-4265f0c2258c,9361fd90-ba52-4f84-aa93-6e878fd576ca,970b0598-bcb0-4714-91fb-2e81440dccd8,bcd64cc6-2dd9-43f6-abbe-66318d332032,d930590d-bb92-4cc8-8bd1-23cd027f9edf,a3cd009f-0ab0-420d-9278-b9fdab939bbc,6a2d0734-bd9e-4ddf-946e-caa52498cb75,c27215d8-6835-4b68-bfbb-bdeac6100c04,b5d6115f-0370-4d7c-aad3-c194cc71cf98,d1346436-ac96-4271-b863-1f4fdead95b0,971bdb23-3ff6-43eb-b422-1c30165a3663,17debcc3-0a6b-4b8a-b00b-dc58b885581e,711ebe11-f673-4cd9-9a83-63c60ba54c5b,c0143906-9aed-447e-9436-2ae8512d1b6e,14da1725-c4c2-42b4-ab08-ee0aeb6898b3,081cab31-dccd-428e-8652-f2404cc81c47,78e0584a-4343-4727-8f37-e14e65c2a2db,ba21476f-2866-4f81-9c4d-6e359316e448,871c3b6c-7379-419d-bda3-794b239ab90d,1d08ef62-a503-4ce2-8b9a-46c90873f7d3,ff9b0199-ce04-4cfe-86cc-6c719f08d6e4,de1c2107-70c8-4021-8459-6399f24d01c6,cbf30902-517f-40dc-af90-a550bac27cf1,5c601d96-e4c7-4698-991b-7ee674b11079
2026-8-30 15:24:49-debug: Init bundle root assets success..., progress: 0%
2026-8-30 15:24:49-debug:   Number of other assets: 318
2026-8-30 15:24:49-debug:   Number of all scripts: 7
2026-8-30 15:24:49-debug: // ---- build task 查询 Asset Bundle ---- (22ms)
2026-8-30 15:24:49-debug: [Build Memory track]: 查询 Asset Bundle start:238.31MB, end 238.04MB, increase: -278.72KB
2026-8-30 15:24:49-debug: 查询 Asset Bundle start, progress: 5%
2026-8-30 15:24:49-debug: // ---- build task 查询 Asset Bundle ----
2026-8-30 15:24:49-log: run build task 查询 Asset Bundle success in 22 ms√, progress: 5%
2026-8-30 15:24:49-debug: // ---- build task 查询 Asset Bundle ---- (19ms)
2026-8-30 15:24:49-log: run build task 查询 Asset Bundle success in 19 ms√, progress: 10%
2026-8-30 15:24:49-debug: [Build Memory track]: 查询 Asset Bundle start:238.07MB, end 238.17MB, increase: 103.94KB
2026-8-30 15:24:49-debug: 整理部分构建选项内数据到 settings.json start, progress: 10%
2026-8-30 15:24:49-debug: // ---- build task 整理部分构建选项内数据到 settings.json ----
2026-8-30 15:24:49-debug: // ---- build task 整理部分构建选项内数据到 settings.json ---- (3ms)
2026-8-30 15:24:49-log: run build task 整理部分构建选项内数据到 settings.json success in 3 ms√, progress: 12%
2026-8-30 15:24:49-debug: 填充脚本数据到 settings.json start, progress: 12%
2026-8-30 15:24:49-debug: [Build Memory track]: 整理部分构建选项内数据到 settings.json start:238.21MB, end 238.23MB, increase: 27.92KB
2026-8-30 15:24:49-debug: // ---- build task 填充脚本数据到 settings.json ----
2026-8-30 15:24:49-debug: // ---- build task 填充脚本数据到 settings.json ---- (5ms)
2026-8-30 15:24:49-log: run build task 填充脚本数据到 settings.json success in 5 ms√, progress: 13%
2026-8-30 15:24:49-debug: 整理部分构建选项内数据到 settings.json start, progress: 13%
2026-8-30 15:24:49-debug: [Build Memory track]: 填充脚本数据到 settings.json start:238.26MB, end 238.29MB, increase: 27.44KB
2026-8-30 15:24:49-debug: // ---- build task 整理部分构建选项内数据到 settings.json ----
2026-8-30 15:24:49-debug: // ---- build task 整理部分构建选项内数据到 settings.json ---- (15ms)
2026-8-30 15:24:49-log: run build task 整理部分构建选项内数据到 settings.json success in 15 ms√, progress: 15%
2026-8-30 15:24:49-debug: [Build Memory track]: 整理部分构建选项内数据到 settings.json start:238.32MB, end 238.45MB, increase: 127.49KB
2026-8-30 15:24:53-debug: refresh db internal success
2026-8-30 15:24:53-debug: refresh db assets success
2026-8-30 15:24:53-debug: Run asset db hook engine-extends:afterRefresh ...
2026-8-30 15:24:53-debug: Run asset db hook engine-extends:afterRefresh success!
2026-8-30 15:24:53-debug: asset-db:refresh-all-database (109ms)
2026-8-30 15:24:53-debug: asset-db:worker-effect-data-processing (2ms)
2026-8-30 15:24:53-debug: asset-db-hook-engine-extends-afterRefresh (2ms)
2026-8-30 15:24:54-debug: %cImport%c: D:\GameByself\Cocos\Project1\assets\Scenes\scene.scenebackground: #aaff85; color: #000;color: #000;
2026-8-30 15:24:54-debug: asset-db:reimport-assetcb02e093-8bba-4046-8e6e-d0462e7be5da (12ms)
2026-8-30 15:24:54-debug: Query all assets info in project
2026-8-30 15:24:54-debug: init custom config: keepNodeUuid: false, useCache: true
2026-8-30 15:24:54-debug: Skip compress image, progress: 0%
2026-8-30 15:24:54-debug: Init all bundles start..., progress: 0%
2026-8-30 15:24:54-debug: // ---- build task 查询 Asset Bundle ----
2026-8-30 15:24:54-debug: Init bundle root assets start..., progress: 0%
2026-8-30 15:24:54-debug: 查询 Asset Bundle start, progress: 0%
2026-8-30 15:24:54-debug: Num of bundles: 3..., progress: 0%
2026-8-30 15:24:54-debug: Query preload assets/scripts from cc.config.json: 60f7195c-ec2a-45eb-ba94-8955f60e81d0,1c02ae6f-4492-4915-b8f8-7492a3b1e4cd,810e96e4-e456-4468-9b59-f4e8f39732c0,efe8e2a3-eace-427b-b4f1-cb8a937ec77d,e9aa9a3e-5b2b-4ac7-a2c7-073de2b2b24f,8bbdbcdd-5cd4-4100-b6d5-b7c9625b6107,50f4348b-c883-4e2f-8f11-ce233b859fa1,fda095cb-831d-4601-ad94-846013963de8,f92806d7-1768-443f-afe8-12bcde84d0f0,dd3a144d-ab7f-41f0-82b8-2e43a090d496,f0416e68-0200-4b77-a926-4f9d16e494da,511d2633-09a7-4bdd-ac42-f778032124b3,5d45aa00-e064-4938-b314-4265f0c2258c,9361fd90-ba52-4f84-aa93-6e878fd576ca,970b0598-bcb0-4714-91fb-2e81440dccd8,bcd64cc6-2dd9-43f6-abbe-66318d332032,d930590d-bb92-4cc8-8bd1-23cd027f9edf,a3cd009f-0ab0-420d-9278-b9fdab939bbc,6a2d0734-bd9e-4ddf-946e-caa52498cb75,c27215d8-6835-4b68-bfbb-bdeac6100c04,b5d6115f-0370-4d7c-aad3-c194cc71cf98,d1346436-ac96-4271-b863-1f4fdead95b0,971bdb23-3ff6-43eb-b422-1c30165a3663,17debcc3-0a6b-4b8a-b00b-dc58b885581e,711ebe11-f673-4cd9-9a83-63c60ba54c5b,c0143906-9aed-447e-9436-2ae8512d1b6e,14da1725-c4c2-42b4-ab08-ee0aeb6898b3,081cab31-dccd-428e-8652-f2404cc81c47,78e0584a-4343-4727-8f37-e14e65c2a2db,ba21476f-2866-4f81-9c4d-6e359316e448,871c3b6c-7379-419d-bda3-794b239ab90d,1d08ef62-a503-4ce2-8b9a-46c90873f7d3,ff9b0199-ce04-4cfe-86cc-6c719f08d6e4,de1c2107-70c8-4021-8459-6399f24d01c6,cbf30902-517f-40dc-af90-a550bac27cf1,5c601d96-e4c7-4698-991b-7ee674b11079
2026-8-30 15:24:54-debug:   Number of all scenes: 1
2026-8-30 15:24:54-debug:   Number of other assets: 318
2026-8-30 15:24:54-debug: Init bundle root assets success..., progress: 0%
2026-8-30 15:24:54-debug:   Number of all scripts: 7
2026-8-30 15:24:54-debug: // ---- build task 查询 Asset Bundle ---- (9ms)
2026-8-30 15:24:54-log: run build task 查询 Asset Bundle success in 9 ms√, progress: 5%
2026-8-30 15:24:54-debug: [Build Memory track]: 查询 Asset Bundle start:239.63MB, end 239.37MB, increase: -261.11KB
2026-8-30 15:24:54-debug: // ---- build task 查询 Asset Bundle ----
2026-8-30 15:24:54-debug: 查询 Asset Bundle start, progress: 5%
2026-8-30 15:24:54-debug: // ---- build task 查询 Asset Bundle ---- (3ms)
2026-8-30 15:24:54-log: run build task 查询 Asset Bundle success in 3 ms√, progress: 10%
2026-8-30 15:24:54-debug: 整理部分构建选项内数据到 settings.json start, progress: 10%
2026-8-30 15:24:54-debug: [Build Memory track]: 查询 Asset Bundle start:239.41MB, end 239.52MB, increase: 105.44KB
2026-8-30 15:24:54-debug: // ---- build task 整理部分构建选项内数据到 settings.json ----
2026-8-30 15:24:54-debug: // ---- build task 整理部分构建选项内数据到 settings.json ---- (2ms)
2026-8-30 15:24:54-log: run build task 整理部分构建选项内数据到 settings.json success in 2 ms√, progress: 12%
2026-8-30 15:24:54-debug: [Build Memory track]: 整理部分构建选项内数据到 settings.json start:239.55MB, end 239.58MB, increase: 28.05KB
2026-8-30 15:24:54-debug: // ---- build task 填充脚本数据到 settings.json ----
2026-8-30 15:24:54-debug: 填充脚本数据到 settings.json start, progress: 12%
2026-8-30 15:24:54-debug: // ---- build task 填充脚本数据到 settings.json ---- (2ms)
2026-8-30 15:24:54-log: run build task 填充脚本数据到 settings.json success in 2 ms√, progress: 13%
2026-8-30 15:24:54-debug: 整理部分构建选项内数据到 settings.json start, progress: 13%
2026-8-30 15:24:54-debug: [Build Memory track]: 填充脚本数据到 settings.json start:239.61MB, end 239.63MB, increase: 27.48KB
2026-8-30 15:24:54-debug: // ---- build task 整理部分构建选项内数据到 settings.json ----
2026-8-30 15:24:54-debug: // ---- build task 整理部分构建选项内数据到 settings.json ---- (5ms)
2026-8-30 15:24:54-log: run build task 整理部分构建选项内数据到 settings.json success in 5 ms√, progress: 15%
2026-8-30 15:24:54-debug: [Build Memory track]: 整理部分构建选项内数据到 settings.json start:239.66MB, end 239.79MB, increase: 128.72KB
2026-8-30 15:25:15-debug: refresh db internal success
2026-8-30 15:25:15-debug: refresh db assets success
2026-8-30 15:25:15-debug: Run asset db hook engine-extends:afterRefresh ...
2026-8-30 15:25:15-debug: Run asset db hook engine-extends:afterRefresh success!
2026-8-30 15:25:15-debug: asset-db:worker-effect-data-processing (2ms)
2026-8-30 15:25:15-debug: asset-db-hook-engine-extends-afterRefresh (3ms)
2026-8-30 15:25:15-debug: asset-db:refresh-all-database (103ms)
2026-8-30 15:25:17-debug: %cImport%c: D:\GameByself\Cocos\Project1\assets\Scenes\scene.scenebackground: #aaff85; color: #000;color: #000;
2026-8-30 15:25:17-debug: asset-db:reimport-assetcb02e093-8bba-4046-8e6e-d0462e7be5da (12ms)
2026-8-30 15:25:18-debug: Query all assets info in project
2026-8-30 15:25:18-debug: Skip compress image, progress: 0%
2026-8-30 15:25:18-debug: init custom config: keepNodeUuid: false, useCache: true
2026-8-30 15:25:18-debug: Init all bundles start..., progress: 0%
2026-8-30 15:25:18-debug: Num of bundles: 3..., progress: 0%
2026-8-30 15:25:18-debug: 查询 Asset Bundle start, progress: 0%
2026-8-30 15:25:18-debug: // ---- build task 查询 Asset Bundle ----
2026-8-30 15:25:18-debug: Init bundle root assets start..., progress: 0%
2026-8-30 15:25:18-debug: Query preload assets/scripts from cc.config.json: 60f7195c-ec2a-45eb-ba94-8955f60e81d0,1c02ae6f-4492-4915-b8f8-7492a3b1e4cd,810e96e4-e456-4468-9b59-f4e8f39732c0,efe8e2a3-eace-427b-b4f1-cb8a937ec77d,e9aa9a3e-5b2b-4ac7-a2c7-073de2b2b24f,8bbdbcdd-5cd4-4100-b6d5-b7c9625b6107,50f4348b-c883-4e2f-8f11-ce233b859fa1,fda095cb-831d-4601-ad94-846013963de8,f92806d7-1768-443f-afe8-12bcde84d0f0,dd3a144d-ab7f-41f0-82b8-2e43a090d496,f0416e68-0200-4b77-a926-4f9d16e494da,511d2633-09a7-4bdd-ac42-f778032124b3,5d45aa00-e064-4938-b314-4265f0c2258c,9361fd90-ba52-4f84-aa93-6e878fd576ca,970b0598-bcb0-4714-91fb-2e81440dccd8,bcd64cc6-2dd9-43f6-abbe-66318d332032,d930590d-bb92-4cc8-8bd1-23cd027f9edf,a3cd009f-0ab0-420d-9278-b9fdab939bbc,6a2d0734-bd9e-4ddf-946e-caa52498cb75,c27215d8-6835-4b68-bfbb-bdeac6100c04,b5d6115f-0370-4d7c-aad3-c194cc71cf98,d1346436-ac96-4271-b863-1f4fdead95b0,971bdb23-3ff6-43eb-b422-1c30165a3663,17debcc3-0a6b-4b8a-b00b-dc58b885581e,711ebe11-f673-4cd9-9a83-63c60ba54c5b,c0143906-9aed-447e-9436-2ae8512d1b6e,14da1725-c4c2-42b4-ab08-ee0aeb6898b3,081cab31-dccd-428e-8652-f2404cc81c47,78e0584a-4343-4727-8f37-e14e65c2a2db,ba21476f-2866-4f81-9c4d-6e359316e448,871c3b6c-7379-419d-bda3-794b239ab90d,1d08ef62-a503-4ce2-8b9a-46c90873f7d3,ff9b0199-ce04-4cfe-86cc-6c719f08d6e4,de1c2107-70c8-4021-8459-6399f24d01c6,cbf30902-517f-40dc-af90-a550bac27cf1,5c601d96-e4c7-4698-991b-7ee674b11079
2026-8-30 15:25:18-debug:   Number of all scenes: 1
2026-8-30 15:25:18-debug:   Number of other assets: 318
2026-8-30 15:25:18-debug:   Number of all scripts: 7
2026-8-30 15:25:18-debug: Init bundle root assets success..., progress: 0%
2026-8-30 15:25:18-debug: // ---- build task 查询 Asset Bundle ---- (15ms)
2026-8-30 15:25:18-log: run build task 查询 Asset Bundle success in 15 ms√, progress: 5%
2026-8-30 15:25:18-debug: [Build Memory track]: 查询 Asset Bundle start:240.69MB, end 240.43MB, increase: -264.15KB
2026-8-30 15:25:18-debug: 查询 Asset Bundle start, progress: 5%
2026-8-30 15:25:18-debug: // ---- build task 查询 Asset Bundle ----
2026-8-30 15:25:18-debug: // ---- build task 查询 Asset Bundle ---- (19ms)
2026-8-30 15:25:18-log: run build task 查询 Asset Bundle success in 19 ms√, progress: 10%
2026-8-30 15:25:18-debug: [Build Memory track]: 查询 Asset Bundle start:240.46MB, end 240.57MB, increase: 103.87KB
2026-8-30 15:25:18-debug: // ---- build task 整理部分构建选项内数据到 settings.json ----
2026-8-30 15:25:18-debug: 整理部分构建选项内数据到 settings.json start, progress: 10%
2026-8-30 15:25:18-debug: // ---- build task 整理部分构建选项内数据到 settings.json ---- (7ms)
2026-8-30 15:25:18-log: run build task 整理部分构建选项内数据到 settings.json success in 7 ms√, progress: 12%
2026-8-30 15:25:18-debug: [Build Memory track]: 整理部分构建选项内数据到 settings.json start:240.60MB, end 240.62MB, increase: 28.02KB
2026-8-30 15:25:18-debug: // ---- build task 填充脚本数据到 settings.json ----
2026-8-30 15:25:18-debug: 填充脚本数据到 settings.json start, progress: 12%
2026-8-30 15:25:18-debug: // ---- build task 填充脚本数据到 settings.json ---- (13ms)
2026-8-30 15:25:18-log: run build task 填充脚本数据到 settings.json success in 13 ms√, progress: 13%
2026-8-30 15:25:18-debug: [Build Memory track]: 填充脚本数据到 settings.json start:240.66MB, end 240.68MB, increase: 27.39KB
2026-8-30 15:25:18-debug: 整理部分构建选项内数据到 settings.json start, progress: 13%
2026-8-30 15:25:18-debug: // ---- build task 整理部分构建选项内数据到 settings.json ----
2026-8-30 15:25:18-debug: // ---- build task 整理部分构建选项内数据到 settings.json ---- (17ms)
2026-8-30 15:25:18-log: run build task 整理部分构建选项内数据到 settings.json success in 17 ms√, progress: 15%
2026-8-30 15:25:18-debug: [Build Memory track]: 整理部分构建选项内数据到 settings.json start:240.71MB, end 240.84MB, increase: 129.15KB
2026-8-30 15:25:30-debug: refresh db internal success
2026-8-30 15:25:30-debug: refresh db assets success
2026-8-30 15:25:30-debug: Run asset db hook engine-extends:afterRefresh ...
2026-8-30 15:25:30-debug: Run asset db hook engine-extends:afterRefresh success!
2026-8-30 15:25:30-debug: asset-db:refresh-all-database (102ms)
2026-8-30 15:25:30-debug: asset-db:worker-effect-data-processing (2ms)
2026-8-30 15:25:30-debug: asset-db-hook-engine-extends-afterRefresh (3ms)
2026-8-30 15:25:32-debug: refresh db internal success
2026-8-30 15:25:32-debug: refresh db assets success
2026-8-30 15:25:32-debug: Run asset db hook engine-extends:afterRefresh success!
2026-8-30 15:25:32-debug: Run asset db hook engine-extends:afterRefresh ...
2026-8-30 15:25:32-debug: asset-db:refresh-all-database (101ms)
2026-8-30 15:25:32-debug: asset-db:worker-effect-data-processing (2ms)
2026-8-30 15:25:32-debug: asset-db-hook-engine-extends-afterRefresh (2ms)
2026-8-30 15:25:37-debug: Query all assets info in project
2026-8-30 15:25:37-debug: init custom config: keepNodeUuid: false, useCache: true
2026-8-30 15:25:37-debug: Skip compress image, progress: 0%
2026-8-30 15:25:37-debug: Init all bundles start..., progress: 0%
2026-8-30 15:25:37-debug: // ---- build task 查询 Asset Bundle ----
2026-8-30 15:25:37-debug: Num of bundles: 3..., progress: 0%
2026-8-30 15:25:37-debug: Init bundle root assets start..., progress: 0%
2026-8-30 15:25:37-debug: 查询 Asset Bundle start, progress: 0%
2026-8-30 15:25:37-debug: Query preload assets/scripts from cc.config.json: 60f7195c-ec2a-45eb-ba94-8955f60e81d0,1c02ae6f-4492-4915-b8f8-7492a3b1e4cd,810e96e4-e456-4468-9b59-f4e8f39732c0,efe8e2a3-eace-427b-b4f1-cb8a937ec77d,e9aa9a3e-5b2b-4ac7-a2c7-073de2b2b24f,8bbdbcdd-5cd4-4100-b6d5-b7c9625b6107,50f4348b-c883-4e2f-8f11-ce233b859fa1,fda095cb-831d-4601-ad94-846013963de8,f92806d7-1768-443f-afe8-12bcde84d0f0,dd3a144d-ab7f-41f0-82b8-2e43a090d496,f0416e68-0200-4b77-a926-4f9d16e494da,511d2633-09a7-4bdd-ac42-f778032124b3,5d45aa00-e064-4938-b314-4265f0c2258c,9361fd90-ba52-4f84-aa93-6e878fd576ca,970b0598-bcb0-4714-91fb-2e81440dccd8,bcd64cc6-2dd9-43f6-abbe-66318d332032,d930590d-bb92-4cc8-8bd1-23cd027f9edf,a3cd009f-0ab0-420d-9278-b9fdab939bbc,6a2d0734-bd9e-4ddf-946e-caa52498cb75,c27215d8-6835-4b68-bfbb-bdeac6100c04,b5d6115f-0370-4d7c-aad3-c194cc71cf98,d1346436-ac96-4271-b863-1f4fdead95b0,971bdb23-3ff6-43eb-b422-1c30165a3663,17debcc3-0a6b-4b8a-b00b-dc58b885581e,711ebe11-f673-4cd9-9a83-63c60ba54c5b,c0143906-9aed-447e-9436-2ae8512d1b6e,14da1725-c4c2-42b4-ab08-ee0aeb6898b3,081cab31-dccd-428e-8652-f2404cc81c47,78e0584a-4343-4727-8f37-e14e65c2a2db,ba21476f-2866-4f81-9c4d-6e359316e448,871c3b6c-7379-419d-bda3-794b239ab90d,1d08ef62-a503-4ce2-8b9a-46c90873f7d3,ff9b0199-ce04-4cfe-86cc-6c719f08d6e4,de1c2107-70c8-4021-8459-6399f24d01c6,cbf30902-517f-40dc-af90-a550bac27cf1,5c601d96-e4c7-4698-991b-7ee674b11079
2026-8-30 15:25:37-debug:   Number of all scenes: 1
2026-8-30 15:25:37-debug:   Number of all scripts: 7
2026-8-30 15:25:37-debug:   Number of other assets: 318
2026-8-30 15:25:37-debug: Init bundle root assets success..., progress: 0%
2026-8-30 15:25:37-debug: // ---- build task 查询 Asset Bundle ---- (12ms)
2026-8-30 15:25:37-log: run build task 查询 Asset Bundle success in 12 ms√, progress: 5%
2026-8-30 15:25:37-debug: [Build Memory track]: 查询 Asset Bundle start:243.24MB, end 242.10MB, increase: -1167.05KB
2026-8-30 15:25:37-debug: 查询 Asset Bundle start, progress: 5%
2026-8-30 15:25:37-debug: // ---- build task 查询 Asset Bundle ----
2026-8-30 15:25:37-debug: // ---- build task 查询 Asset Bundle ---- (10ms)
2026-8-30 15:25:37-log: run build task 查询 Asset Bundle success in 10 ms√, progress: 10%
2026-8-30 15:25:37-debug: [Build Memory track]: 查询 Asset Bundle start:242.13MB, end 242.24MB, increase: 107.43KB
2026-8-30 15:25:37-debug: 整理部分构建选项内数据到 settings.json start, progress: 10%
2026-8-30 15:25:37-debug: // ---- build task 整理部分构建选项内数据到 settings.json ----
2026-8-30 15:25:37-debug: [Build Memory track]: 整理部分构建选项内数据到 settings.json start:242.27MB, end 242.30MB, increase: 27.77KB
2026-8-30 15:25:37-debug: 填充脚本数据到 settings.json start, progress: 12%
2026-8-30 15:25:37-debug: // ---- build task 整理部分构建选项内数据到 settings.json ---- (9ms)
2026-8-30 15:25:37-log: run build task 整理部分构建选项内数据到 settings.json success in 9 ms√, progress: 12%
2026-8-30 15:25:37-debug: // ---- build task 填充脚本数据到 settings.json ----
2026-8-30 15:25:37-debug: // ---- build task 填充脚本数据到 settings.json ---- (7ms)
2026-8-30 15:25:37-log: run build task 填充脚本数据到 settings.json success in 7 ms√, progress: 13%
2026-8-30 15:25:37-debug: 整理部分构建选项内数据到 settings.json start, progress: 13%
2026-8-30 15:25:37-debug: [Build Memory track]: 填充脚本数据到 settings.json start:242.33MB, end 242.36MB, increase: 27.29KB
2026-8-30 15:25:37-debug: // ---- build task 整理部分构建选项内数据到 settings.json ----
2026-8-30 15:25:37-debug: // ---- build task 整理部分构建选项内数据到 settings.json ---- (21ms)
2026-8-30 15:25:37-log: run build task 整理部分构建选项内数据到 settings.json success in 21 ms√, progress: 15%
2026-8-30 15:25:37-debug: [Build Memory track]: 整理部分构建选项内数据到 settings.json start:242.39MB, end 242.51MB, increase: 127.53KB
2026-8-30 15:25:50-debug: refresh db internal success
2026-8-30 15:25:50-debug: refresh db assets success
2026-8-30 15:25:50-debug: Run asset db hook engine-extends:afterRefresh ...
2026-8-30 15:25:50-debug: Run asset db hook engine-extends:afterRefresh success!
2026-8-30 15:25:50-debug: asset-db:refresh-all-database (122ms)
2026-8-30 15:25:50-debug: asset-db:worker-effect-data-processing (2ms)
2026-8-30 15:25:50-debug: asset-db-hook-engine-extends-afterRefresh (3ms)
2026-8-30 15:26:28-debug: refresh db internal success
2026-8-30 15:26:28-debug: refresh db assets success
2026-8-30 15:26:28-debug: Run asset db hook engine-extends:afterRefresh ...
2026-8-30 15:26:28-debug: Run asset db hook engine-extends:afterRefresh success!
2026-8-30 15:26:28-debug: asset-db:refresh-all-database (117ms)
2026-8-30 15:26:28-debug: asset-db:worker-effect-data-processing (2ms)
2026-8-30 15:26:28-debug: asset-db-hook-engine-extends-afterRefresh (2ms)
2026-8-30 15:27:32-debug: refresh db internal success
2026-8-30 15:27:32-debug: refresh db assets success
2026-8-30 15:27:32-debug: Run asset db hook engine-extends:afterRefresh success!
2026-8-30 15:27:32-debug: Run asset db hook engine-extends:afterRefresh ...
2026-8-30 15:27:33-debug: asset-db:refresh-all-database (104ms)
2026-8-30 15:27:33-debug: asset-db:worker-effect-data-processing (2ms)
2026-8-30 15:27:33-debug: asset-db-hook-engine-extends-afterRefresh (3ms)
2026-8-30 15:27:37-debug: refresh db internal success
2026-8-30 15:27:37-debug: refresh db assets success
2026-8-30 15:27:37-debug: Run asset db hook engine-extends:afterRefresh ...
2026-8-30 15:27:37-debug: Run asset db hook engine-extends:afterRefresh success!
2026-8-30 15:27:37-debug: asset-db:refresh-all-database (105ms)
2026-8-30 15:27:37-debug: asset-db:worker-effect-data-processing (1ms)
2026-8-30 15:27:37-debug: asset-db-hook-engine-extends-afterRefresh (2ms)
2026-8-30 15:27:49-debug: refresh db internal success
2026-8-30 15:27:49-debug: refresh db assets success
2026-8-30 15:27:49-debug: Run asset db hook engine-extends:afterRefresh ...
2026-8-30 15:27:49-debug: Run asset db hook engine-extends:afterRefresh success!
2026-8-30 15:27:49-debug: asset-db:refresh-all-database (100ms)
2026-8-30 15:27:49-debug: asset-db:worker-effect-data-processing (2ms)
2026-8-30 15:27:49-debug: asset-db-hook-engine-extends-afterRefresh (2ms)
2026-8-30 15:28:23-debug: refresh db internal success
2026-8-30 15:28:23-debug: refresh db assets success
2026-8-30 15:28:23-debug: Run asset db hook engine-extends:afterRefresh ...
2026-8-30 15:28:23-debug: Run asset db hook engine-extends:afterRefresh success!
2026-8-30 15:28:23-debug: asset-db:refresh-all-database (111ms)
2026-8-30 15:28:23-debug: asset-db:worker-effect-data-processing (1ms)
2026-8-30 15:28:23-debug: asset-db-hook-engine-extends-afterRefresh (1ms)
2026-8-30 15:28:37-debug: refresh db internal success
2026-8-30 15:28:37-debug: refresh db assets success
2026-8-30 15:28:37-debug: Run asset db hook engine-extends:afterRefresh ...
2026-8-30 15:28:37-debug: Run asset db hook engine-extends:afterRefresh success!
2026-8-30 15:28:37-debug: asset-db:refresh-all-database (100ms)
2026-8-30 15:28:37-debug: asset-db:worker-effect-data-processing (2ms)
2026-8-30 15:28:37-debug: asset-db-hook-engine-extends-afterRefresh (2ms)
2026-8-30 15:28:42-debug: refresh db internal success
2026-8-30 15:28:42-debug: refresh db assets success
2026-8-30 15:28:42-debug: Run asset db hook engine-extends:afterRefresh ...
2026-8-30 15:28:42-debug: Run asset db hook engine-extends:afterRefresh success!
2026-8-30 15:28:42-debug: asset-db:refresh-all-database (101ms)
2026-8-30 15:28:42-debug: asset-db:worker-effect-data-processing (1ms)
2026-8-30 15:28:42-debug: asset-db-hook-engine-extends-afterRefresh (1ms)
2026-8-30 15:28:44-debug: refresh db internal success
2026-8-30 15:28:44-debug: refresh db assets success
2026-8-30 15:28:44-debug: Run asset db hook engine-extends:afterRefresh ...
2026-8-30 15:28:44-debug: Run asset db hook engine-extends:afterRefresh success!
2026-8-30 15:28:44-debug: asset-db:refresh-all-database (127ms)
2026-8-30 15:28:44-debug: asset-db:worker-effect-data-processing (2ms)
2026-8-30 15:28:44-debug: asset-db-hook-engine-extends-afterRefresh (2ms)
2026-8-30 15:28:47-debug: refresh db internal success
2026-8-30 15:28:47-debug: refresh db assets success
2026-8-30 15:28:47-debug: Run asset db hook engine-extends:afterRefresh ...
2026-8-30 15:28:47-debug: Run asset db hook engine-extends:afterRefresh success!
2026-8-30 15:28:47-debug: asset-db:refresh-all-database (98ms)
2026-8-30 15:28:47-debug: asset-db:worker-effect-data-processing (1ms)
2026-8-30 15:28:47-debug: asset-db-hook-engine-extends-afterRefresh (2ms)
2026-8-30 15:29:35-debug: refresh db internal success
2026-8-30 15:29:35-debug: refresh db assets success
2026-8-30 15:29:35-debug: Run asset db hook engine-extends:afterRefresh ...
2026-8-30 15:29:35-debug: Run asset db hook engine-extends:afterRefresh success!
2026-8-30 15:29:35-debug: asset-db:refresh-all-database (104ms)
2026-8-30 15:29:35-debug: asset-db:worker-effect-data-processing (2ms)
2026-8-30 15:29:35-debug: asset-db-hook-engine-extends-afterRefresh (2ms)
2026-8-30 15:29:38-debug: refresh db internal success
2026-8-30 15:29:38-debug: refresh db assets success
2026-8-30 15:29:38-debug: Run asset db hook engine-extends:afterRefresh ...
2026-8-30 15:29:38-debug: Run asset db hook engine-extends:afterRefresh success!
2026-8-30 15:29:38-debug: asset-db:refresh-all-database (98ms)
2026-8-30 15:29:38-debug: asset-db:worker-effect-data-processing (2ms)
2026-8-30 15:29:38-debug: asset-db-hook-engine-extends-afterRefresh (2ms)
2026-8-30 15:30:17-debug: refresh db internal success
2026-8-30 15:30:17-debug: refresh db assets success
2026-8-30 15:30:17-debug: Run asset db hook engine-extends:afterRefresh ...
2026-8-30 15:30:17-debug: Run asset db hook engine-extends:afterRefresh success!
2026-8-30 15:30:17-debug: asset-db:worker-effect-data-processing (1ms)
2026-8-30 15:30:17-debug: asset-db:refresh-all-database (105ms)
2026-8-30 15:30:17-debug: asset-db-hook-engine-extends-afterRefresh (1ms)
2026-8-30 15:31:19-debug: refresh db internal success
2026-8-30 15:31:19-debug: refresh db assets success
2026-8-30 15:31:19-debug: Run asset db hook engine-extends:afterRefresh ...
2026-8-30 15:31:19-debug: Run asset db hook engine-extends:afterRefresh success!
2026-8-30 15:31:19-debug: asset-db:refresh-all-database (103ms)
2026-8-30 15:31:19-debug: asset-db:worker-effect-data-processing (1ms)
2026-8-30 15:31:19-debug: asset-db-hook-engine-extends-afterRefresh (1ms)
2026-8-30 15:31:22-debug: refresh db internal success
2026-8-30 15:31:22-debug: refresh db assets success
2026-8-30 15:31:22-debug: Run asset db hook engine-extends:afterRefresh ...
2026-8-30 15:31:22-debug: Run asset db hook engine-extends:afterRefresh success!
2026-8-30 15:31:22-debug: asset-db:refresh-all-database (106ms)
2026-8-30 15:31:22-debug: asset-db:worker-effect-data-processing (1ms)
2026-8-30 15:31:22-debug: asset-db-hook-engine-extends-afterRefresh (2ms)
2026-8-30 15:32:03-debug: refresh db internal success
2026-8-30 15:32:03-debug: refresh db assets success
2026-8-30 15:32:03-debug: Run asset db hook engine-extends:afterRefresh ...
2026-8-30 15:32:03-debug: Run asset db hook engine-extends:afterRefresh success!
2026-8-30 15:32:03-debug: asset-db:refresh-all-database (102ms)
2026-8-30 15:32:03-debug: asset-db:worker-effect-data-processing (2ms)
2026-8-30 15:32:03-debug: asset-db-hook-engine-extends-afterRefresh (2ms)
2026-8-30 15:38:45-debug: refresh db internal success
2026-8-30 15:38:45-debug: refresh db assets success
2026-8-30 15:38:45-debug: Run asset db hook engine-extends:afterRefresh ...
2026-8-30 15:38:45-debug: Run asset db hook engine-extends:afterRefresh success!
2026-8-30 15:38:45-debug: asset-db:refresh-all-database (101ms)
2026-8-30 15:38:45-debug: asset-db:worker-effect-data-processing (1ms)
2026-8-30 15:38:45-debug: asset-db-hook-engine-extends-afterRefresh (2ms)
2026-8-30 15:38:54-debug: refresh db internal success
2026-8-30 15:38:54-debug: refresh db assets success
2026-8-30 15:38:54-debug: Run asset db hook engine-extends:afterRefresh ...
2026-8-30 15:38:54-debug: Run asset db hook engine-extends:afterRefresh success!
2026-8-30 15:38:54-debug: asset-db:refresh-all-database (187ms)
2026-8-30 15:38:54-debug: asset-db:worker-effect-data-processing (88ms)
2026-8-30 15:38:54-debug: asset-db-hook-engine-extends-afterRefresh (89ms)
2026-8-30 15:38:56-debug: start refresh asset from D:\GameByself\Cocos\Project1\assets\resources\UI\Formula F04 (2).fbx...
2026-8-30 15:38:56-debug: %cImport%c: D:\GameByself\Cocos\Project1\assets\resources\UI\Formula F04 (2).fbxbackground: #aaff85; color: #000;color: #000;
2026-8-30 15:38:56-debug: Status file D:\GameByself\Cocos\Project1\temp\asset-db\assets\fbx.FBX-glTF-conv\677b4599-7620-48f1-aed2-977c26e50562\status.json: Error: ENOENT: no such file or directory, open 'D:\GameByself\Cocos\Project1\temp\asset-db\assets\fbx.FBX-glTF-conv\677b4599-7620-48f1-aed2-977c26e50562\status.json'
2026-8-30 15:38:56-debug: Frame rate: 30 [{asset(677b4599-7620-48f1-aed2-977c26e50562)}]
2026-8-30 15:38:56-debug: We can not get the associated material for some reasons. [{asset(677b4599-7620-48f1-aed2-977c26e50562)}]
2026-8-30 15:38:56-debug: We can not get the associated material for some reasons. [{asset(677b4599-7620-48f1-aed2-977c26e50562)}]
2026-8-30 15:38:56-debug: We can not get the associated material for some reasons. [{asset(677b4599-7620-48f1-aed2-977c26e50562)}]
2026-8-30 15:38:56-debug: We can not get the associated material for some reasons. [{asset(677b4599-7620-48f1-aed2-977c26e50562)}]
2026-8-30 15:38:56-debug: We can not get the associated material for some reasons. [{asset(677b4599-7620-48f1-aed2-977c26e50562)}]
2026-8-30 15:38:56-debug: We can not get the associated material for some reasons. [{asset(677b4599-7620-48f1-aed2-977c26e50562)}]
2026-8-30 15:38:56-debug: We can not get the associated material for some reasons. [{asset(677b4599-7620-48f1-aed2-977c26e50562)}]
2026-8-30 15:38:56-debug: We can not get the associated material for some reasons. [{asset(677b4599-7620-48f1-aed2-977c26e50562)}]
2026-8-30 15:38:56-debug: We can not get the associated material for some reasons. [{asset(677b4599-7620-48f1-aed2-977c26e50562)}]
2026-8-30 15:38:56-debug: We can not get the associated material for some reasons. [{asset(677b4599-7620-48f1-aed2-977c26e50562)}]
2026-8-30 15:38:56-debug: We can not get the associated material for some reasons. [{asset(677b4599-7620-48f1-aed2-977c26e50562)}]
2026-8-30 15:38:56-debug: We can not get the associated material for some reasons. [{asset(677b4599-7620-48f1-aed2-977c26e50562)}]
2026-8-30 15:38:56-debug: We can not get the associated material for some reasons. [{asset(677b4599-7620-48f1-aed2-977c26e50562)}]
2026-8-30 15:38:56-debug: We can not get the associated material for some reasons. [{asset(677b4599-7620-48f1-aed2-977c26e50562)}]
2026-8-30 15:38:56-debug: We can not get the associated material for some reasons. [{asset(677b4599-7620-48f1-aed2-977c26e50562)}]
2026-8-30 15:38:56-debug: We can not get the associated material for some reasons. [{asset(677b4599-7620-48f1-aed2-977c26e50562)}]
2026-8-30 15:38:56-debug: We can not get the associated material for some reasons. [{asset(677b4599-7620-48f1-aed2-977c26e50562)}]
2026-8-30 15:38:56-debug: We can not get the associated material for some reasons. [{asset(677b4599-7620-48f1-aed2-977c26e50562)}]
2026-8-30 15:38:56-debug: We can not get the associated material for some reasons. [{asset(677b4599-7620-48f1-aed2-977c26e50562)}]
2026-8-30 15:38:56-debug: We can not get the associated material for some reasons. [{asset(677b4599-7620-48f1-aed2-977c26e50562)}]
2026-8-30 15:38:56-debug: We can not get the associated material for some reasons. [{asset(677b4599-7620-48f1-aed2-977c26e50562)}]
2026-8-30 15:38:56-debug: We can not get the associated material for some reasons. [{asset(677b4599-7620-48f1-aed2-977c26e50562)}]
2026-8-30 15:38:56-debug: We can not get the associated material for some reasons. [{asset(677b4599-7620-48f1-aed2-977c26e50562)}]
2026-8-30 15:38:56-debug: We can not get the associated material for some reasons. [{asset(677b4599-7620-48f1-aed2-977c26e50562)}]
2026-8-30 15:38:56-debug: We can not get the associated material for some reasons. [{asset(677b4599-7620-48f1-aed2-977c26e50562)}]
2026-8-30 15:38:56-debug: We can not get the associated material for some reasons. [{asset(677b4599-7620-48f1-aed2-977c26e50562)}]
2026-8-30 15:38:56-debug: We can not get the associated material for some reasons. [{asset(677b4599-7620-48f1-aed2-977c26e50562)}]
2026-8-30 15:38:56-debug: We can not get the associated material for some reasons. [{asset(677b4599-7620-48f1-aed2-977c26e50562)}]
2026-8-30 15:38:56-debug: We can not get the associated material for some reasons. [{asset(677b4599-7620-48f1-aed2-977c26e50562)}]
2026-8-30 15:38:56-debug: We can not get the associated material for some reasons. [{asset(677b4599-7620-48f1-aed2-977c26e50562)}]
2026-8-30 15:38:56-debug: We can not get the associated material for some reasons. [{asset(677b4599-7620-48f1-aed2-977c26e50562)}]
2026-8-30 15:38:56-debug: We can not get the associated material for some reasons. [{asset(677b4599-7620-48f1-aed2-977c26e50562)}]
2026-8-30 15:38:56-debug: We can not get the associated material for some reasons. [{asset(677b4599-7620-48f1-aed2-977c26e50562)}]
2026-8-30 15:38:56-debug: We can not get the associated material for some reasons. [{asset(677b4599-7620-48f1-aed2-977c26e50562)}]
2026-8-30 15:38:56-debug: We can not get the associated material for some reasons. [{asset(677b4599-7620-48f1-aed2-977c26e50562)}]
2026-8-30 15:38:56-debug: We can not get the associated material for some reasons. [{asset(677b4599-7620-48f1-aed2-977c26e50562)}]
2026-8-30 15:38:56-debug: We can not get the associated material for some reasons. [{asset(677b4599-7620-48f1-aed2-977c26e50562)}]
2026-8-30 15:38:56-debug: We can not get the associated material for some reasons. [{asset(677b4599-7620-48f1-aed2-977c26e50562)}]
2026-8-30 15:38:56-debug: We can not get the associated material for some reasons. [{asset(677b4599-7620-48f1-aed2-977c26e50562)}]
2026-8-30 15:38:56-debug: We can not get the associated material for some reasons. [{asset(677b4599-7620-48f1-aed2-977c26e50562)}]
2026-8-30 15:38:56-debug: We can not get the associated material for some reasons. [{asset(677b4599-7620-48f1-aed2-977c26e50562)}]
2026-8-30 15:38:56-debug: We can not get the associated material for some reasons. [{asset(677b4599-7620-48f1-aed2-977c26e50562)}]
2026-8-30 15:38:56-debug: We can not get the associated material for some reasons. [{asset(677b4599-7620-48f1-aed2-977c26e50562)}]
2026-8-30 15:38:56-debug: We can not get the associated material for some reasons. [{asset(677b4599-7620-48f1-aed2-977c26e50562)}]
2026-8-30 15:38:56-debug: We can not get the associated material for some reasons. [{asset(677b4599-7620-48f1-aed2-977c26e50562)}]
2026-8-30 15:38:56-debug: We can not get the associated material for some reasons. [{asset(677b4599-7620-48f1-aed2-977c26e50562)}]
2026-8-30 15:38:56-debug: We can not get the associated material for some reasons. [{asset(677b4599-7620-48f1-aed2-977c26e50562)}]
2026-8-30 15:38:56-debug: We can not get the associated material for some reasons. [{asset(677b4599-7620-48f1-aed2-977c26e50562)}]
2026-8-30 15:38:56-debug: We can not get the associated material for some reasons. [{asset(677b4599-7620-48f1-aed2-977c26e50562)}]
2026-8-30 15:38:56-debug: We can not get the associated material for some reasons. [{asset(677b4599-7620-48f1-aed2-977c26e50562)}]
2026-8-30 15:38:56-debug: We can not get the associated material for some reasons. [{asset(677b4599-7620-48f1-aed2-977c26e50562)}]
2026-8-30 15:38:56-debug: We can not get the associated material for some reasons. [{asset(677b4599-7620-48f1-aed2-977c26e50562)}]
2026-8-30 15:38:56-debug: We can not get the associated material for some reasons. [{asset(677b4599-7620-48f1-aed2-977c26e50562)}]
2026-8-30 15:38:56-debug: We can not get the associated material for some reasons. [{asset(677b4599-7620-48f1-aed2-977c26e50562)}]
2026-8-30 15:38:56-debug: We can not get the associated material for some reasons. [{asset(677b4599-7620-48f1-aed2-977c26e50562)}]
2026-8-30 15:38:56-debug: We can not get the associated material for some reasons. [{asset(677b4599-7620-48f1-aed2-977c26e50562)}]
2026-8-30 15:38:56-debug: We can not get the associated material for some reasons. [{asset(677b4599-7620-48f1-aed2-977c26e50562)}]
2026-8-30 15:38:56-debug: We can not get the associated material for some reasons. [{asset(677b4599-7620-48f1-aed2-977c26e50562)}]
2026-8-30 15:38:56-debug: We can not get the associated material for some reasons. [{asset(677b4599-7620-48f1-aed2-977c26e50562)}]
2026-8-30 15:38:56-debug: We can not get the associated material for some reasons. [{asset(677b4599-7620-48f1-aed2-977c26e50562)}]
2026-8-30 15:38:56-debug: We can not get the associated material for some reasons. [{asset(677b4599-7620-48f1-aed2-977c26e50562)}]
2026-8-30 15:38:56-debug: %cImport%c: D:\GameByself\Cocos\Project1\assets\resources\UI\Formula F04 (2).fbx@33144background: #aaff85; color: #000;color: #000;
2026-8-30 15:38:56-debug: %cImport%c: D:\GameByself\Cocos\Project1\assets\resources\UI\Formula F04 (2).fbx@54202background: #aaff85; color: #000;color: #000;
2026-8-30 15:38:56-debug: %cImport%c: D:\GameByself\Cocos\Project1\assets\resources\UI\Formula F04 (2).fbx@99d6cbackground: #aaff85; color: #000;color: #000;
2026-8-30 15:38:56-debug: %cImport%c: D:\GameByself\Cocos\Project1\assets\resources\UI\Formula F04 (2).fbx@6ec10background: #aaff85; color: #000;color: #000;
2026-8-30 15:38:56-debug: %cImport%c: D:\GameByself\Cocos\Project1\assets\resources\UI\Formula F04 (2).fbx@3620dbackground: #aaff85; color: #000;color: #000;
2026-8-30 15:38:56-debug: %cImport%c: D:\GameByself\Cocos\Project1\assets\resources\UI\Formula F04 (2).fbx@cbffabackground: #aaff85; color: #000;color: #000;
2026-8-30 15:38:56-debug: %cImport%c: D:\GameByself\Cocos\Project1\assets\resources\UI\Formula F04 (2).fbx@3c0d1background: #aaff85; color: #000;color: #000;
2026-8-30 15:38:56-debug: %cImport%c: D:\GameByself\Cocos\Project1\assets\resources\UI\Formula F04 (2).fbx@6745bbackground: #aaff85; color: #000;color: #000;
2026-8-30 15:38:56-debug: %cImport%c: D:\GameByself\Cocos\Project1\assets\resources\UI\Formula F04 (2).fbx@b832bbackground: #aaff85; color: #000;color: #000;
2026-8-30 15:38:56-debug: %cImport%c: D:\GameByself\Cocos\Project1\assets\resources\UI\Formula F04 (2).fbx@f2dffbackground: #aaff85; color: #000;color: #000;
2026-8-30 15:38:56-debug: %cImport%c: D:\GameByself\Cocos\Project1\assets\resources\UI\Formula F04 (2).fbx@1d4ebbackground: #aaff85; color: #000;color: #000;
2026-8-30 15:38:56-debug: %cImport%c: D:\GameByself\Cocos\Project1\assets\resources\UI\Formula F04 (2).fbx@c05bcbackground: #aaff85; color: #000;color: #000;
2026-8-30 15:38:56-debug: %cImport%c: D:\GameByself\Cocos\Project1\assets\resources\UI\Formula F04 (2).fbx@9fa2abackground: #aaff85; color: #000;color: #000;
2026-8-30 15:38:56-debug: %cImport%c: D:\GameByself\Cocos\Project1\assets\resources\UI\Formula F04 (2).fbx@014cbbackground: #aaff85; color: #000;color: #000;
2026-8-30 15:38:56-debug: %cImport%c: D:\GameByself\Cocos\Project1\assets\resources\UI\Formula F04 (2).fbx@a1eb8background: #aaff85; color: #000;color: #000;
2026-8-30 15:38:56-debug: %cImport%c: D:\GameByself\Cocos\Project1\assets\resources\UI\Formula F04 (2).fbx@dde3dbackground: #aaff85; color: #000;color: #000;
2026-8-30 15:38:56-debug: %cImport%c: D:\GameByself\Cocos\Project1\assets\resources\UI\Formula F04 (2).fbx@b67cabackground: #aaff85; color: #000;color: #000;
2026-8-30 15:38:56-debug: %cImport%c: D:\GameByself\Cocos\Project1\assets\resources\UI\Formula F04 (2).fbx@c43e3background: #aaff85; color: #000;color: #000;
2026-8-30 15:38:56-debug: %cImport%c: D:\GameByself\Cocos\Project1\assets\resources\UI\Formula F04 (2).fbx@e1277background: #aaff85; color: #000;color: #000;
2026-8-30 15:38:56-debug: %cImport%c: D:\GameByself\Cocos\Project1\assets\resources\UI\Formula F04 (2).fbx@177c0background: #aaff85; color: #000;color: #000;
2026-8-30 15:38:56-debug: %cImport%c: D:\GameByself\Cocos\Project1\assets\resources\UI\Formula F04 (2).fbx@cc2fdbackground: #aaff85; color: #000;color: #000;
2026-8-30 15:38:56-debug: %cImport%c: D:\GameByself\Cocos\Project1\assets\resources\UI\Formula F04 (2).fbx@ec86bbackground: #aaff85; color: #000;color: #000;
2026-8-30 15:38:56-debug: %cImport%c: D:\GameByself\Cocos\Project1\assets\resources\UI\Formula F04 (2).fbx@2fbfcbackground: #aaff85; color: #000;color: #000;
2026-8-30 15:38:56-debug: %cImport%c: D:\GameByself\Cocos\Project1\assets\resources\UI\Formula F04 (2).fbx@e18cebackground: #aaff85; color: #000;color: #000;
2026-8-30 15:38:56-debug: %cImport%c: D:\GameByself\Cocos\Project1\assets\resources\UI\Formula F04 (2).fbx@743aebackground: #aaff85; color: #000;color: #000;
2026-8-30 15:38:56-debug: %cImport%c: D:\GameByself\Cocos\Project1\assets\resources\UI\Formula F04 (2).fbx@2dc97background: #aaff85; color: #000;color: #000;
2026-8-30 15:38:56-debug: %cImport%c: D:\GameByself\Cocos\Project1\assets\resources\UI\Formula F04 (2).fbx@254cebackground: #aaff85; color: #000;color: #000;
2026-8-30 15:38:56-debug: %cImport%c: D:\GameByself\Cocos\Project1\assets\resources\UI\Formula F04 (2).fbx@d8011background: #aaff85; color: #000;color: #000;
2026-8-30 15:38:56-debug: %cImport%c: D:\GameByself\Cocos\Project1\assets\resources\UI\Formula F04 (2).fbx@3e64bbackground: #aaff85; color: #000;color: #000;
2026-8-30 15:38:56-debug: %cImport%c: D:\GameByself\Cocos\Project1\assets\resources\UI\Formula F04 (2).fbx@d2258background: #aaff85; color: #000;color: #000;
2026-8-30 15:38:56-debug: %cImport%c: D:\GameByself\Cocos\Project1\assets\resources\UI\Formula F04 (2).fbx@5a499background: #aaff85; color: #000;color: #000;
2026-8-30 15:38:56-debug: %cImport%c: D:\GameByself\Cocos\Project1\assets\resources\UI\Formula F04 (2).fbx@7b128background: #aaff85; color: #000;color: #000;
2026-8-30 15:38:56-debug: %cImport%c: D:\GameByself\Cocos\Project1\assets\resources\UI\Formula F04 (2).fbx@3dea4background: #aaff85; color: #000;color: #000;
2026-8-30 15:38:56-debug: %cImport%c: D:\GameByself\Cocos\Project1\assets\resources\UI\Formula F04 (2).fbx@c5c5dbackground: #aaff85; color: #000;color: #000;
2026-8-30 15:38:56-debug: %cImport%c: D:\GameByself\Cocos\Project1\assets\resources\UI\Formula F04 (2).fbx@a58c3background: #aaff85; color: #000;color: #000;
2026-8-30 15:38:56-debug: %cImport%c: D:\GameByself\Cocos\Project1\assets\resources\UI\Formula F04 (2).fbx@7e93cbackground: #aaff85; color: #000;color: #000;
2026-8-30 15:38:56-debug: %cImport%c: D:\GameByself\Cocos\Project1\assets\resources\UI\Formula F04 (2).fbx@c7023background: #aaff85; color: #000;color: #000;
2026-8-30 15:38:56-debug: %cImport%c: D:\GameByself\Cocos\Project1\assets\resources\UI\Formula F04 (2).fbx@4cc2dbackground: #aaff85; color: #000;color: #000;
2026-8-30 15:38:56-debug: %cImport%c: D:\GameByself\Cocos\Project1\assets\resources\UI\Formula F04 (2).fbx@e056cbackground: #aaff85; color: #000;color: #000;
2026-8-30 15:38:56-debug: %cImport%c: D:\GameByself\Cocos\Project1\assets\resources\UI\Formula F04 (2).fbx@fff23background: #aaff85; color: #000;color: #000;
2026-8-30 15:38:56-debug: %cImport%c: D:\GameByself\Cocos\Project1\assets\resources\UI\Formula F04 (2).fbx@3ef54background: #aaff85; color: #000;color: #000;
2026-8-30 15:38:56-debug: %cImport%c: D:\GameByself\Cocos\Project1\assets\resources\UI\Formula F04 (2).fbx@0cca1background: #aaff85; color: #000;color: #000;
2026-8-30 15:38:56-debug: %cImport%c: D:\GameByself\Cocos\Project1\assets\resources\UI\Formula F04 (2).fbx@f69c7background: #aaff85; color: #000;color: #000;
2026-8-30 15:38:56-debug: %cImport%c: D:\GameByself\Cocos\Project1\assets\resources\UI\Formula F04 (2).fbx@6a2a1background: #aaff85; color: #000;color: #000;
2026-8-30 15:38:56-debug: %cImport%c: D:\GameByself\Cocos\Project1\assets\resources\UI\Formula F04 (2).fbx@af9ebbackground: #aaff85; color: #000;color: #000;
2026-8-30 15:38:56-debug: %cImport%c: D:\GameByself\Cocos\Project1\assets\resources\UI\Formula F04 (2).fbx@6d6c8background: #aaff85; color: #000;color: #000;
2026-8-30 15:38:56-debug: %cImport%c: D:\GameByself\Cocos\Project1\assets\resources\UI\Formula F04 (2).fbx@efc9abackground: #aaff85; color: #000;color: #000;
2026-8-30 15:38:56-debug: %cImport%c: D:\GameByself\Cocos\Project1\assets\resources\UI\Formula F04 (2).fbx@f776dbackground: #aaff85; color: #000;color: #000;
2026-8-30 15:38:56-debug: %cImport%c: D:\GameByself\Cocos\Project1\assets\resources\UI\Formula F04 (2).fbx@0d105background: #aaff85; color: #000;color: #000;
2026-8-30 15:38:56-debug: %cImport%c: D:\GameByself\Cocos\Project1\assets\resources\UI\Formula F04 (2).fbx@5adcabackground: #aaff85; color: #000;color: #000;
2026-8-30 15:38:56-debug: %cImport%c: D:\GameByself\Cocos\Project1\assets\resources\UI\Formula F04 (2).fbx@58d6abackground: #aaff85; color: #000;color: #000;
2026-8-30 15:38:56-debug: %cImport%c: D:\GameByself\Cocos\Project1\assets\resources\UI\Formula F04 (2).fbx@c336dbackground: #aaff85; color: #000;color: #000;
2026-8-30 15:38:56-debug: %cImport%c: D:\GameByself\Cocos\Project1\assets\resources\UI\Formula F04 (2).fbx@ae660background: #aaff85; color: #000;color: #000;
2026-8-30 15:38:56-debug: %cImport%c: D:\GameByself\Cocos\Project1\assets\resources\UI\Formula F04 (2).fbx@c5110background: #aaff85; color: #000;color: #000;
2026-8-30 15:38:56-debug: %cImport%c: D:\GameByself\Cocos\Project1\assets\resources\UI\Formula F04 (2).fbx@99f32background: #aaff85; color: #000;color: #000;
2026-8-30 15:38:56-debug: %cImport%c: D:\GameByself\Cocos\Project1\assets\resources\UI\Formula F04 (2).fbx@169e8background: #aaff85; color: #000;color: #000;
2026-8-30 15:38:56-debug: %cImport%c: D:\GameByself\Cocos\Project1\assets\resources\UI\Formula F04 (2).fbx@e4c64background: #aaff85; color: #000;color: #000;
2026-8-30 15:38:56-debug: %cImport%c: D:\GameByself\Cocos\Project1\assets\resources\UI\Formula F04 (2).fbx@df7f9background: #aaff85; color: #000;color: #000;
2026-8-30 15:38:56-debug: %cImport%c: D:\GameByself\Cocos\Project1\assets\resources\UI\Formula F04 (2).fbx@156afbackground: #aaff85; color: #000;color: #000;
2026-8-30 15:38:56-debug: %cImport%c: D:\GameByself\Cocos\Project1\assets\resources\UI\Formula F04 (2).fbx@fe620background: #aaff85; color: #000;color: #000;
2026-8-30 15:38:56-debug: %cImport%c: D:\GameByself\Cocos\Project1\assets\resources\UI\Formula F04 (2).fbx@51e2cbackground: #aaff85; color: #000;color: #000;
2026-8-30 15:38:56-debug: %cImport%c: D:\GameByself\Cocos\Project1\assets\resources\UI\Formula F04 (2).fbx@faf74background: #aaff85; color: #000;color: #000;
2026-8-30 15:38:56-debug: refresh asset D:\GameByself\Cocos\Project1\assets\resources\UI success
2026-8-30 15:38:56-debug: %cImport%c: D:\GameByself\Cocos\Project1\assets\resources\UIbackground: #aaff85; color: #000;color: #000;
2026-8-30 15:38:59-debug: Cannot find the asset handler of operate open for importer fbx
2026-8-30 15:39:00-debug: refresh db internal success
2026-8-30 15:39:00-debug: refresh db assets success
2026-8-30 15:39:00-debug: Run asset db hook engine-extends:afterRefresh ...
2026-8-30 15:39:00-debug: Run asset db hook engine-extends:afterRefresh success!
2026-8-30 15:39:00-debug: asset-db:refresh-all-database (166ms)
2026-8-30 15:39:00-debug: asset-db:worker-effect-data-processing (31ms)
2026-8-30 15:39:00-debug: asset-db-hook-engine-extends-afterRefresh (31ms)
2026-8-30 15:40:00-debug: refresh db internal success
2026-8-30 15:40:00-debug: refresh db assets success
2026-8-30 15:40:00-debug: Run asset db hook engine-extends:afterRefresh ...
2026-8-30 15:40:00-debug: Run asset db hook engine-extends:afterRefresh success!
2026-8-30 15:40:00-debug: asset-db:refresh-all-database (123ms)
2026-8-30 15:40:00-debug: asset-db:worker-effect-data-processing (2ms)
2026-8-30 15:40:00-debug: asset-db-hook-engine-extends-afterRefresh (2ms)
2026-8-30 15:40:03-debug: Cannot find the asset handler of operate open for importer fbx
2026-8-30 15:40:05-debug: refresh db internal success
2026-8-30 15:40:05-debug: refresh db assets success
2026-8-30 15:40:05-debug: Run asset db hook engine-extends:afterRefresh ...
2026-8-30 15:40:05-debug: Run asset db hook engine-extends:afterRefresh success!
2026-8-30 15:40:05-debug: asset-db:refresh-all-database (116ms)
2026-8-30 15:40:05-debug: asset-db:worker-effect-data-processing (2ms)
2026-8-30 15:40:05-debug: asset-db-hook-engine-extends-afterRefresh (2ms)
2026-8-30 15:40:34-debug: refresh db internal success
2026-8-30 15:40:34-debug: refresh db assets success
2026-8-30 15:40:34-debug: Run asset db hook engine-extends:afterRefresh ...
2026-8-30 15:40:34-debug: Run asset db hook engine-extends:afterRefresh success!
2026-8-30 15:40:34-debug: asset-db:refresh-all-database (186ms)
2026-8-30 15:40:34-debug: asset-db:worker-effect-data-processing (2ms)
2026-8-30 15:40:34-debug: asset-db-hook-engine-extends-afterRefresh (3ms)
2026-8-30 15:40:34-debug: programming:execute-script (1ms)
2026-8-30 15:40:35-debug: start remove asset D:\GameByself\Cocos\Project1\assets\resources\UI\Formula F04 (2).fbx...
2026-8-30 15:40:35-debug: refresh db internal success
2026-8-30 15:40:35-debug: %cDestroy%c: D:\GameByself\Cocos\Project1\assets\resources\UI\Formula F04 (2).fbx@33144background: #ffb8b8; color: #000;color: #000;
2026-8-30 15:40:35-debug: %cDestroy%c: D:\GameByself\Cocos\Project1\assets\resources\UI\Formula F04 (2).fbx@54202background: #ffb8b8; color: #000;color: #000;
2026-8-30 15:40:35-debug: %cDestroy%c: D:\GameByself\Cocos\Project1\assets\resources\UI\Formula F04 (2).fbx@99d6cbackground: #ffb8b8; color: #000;color: #000;
2026-8-30 15:40:35-debug: %cDestroy%c: D:\GameByself\Cocos\Project1\assets\resources\UI\Formula F04 (2).fbx@6ec10background: #ffb8b8; color: #000;color: #000;
2026-8-30 15:40:35-debug: %cDestroy%c: D:\GameByself\Cocos\Project1\assets\resources\UI\Formula F04 (2).fbx@3620dbackground: #ffb8b8; color: #000;color: #000;
2026-8-30 15:40:35-debug: %cDestroy%c: D:\GameByself\Cocos\Project1\assets\resources\UI\Formula F04 (2).fbx@cbffabackground: #ffb8b8; color: #000;color: #000;
2026-8-30 15:40:35-debug: %cDestroy%c: D:\GameByself\Cocos\Project1\assets\resources\UI\Formula F04 (2).fbx@3c0d1background: #ffb8b8; color: #000;color: #000;
2026-8-30 15:40:36-debug: %cDestroy%c: D:\GameByself\Cocos\Project1\assets\resources\UI\Formula F04 (2).fbx@6745bbackground: #ffb8b8; color: #000;color: #000;
2026-8-30 15:40:36-debug: %cDestroy%c: D:\GameByself\Cocos\Project1\assets\resources\UI\Formula F04 (2).fbx@b832bbackground: #ffb8b8; color: #000;color: #000;
2026-8-30 15:40:36-debug: %cDestroy%c: D:\GameByself\Cocos\Project1\assets\resources\UI\Formula F04 (2).fbx@f2dffbackground: #ffb8b8; color: #000;color: #000;
2026-8-30 15:40:36-debug: %cDestroy%c: D:\GameByself\Cocos\Project1\assets\resources\UI\Formula F04 (2).fbx@1d4ebbackground: #ffb8b8; color: #000;color: #000;
2026-8-30 15:40:36-debug: %cDestroy%c: D:\GameByself\Cocos\Project1\assets\resources\UI\Formula F04 (2).fbx@c05bcbackground: #ffb8b8; color: #000;color: #000;
2026-8-30 15:40:36-log: 资源数据库已锁定，资源操作(bound _refreshAsset)将会延迟响应，请稍侯
2026-8-30 15:40:36-debug: %cDestroy%c: D:\GameByself\Cocos\Project1\assets\resources\UI\Formula F04 (2).fbx@9fa2abackground: #ffb8b8; color: #000;color: #000;
2026-8-30 15:40:36-debug: %cDestroy%c: D:\GameByself\Cocos\Project1\assets\resources\UI\Formula F04 (2).fbx@014cbbackground: #ffb8b8; color: #000;color: #000;
2026-8-30 15:40:36-debug: %cDestroy%c: D:\GameByself\Cocos\Project1\assets\resources\UI\Formula F04 (2).fbx@a1eb8background: #ffb8b8; color: #000;color: #000;
2026-8-30 15:40:36-debug: %cDestroy%c: D:\GameByself\Cocos\Project1\assets\resources\UI\Formula F04 (2).fbx@dde3dbackground: #ffb8b8; color: #000;color: #000;
2026-8-30 15:40:36-debug: %cDestroy%c: D:\GameByself\Cocos\Project1\assets\resources\UI\Formula F04 (2).fbx@b67cabackground: #ffb8b8; color: #000;color: #000;
2026-8-30 15:40:36-debug: %cDestroy%c: D:\GameByself\Cocos\Project1\assets\resources\UI\Formula F04 (2).fbx@c43e3background: #ffb8b8; color: #000;color: #000;
2026-8-30 15:40:36-debug: %cDestroy%c: D:\GameByself\Cocos\Project1\assets\resources\UI\Formula F04 (2).fbx@e1277background: #ffb8b8; color: #000;color: #000;
2026-8-30 15:40:36-debug: %cDestroy%c: D:\GameByself\Cocos\Project1\assets\resources\UI\Formula F04 (2).fbx@177c0background: #ffb8b8; color: #000;color: #000;
2026-8-30 15:40:36-debug: %cDestroy%c: D:\GameByself\Cocos\Project1\assets\resources\UI\Formula F04 (2).fbx@cc2fdbackground: #ffb8b8; color: #000;color: #000;
2026-8-30 15:40:36-debug: %cDestroy%c: D:\GameByself\Cocos\Project1\assets\resources\UI\Formula F04 (2).fbx@ec86bbackground: #ffb8b8; color: #000;color: #000;
2026-8-30 15:40:36-debug: %cDestroy%c: D:\GameByself\Cocos\Project1\assets\resources\UI\Formula F04 (2).fbx@2fbfcbackground: #ffb8b8; color: #000;color: #000;
2026-8-30 15:40:36-debug: %cDestroy%c: D:\GameByself\Cocos\Project1\assets\resources\UI\Formula F04 (2).fbx@e18cebackground: #ffb8b8; color: #000;color: #000;
2026-8-30 15:40:36-debug: %cDestroy%c: D:\GameByself\Cocos\Project1\assets\resources\UI\Formula F04 (2).fbx@743aebackground: #ffb8b8; color: #000;color: #000;
2026-8-30 15:40:36-debug: %cDestroy%c: D:\GameByself\Cocos\Project1\assets\resources\UI\Formula F04 (2).fbx@2dc97background: #ffb8b8; color: #000;color: #000;
2026-8-30 15:40:36-debug: %cDestroy%c: D:\GameByself\Cocos\Project1\assets\resources\UI\Formula F04 (2).fbx@254cebackground: #ffb8b8; color: #000;color: #000;
2026-8-30 15:40:36-debug: %cDestroy%c: D:\GameByself\Cocos\Project1\assets\resources\UI\Formula F04 (2).fbx@d8011background: #ffb8b8; color: #000;color: #000;
2026-8-30 15:40:36-debug: %cDestroy%c: D:\GameByself\Cocos\Project1\assets\resources\UI\Formula F04 (2).fbx@3e64bbackground: #ffb8b8; color: #000;color: #000;
2026-8-30 15:40:36-debug: %cDestroy%c: D:\GameByself\Cocos\Project1\assets\resources\UI\Formula F04 (2).fbx@d2258background: #ffb8b8; color: #000;color: #000;
2026-8-30 15:40:36-debug: %cDestroy%c: D:\GameByself\Cocos\Project1\assets\resources\UI\Formula F04 (2).fbx@5a499background: #ffb8b8; color: #000;color: #000;
2026-8-30 15:40:36-debug: %cDestroy%c: D:\GameByself\Cocos\Project1\assets\resources\UI\Formula F04 (2).fbx@7b128background: #ffb8b8; color: #000;color: #000;
2026-8-30 15:40:36-debug: %cDestroy%c: D:\GameByself\Cocos\Project1\assets\resources\UI\Formula F04 (2).fbx@3dea4background: #ffb8b8; color: #000;color: #000;
2026-8-30 15:40:36-debug: %cDestroy%c: D:\GameByself\Cocos\Project1\assets\resources\UI\Formula F04 (2).fbx@c5c5dbackground: #ffb8b8; color: #000;color: #000;
2026-8-30 15:40:36-debug: %cDestroy%c: D:\GameByself\Cocos\Project1\assets\resources\UI\Formula F04 (2).fbx@a58c3background: #ffb8b8; color: #000;color: #000;
2026-8-30 15:40:36-debug: %cDestroy%c: D:\GameByself\Cocos\Project1\assets\resources\UI\Formula F04 (2).fbx@7e93cbackground: #ffb8b8; color: #000;color: #000;
2026-8-30 15:40:36-debug: %cDestroy%c: D:\GameByself\Cocos\Project1\assets\resources\UI\Formula F04 (2).fbx@c7023background: #ffb8b8; color: #000;color: #000;
2026-8-30 15:40:36-debug: %cDestroy%c: D:\GameByself\Cocos\Project1\assets\resources\UI\Formula F04 (2).fbx@4cc2dbackground: #ffb8b8; color: #000;color: #000;
2026-8-30 15:40:36-debug: %cDestroy%c: D:\GameByself\Cocos\Project1\assets\resources\UI\Formula F04 (2).fbx@e056cbackground: #ffb8b8; color: #000;color: #000;
2026-8-30 15:40:36-debug: %cDestroy%c: D:\GameByself\Cocos\Project1\assets\resources\UI\Formula F04 (2).fbx@fff23background: #ffb8b8; color: #000;color: #000;
2026-8-30 15:40:36-debug: %cDestroy%c: D:\GameByself\Cocos\Project1\assets\resources\UI\Formula F04 (2).fbx@3ef54background: #ffb8b8; color: #000;color: #000;
2026-8-30 15:40:36-debug: %cDestroy%c: D:\GameByself\Cocos\Project1\assets\resources\UI\Formula F04 (2).fbx@0cca1background: #ffb8b8; color: #000;color: #000;
2026-8-30 15:40:36-debug: %cDestroy%c: D:\GameByself\Cocos\Project1\assets\resources\UI\Formula F04 (2).fbx@f69c7background: #ffb8b8; color: #000;color: #000;
2026-8-30 15:40:36-debug: %cDestroy%c: D:\GameByself\Cocos\Project1\assets\resources\UI\Formula F04 (2).fbx@6a2a1background: #ffb8b8; color: #000;color: #000;
2026-8-30 15:40:36-debug: %cDestroy%c: D:\GameByself\Cocos\Project1\assets\resources\UI\Formula F04 (2).fbx@af9ebbackground: #ffb8b8; color: #000;color: #000;
2026-8-30 15:40:36-debug: %cDestroy%c: D:\GameByself\Cocos\Project1\assets\resources\UI\Formula F04 (2).fbx@6d6c8background: #ffb8b8; color: #000;color: #000;
2026-8-30 15:40:36-debug: %cDestroy%c: D:\GameByself\Cocos\Project1\assets\resources\UI\Formula F04 (2).fbx@efc9abackground: #ffb8b8; color: #000;color: #000;
2026-8-30 15:40:36-debug: %cDestroy%c: D:\GameByself\Cocos\Project1\assets\resources\UI\Formula F04 (2).fbx@f776dbackground: #ffb8b8; color: #000;color: #000;
2026-8-30 15:40:36-debug: %cDestroy%c: D:\GameByself\Cocos\Project1\assets\resources\UI\Formula F04 (2).fbx@0d105background: #ffb8b8; color: #000;color: #000;
2026-8-30 15:40:36-debug: %cDestroy%c: D:\GameByself\Cocos\Project1\assets\resources\UI\Formula F04 (2).fbx@5adcabackground: #ffb8b8; color: #000;color: #000;
2026-8-30 15:40:36-debug: %cDestroy%c: D:\GameByself\Cocos\Project1\assets\resources\UI\Formula F04 (2).fbx@58d6abackground: #ffb8b8; color: #000;color: #000;
2026-8-30 15:40:36-debug: %cDestroy%c: D:\GameByself\Cocos\Project1\assets\resources\UI\Formula F04 (2).fbx@c336dbackground: #ffb8b8; color: #000;color: #000;
2026-8-30 15:40:36-debug: %cDestroy%c: D:\GameByself\Cocos\Project1\assets\resources\UI\Formula F04 (2).fbx@ae660background: #ffb8b8; color: #000;color: #000;
2026-8-30 15:40:36-debug: %cDestroy%c: D:\GameByself\Cocos\Project1\assets\resources\UI\Formula F04 (2).fbx@c5110background: #ffb8b8; color: #000;color: #000;
2026-8-30 15:40:36-debug: %cDestroy%c: D:\GameByself\Cocos\Project1\assets\resources\UI\Formula F04 (2).fbx@99f32background: #ffb8b8; color: #000;color: #000;
2026-8-30 15:40:36-debug: %cDestroy%c: D:\GameByself\Cocos\Project1\assets\resources\UI\Formula F04 (2).fbx@169e8background: #ffb8b8; color: #000;color: #000;
2026-8-30 15:40:36-debug: %cDestroy%c: D:\GameByself\Cocos\Project1\assets\resources\UI\Formula F04 (2).fbx@e4c64background: #ffb8b8; color: #000;color: #000;
2026-8-30 15:40:36-debug: %cDestroy%c: D:\GameByself\Cocos\Project1\assets\resources\UI\Formula F04 (2).fbx@df7f9background: #ffb8b8; color: #000;color: #000;
2026-8-30 15:40:36-debug: %cDestroy%c: D:\GameByself\Cocos\Project1\assets\resources\UI\Formula F04 (2).fbx@156afbackground: #ffb8b8; color: #000;color: #000;
2026-8-30 15:40:36-debug: %cDestroy%c: D:\GameByself\Cocos\Project1\assets\resources\UI\Formula F04 (2).fbx@fe620background: #ffb8b8; color: #000;color: #000;
2026-8-30 15:40:36-debug: %cDestroy%c: D:\GameByself\Cocos\Project1\assets\resources\UI\Formula F04 (2).fbx@51e2cbackground: #ffb8b8; color: #000;color: #000;
2026-8-30 15:40:36-debug: %cDestroy%c: D:\GameByself\Cocos\Project1\assets\resources\UI\Formula F04 (2).fbx@faf74background: #ffb8b8; color: #000;color: #000;
2026-8-30 15:40:36-debug: %cDestroy%c: D:\GameByself\Cocos\Project1\assets\resources\UI\Formula F04 (2).fbxbackground: #ffb8b8; color: #000;color: #000;
2026-8-30 15:40:36-debug: %cImport%c: D:\GameByself\Cocos\Project1\assets\resources\UIbackground: #aaff85; color: #000;color: #000;
2026-8-30 15:40:36-debug: refresh db assets success
2026-8-30 15:40:36-debug: Run asset db hook engine-extends:afterRefresh ...
2026-8-30 15:40:36-debug: start refresh asset from D:\GameByself\Cocos\Project1\assets\resources\UI\Formula F04 (2).fbx...
2026-8-30 15:40:36-debug: Run asset db hook engine-extends:afterRefresh success!
2026-8-30 15:40:36-debug: asset-db:refresh-all-database (402ms)
2026-8-30 15:40:36-debug: asset-db:worker-effect-data-processing (3ms)
2026-8-30 15:40:36-debug: asset-db-hook-engine-extends-afterRefresh (3ms)
2026-8-30 15:40:36-debug: refresh asset D:\GameByself\Cocos\Project1\assets\resources\UI success
2026-8-30 15:40:36-debug: remove asset D:\GameByself\Cocos\Project1\assets\resources\UI\Formula F04 (2).fbx success
2026-8-30 15:40:38-debug: refresh db internal success
2026-8-30 15:40:38-debug: refresh db assets success
2026-8-30 15:40:38-debug: Run asset db hook engine-extends:afterRefresh success!
2026-8-30 15:40:38-debug: Run asset db hook engine-extends:afterRefresh ...
2026-8-30 15:40:38-debug: asset-db:refresh-all-database (243ms)
2026-8-30 15:40:38-debug: asset-db:worker-effect-data-processing (155ms)
2026-8-30 15:40:38-debug: asset-db-hook-engine-extends-afterRefresh (157ms)
2026-8-30 15:40:39-debug: start refresh asset from D:\GameByself\Cocos\Project1\assets\resources\UI\formula-f04...
2026-8-30 15:40:39-debug: %cImport%c: D:\GameByself\Cocos\Project1\assets\resources\UI\formula-f04\source\Formula F04 (2).fbxbackground: #aaff85; color: #000;color: #000;
2026-8-30 15:40:39-debug: %cImport%c: D:\GameByself\Cocos\Project1\assets\resources\UI\formula-f04\textures\texture_12_(10)_(10).pngbackground: #aaff85; color: #000;color: #000;
2026-8-30 15:40:39-debug: %cImport%c: D:\GameByself\Cocos\Project1\assets\resources\UI\formula-f04background: #aaff85; color: #000;color: #000;
2026-8-30 15:40:39-debug: %cImport%c: D:\GameByself\Cocos\Project1\assets\resources\UI\formula-f04\sourcebackground: #aaff85; color: #000;color: #000;
2026-8-30 15:40:39-debug: %cImport%c: D:\GameByself\Cocos\Project1\assets\resources\UI\formula-f04\texturesbackground: #aaff85; color: #000;color: #000;
2026-8-30 15:40:39-debug: %cImport%c: D:\GameByself\Cocos\Project1\assets\resources\UI\formula-f04\textures\texture_21_(10)_(5).pngbackground: #aaff85; color: #000;color: #000;
2026-8-30 15:40:39-debug: %cImport%c: D:\GameByself\Cocos\Project1\assets\resources\UI\formula-f04\textures\texture_26_(10)_(5).pngbackground: #aaff85; color: #000;color: #000;
2026-8-30 15:40:39-debug: %cImport%c: D:\GameByself\Cocos\Project1\assets\resources\UI\formula-f04\textures\texture_30_(10)_(5).pngbackground: #aaff85; color: #000;color: #000;
2026-8-30 15:40:39-debug: Status file D:\GameByself\Cocos\Project1\temp\asset-db\assets\fbx.FBX-glTF-conv\fd7fd4fc-5b58-4749-b4e0-e242f5fca01e\status.json: Error: ENOENT: no such file or directory, open 'D:\GameByself\Cocos\Project1\temp\asset-db\assets\fbx.FBX-glTF-conv\fd7fd4fc-5b58-4749-b4e0-e242f5fca01e\status.json'
2026-8-30 15:40:39-debug: %cImport%c: D:\GameByself\Cocos\Project1\assets\resources\UI\formula-f04\textures\texture_12_(10)_(10).png@6c48abackground: #aaff85; color: #000;color: #000;
2026-8-30 15:40:39-debug: %cImport%c: D:\GameByself\Cocos\Project1\assets\resources\UI\formula-f04\textures\texture_21_(10)_(5).png@6c48abackground: #aaff85; color: #000;color: #000;
2026-8-30 15:40:39-debug: %cImport%c: D:\GameByself\Cocos\Project1\assets\resources\UI\formula-f04\textures\texture_30_(10)_(5).png@6c48abackground: #aaff85; color: #000;color: #000;
2026-8-30 15:40:39-debug: %cImport%c: D:\GameByself\Cocos\Project1\assets\resources\UI\formula-f04\textures\texture_26_(10)_(5).png@6c48abackground: #aaff85; color: #000;color: #000;
2026-8-30 15:40:39-debug: Frame rate: 30 [{asset(fd7fd4fc-5b58-4749-b4e0-e242f5fca01e)}]
2026-8-30 15:40:39-debug: We can not get the associated material for some reasons. [{asset(fd7fd4fc-5b58-4749-b4e0-e242f5fca01e)}]
2026-8-30 15:40:39-debug: We can not get the associated material for some reasons. [{asset(fd7fd4fc-5b58-4749-b4e0-e242f5fca01e)}]
2026-8-30 15:40:39-debug: We can not get the associated material for some reasons. [{asset(fd7fd4fc-5b58-4749-b4e0-e242f5fca01e)}]
2026-8-30 15:40:39-debug: We can not get the associated material for some reasons. [{asset(fd7fd4fc-5b58-4749-b4e0-e242f5fca01e)}]
2026-8-30 15:40:39-debug: We can not get the associated material for some reasons. [{asset(fd7fd4fc-5b58-4749-b4e0-e242f5fca01e)}]
2026-8-30 15:40:39-debug: We can not get the associated material for some reasons. [{asset(fd7fd4fc-5b58-4749-b4e0-e242f5fca01e)}]
2026-8-30 15:40:39-debug: We can not get the associated material for some reasons. [{asset(fd7fd4fc-5b58-4749-b4e0-e242f5fca01e)}]
2026-8-30 15:40:39-debug: We can not get the associated material for some reasons. [{asset(fd7fd4fc-5b58-4749-b4e0-e242f5fca01e)}]
2026-8-30 15:40:39-debug: We can not get the associated material for some reasons. [{asset(fd7fd4fc-5b58-4749-b4e0-e242f5fca01e)}]
2026-8-30 15:40:39-debug: We can not get the associated material for some reasons. [{asset(fd7fd4fc-5b58-4749-b4e0-e242f5fca01e)}]
2026-8-30 15:40:39-debug: We can not get the associated material for some reasons. [{asset(fd7fd4fc-5b58-4749-b4e0-e242f5fca01e)}]
2026-8-30 15:40:39-debug: We can not get the associated material for some reasons. [{asset(fd7fd4fc-5b58-4749-b4e0-e242f5fca01e)}]
2026-8-30 15:40:39-debug: We can not get the associated material for some reasons. [{asset(fd7fd4fc-5b58-4749-b4e0-e242f5fca01e)}]
2026-8-30 15:40:39-debug: We can not get the associated material for some reasons. [{asset(fd7fd4fc-5b58-4749-b4e0-e242f5fca01e)}]
2026-8-30 15:40:39-debug: We can not get the associated material for some reasons. [{asset(fd7fd4fc-5b58-4749-b4e0-e242f5fca01e)}]
2026-8-30 15:40:39-debug: We can not get the associated material for some reasons. [{asset(fd7fd4fc-5b58-4749-b4e0-e242f5fca01e)}]
2026-8-30 15:40:39-debug: We can not get the associated material for some reasons. [{asset(fd7fd4fc-5b58-4749-b4e0-e242f5fca01e)}]
2026-8-30 15:40:39-debug: We can not get the associated material for some reasons. [{asset(fd7fd4fc-5b58-4749-b4e0-e242f5fca01e)}]
2026-8-30 15:40:39-debug: We can not get the associated material for some reasons. [{asset(fd7fd4fc-5b58-4749-b4e0-e242f5fca01e)}]
2026-8-30 15:40:39-debug: We can not get the associated material for some reasons. [{asset(fd7fd4fc-5b58-4749-b4e0-e242f5fca01e)}]
2026-8-30 15:40:39-debug: We can not get the associated material for some reasons. [{asset(fd7fd4fc-5b58-4749-b4e0-e242f5fca01e)}]
2026-8-30 15:40:39-debug: We can not get the associated material for some reasons. [{asset(fd7fd4fc-5b58-4749-b4e0-e242f5fca01e)}]
2026-8-30 15:40:39-debug: We can not get the associated material for some reasons. [{asset(fd7fd4fc-5b58-4749-b4e0-e242f5fca01e)}]
2026-8-30 15:40:39-debug: We can not get the associated material for some reasons. [{asset(fd7fd4fc-5b58-4749-b4e0-e242f5fca01e)}]
2026-8-30 15:40:39-debug: We can not get the associated material for some reasons. [{asset(fd7fd4fc-5b58-4749-b4e0-e242f5fca01e)}]
2026-8-30 15:40:39-debug: We can not get the associated material for some reasons. [{asset(fd7fd4fc-5b58-4749-b4e0-e242f5fca01e)}]
2026-8-30 15:40:39-debug: We can not get the associated material for some reasons. [{asset(fd7fd4fc-5b58-4749-b4e0-e242f5fca01e)}]
2026-8-30 15:40:39-debug: We can not get the associated material for some reasons. [{asset(fd7fd4fc-5b58-4749-b4e0-e242f5fca01e)}]
2026-8-30 15:40:39-debug: We can not get the associated material for some reasons. [{asset(fd7fd4fc-5b58-4749-b4e0-e242f5fca01e)}]
2026-8-30 15:40:39-debug: We can not get the associated material for some reasons. [{asset(fd7fd4fc-5b58-4749-b4e0-e242f5fca01e)}]
2026-8-30 15:40:39-debug: We can not get the associated material for some reasons. [{asset(fd7fd4fc-5b58-4749-b4e0-e242f5fca01e)}]
2026-8-30 15:40:39-debug: We can not get the associated material for some reasons. [{asset(fd7fd4fc-5b58-4749-b4e0-e242f5fca01e)}]
2026-8-30 15:40:39-debug: We can not get the associated material for some reasons. [{asset(fd7fd4fc-5b58-4749-b4e0-e242f5fca01e)}]
2026-8-30 15:40:39-debug: We can not get the associated material for some reasons. [{asset(fd7fd4fc-5b58-4749-b4e0-e242f5fca01e)}]
2026-8-30 15:40:39-debug: We can not get the associated material for some reasons. [{asset(fd7fd4fc-5b58-4749-b4e0-e242f5fca01e)}]
2026-8-30 15:40:39-debug: We can not get the associated material for some reasons. [{asset(fd7fd4fc-5b58-4749-b4e0-e242f5fca01e)}]
2026-8-30 15:40:39-debug: We can not get the associated material for some reasons. [{asset(fd7fd4fc-5b58-4749-b4e0-e242f5fca01e)}]
2026-8-30 15:40:39-debug: We can not get the associated material for some reasons. [{asset(fd7fd4fc-5b58-4749-b4e0-e242f5fca01e)}]
2026-8-30 15:40:39-debug: We can not get the associated material for some reasons. [{asset(fd7fd4fc-5b58-4749-b4e0-e242f5fca01e)}]
2026-8-30 15:40:39-debug: We can not get the associated material for some reasons. [{asset(fd7fd4fc-5b58-4749-b4e0-e242f5fca01e)}]
2026-8-30 15:40:39-debug: We can not get the associated material for some reasons. [{asset(fd7fd4fc-5b58-4749-b4e0-e242f5fca01e)}]
2026-8-30 15:40:39-debug: We can not get the associated material for some reasons. [{asset(fd7fd4fc-5b58-4749-b4e0-e242f5fca01e)}]
2026-8-30 15:40:39-debug: We can not get the associated material for some reasons. [{asset(fd7fd4fc-5b58-4749-b4e0-e242f5fca01e)}]
2026-8-30 15:40:39-debug: We can not get the associated material for some reasons. [{asset(fd7fd4fc-5b58-4749-b4e0-e242f5fca01e)}]
2026-8-30 15:40:39-debug: We can not get the associated material for some reasons. [{asset(fd7fd4fc-5b58-4749-b4e0-e242f5fca01e)}]
2026-8-30 15:40:39-debug: We can not get the associated material for some reasons. [{asset(fd7fd4fc-5b58-4749-b4e0-e242f5fca01e)}]
2026-8-30 15:40:39-debug: We can not get the associated material for some reasons. [{asset(fd7fd4fc-5b58-4749-b4e0-e242f5fca01e)}]
2026-8-30 15:40:39-debug: We can not get the associated material for some reasons. [{asset(fd7fd4fc-5b58-4749-b4e0-e242f5fca01e)}]
2026-8-30 15:40:39-debug: We can not get the associated material for some reasons. [{asset(fd7fd4fc-5b58-4749-b4e0-e242f5fca01e)}]
2026-8-30 15:40:39-debug: We can not get the associated material for some reasons. [{asset(fd7fd4fc-5b58-4749-b4e0-e242f5fca01e)}]
2026-8-30 15:40:39-debug: We can not get the associated material for some reasons. [{asset(fd7fd4fc-5b58-4749-b4e0-e242f5fca01e)}]
2026-8-30 15:40:39-debug: We can not get the associated material for some reasons. [{asset(fd7fd4fc-5b58-4749-b4e0-e242f5fca01e)}]
2026-8-30 15:40:39-debug: We can not get the associated material for some reasons. [{asset(fd7fd4fc-5b58-4749-b4e0-e242f5fca01e)}]
2026-8-30 15:40:39-debug: We can not get the associated material for some reasons. [{asset(fd7fd4fc-5b58-4749-b4e0-e242f5fca01e)}]
2026-8-30 15:40:39-debug: We can not get the associated material for some reasons. [{asset(fd7fd4fc-5b58-4749-b4e0-e242f5fca01e)}]
2026-8-30 15:40:40-debug: We can not get the associated material for some reasons. [{asset(fd7fd4fc-5b58-4749-b4e0-e242f5fca01e)}]
2026-8-30 15:40:40-debug: We can not get the associated material for some reasons. [{asset(fd7fd4fc-5b58-4749-b4e0-e242f5fca01e)}]
2026-8-30 15:40:40-debug: We can not get the associated material for some reasons. [{asset(fd7fd4fc-5b58-4749-b4e0-e242f5fca01e)}]
2026-8-30 15:40:40-debug: We can not get the associated material for some reasons. [{asset(fd7fd4fc-5b58-4749-b4e0-e242f5fca01e)}]
2026-8-30 15:40:40-debug: We can not get the associated material for some reasons. [{asset(fd7fd4fc-5b58-4749-b4e0-e242f5fca01e)}]
2026-8-30 15:40:40-debug: We can not get the associated material for some reasons. [{asset(fd7fd4fc-5b58-4749-b4e0-e242f5fca01e)}]
2026-8-30 15:40:40-debug: %cImport%c: D:\GameByself\Cocos\Project1\assets\resources\UI\formula-f04\source\Formula F04 (2).fbx@33144background: #aaff85; color: #000;color: #000;
2026-8-30 15:40:40-debug: %cImport%c: D:\GameByself\Cocos\Project1\assets\resources\UI\formula-f04\source\Formula F04 (2).fbx@54202background: #aaff85; color: #000;color: #000;
2026-8-30 15:40:40-debug: %cImport%c: D:\GameByself\Cocos\Project1\assets\resources\UI\formula-f04\source\Formula F04 (2).fbx@99d6cbackground: #aaff85; color: #000;color: #000;
2026-8-30 15:40:40-debug: %cImport%c: D:\GameByself\Cocos\Project1\assets\resources\UI\formula-f04\source\Formula F04 (2).fbx@6ec10background: #aaff85; color: #000;color: #000;
2026-8-30 15:40:40-debug: %cImport%c: D:\GameByself\Cocos\Project1\assets\resources\UI\formula-f04\source\Formula F04 (2).fbx@3620dbackground: #aaff85; color: #000;color: #000;
2026-8-30 15:40:40-debug: %cImport%c: D:\GameByself\Cocos\Project1\assets\resources\UI\formula-f04\source\Formula F04 (2).fbx@cbffabackground: #aaff85; color: #000;color: #000;
2026-8-30 15:40:40-debug: %cImport%c: D:\GameByself\Cocos\Project1\assets\resources\UI\formula-f04\source\Formula F04 (2).fbx@3c0d1background: #aaff85; color: #000;color: #000;
2026-8-30 15:40:40-debug: %cImport%c: D:\GameByself\Cocos\Project1\assets\resources\UI\formula-f04\source\Formula F04 (2).fbx@6745bbackground: #aaff85; color: #000;color: #000;
2026-8-30 15:40:40-debug: %cImport%c: D:\GameByself\Cocos\Project1\assets\resources\UI\formula-f04\source\Formula F04 (2).fbx@b832bbackground: #aaff85; color: #000;color: #000;
2026-8-30 15:40:40-debug: %cImport%c: D:\GameByself\Cocos\Project1\assets\resources\UI\formula-f04\source\Formula F04 (2).fbx@f2dffbackground: #aaff85; color: #000;color: #000;
2026-8-30 15:40:40-debug: %cImport%c: D:\GameByself\Cocos\Project1\assets\resources\UI\formula-f04\source\Formula F04 (2).fbx@1d4ebbackground: #aaff85; color: #000;color: #000;
2026-8-30 15:40:40-debug: %cImport%c: D:\GameByself\Cocos\Project1\assets\resources\UI\formula-f04\source\Formula F04 (2).fbx@c05bcbackground: #aaff85; color: #000;color: #000;
2026-8-30 15:40:40-debug: %cImport%c: D:\GameByself\Cocos\Project1\assets\resources\UI\formula-f04\source\Formula F04 (2).fbx@9fa2abackground: #aaff85; color: #000;color: #000;
2026-8-30 15:40:40-debug: %cImport%c: D:\GameByself\Cocos\Project1\assets\resources\UI\formula-f04\source\Formula F04 (2).fbx@014cbbackground: #aaff85; color: #000;color: #000;
2026-8-30 15:40:40-debug: %cImport%c: D:\GameByself\Cocos\Project1\assets\resources\UI\formula-f04\source\Formula F04 (2).fbx@a1eb8background: #aaff85; color: #000;color: #000;
2026-8-30 15:40:40-debug: %cImport%c: D:\GameByself\Cocos\Project1\assets\resources\UI\formula-f04\source\Formula F04 (2).fbx@dde3dbackground: #aaff85; color: #000;color: #000;
2026-8-30 15:40:40-debug: %cImport%c: D:\GameByself\Cocos\Project1\assets\resources\UI\formula-f04\source\Formula F04 (2).fbx@b67cabackground: #aaff85; color: #000;color: #000;
2026-8-30 15:40:40-debug: %cImport%c: D:\GameByself\Cocos\Project1\assets\resources\UI\formula-f04\source\Formula F04 (2).fbx@c43e3background: #aaff85; color: #000;color: #000;
2026-8-30 15:40:40-debug: %cImport%c: D:\GameByself\Cocos\Project1\assets\resources\UI\formula-f04\source\Formula F04 (2).fbx@e1277background: #aaff85; color: #000;color: #000;
2026-8-30 15:40:40-debug: %cImport%c: D:\GameByself\Cocos\Project1\assets\resources\UI\formula-f04\source\Formula F04 (2).fbx@177c0background: #aaff85; color: #000;color: #000;
2026-8-30 15:40:40-debug: %cImport%c: D:\GameByself\Cocos\Project1\assets\resources\UI\formula-f04\source\Formula F04 (2).fbx@cc2fdbackground: #aaff85; color: #000;color: #000;
2026-8-30 15:40:40-debug: %cImport%c: D:\GameByself\Cocos\Project1\assets\resources\UI\formula-f04\source\Formula F04 (2).fbx@ec86bbackground: #aaff85; color: #000;color: #000;
2026-8-30 15:40:40-debug: %cImport%c: D:\GameByself\Cocos\Project1\assets\resources\UI\formula-f04\source\Formula F04 (2).fbx@2fbfcbackground: #aaff85; color: #000;color: #000;
2026-8-30 15:40:40-debug: %cImport%c: D:\GameByself\Cocos\Project1\assets\resources\UI\formula-f04\source\Formula F04 (2).fbx@e18cebackground: #aaff85; color: #000;color: #000;
2026-8-30 15:40:40-debug: %cImport%c: D:\GameByself\Cocos\Project1\assets\resources\UI\formula-f04\source\Formula F04 (2).fbx@743aebackground: #aaff85; color: #000;color: #000;
2026-8-30 15:40:40-debug: %cImport%c: D:\GameByself\Cocos\Project1\assets\resources\UI\formula-f04\source\Formula F04 (2).fbx@2dc97background: #aaff85; color: #000;color: #000;
2026-8-30 15:40:40-debug: %cImport%c: D:\GameByself\Cocos\Project1\assets\resources\UI\formula-f04\source\Formula F04 (2).fbx@254cebackground: #aaff85; color: #000;color: #000;
2026-8-30 15:40:40-debug: %cImport%c: D:\GameByself\Cocos\Project1\assets\resources\UI\formula-f04\source\Formula F04 (2).fbx@d8011background: #aaff85; color: #000;color: #000;
2026-8-30 15:40:40-debug: %cImport%c: D:\GameByself\Cocos\Project1\assets\resources\UI\formula-f04\source\Formula F04 (2).fbx@3e64bbackground: #aaff85; color: #000;color: #000;
2026-8-30 15:40:40-debug: %cImport%c: D:\GameByself\Cocos\Project1\assets\resources\UI\formula-f04\source\Formula F04 (2).fbx@d2258background: #aaff85; color: #000;color: #000;
2026-8-30 15:40:40-debug: %cImport%c: D:\GameByself\Cocos\Project1\assets\resources\UI\formula-f04\source\Formula F04 (2).fbx@5a499background: #aaff85; color: #000;color: #000;
2026-8-30 15:40:40-debug: %cImport%c: D:\GameByself\Cocos\Project1\assets\resources\UI\formula-f04\source\Formula F04 (2).fbx@7b128background: #aaff85; color: #000;color: #000;
2026-8-30 15:40:40-debug: %cImport%c: D:\GameByself\Cocos\Project1\assets\resources\UI\formula-f04\source\Formula F04 (2).fbx@3dea4background: #aaff85; color: #000;color: #000;
2026-8-30 15:40:40-debug: %cImport%c: D:\GameByself\Cocos\Project1\assets\resources\UI\formula-f04\source\Formula F04 (2).fbx@c5c5dbackground: #aaff85; color: #000;color: #000;
2026-8-30 15:40:40-debug: %cImport%c: D:\GameByself\Cocos\Project1\assets\resources\UI\formula-f04\source\Formula F04 (2).fbx@a58c3background: #aaff85; color: #000;color: #000;
2026-8-30 15:40:40-debug: %cImport%c: D:\GameByself\Cocos\Project1\assets\resources\UI\formula-f04\source\Formula F04 (2).fbx@7e93cbackground: #aaff85; color: #000;color: #000;
2026-8-30 15:40:40-debug: %cImport%c: D:\GameByself\Cocos\Project1\assets\resources\UI\formula-f04\source\Formula F04 (2).fbx@c7023background: #aaff85; color: #000;color: #000;
2026-8-30 15:40:40-debug: %cImport%c: D:\GameByself\Cocos\Project1\assets\resources\UI\formula-f04\source\Formula F04 (2).fbx@4cc2dbackground: #aaff85; color: #000;color: #000;
2026-8-30 15:40:40-debug: %cImport%c: D:\GameByself\Cocos\Project1\assets\resources\UI\formula-f04\source\Formula F04 (2).fbx@e056cbackground: #aaff85; color: #000;color: #000;
2026-8-30 15:40:40-debug: %cImport%c: D:\GameByself\Cocos\Project1\assets\resources\UI\formula-f04\source\Formula F04 (2).fbx@fff23background: #aaff85; color: #000;color: #000;
2026-8-30 15:40:40-debug: %cImport%c: D:\GameByself\Cocos\Project1\assets\resources\UI\formula-f04\source\Formula F04 (2).fbx@3ef54background: #aaff85; color: #000;color: #000;
2026-8-30 15:40:40-debug: %cImport%c: D:\GameByself\Cocos\Project1\assets\resources\UI\formula-f04\source\Formula F04 (2).fbx@0cca1background: #aaff85; color: #000;color: #000;
2026-8-30 15:40:40-debug: %cImport%c: D:\GameByself\Cocos\Project1\assets\resources\UI\formula-f04\source\Formula F04 (2).fbx@f69c7background: #aaff85; color: #000;color: #000;
2026-8-30 15:40:40-debug: %cImport%c: D:\GameByself\Cocos\Project1\assets\resources\UI\formula-f04\source\Formula F04 (2).fbx@6a2a1background: #aaff85; color: #000;color: #000;
2026-8-30 15:40:40-debug: %cImport%c: D:\GameByself\Cocos\Project1\assets\resources\UI\formula-f04\source\Formula F04 (2).fbx@af9ebbackground: #aaff85; color: #000;color: #000;
2026-8-30 15:40:40-debug: %cImport%c: D:\GameByself\Cocos\Project1\assets\resources\UI\formula-f04\source\Formula F04 (2).fbx@6d6c8background: #aaff85; color: #000;color: #000;
2026-8-30 15:40:40-debug: %cImport%c: D:\GameByself\Cocos\Project1\assets\resources\UI\formula-f04\source\Formula F04 (2).fbx@efc9abackground: #aaff85; color: #000;color: #000;
2026-8-30 15:40:40-debug: %cImport%c: D:\GameByself\Cocos\Project1\assets\resources\UI\formula-f04\source\Formula F04 (2).fbx@f776dbackground: #aaff85; color: #000;color: #000;
2026-8-30 15:40:40-debug: %cImport%c: D:\GameByself\Cocos\Project1\assets\resources\UI\formula-f04\source\Formula F04 (2).fbx@0d105background: #aaff85; color: #000;color: #000;
2026-8-30 15:40:40-debug: %cImport%c: D:\GameByself\Cocos\Project1\assets\resources\UI\formula-f04\source\Formula F04 (2).fbx@5adcabackground: #aaff85; color: #000;color: #000;
2026-8-30 15:40:40-debug: %cImport%c: D:\GameByself\Cocos\Project1\assets\resources\UI\formula-f04\source\Formula F04 (2).fbx@58d6abackground: #aaff85; color: #000;color: #000;
2026-8-30 15:40:40-debug: %cImport%c: D:\GameByself\Cocos\Project1\assets\resources\UI\formula-f04\source\Formula F04 (2).fbx@c336dbackground: #aaff85; color: #000;color: #000;
2026-8-30 15:40:40-debug: %cImport%c: D:\GameByself\Cocos\Project1\assets\resources\UI\formula-f04\source\Formula F04 (2).fbx@ae660background: #aaff85; color: #000;color: #000;
2026-8-30 15:40:40-debug: %cImport%c: D:\GameByself\Cocos\Project1\assets\resources\UI\formula-f04\source\Formula F04 (2).fbx@c5110background: #aaff85; color: #000;color: #000;
2026-8-30 15:40:40-debug: %cImport%c: D:\GameByself\Cocos\Project1\assets\resources\UI\formula-f04\source\Formula F04 (2).fbx@99f32background: #aaff85; color: #000;color: #000;
2026-8-30 15:40:40-debug: %cImport%c: D:\GameByself\Cocos\Project1\assets\resources\UI\formula-f04\source\Formula F04 (2).fbx@169e8background: #aaff85; color: #000;color: #000;
2026-8-30 15:40:40-debug: %cImport%c: D:\GameByself\Cocos\Project1\assets\resources\UI\formula-f04\source\Formula F04 (2).fbx@e4c64background: #aaff85; color: #000;color: #000;
2026-8-30 15:40:40-debug: %cImport%c: D:\GameByself\Cocos\Project1\assets\resources\UI\formula-f04\source\Formula F04 (2).fbx@df7f9background: #aaff85; color: #000;color: #000;
2026-8-30 15:40:40-debug: %cImport%c: D:\GameByself\Cocos\Project1\assets\resources\UI\formula-f04\source\Formula F04 (2).fbx@156afbackground: #aaff85; color: #000;color: #000;
2026-8-30 15:40:40-debug: %cImport%c: D:\GameByself\Cocos\Project1\assets\resources\UI\formula-f04\source\Formula F04 (2).fbx@fe620background: #aaff85; color: #000;color: #000;
2026-8-30 15:40:40-debug: %cImport%c: D:\GameByself\Cocos\Project1\assets\resources\UI\formula-f04\source\Formula F04 (2).fbx@51e2cbackground: #aaff85; color: #000;color: #000;
2026-8-30 15:40:40-debug: %cImport%c: D:\GameByself\Cocos\Project1\assets\resources\UI\formula-f04\source\Formula F04 (2).fbx@faf74background: #aaff85; color: #000;color: #000;
2026-8-30 15:40:40-debug: refresh asset D:\GameByself\Cocos\Project1\assets\resources\UI success
2026-8-30 15:40:40-debug: %cImport%c: D:\GameByself\Cocos\Project1\assets\resources\UIbackground: #aaff85; color: #000;color: #000;
2026-8-30 15:40:43-debug: Cannot find the asset handler of operate open for importer fbx
2026-8-30 15:40:45-debug: refresh db internal success
2026-8-30 15:40:45-debug: refresh db assets success
2026-8-30 15:40:45-debug: Run asset db hook engine-extends:afterRefresh ...
2026-8-30 15:40:45-debug: Run asset db hook engine-extends:afterRefresh success!
2026-8-30 15:40:45-debug: asset-db:refresh-all-database (117ms)
2026-8-30 15:40:45-debug: asset-db:worker-effect-data-processing (2ms)
2026-8-30 15:40:45-debug: asset-db-hook-engine-extends-afterRefresh (2ms)
2026-8-30 15:41:04-debug: programming:execute-script (5ms)
2026-8-30 15:41:05-debug: start remove asset D:\GameByself\Cocos\Project1\assets\resources\UI\formula-f04\source\Formula F04 (2).fbx...
2026-8-30 15:41:05-debug: start refresh asset from D:\GameByself\Cocos\Project1\assets\resources\UI\formula-f04\source\Formula F04 (2).fbx...
2026-8-30 15:41:05-debug: %cDestroy%c: D:\GameByself\Cocos\Project1\assets\resources\UI\formula-f04\source\Formula F04 (2).fbx@33144background: #ffb8b8; color: #000;color: #000;
2026-8-30 15:41:05-debug: %cDestroy%c: D:\GameByself\Cocos\Project1\assets\resources\UI\formula-f04\source\Formula F04 (2).fbx@54202background: #ffb8b8; color: #000;color: #000;
2026-8-30 15:41:05-debug: %cDestroy%c: D:\GameByself\Cocos\Project1\assets\resources\UI\formula-f04\source\Formula F04 (2).fbx@99d6cbackground: #ffb8b8; color: #000;color: #000;
2026-8-30 15:41:05-debug: %cDestroy%c: D:\GameByself\Cocos\Project1\assets\resources\UI\formula-f04\source\Formula F04 (2).fbx@6ec10background: #ffb8b8; color: #000;color: #000;
2026-8-30 15:41:05-debug: %cDestroy%c: D:\GameByself\Cocos\Project1\assets\resources\UI\formula-f04\source\Formula F04 (2).fbx@3620dbackground: #ffb8b8; color: #000;color: #000;
2026-8-30 15:41:05-debug: %cDestroy%c: D:\GameByself\Cocos\Project1\assets\resources\UI\formula-f04\source\Formula F04 (2).fbx@cbffabackground: #ffb8b8; color: #000;color: #000;
2026-8-30 15:41:05-debug: %cDestroy%c: D:\GameByself\Cocos\Project1\assets\resources\UI\formula-f04\source\Formula F04 (2).fbx@3c0d1background: #ffb8b8; color: #000;color: #000;
2026-8-30 15:41:05-debug: %cDestroy%c: D:\GameByself\Cocos\Project1\assets\resources\UI\formula-f04\source\Formula F04 (2).fbx@6745bbackground: #ffb8b8; color: #000;color: #000;
2026-8-30 15:41:05-debug: %cDestroy%c: D:\GameByself\Cocos\Project1\assets\resources\UI\formula-f04\source\Formula F04 (2).fbx@b832bbackground: #ffb8b8; color: #000;color: #000;
2026-8-30 15:41:05-debug: %cDestroy%c: D:\GameByself\Cocos\Project1\assets\resources\UI\formula-f04\source\Formula F04 (2).fbx@f2dffbackground: #ffb8b8; color: #000;color: #000;
2026-8-30 15:41:05-debug: %cDestroy%c: D:\GameByself\Cocos\Project1\assets\resources\UI\formula-f04\source\Formula F04 (2).fbx@1d4ebbackground: #ffb8b8; color: #000;color: #000;
2026-8-30 15:41:05-debug: %cDestroy%c: D:\GameByself\Cocos\Project1\assets\resources\UI\formula-f04\source\Formula F04 (2).fbx@c05bcbackground: #ffb8b8; color: #000;color: #000;
2026-8-30 15:41:05-debug: %cDestroy%c: D:\GameByself\Cocos\Project1\assets\resources\UI\formula-f04\source\Formula F04 (2).fbx@9fa2abackground: #ffb8b8; color: #000;color: #000;
2026-8-30 15:41:05-debug: %cDestroy%c: D:\GameByself\Cocos\Project1\assets\resources\UI\formula-f04\source\Formula F04 (2).fbx@014cbbackground: #ffb8b8; color: #000;color: #000;
2026-8-30 15:41:05-debug: %cDestroy%c: D:\GameByself\Cocos\Project1\assets\resources\UI\formula-f04\source\Formula F04 (2).fbx@a1eb8background: #ffb8b8; color: #000;color: #000;
2026-8-30 15:41:05-debug: %cDestroy%c: D:\GameByself\Cocos\Project1\assets\resources\UI\formula-f04\source\Formula F04 (2).fbx@dde3dbackground: #ffb8b8; color: #000;color: #000;
2026-8-30 15:41:05-debug: %cDestroy%c: D:\GameByself\Cocos\Project1\assets\resources\UI\formula-f04\source\Formula F04 (2).fbx@b67cabackground: #ffb8b8; color: #000;color: #000;
2026-8-30 15:41:05-debug: %cDestroy%c: D:\GameByself\Cocos\Project1\assets\resources\UI\formula-f04\source\Formula F04 (2).fbx@c43e3background: #ffb8b8; color: #000;color: #000;
2026-8-30 15:41:05-debug: %cDestroy%c: D:\GameByself\Cocos\Project1\assets\resources\UI\formula-f04\source\Formula F04 (2).fbx@e1277background: #ffb8b8; color: #000;color: #000;
2026-8-30 15:41:05-debug: %cDestroy%c: D:\GameByself\Cocos\Project1\assets\resources\UI\formula-f04\source\Formula F04 (2).fbx@177c0background: #ffb8b8; color: #000;color: #000;
2026-8-30 15:41:05-debug: %cDestroy%c: D:\GameByself\Cocos\Project1\assets\resources\UI\formula-f04\source\Formula F04 (2).fbx@cc2fdbackground: #ffb8b8; color: #000;color: #000;
2026-8-30 15:41:05-debug: %cDestroy%c: D:\GameByself\Cocos\Project1\assets\resources\UI\formula-f04\source\Formula F04 (2).fbx@ec86bbackground: #ffb8b8; color: #000;color: #000;
2026-8-30 15:41:05-debug: %cDestroy%c: D:\GameByself\Cocos\Project1\assets\resources\UI\formula-f04\source\Formula F04 (2).fbx@2fbfcbackground: #ffb8b8; color: #000;color: #000;
2026-8-30 15:41:05-debug: %cDestroy%c: D:\GameByself\Cocos\Project1\assets\resources\UI\formula-f04\source\Formula F04 (2).fbx@e18cebackground: #ffb8b8; color: #000;color: #000;
2026-8-30 15:41:05-debug: %cDestroy%c: D:\GameByself\Cocos\Project1\assets\resources\UI\formula-f04\source\Formula F04 (2).fbx@743aebackground: #ffb8b8; color: #000;color: #000;
2026-8-30 15:41:05-debug: %cDestroy%c: D:\GameByself\Cocos\Project1\assets\resources\UI\formula-f04\source\Formula F04 (2).fbx@2dc97background: #ffb8b8; color: #000;color: #000;
2026-8-30 15:41:05-debug: %cDestroy%c: D:\GameByself\Cocos\Project1\assets\resources\UI\formula-f04\source\Formula F04 (2).fbx@254cebackground: #ffb8b8; color: #000;color: #000;
2026-8-30 15:41:05-debug: refresh db internal success
2026-8-30 15:41:05-debug: %cDestroy%c: D:\GameByself\Cocos\Project1\assets\resources\UI\formula-f04\source\Formula F04 (2).fbx@d8011background: #ffb8b8; color: #000;color: #000;
2026-8-30 15:41:05-debug: %cDestroy%c: D:\GameByself\Cocos\Project1\assets\resources\UI\formula-f04\source\Formula F04 (2).fbx@3e64bbackground: #ffb8b8; color: #000;color: #000;
2026-8-30 15:41:05-debug: %cDestroy%c: D:\GameByself\Cocos\Project1\assets\resources\UI\formula-f04\source\Formula F04 (2).fbx@d2258background: #ffb8b8; color: #000;color: #000;
2026-8-30 15:41:05-debug: %cDestroy%c: D:\GameByself\Cocos\Project1\assets\resources\UI\formula-f04\source\Formula F04 (2).fbx@5a499background: #ffb8b8; color: #000;color: #000;
2026-8-30 15:41:05-debug: %cDestroy%c: D:\GameByself\Cocos\Project1\assets\resources\UI\formula-f04\source\Formula F04 (2).fbx@7b128background: #ffb8b8; color: #000;color: #000;
2026-8-30 15:41:05-debug: %cDestroy%c: D:\GameByself\Cocos\Project1\assets\resources\UI\formula-f04\source\Formula F04 (2).fbx@3dea4background: #ffb8b8; color: #000;color: #000;
2026-8-30 15:41:05-debug: %cDestroy%c: D:\GameByself\Cocos\Project1\assets\resources\UI\formula-f04\source\Formula F04 (2).fbx@c5c5dbackground: #ffb8b8; color: #000;color: #000;
2026-8-30 15:41:05-debug: %cDestroy%c: D:\GameByself\Cocos\Project1\assets\resources\UI\formula-f04\source\Formula F04 (2).fbx@a58c3background: #ffb8b8; color: #000;color: #000;
2026-8-30 15:41:05-debug: %cDestroy%c: D:\GameByself\Cocos\Project1\assets\resources\UI\formula-f04\source\Formula F04 (2).fbx@7e93cbackground: #ffb8b8; color: #000;color: #000;
2026-8-30 15:41:05-debug: %cDestroy%c: D:\GameByself\Cocos\Project1\assets\resources\UI\formula-f04\source\Formula F04 (2).fbx@c7023background: #ffb8b8; color: #000;color: #000;
2026-8-30 15:41:05-debug: %cDestroy%c: D:\GameByself\Cocos\Project1\assets\resources\UI\formula-f04\source\Formula F04 (2).fbx@4cc2dbackground: #ffb8b8; color: #000;color: #000;
2026-8-30 15:41:05-debug: %cDestroy%c: D:\GameByself\Cocos\Project1\assets\resources\UI\formula-f04\source\Formula F04 (2).fbx@e056cbackground: #ffb8b8; color: #000;color: #000;
2026-8-30 15:41:05-debug: %cDestroy%c: D:\GameByself\Cocos\Project1\assets\resources\UI\formula-f04\source\Formula F04 (2).fbx@fff23background: #ffb8b8; color: #000;color: #000;
2026-8-30 15:41:05-debug: %cDestroy%c: D:\GameByself\Cocos\Project1\assets\resources\UI\formula-f04\source\Formula F04 (2).fbx@3ef54background: #ffb8b8; color: #000;color: #000;
2026-8-30 15:41:05-debug: %cDestroy%c: D:\GameByself\Cocos\Project1\assets\resources\UI\formula-f04\source\Formula F04 (2).fbx@0cca1background: #ffb8b8; color: #000;color: #000;
2026-8-30 15:41:05-debug: %cDestroy%c: D:\GameByself\Cocos\Project1\assets\resources\UI\formula-f04\source\Formula F04 (2).fbx@f69c7background: #ffb8b8; color: #000;color: #000;
2026-8-30 15:41:05-debug: %cDestroy%c: D:\GameByself\Cocos\Project1\assets\resources\UI\formula-f04\source\Formula F04 (2).fbx@6a2a1background: #ffb8b8; color: #000;color: #000;
2026-8-30 15:41:05-debug: %cDestroy%c: D:\GameByself\Cocos\Project1\assets\resources\UI\formula-f04\source\Formula F04 (2).fbx@af9ebbackground: #ffb8b8; color: #000;color: #000;
2026-8-30 15:41:05-debug: %cDestroy%c: D:\GameByself\Cocos\Project1\assets\resources\UI\formula-f04\source\Formula F04 (2).fbx@6d6c8background: #ffb8b8; color: #000;color: #000;
2026-8-30 15:41:05-debug: %cDestroy%c: D:\GameByself\Cocos\Project1\assets\resources\UI\formula-f04\source\Formula F04 (2).fbx@efc9abackground: #ffb8b8; color: #000;color: #000;
2026-8-30 15:41:05-debug: %cDestroy%c: D:\GameByself\Cocos\Project1\assets\resources\UI\formula-f04\source\Formula F04 (2).fbx@f776dbackground: #ffb8b8; color: #000;color: #000;
2026-8-30 15:41:05-debug: %cDestroy%c: D:\GameByself\Cocos\Project1\assets\resources\UI\formula-f04\source\Formula F04 (2).fbx@0d105background: #ffb8b8; color: #000;color: #000;
2026-8-30 15:41:05-debug: %cDestroy%c: D:\GameByself\Cocos\Project1\assets\resources\UI\formula-f04\source\Formula F04 (2).fbx@5adcabackground: #ffb8b8; color: #000;color: #000;
2026-8-30 15:41:05-debug: %cDestroy%c: D:\GameByself\Cocos\Project1\assets\resources\UI\formula-f04\source\Formula F04 (2).fbx@58d6abackground: #ffb8b8; color: #000;color: #000;
2026-8-30 15:41:05-debug: %cDestroy%c: D:\GameByself\Cocos\Project1\assets\resources\UI\formula-f04\source\Formula F04 (2).fbx@c336dbackground: #ffb8b8; color: #000;color: #000;
2026-8-30 15:41:05-debug: %cDestroy%c: D:\GameByself\Cocos\Project1\assets\resources\UI\formula-f04\source\Formula F04 (2).fbx@ae660background: #ffb8b8; color: #000;color: #000;
2026-8-30 15:41:05-debug: %cDestroy%c: D:\GameByself\Cocos\Project1\assets\resources\UI\formula-f04\source\Formula F04 (2).fbx@c5110background: #ffb8b8; color: #000;color: #000;
2026-8-30 15:41:05-debug: %cDestroy%c: D:\GameByself\Cocos\Project1\assets\resources\UI\formula-f04\source\Formula F04 (2).fbx@99f32background: #ffb8b8; color: #000;color: #000;
2026-8-30 15:41:05-debug: %cDestroy%c: D:\GameByself\Cocos\Project1\assets\resources\UI\formula-f04\source\Formula F04 (2).fbx@169e8background: #ffb8b8; color: #000;color: #000;
2026-8-30 15:41:05-debug: %cDestroy%c: D:\GameByself\Cocos\Project1\assets\resources\UI\formula-f04\source\Formula F04 (2).fbx@e4c64background: #ffb8b8; color: #000;color: #000;
2026-8-30 15:41:05-debug: %cDestroy%c: D:\GameByself\Cocos\Project1\assets\resources\UI\formula-f04\source\Formula F04 (2).fbx@df7f9background: #ffb8b8; color: #000;color: #000;
2026-8-30 15:41:05-debug: %cDestroy%c: D:\GameByself\Cocos\Project1\assets\resources\UI\formula-f04\source\Formula F04 (2).fbx@156afbackground: #ffb8b8; color: #000;color: #000;
2026-8-30 15:41:05-debug: %cDestroy%c: D:\GameByself\Cocos\Project1\assets\resources\UI\formula-f04\source\Formula F04 (2).fbx@fe620background: #ffb8b8; color: #000;color: #000;
2026-8-30 15:41:05-debug: %cDestroy%c: D:\GameByself\Cocos\Project1\assets\resources\UI\formula-f04\source\Formula F04 (2).fbx@51e2cbackground: #ffb8b8; color: #000;color: #000;
2026-8-30 15:41:05-debug: %cDestroy%c: D:\GameByself\Cocos\Project1\assets\resources\UI\formula-f04\source\Formula F04 (2).fbx@faf74background: #ffb8b8; color: #000;color: #000;
2026-8-30 15:41:05-debug: %cDestroy%c: D:\GameByself\Cocos\Project1\assets\resources\UI\formula-f04\source\Formula F04 (2).fbxbackground: #ffb8b8; color: #000;color: #000;
2026-8-30 15:41:05-log: 资源数据库已锁定，资源操作(bound autoRefreshAssetLazy)将会延迟响应，请稍侯
2026-8-30 15:41:05-debug: remove asset D:\GameByself\Cocos\Project1\assets\resources\UI\formula-f04\source\Formula F04 (2).fbx success
2026-8-30 15:41:05-debug: refresh asset D:\GameByself\Cocos\Project1\assets\resources\UI\formula-f04\source success
2026-8-30 15:41:05-debug: %cImport%c: D:\GameByself\Cocos\Project1\assets\resources\UI\formula-f04\sourcebackground: #aaff85; color: #000;color: #000;
2026-8-30 15:41:05-debug: refresh db assets success
2026-8-30 15:41:05-debug: Run asset db hook engine-extends:afterRefresh ...
2026-8-30 15:41:05-debug: Run asset db hook engine-extends:afterRefresh success!
2026-8-30 15:41:05-debug: asset-db:refresh-all-database (365ms)
2026-8-30 15:41:05-debug: asset-db:worker-effect-data-processing (1ms)
2026-8-30 15:41:05-debug: asset-db-hook-engine-extends-afterRefresh (2ms)
2026-8-30 15:41:10-debug: start remove asset D:\GameByself\Cocos\Project1\assets\resources\UI\formula-f04...
2026-8-30 15:41:10-debug: start refresh asset from D:\GameByself\Cocos\Project1\assets\resources\UI\formula-f04...
2026-8-30 15:41:10-debug: %cDestroy%c: D:\GameByself\Cocos\Project1\assets\resources\UI\formula-f04\sourcebackground: #ffb8b8; color: #000;color: #000;
2026-8-30 15:41:10-debug: %cDestroy%c: D:\GameByself\Cocos\Project1\assets\resources\UI\formula-f04\textures\texture_12_(10)_(10).png@6c48abackground: #ffb8b8; color: #000;color: #000;
2026-8-30 15:41:10-debug: %cDestroy%c: D:\GameByself\Cocos\Project1\assets\resources\UI\formula-f04\texturesbackground: #ffb8b8; color: #000;color: #000;
2026-8-30 15:41:10-debug: %cDestroy%c: D:\GameByself\Cocos\Project1\assets\resources\UI\formula-f04\textures\texture_21_(10)_(5).png@6c48abackground: #ffb8b8; color: #000;color: #000;
2026-8-30 15:41:10-debug: %cDestroy%c: D:\GameByself\Cocos\Project1\assets\resources\UI\formula-f04background: #ffb8b8; color: #000;color: #000;
2026-8-30 15:41:10-debug: %cDestroy%c: D:\GameByself\Cocos\Project1\assets\resources\UI\formula-f04\textures\texture_26_(10)_(5).png@6c48abackground: #ffb8b8; color: #000;color: #000;
2026-8-30 15:41:10-debug: %cDestroy%c: D:\GameByself\Cocos\Project1\assets\resources\UI\formula-f04\textures\texture_30_(10)_(5).png@6c48abackground: #ffb8b8; color: #000;color: #000;
2026-8-30 15:41:10-debug: %cDestroy%c: D:\GameByself\Cocos\Project1\assets\resources\UI\formula-f04\textures\texture_12_(10)_(10).pngbackground: #ffb8b8; color: #000;color: #000;
2026-8-30 15:41:10-debug: %cDestroy%c: D:\GameByself\Cocos\Project1\assets\resources\UI\formula-f04\textures\texture_21_(10)_(5).pngbackground: #ffb8b8; color: #000;color: #000;
2026-8-30 15:41:10-debug: %cDestroy%c: D:\GameByself\Cocos\Project1\assets\resources\UI\formula-f04\textures\texture_30_(10)_(5).pngbackground: #ffb8b8; color: #000;color: #000;
2026-8-30 15:41:10-debug: %cDestroy%c: D:\GameByself\Cocos\Project1\assets\resources\UI\formula-f04\textures\texture_26_(10)_(5).pngbackground: #ffb8b8; color: #000;color: #000;
2026-8-30 15:41:10-log: 资源数据库已锁定，资源操作(bound autoRefreshAssetLazy)将会延迟响应，请稍侯
2026-8-30 15:41:10-debug: refresh asset D:\GameByself\Cocos\Project1\assets\resources\UI success
2026-8-30 15:41:10-debug: remove asset D:\GameByself\Cocos\Project1\assets\resources\UI\formula-f04 success
2026-8-30 15:41:10-debug: refresh db internal success
2026-8-30 15:41:10-debug: %cImport%c: D:\GameByself\Cocos\Project1\assets\resources\UIbackground: #aaff85; color: #000;color: #000;
2026-8-30 15:41:10-debug: refresh db assets success
2026-8-30 15:41:10-debug: Run asset db hook engine-extends:afterRefresh ...
2026-8-30 15:41:10-debug: Run asset db hook engine-extends:afterRefresh success!
2026-8-30 15:41:10-debug: asset-db:refresh-all-database (162ms)
2026-8-30 15:41:10-debug: asset-db:worker-effect-data-processing (1ms)
2026-8-30 15:41:10-debug: asset-db-hook-engine-extends-afterRefresh (2ms)
2026-8-30 15:44:21-debug: refresh db internal success
2026-8-30 15:44:21-debug: refresh db assets success
2026-8-30 15:44:21-debug: Run asset db hook engine-extends:afterRefresh ...
2026-8-30 15:44:21-debug: Run asset db hook engine-extends:afterRefresh success!
2026-8-30 15:44:21-debug: asset-db:refresh-all-database (109ms)
2026-8-30 15:44:21-debug: asset-db:worker-effect-data-processing (1ms)
2026-8-30 15:44:21-debug: asset-db-hook-engine-extends-afterRefresh (1ms)
2026-8-30 15:44:29-debug: start refresh asset from D:\GameByself\Cocos\Project1\assets\resources\UI\formula-f04...
2026-8-30 15:44:29-debug: %cImport%c: D:\GameByself\Cocos\Project1\assets\resources\UI\formula-f04\source\Formula F04 (2).fbxbackground: #aaff85; color: #000;color: #000;
2026-8-30 15:44:29-debug: %cImport%c: D:\GameByself\Cocos\Project1\assets\resources\UI\formula-f04background: #aaff85; color: #000;color: #000;
2026-8-30 15:44:29-debug: %cImport%c: D:\GameByself\Cocos\Project1\assets\resources\UI\formula-f04\texturesbackground: #aaff85; color: #000;color: #000;
2026-8-30 15:44:29-debug: %cImport%c: D:\GameByself\Cocos\Project1\assets\resources\UI\formula-f04\sourcebackground: #aaff85; color: #000;color: #000;
2026-8-30 15:44:29-debug: %cImport%c: D:\GameByself\Cocos\Project1\assets\resources\UI\formula-f04\textures\texture_12_(10)_(10).pngbackground: #aaff85; color: #000;color: #000;
2026-8-30 15:44:29-debug: %cImport%c: D:\GameByself\Cocos\Project1\assets\resources\UI\formula-f04\textures\texture_21_(10)_(5).pngbackground: #aaff85; color: #000;color: #000;
2026-8-30 15:44:30-debug: %cImport%c: D:\GameByself\Cocos\Project1\assets\resources\UI\formula-f04\textures\texture_30_(10)_(5).pngbackground: #aaff85; color: #000;color: #000;
2026-8-30 15:44:29-debug: %cImport%c: D:\GameByself\Cocos\Project1\assets\resources\UI\formula-f04\textures\texture_26_(10)_(5).pngbackground: #aaff85; color: #000;color: #000;
2026-8-30 15:44:30-debug: Status file D:\GameByself\Cocos\Project1\temp\asset-db\assets\fbx.FBX-glTF-conv\ef80c1d1-397d-4d90-9270-b08b087d361a\status.json: Error: ENOENT: no such file or directory, open 'D:\GameByself\Cocos\Project1\temp\asset-db\assets\fbx.FBX-glTF-conv\ef80c1d1-397d-4d90-9270-b08b087d361a\status.json'
2026-8-30 15:44:30-debug: %cImport%c: D:\GameByself\Cocos\Project1\assets\resources\UI\formula-f04\textures\texture_12_(10)_(10).png@6c48abackground: #aaff85; color: #000;color: #000;
2026-8-30 15:44:30-debug: %cImport%c: D:\GameByself\Cocos\Project1\assets\resources\UI\formula-f04\textures\texture_26_(10)_(5).png@6c48abackground: #aaff85; color: #000;color: #000;
2026-8-30 15:44:30-debug: %cImport%c: D:\GameByself\Cocos\Project1\assets\resources\UI\formula-f04\textures\texture_21_(10)_(5).png@6c48abackground: #aaff85; color: #000;color: #000;
2026-8-30 15:44:30-debug: %cImport%c: D:\GameByself\Cocos\Project1\assets\resources\UI\formula-f04\textures\texture_30_(10)_(5).png@6c48abackground: #aaff85; color: #000;color: #000;
2026-8-30 15:44:30-debug: refresh db internal success
2026-8-30 15:44:30-debug: Frame rate: 30 [{asset(ef80c1d1-397d-4d90-9270-b08b087d361a)}]
2026-8-30 15:44:30-debug: We can not get the associated material for some reasons. [{asset(ef80c1d1-397d-4d90-9270-b08b087d361a)}]
2026-8-30 15:44:30-debug: We can not get the associated material for some reasons. [{asset(ef80c1d1-397d-4d90-9270-b08b087d361a)}]
2026-8-30 15:44:30-debug: We can not get the associated material for some reasons. [{asset(ef80c1d1-397d-4d90-9270-b08b087d361a)}]
2026-8-30 15:44:30-debug: We can not get the associated material for some reasons. [{asset(ef80c1d1-397d-4d90-9270-b08b087d361a)}]
2026-8-30 15:44:30-debug: We can not get the associated material for some reasons. [{asset(ef80c1d1-397d-4d90-9270-b08b087d361a)}]
2026-8-30 15:44:30-debug: We can not get the associated material for some reasons. [{asset(ef80c1d1-397d-4d90-9270-b08b087d361a)}]
2026-8-30 15:44:30-debug: We can not get the associated material for some reasons. [{asset(ef80c1d1-397d-4d90-9270-b08b087d361a)}]
2026-8-30 15:44:30-debug: We can not get the associated material for some reasons. [{asset(ef80c1d1-397d-4d90-9270-b08b087d361a)}]
2026-8-30 15:44:30-debug: We can not get the associated material for some reasons. [{asset(ef80c1d1-397d-4d90-9270-b08b087d361a)}]
2026-8-30 15:44:30-debug: We can not get the associated material for some reasons. [{asset(ef80c1d1-397d-4d90-9270-b08b087d361a)}]
2026-8-30 15:44:30-debug: We can not get the associated material for some reasons. [{asset(ef80c1d1-397d-4d90-9270-b08b087d361a)}]
2026-8-30 15:44:30-debug: We can not get the associated material for some reasons. [{asset(ef80c1d1-397d-4d90-9270-b08b087d361a)}]
2026-8-30 15:44:30-debug: We can not get the associated material for some reasons. [{asset(ef80c1d1-397d-4d90-9270-b08b087d361a)}]
2026-8-30 15:44:30-debug: We can not get the associated material for some reasons. [{asset(ef80c1d1-397d-4d90-9270-b08b087d361a)}]
2026-8-30 15:44:30-debug: We can not get the associated material for some reasons. [{asset(ef80c1d1-397d-4d90-9270-b08b087d361a)}]
2026-8-30 15:44:30-debug: We can not get the associated material for some reasons. [{asset(ef80c1d1-397d-4d90-9270-b08b087d361a)}]
2026-8-30 15:44:30-debug: We can not get the associated material for some reasons. [{asset(ef80c1d1-397d-4d90-9270-b08b087d361a)}]
2026-8-30 15:44:30-debug: We can not get the associated material for some reasons. [{asset(ef80c1d1-397d-4d90-9270-b08b087d361a)}]
2026-8-30 15:44:30-debug: We can not get the associated material for some reasons. [{asset(ef80c1d1-397d-4d90-9270-b08b087d361a)}]
2026-8-30 15:44:30-debug: We can not get the associated material for some reasons. [{asset(ef80c1d1-397d-4d90-9270-b08b087d361a)}]
2026-8-30 15:44:30-debug: We can not get the associated material for some reasons. [{asset(ef80c1d1-397d-4d90-9270-b08b087d361a)}]
2026-8-30 15:44:30-debug: We can not get the associated material for some reasons. [{asset(ef80c1d1-397d-4d90-9270-b08b087d361a)}]
2026-8-30 15:44:30-debug: We can not get the associated material for some reasons. [{asset(ef80c1d1-397d-4d90-9270-b08b087d361a)}]
2026-8-30 15:44:30-debug: We can not get the associated material for some reasons. [{asset(ef80c1d1-397d-4d90-9270-b08b087d361a)}]
2026-8-30 15:44:30-debug: We can not get the associated material for some reasons. [{asset(ef80c1d1-397d-4d90-9270-b08b087d361a)}]
2026-8-30 15:44:30-debug: We can not get the associated material for some reasons. [{asset(ef80c1d1-397d-4d90-9270-b08b087d361a)}]
2026-8-30 15:44:30-debug: We can not get the associated material for some reasons. [{asset(ef80c1d1-397d-4d90-9270-b08b087d361a)}]
2026-8-30 15:44:30-debug: We can not get the associated material for some reasons. [{asset(ef80c1d1-397d-4d90-9270-b08b087d361a)}]
2026-8-30 15:44:30-debug: We can not get the associated material for some reasons. [{asset(ef80c1d1-397d-4d90-9270-b08b087d361a)}]
2026-8-30 15:44:30-debug: We can not get the associated material for some reasons. [{asset(ef80c1d1-397d-4d90-9270-b08b087d361a)}]
2026-8-30 15:44:30-debug: We can not get the associated material for some reasons. [{asset(ef80c1d1-397d-4d90-9270-b08b087d361a)}]
2026-8-30 15:44:30-debug: We can not get the associated material for some reasons. [{asset(ef80c1d1-397d-4d90-9270-b08b087d361a)}]
2026-8-30 15:44:30-debug: We can not get the associated material for some reasons. [{asset(ef80c1d1-397d-4d90-9270-b08b087d361a)}]
2026-8-30 15:44:30-debug: We can not get the associated material for some reasons. [{asset(ef80c1d1-397d-4d90-9270-b08b087d361a)}]
2026-8-30 15:44:30-debug: We can not get the associated material for some reasons. [{asset(ef80c1d1-397d-4d90-9270-b08b087d361a)}]
2026-8-30 15:44:30-debug: We can not get the associated material for some reasons. [{asset(ef80c1d1-397d-4d90-9270-b08b087d361a)}]
2026-8-30 15:44:30-debug: We can not get the associated material for some reasons. [{asset(ef80c1d1-397d-4d90-9270-b08b087d361a)}]
2026-8-30 15:44:30-debug: We can not get the associated material for some reasons. [{asset(ef80c1d1-397d-4d90-9270-b08b087d361a)}]
2026-8-30 15:44:30-debug: We can not get the associated material for some reasons. [{asset(ef80c1d1-397d-4d90-9270-b08b087d361a)}]
2026-8-30 15:44:30-debug: We can not get the associated material for some reasons. [{asset(ef80c1d1-397d-4d90-9270-b08b087d361a)}]
2026-8-30 15:44:30-debug: We can not get the associated material for some reasons. [{asset(ef80c1d1-397d-4d90-9270-b08b087d361a)}]
2026-8-30 15:44:30-debug: We can not get the associated material for some reasons. [{asset(ef80c1d1-397d-4d90-9270-b08b087d361a)}]
2026-8-30 15:44:30-debug: We can not get the associated material for some reasons. [{asset(ef80c1d1-397d-4d90-9270-b08b087d361a)}]
2026-8-30 15:44:30-debug: We can not get the associated material for some reasons. [{asset(ef80c1d1-397d-4d90-9270-b08b087d361a)}]
2026-8-30 15:44:30-debug: We can not get the associated material for some reasons. [{asset(ef80c1d1-397d-4d90-9270-b08b087d361a)}]
2026-8-30 15:44:30-debug: We can not get the associated material for some reasons. [{asset(ef80c1d1-397d-4d90-9270-b08b087d361a)}]
2026-8-30 15:44:30-debug: We can not get the associated material for some reasons. [{asset(ef80c1d1-397d-4d90-9270-b08b087d361a)}]
2026-8-30 15:44:30-debug: We can not get the associated material for some reasons. [{asset(ef80c1d1-397d-4d90-9270-b08b087d361a)}]
2026-8-30 15:44:30-debug: We can not get the associated material for some reasons. [{asset(ef80c1d1-397d-4d90-9270-b08b087d361a)}]
2026-8-30 15:44:30-debug: We can not get the associated material for some reasons. [{asset(ef80c1d1-397d-4d90-9270-b08b087d361a)}]
2026-8-30 15:44:30-debug: We can not get the associated material for some reasons. [{asset(ef80c1d1-397d-4d90-9270-b08b087d361a)}]
2026-8-30 15:44:30-debug: We can not get the associated material for some reasons. [{asset(ef80c1d1-397d-4d90-9270-b08b087d361a)}]
2026-8-30 15:44:30-debug: We can not get the associated material for some reasons. [{asset(ef80c1d1-397d-4d90-9270-b08b087d361a)}]
2026-8-30 15:44:30-debug: We can not get the associated material for some reasons. [{asset(ef80c1d1-397d-4d90-9270-b08b087d361a)}]
2026-8-30 15:44:30-debug: We can not get the associated material for some reasons. [{asset(ef80c1d1-397d-4d90-9270-b08b087d361a)}]
2026-8-30 15:44:30-debug: We can not get the associated material for some reasons. [{asset(ef80c1d1-397d-4d90-9270-b08b087d361a)}]
2026-8-30 15:44:30-debug: We can not get the associated material for some reasons. [{asset(ef80c1d1-397d-4d90-9270-b08b087d361a)}]
2026-8-30 15:44:30-debug: We can not get the associated material for some reasons. [{asset(ef80c1d1-397d-4d90-9270-b08b087d361a)}]
2026-8-30 15:44:30-debug: We can not get the associated material for some reasons. [{asset(ef80c1d1-397d-4d90-9270-b08b087d361a)}]
2026-8-30 15:44:30-debug: We can not get the associated material for some reasons. [{asset(ef80c1d1-397d-4d90-9270-b08b087d361a)}]
2026-8-30 15:44:30-debug: We can not get the associated material for some reasons. [{asset(ef80c1d1-397d-4d90-9270-b08b087d361a)}]
2026-8-30 15:44:30-debug: %cImport%c: D:\GameByself\Cocos\Project1\assets\resources\UI\formula-f04\source\Formula F04 (2).fbx@33144background: #aaff85; color: #000;color: #000;
2026-8-30 15:44:30-debug: %cImport%c: D:\GameByself\Cocos\Project1\assets\resources\UI\formula-f04\source\Formula F04 (2).fbx@54202background: #aaff85; color: #000;color: #000;
2026-8-30 15:44:30-debug: %cImport%c: D:\GameByself\Cocos\Project1\assets\resources\UI\formula-f04\source\Formula F04 (2).fbx@99d6cbackground: #aaff85; color: #000;color: #000;
2026-8-30 15:44:30-debug: %cImport%c: D:\GameByself\Cocos\Project1\assets\resources\UI\formula-f04\source\Formula F04 (2).fbx@6ec10background: #aaff85; color: #000;color: #000;
2026-8-30 15:44:30-debug: %cImport%c: D:\GameByself\Cocos\Project1\assets\resources\UI\formula-f04\source\Formula F04 (2).fbx@3620dbackground: #aaff85; color: #000;color: #000;
2026-8-30 15:44:30-debug: %cImport%c: D:\GameByself\Cocos\Project1\assets\resources\UI\formula-f04\source\Formula F04 (2).fbx@cbffabackground: #aaff85; color: #000;color: #000;
2026-8-30 15:44:30-debug: %cImport%c: D:\GameByself\Cocos\Project1\assets\resources\UI\formula-f04\source\Formula F04 (2).fbx@3c0d1background: #aaff85; color: #000;color: #000;
2026-8-30 15:44:30-debug: %cImport%c: D:\GameByself\Cocos\Project1\assets\resources\UI\formula-f04\source\Formula F04 (2).fbx@6745bbackground: #aaff85; color: #000;color: #000;
2026-8-30 15:44:30-debug: %cImport%c: D:\GameByself\Cocos\Project1\assets\resources\UI\formula-f04\source\Formula F04 (2).fbx@b832bbackground: #aaff85; color: #000;color: #000;
2026-8-30 15:44:30-debug: %cImport%c: D:\GameByself\Cocos\Project1\assets\resources\UI\formula-f04\source\Formula F04 (2).fbx@f2dffbackground: #aaff85; color: #000;color: #000;
2026-8-30 15:44:30-debug: %cImport%c: D:\GameByself\Cocos\Project1\assets\resources\UI\formula-f04\source\Formula F04 (2).fbx@1d4ebbackground: #aaff85; color: #000;color: #000;
2026-8-30 15:44:30-debug: %cImport%c: D:\GameByself\Cocos\Project1\assets\resources\UI\formula-f04\source\Formula F04 (2).fbx@c05bcbackground: #aaff85; color: #000;color: #000;
2026-8-30 15:44:30-debug: %cImport%c: D:\GameByself\Cocos\Project1\assets\resources\UI\formula-f04\source\Formula F04 (2).fbx@9fa2abackground: #aaff85; color: #000;color: #000;
2026-8-30 15:44:30-debug: %cImport%c: D:\GameByself\Cocos\Project1\assets\resources\UI\formula-f04\source\Formula F04 (2).fbx@014cbbackground: #aaff85; color: #000;color: #000;
2026-8-30 15:44:30-debug: %cImport%c: D:\GameByself\Cocos\Project1\assets\resources\UI\formula-f04\source\Formula F04 (2).fbx@a1eb8background: #aaff85; color: #000;color: #000;
2026-8-30 15:44:30-debug: %cImport%c: D:\GameByself\Cocos\Project1\assets\resources\UI\formula-f04\source\Formula F04 (2).fbx@dde3dbackground: #aaff85; color: #000;color: #000;
2026-8-30 15:44:30-debug: %cImport%c: D:\GameByself\Cocos\Project1\assets\resources\UI\formula-f04\source\Formula F04 (2).fbx@b67cabackground: #aaff85; color: #000;color: #000;
2026-8-30 15:44:30-debug: %cImport%c: D:\GameByself\Cocos\Project1\assets\resources\UI\formula-f04\source\Formula F04 (2).fbx@c43e3background: #aaff85; color: #000;color: #000;
2026-8-30 15:44:30-debug: %cImport%c: D:\GameByself\Cocos\Project1\assets\resources\UI\formula-f04\source\Formula F04 (2).fbx@e1277background: #aaff85; color: #000;color: #000;
2026-8-30 15:44:30-debug: %cImport%c: D:\GameByself\Cocos\Project1\assets\resources\UI\formula-f04\source\Formula F04 (2).fbx@177c0background: #aaff85; color: #000;color: #000;
2026-8-30 15:44:30-debug: %cImport%c: D:\GameByself\Cocos\Project1\assets\resources\UI\formula-f04\source\Formula F04 (2).fbx@cc2fdbackground: #aaff85; color: #000;color: #000;
2026-8-30 15:44:30-debug: %cImport%c: D:\GameByself\Cocos\Project1\assets\resources\UI\formula-f04\source\Formula F04 (2).fbx@ec86bbackground: #aaff85; color: #000;color: #000;
2026-8-30 15:44:30-debug: %cImport%c: D:\GameByself\Cocos\Project1\assets\resources\UI\formula-f04\source\Formula F04 (2).fbx@2fbfcbackground: #aaff85; color: #000;color: #000;
2026-8-30 15:44:30-debug: %cImport%c: D:\GameByself\Cocos\Project1\assets\resources\UI\formula-f04\source\Formula F04 (2).fbx@e18cebackground: #aaff85; color: #000;color: #000;
2026-8-30 15:44:30-debug: %cImport%c: D:\GameByself\Cocos\Project1\assets\resources\UI\formula-f04\source\Formula F04 (2).fbx@743aebackground: #aaff85; color: #000;color: #000;
2026-8-30 15:44:30-debug: %cImport%c: D:\GameByself\Cocos\Project1\assets\resources\UI\formula-f04\source\Formula F04 (2).fbx@2dc97background: #aaff85; color: #000;color: #000;
2026-8-30 15:44:30-debug: %cImport%c: D:\GameByself\Cocos\Project1\assets\resources\UI\formula-f04\source\Formula F04 (2).fbx@254cebackground: #aaff85; color: #000;color: #000;
2026-8-30 15:44:30-debug: %cImport%c: D:\GameByself\Cocos\Project1\assets\resources\UI\formula-f04\source\Formula F04 (2).fbx@d8011background: #aaff85; color: #000;color: #000;
2026-8-30 15:44:30-debug: %cImport%c: D:\GameByself\Cocos\Project1\assets\resources\UI\formula-f04\source\Formula F04 (2).fbx@3e64bbackground: #aaff85; color: #000;color: #000;
2026-8-30 15:44:30-debug: %cImport%c: D:\GameByself\Cocos\Project1\assets\resources\UI\formula-f04\source\Formula F04 (2).fbx@d2258background: #aaff85; color: #000;color: #000;
2026-8-30 15:44:30-debug: %cImport%c: D:\GameByself\Cocos\Project1\assets\resources\UI\formula-f04\source\Formula F04 (2).fbx@5a499background: #aaff85; color: #000;color: #000;
2026-8-30 15:44:30-debug: %cImport%c: D:\GameByself\Cocos\Project1\assets\resources\UI\formula-f04\source\Formula F04 (2).fbx@7b128background: #aaff85; color: #000;color: #000;
2026-8-30 15:44:30-debug: %cImport%c: D:\GameByself\Cocos\Project1\assets\resources\UI\formula-f04\source\Formula F04 (2).fbx@3dea4background: #aaff85; color: #000;color: #000;
2026-8-30 15:44:30-debug: %cImport%c: D:\GameByself\Cocos\Project1\assets\resources\UI\formula-f04\source\Formula F04 (2).fbx@c5c5dbackground: #aaff85; color: #000;color: #000;
2026-8-30 15:44:30-debug: %cImport%c: D:\GameByself\Cocos\Project1\assets\resources\UI\formula-f04\source\Formula F04 (2).fbx@a58c3background: #aaff85; color: #000;color: #000;
2026-8-30 15:44:30-debug: %cImport%c: D:\GameByself\Cocos\Project1\assets\resources\UI\formula-f04\source\Formula F04 (2).fbx@7e93cbackground: #aaff85; color: #000;color: #000;
2026-8-30 15:44:30-debug: %cImport%c: D:\GameByself\Cocos\Project1\assets\resources\UI\formula-f04\source\Formula F04 (2).fbx@c7023background: #aaff85; color: #000;color: #000;
2026-8-30 15:44:30-debug: %cImport%c: D:\GameByself\Cocos\Project1\assets\resources\UI\formula-f04\source\Formula F04 (2).fbx@4cc2dbackground: #aaff85; color: #000;color: #000;
2026-8-30 15:44:30-debug: %cImport%c: D:\GameByself\Cocos\Project1\assets\resources\UI\formula-f04\source\Formula F04 (2).fbx@e056cbackground: #aaff85; color: #000;color: #000;
2026-8-30 15:44:30-debug: %cImport%c: D:\GameByself\Cocos\Project1\assets\resources\UI\formula-f04\source\Formula F04 (2).fbx@fff23background: #aaff85; color: #000;color: #000;
2026-8-30 15:44:30-debug: %cImport%c: D:\GameByself\Cocos\Project1\assets\resources\UI\formula-f04\source\Formula F04 (2).fbx@3ef54background: #aaff85; color: #000;color: #000;
2026-8-30 15:44:30-debug: %cImport%c: D:\GameByself\Cocos\Project1\assets\resources\UI\formula-f04\source\Formula F04 (2).fbx@0cca1background: #aaff85; color: #000;color: #000;
2026-8-30 15:44:30-debug: %cImport%c: D:\GameByself\Cocos\Project1\assets\resources\UI\formula-f04\source\Formula F04 (2).fbx@f69c7background: #aaff85; color: #000;color: #000;
2026-8-30 15:44:30-debug: %cImport%c: D:\GameByself\Cocos\Project1\assets\resources\UI\formula-f04\source\Formula F04 (2).fbx@6a2a1background: #aaff85; color: #000;color: #000;
2026-8-30 15:44:30-debug: %cImport%c: D:\GameByself\Cocos\Project1\assets\resources\UI\formula-f04\source\Formula F04 (2).fbx@af9ebbackground: #aaff85; color: #000;color: #000;
2026-8-30 15:44:30-debug: %cImport%c: D:\GameByself\Cocos\Project1\assets\resources\UI\formula-f04\source\Formula F04 (2).fbx@6d6c8background: #aaff85; color: #000;color: #000;
2026-8-30 15:44:30-debug: %cImport%c: D:\GameByself\Cocos\Project1\assets\resources\UI\formula-f04\source\Formula F04 (2).fbx@efc9abackground: #aaff85; color: #000;color: #000;
2026-8-30 15:44:30-debug: %cImport%c: D:\GameByself\Cocos\Project1\assets\resources\UI\formula-f04\source\Formula F04 (2).fbx@f776dbackground: #aaff85; color: #000;color: #000;
2026-8-30 15:44:30-debug: %cImport%c: D:\GameByself\Cocos\Project1\assets\resources\UI\formula-f04\source\Formula F04 (2).fbx@0d105background: #aaff85; color: #000;color: #000;
2026-8-30 15:44:30-debug: %cImport%c: D:\GameByself\Cocos\Project1\assets\resources\UI\formula-f04\source\Formula F04 (2).fbx@5adcabackground: #aaff85; color: #000;color: #000;
2026-8-30 15:44:30-debug: %cImport%c: D:\GameByself\Cocos\Project1\assets\resources\UI\formula-f04\source\Formula F04 (2).fbx@58d6abackground: #aaff85; color: #000;color: #000;
2026-8-30 15:44:30-debug: %cImport%c: D:\GameByself\Cocos\Project1\assets\resources\UI\formula-f04\source\Formula F04 (2).fbx@c336dbackground: #aaff85; color: #000;color: #000;
2026-8-30 15:44:30-debug: %cImport%c: D:\GameByself\Cocos\Project1\assets\resources\UI\formula-f04\source\Formula F04 (2).fbx@ae660background: #aaff85; color: #000;color: #000;
2026-8-30 15:44:30-debug: %cImport%c: D:\GameByself\Cocos\Project1\assets\resources\UI\formula-f04\source\Formula F04 (2).fbx@c5110background: #aaff85; color: #000;color: #000;
2026-8-30 15:44:30-debug: %cImport%c: D:\GameByself\Cocos\Project1\assets\resources\UI\formula-f04\source\Formula F04 (2).fbx@99f32background: #aaff85; color: #000;color: #000;
2026-8-30 15:44:30-debug: %cImport%c: D:\GameByself\Cocos\Project1\assets\resources\UI\formula-f04\source\Formula F04 (2).fbx@169e8background: #aaff85; color: #000;color: #000;
2026-8-30 15:44:30-debug: %cImport%c: D:\GameByself\Cocos\Project1\assets\resources\UI\formula-f04\source\Formula F04 (2).fbx@e4c64background: #aaff85; color: #000;color: #000;
2026-8-30 15:44:30-debug: %cImport%c: D:\GameByself\Cocos\Project1\assets\resources\UI\formula-f04\source\Formula F04 (2).fbx@df7f9background: #aaff85; color: #000;color: #000;
2026-8-30 15:44:30-debug: %cImport%c: D:\GameByself\Cocos\Project1\assets\resources\UI\formula-f04\source\Formula F04 (2).fbx@156afbackground: #aaff85; color: #000;color: #000;
2026-8-30 15:44:30-debug: %cImport%c: D:\GameByself\Cocos\Project1\assets\resources\UI\formula-f04\source\Formula F04 (2).fbx@fe620background: #aaff85; color: #000;color: #000;
2026-8-30 15:44:30-debug: %cImport%c: D:\GameByself\Cocos\Project1\assets\resources\UI\formula-f04\source\Formula F04 (2).fbx@51e2cbackground: #aaff85; color: #000;color: #000;
2026-8-30 15:44:30-debug: %cImport%c: D:\GameByself\Cocos\Project1\assets\resources\UI\formula-f04\source\Formula F04 (2).fbx@faf74background: #aaff85; color: #000;color: #000;
2026-8-30 15:44:30-debug: %cImport%c: D:\GameByself\Cocos\Project1\assets\resources\UIbackground: #aaff85; color: #000;color: #000;
2026-8-30 15:44:30-log: 资源数据库已锁定，资源操作(bound autoRefreshAssetLazy)将会延迟响应，请稍侯
2026-8-30 15:44:30-debug: refresh asset D:\GameByself\Cocos\Project1\assets\resources\UI success
2026-8-30 15:44:30-debug: refresh db assets success
2026-8-30 15:44:30-debug: Run asset db hook engine-extends:afterRefresh ...
2026-8-30 15:44:30-debug: Run asset db hook engine-extends:afterRefresh success!
2026-8-30 15:44:30-debug: asset-db:refresh-all-database (746ms)
2026-8-30 15:44:30-debug: asset-db:worker-effect-data-processing (1ms)
2026-8-30 15:44:30-debug: asset-db-hook-engine-extends-afterRefresh (1ms)
2026-8-30 15:44:36-debug: Cannot find the asset handler of operate open for importer fbx
2026-8-30 15:44:38-debug: refresh db internal success
2026-8-30 15:44:38-debug: refresh db assets success
2026-8-30 15:44:38-debug: Run asset db hook engine-extends:afterRefresh ...
2026-8-30 15:44:38-debug: Run asset db hook engine-extends:afterRefresh success!
2026-8-30 15:44:38-debug: asset-db:refresh-all-database (111ms)
2026-8-30 15:44:38-debug: asset-db:worker-effect-data-processing (1ms)
2026-8-30 15:44:38-debug: asset-db-hook-engine-extends-afterRefresh (1ms)
2026-8-30 15:45:04-debug: refresh db internal success
2026-8-30 15:45:04-debug: refresh db assets success
2026-8-30 15:45:04-debug: Run asset db hook engine-extends:afterRefresh ...
2026-8-30 15:45:04-debug: Run asset db hook engine-extends:afterRefresh success!
2026-8-30 15:45:04-debug: asset-db:refresh-all-database (127ms)
2026-8-30 15:45:04-debug: asset-db:worker-effect-data-processing (1ms)
2026-8-30 15:45:04-debug: asset-db-hook-engine-extends-afterRefresh (1ms)
2026-8-30 15:45:12-debug: refresh db internal success
2026-8-30 15:45:12-debug: refresh db assets success
2026-8-30 15:45:12-debug: Run asset db hook engine-extends:afterRefresh ...
2026-8-30 15:45:12-debug: Run asset db hook engine-extends:afterRefresh success!
2026-8-30 15:45:12-debug: asset-db:refresh-all-database (111ms)
2026-8-30 15:45:12-debug: asset-db:worker-effect-data-processing (1ms)
2026-8-30 15:45:12-debug: asset-db-hook-engine-extends-afterRefresh (2ms)
2026-8-30 15:45:15-debug: refresh db internal success
2026-8-30 15:45:15-debug: refresh db assets success
2026-8-30 15:45:15-debug: Run asset db hook engine-extends:afterRefresh ...
2026-8-30 15:45:15-debug: Run asset db hook engine-extends:afterRefresh success!
2026-8-30 15:45:15-debug: asset-db:refresh-all-database (123ms)
2026-8-30 15:45:15-debug: asset-db:worker-effect-data-processing (1ms)
2026-8-30 15:45:15-debug: asset-db-hook-engine-extends-afterRefresh (2ms)
2026-8-30 15:45:20-debug: refresh db internal success
2026-8-30 15:45:20-debug: refresh db assets success
2026-8-30 15:45:20-debug: Run asset db hook engine-extends:afterRefresh ...
2026-8-30 15:45:20-debug: Run asset db hook engine-extends:afterRefresh success!
2026-8-30 15:45:20-debug: asset-db:refresh-all-database (110ms)
2026-8-30 15:45:20-debug: asset-db:worker-effect-data-processing (1ms)
2026-8-30 15:45:20-debug: asset-db-hook-engine-extends-afterRefresh (2ms)
2026-8-30 15:45:56-debug: refresh db internal success
2026-8-30 15:45:56-debug: refresh db assets success
2026-8-30 15:45:56-debug: Run asset db hook engine-extends:afterRefresh ...
2026-8-30 15:45:56-debug: Run asset db hook engine-extends:afterRefresh success!
2026-8-30 15:45:56-debug: asset-db:refresh-all-database (134ms)
2026-8-30 15:45:56-debug: asset-db:worker-effect-data-processing (2ms)
2026-8-30 15:45:56-debug: asset-db-hook-engine-extends-afterRefresh (2ms)
2026-8-30 15:45:57-debug: %cImport%c: D:\GameByself\Cocos\Project1\assets\resources\UI\formula-f04\source\Formula F04 (2).fbxbackground: #aaff85; color: #000;color: #000;
2026-8-30 15:45:57-debug: Frame rate: 30 [{asset(ef80c1d1-397d-4d90-9270-b08b087d361a)}]
2026-8-30 15:45:57-debug: We can not get the associated material for some reasons. [{asset(ef80c1d1-397d-4d90-9270-b08b087d361a)}]
2026-8-30 15:45:57-debug: We can not get the associated material for some reasons. [{asset(ef80c1d1-397d-4d90-9270-b08b087d361a)}]
2026-8-30 15:45:57-debug: We can not get the associated material for some reasons. [{asset(ef80c1d1-397d-4d90-9270-b08b087d361a)}]
2026-8-30 15:45:57-debug: We can not get the associated material for some reasons. [{asset(ef80c1d1-397d-4d90-9270-b08b087d361a)}]
2026-8-30 15:45:57-debug: We can not get the associated material for some reasons. [{asset(ef80c1d1-397d-4d90-9270-b08b087d361a)}]
2026-8-30 15:45:57-debug: We can not get the associated material for some reasons. [{asset(ef80c1d1-397d-4d90-9270-b08b087d361a)}]
2026-8-30 15:45:57-debug: We can not get the associated material for some reasons. [{asset(ef80c1d1-397d-4d90-9270-b08b087d361a)}]
2026-8-30 15:45:57-debug: We can not get the associated material for some reasons. [{asset(ef80c1d1-397d-4d90-9270-b08b087d361a)}]
2026-8-30 15:45:57-debug: We can not get the associated material for some reasons. [{asset(ef80c1d1-397d-4d90-9270-b08b087d361a)}]
2026-8-30 15:45:57-debug: We can not get the associated material for some reasons. [{asset(ef80c1d1-397d-4d90-9270-b08b087d361a)}]
2026-8-30 15:45:57-debug: We can not get the associated material for some reasons. [{asset(ef80c1d1-397d-4d90-9270-b08b087d361a)}]
2026-8-30 15:45:57-debug: We can not get the associated material for some reasons. [{asset(ef80c1d1-397d-4d90-9270-b08b087d361a)}]
2026-8-30 15:45:57-debug: We can not get the associated material for some reasons. [{asset(ef80c1d1-397d-4d90-9270-b08b087d361a)}]
2026-8-30 15:45:57-debug: We can not get the associated material for some reasons. [{asset(ef80c1d1-397d-4d90-9270-b08b087d361a)}]
2026-8-30 15:45:57-debug: We can not get the associated material for some reasons. [{asset(ef80c1d1-397d-4d90-9270-b08b087d361a)}]
2026-8-30 15:45:57-debug: We can not get the associated material for some reasons. [{asset(ef80c1d1-397d-4d90-9270-b08b087d361a)}]
2026-8-30 15:45:57-debug: We can not get the associated material for some reasons. [{asset(ef80c1d1-397d-4d90-9270-b08b087d361a)}]
2026-8-30 15:45:57-debug: We can not get the associated material for some reasons. [{asset(ef80c1d1-397d-4d90-9270-b08b087d361a)}]
2026-8-30 15:45:57-debug: We can not get the associated material for some reasons. [{asset(ef80c1d1-397d-4d90-9270-b08b087d361a)}]
2026-8-30 15:45:57-debug: We can not get the associated material for some reasons. [{asset(ef80c1d1-397d-4d90-9270-b08b087d361a)}]
2026-8-30 15:45:57-debug: We can not get the associated material for some reasons. [{asset(ef80c1d1-397d-4d90-9270-b08b087d361a)}]
2026-8-30 15:45:57-debug: We can not get the associated material for some reasons. [{asset(ef80c1d1-397d-4d90-9270-b08b087d361a)}]
2026-8-30 15:45:57-debug: We can not get the associated material for some reasons. [{asset(ef80c1d1-397d-4d90-9270-b08b087d361a)}]
2026-8-30 15:45:57-debug: We can not get the associated material for some reasons. [{asset(ef80c1d1-397d-4d90-9270-b08b087d361a)}]
2026-8-30 15:45:57-debug: We can not get the associated material for some reasons. [{asset(ef80c1d1-397d-4d90-9270-b08b087d361a)}]
2026-8-30 15:45:57-debug: We can not get the associated material for some reasons. [{asset(ef80c1d1-397d-4d90-9270-b08b087d361a)}]
2026-8-30 15:45:57-debug: We can not get the associated material for some reasons. [{asset(ef80c1d1-397d-4d90-9270-b08b087d361a)}]
2026-8-30 15:45:57-debug: We can not get the associated material for some reasons. [{asset(ef80c1d1-397d-4d90-9270-b08b087d361a)}]
2026-8-30 15:45:57-debug: We can not get the associated material for some reasons. [{asset(ef80c1d1-397d-4d90-9270-b08b087d361a)}]
2026-8-30 15:45:57-debug: We can not get the associated material for some reasons. [{asset(ef80c1d1-397d-4d90-9270-b08b087d361a)}]
2026-8-30 15:45:57-debug: We can not get the associated material for some reasons. [{asset(ef80c1d1-397d-4d90-9270-b08b087d361a)}]
2026-8-30 15:45:57-debug: We can not get the associated material for some reasons. [{asset(ef80c1d1-397d-4d90-9270-b08b087d361a)}]
2026-8-30 15:45:57-debug: We can not get the associated material for some reasons. [{asset(ef80c1d1-397d-4d90-9270-b08b087d361a)}]
2026-8-30 15:45:57-debug: We can not get the associated material for some reasons. [{asset(ef80c1d1-397d-4d90-9270-b08b087d361a)}]
2026-8-30 15:45:57-debug: We can not get the associated material for some reasons. [{asset(ef80c1d1-397d-4d90-9270-b08b087d361a)}]
2026-8-30 15:45:57-debug: We can not get the associated material for some reasons. [{asset(ef80c1d1-397d-4d90-9270-b08b087d361a)}]
2026-8-30 15:45:57-debug: We can not get the associated material for some reasons. [{asset(ef80c1d1-397d-4d90-9270-b08b087d361a)}]
2026-8-30 15:45:57-debug: We can not get the associated material for some reasons. [{asset(ef80c1d1-397d-4d90-9270-b08b087d361a)}]
2026-8-30 15:45:57-debug: We can not get the associated material for some reasons. [{asset(ef80c1d1-397d-4d90-9270-b08b087d361a)}]
2026-8-30 15:45:57-debug: We can not get the associated material for some reasons. [{asset(ef80c1d1-397d-4d90-9270-b08b087d361a)}]
2026-8-30 15:45:57-debug: We can not get the associated material for some reasons. [{asset(ef80c1d1-397d-4d90-9270-b08b087d361a)}]
2026-8-30 15:45:57-debug: We can not get the associated material for some reasons. [{asset(ef80c1d1-397d-4d90-9270-b08b087d361a)}]
2026-8-30 15:45:57-debug: We can not get the associated material for some reasons. [{asset(ef80c1d1-397d-4d90-9270-b08b087d361a)}]
2026-8-30 15:45:57-debug: We can not get the associated material for some reasons. [{asset(ef80c1d1-397d-4d90-9270-b08b087d361a)}]
2026-8-30 15:45:57-debug: We can not get the associated material for some reasons. [{asset(ef80c1d1-397d-4d90-9270-b08b087d361a)}]
2026-8-30 15:45:57-debug: We can not get the associated material for some reasons. [{asset(ef80c1d1-397d-4d90-9270-b08b087d361a)}]
2026-8-30 15:45:57-debug: We can not get the associated material for some reasons. [{asset(ef80c1d1-397d-4d90-9270-b08b087d361a)}]
2026-8-30 15:45:57-debug: We can not get the associated material for some reasons. [{asset(ef80c1d1-397d-4d90-9270-b08b087d361a)}]
2026-8-30 15:45:57-debug: We can not get the associated material for some reasons. [{asset(ef80c1d1-397d-4d90-9270-b08b087d361a)}]
2026-8-30 15:45:57-debug: We can not get the associated material for some reasons. [{asset(ef80c1d1-397d-4d90-9270-b08b087d361a)}]
2026-8-30 15:45:57-debug: We can not get the associated material for some reasons. [{asset(ef80c1d1-397d-4d90-9270-b08b087d361a)}]
2026-8-30 15:45:57-debug: We can not get the associated material for some reasons. [{asset(ef80c1d1-397d-4d90-9270-b08b087d361a)}]
2026-8-30 15:45:57-debug: We can not get the associated material for some reasons. [{asset(ef80c1d1-397d-4d90-9270-b08b087d361a)}]
2026-8-30 15:45:57-debug: We can not get the associated material for some reasons. [{asset(ef80c1d1-397d-4d90-9270-b08b087d361a)}]
2026-8-30 15:45:57-debug: We can not get the associated material for some reasons. [{asset(ef80c1d1-397d-4d90-9270-b08b087d361a)}]
2026-8-30 15:45:57-debug: We can not get the associated material for some reasons. [{asset(ef80c1d1-397d-4d90-9270-b08b087d361a)}]
2026-8-30 15:45:57-debug: We can not get the associated material for some reasons. [{asset(ef80c1d1-397d-4d90-9270-b08b087d361a)}]
2026-8-30 15:45:57-debug: We can not get the associated material for some reasons. [{asset(ef80c1d1-397d-4d90-9270-b08b087d361a)}]
2026-8-30 15:45:57-debug: We can not get the associated material for some reasons. [{asset(ef80c1d1-397d-4d90-9270-b08b087d361a)}]
2026-8-30 15:45:57-debug: We can not get the associated material for some reasons. [{asset(ef80c1d1-397d-4d90-9270-b08b087d361a)}]
2026-8-30 15:45:57-debug: We can not get the associated material for some reasons. [{asset(ef80c1d1-397d-4d90-9270-b08b087d361a)}]
2026-8-30 15:45:57-debug: %cReImport%c: D:\GameByself\Cocos\Project1\assets\resources\UI\formula-f04\source\Formula F04 (2).fbx@33144background: #aaff85; color: #000;color: #000;
2026-8-30 15:45:57-debug: %cReImport%c: D:\GameByself\Cocos\Project1\assets\resources\UI\formula-f04\source\Formula F04 (2).fbx@54202background: #aaff85; color: #000;color: #000;
2026-8-30 15:45:57-debug: %cReImport%c: D:\GameByself\Cocos\Project1\assets\resources\UI\formula-f04\source\Formula F04 (2).fbx@99d6cbackground: #aaff85; color: #000;color: #000;
2026-8-30 15:45:57-debug: %cReImport%c: D:\GameByself\Cocos\Project1\assets\resources\UI\formula-f04\source\Formula F04 (2).fbx@6ec10background: #aaff85; color: #000;color: #000;
2026-8-30 15:45:57-debug: %cReImport%c: D:\GameByself\Cocos\Project1\assets\resources\UI\formula-f04\source\Formula F04 (2).fbx@3620dbackground: #aaff85; color: #000;color: #000;
2026-8-30 15:45:57-debug: %cReImport%c: D:\GameByself\Cocos\Project1\assets\resources\UI\formula-f04\source\Formula F04 (2).fbx@cbffabackground: #aaff85; color: #000;color: #000;
2026-8-30 15:45:57-debug: %cReImport%c: D:\GameByself\Cocos\Project1\assets\resources\UI\formula-f04\source\Formula F04 (2).fbx@3c0d1background: #aaff85; color: #000;color: #000;
2026-8-30 15:45:57-debug: %cReImport%c: D:\GameByself\Cocos\Project1\assets\resources\UI\formula-f04\source\Formula F04 (2).fbx@6745bbackground: #aaff85; color: #000;color: #000;
2026-8-30 15:45:57-debug: %cReImport%c: D:\GameByself\Cocos\Project1\assets\resources\UI\formula-f04\source\Formula F04 (2).fbx@b832bbackground: #aaff85; color: #000;color: #000;
2026-8-30 15:45:57-debug: %cReImport%c: D:\GameByself\Cocos\Project1\assets\resources\UI\formula-f04\source\Formula F04 (2).fbx@f2dffbackground: #aaff85; color: #000;color: #000;
2026-8-30 15:45:57-debug: %cReImport%c: D:\GameByself\Cocos\Project1\assets\resources\UI\formula-f04\source\Formula F04 (2).fbx@1d4ebbackground: #aaff85; color: #000;color: #000;
2026-8-30 15:45:57-debug: %cReImport%c: D:\GameByself\Cocos\Project1\assets\resources\UI\formula-f04\source\Formula F04 (2).fbx@c05bcbackground: #aaff85; color: #000;color: #000;
2026-8-30 15:45:57-debug: %cReImport%c: D:\GameByself\Cocos\Project1\assets\resources\UI\formula-f04\source\Formula F04 (2).fbx@9fa2abackground: #aaff85; color: #000;color: #000;
2026-8-30 15:45:57-debug: %cReImport%c: D:\GameByself\Cocos\Project1\assets\resources\UI\formula-f04\source\Formula F04 (2).fbx@014cbbackground: #aaff85; color: #000;color: #000;
2026-8-30 15:45:57-debug: %cReImport%c: D:\GameByself\Cocos\Project1\assets\resources\UI\formula-f04\source\Formula F04 (2).fbx@a1eb8background: #aaff85; color: #000;color: #000;
2026-8-30 15:45:57-debug: %cReImport%c: D:\GameByself\Cocos\Project1\assets\resources\UI\formula-f04\source\Formula F04 (2).fbx@dde3dbackground: #aaff85; color: #000;color: #000;
2026-8-30 15:45:57-debug: %cReImport%c: D:\GameByself\Cocos\Project1\assets\resources\UI\formula-f04\source\Formula F04 (2).fbx@b67cabackground: #aaff85; color: #000;color: #000;
2026-8-30 15:45:57-debug: %cReImport%c: D:\GameByself\Cocos\Project1\assets\resources\UI\formula-f04\source\Formula F04 (2).fbx@c43e3background: #aaff85; color: #000;color: #000;
2026-8-30 15:45:57-debug: %cReImport%c: D:\GameByself\Cocos\Project1\assets\resources\UI\formula-f04\source\Formula F04 (2).fbx@e1277background: #aaff85; color: #000;color: #000;
2026-8-30 15:45:57-debug: %cReImport%c: D:\GameByself\Cocos\Project1\assets\resources\UI\formula-f04\source\Formula F04 (2).fbx@177c0background: #aaff85; color: #000;color: #000;
2026-8-30 15:45:57-debug: %cReImport%c: D:\GameByself\Cocos\Project1\assets\resources\UI\formula-f04\source\Formula F04 (2).fbx@cc2fdbackground: #aaff85; color: #000;color: #000;
2026-8-30 15:45:57-debug: %cReImport%c: D:\GameByself\Cocos\Project1\assets\resources\UI\formula-f04\source\Formula F04 (2).fbx@ec86bbackground: #aaff85; color: #000;color: #000;
2026-8-30 15:45:57-debug: %cReImport%c: D:\GameByself\Cocos\Project1\assets\resources\UI\formula-f04\source\Formula F04 (2).fbx@2fbfcbackground: #aaff85; color: #000;color: #000;
2026-8-30 15:45:57-debug: %cReImport%c: D:\GameByself\Cocos\Project1\assets\resources\UI\formula-f04\source\Formula F04 (2).fbx@e18cebackground: #aaff85; color: #000;color: #000;
2026-8-30 15:45:57-debug: %cReImport%c: D:\GameByself\Cocos\Project1\assets\resources\UI\formula-f04\source\Formula F04 (2).fbx@743aebackground: #aaff85; color: #000;color: #000;
2026-8-30 15:45:57-debug: %cReImport%c: D:\GameByself\Cocos\Project1\assets\resources\UI\formula-f04\source\Formula F04 (2).fbx@2dc97background: #aaff85; color: #000;color: #000;
2026-8-30 15:45:57-debug: %cReImport%c: D:\GameByself\Cocos\Project1\assets\resources\UI\formula-f04\source\Formula F04 (2).fbx@254cebackground: #aaff85; color: #000;color: #000;
2026-8-30 15:45:57-debug: %cReImport%c: D:\GameByself\Cocos\Project1\assets\resources\UI\formula-f04\source\Formula F04 (2).fbx@d8011background: #aaff85; color: #000;color: #000;
2026-8-30 15:45:57-debug: %cReImport%c: D:\GameByself\Cocos\Project1\assets\resources\UI\formula-f04\source\Formula F04 (2).fbx@3e64bbackground: #aaff85; color: #000;color: #000;
2026-8-30 15:45:57-debug: %cReImport%c: D:\GameByself\Cocos\Project1\assets\resources\UI\formula-f04\source\Formula F04 (2).fbx@d2258background: #aaff85; color: #000;color: #000;
2026-8-30 15:45:57-debug: %cReImport%c: D:\GameByself\Cocos\Project1\assets\resources\UI\formula-f04\source\Formula F04 (2).fbx@5a499background: #aaff85; color: #000;color: #000;
2026-8-30 15:45:57-debug: %cReImport%c: D:\GameByself\Cocos\Project1\assets\resources\UI\formula-f04\source\Formula F04 (2).fbx@7b128background: #aaff85; color: #000;color: #000;
2026-8-30 15:45:57-debug: %cReImport%c: D:\GameByself\Cocos\Project1\assets\resources\UI\formula-f04\source\Formula F04 (2).fbx@3dea4background: #aaff85; color: #000;color: #000;
2026-8-30 15:45:57-debug: %cReImport%c: D:\GameByself\Cocos\Project1\assets\resources\UI\formula-f04\source\Formula F04 (2).fbx@c5c5dbackground: #aaff85; color: #000;color: #000;
2026-8-30 15:45:57-debug: %cReImport%c: D:\GameByself\Cocos\Project1\assets\resources\UI\formula-f04\source\Formula F04 (2).fbx@a58c3background: #aaff85; color: #000;color: #000;
2026-8-30 15:45:57-debug: %cReImport%c: D:\GameByself\Cocos\Project1\assets\resources\UI\formula-f04\source\Formula F04 (2).fbx@7e93cbackground: #aaff85; color: #000;color: #000;
2026-8-30 15:45:57-debug: %cReImport%c: D:\GameByself\Cocos\Project1\assets\resources\UI\formula-f04\source\Formula F04 (2).fbx@c7023background: #aaff85; color: #000;color: #000;
2026-8-30 15:45:57-debug: %cReImport%c: D:\GameByself\Cocos\Project1\assets\resources\UI\formula-f04\source\Formula F04 (2).fbx@4cc2dbackground: #aaff85; color: #000;color: #000;
2026-8-30 15:45:57-debug: %cReImport%c: D:\GameByself\Cocos\Project1\assets\resources\UI\formula-f04\source\Formula F04 (2).fbx@e056cbackground: #aaff85; color: #000;color: #000;
2026-8-30 15:45:57-debug: %cReImport%c: D:\GameByself\Cocos\Project1\assets\resources\UI\formula-f04\source\Formula F04 (2).fbx@fff23background: #aaff85; color: #000;color: #000;
2026-8-30 15:45:57-debug: %cReImport%c: D:\GameByself\Cocos\Project1\assets\resources\UI\formula-f04\source\Formula F04 (2).fbx@3ef54background: #aaff85; color: #000;color: #000;
2026-8-30 15:45:57-debug: %cReImport%c: D:\GameByself\Cocos\Project1\assets\resources\UI\formula-f04\source\Formula F04 (2).fbx@0cca1background: #aaff85; color: #000;color: #000;
2026-8-30 15:45:57-debug: %cReImport%c: D:\GameByself\Cocos\Project1\assets\resources\UI\formula-f04\source\Formula F04 (2).fbx@f69c7background: #aaff85; color: #000;color: #000;
2026-8-30 15:45:57-debug: %cReImport%c: D:\GameByself\Cocos\Project1\assets\resources\UI\formula-f04\source\Formula F04 (2).fbx@6a2a1background: #aaff85; color: #000;color: #000;
2026-8-30 15:45:57-debug: %cReImport%c: D:\GameByself\Cocos\Project1\assets\resources\UI\formula-f04\source\Formula F04 (2).fbx@af9ebbackground: #aaff85; color: #000;color: #000;
2026-8-30 15:45:57-debug: %cReImport%c: D:\GameByself\Cocos\Project1\assets\resources\UI\formula-f04\source\Formula F04 (2).fbx@6d6c8background: #aaff85; color: #000;color: #000;
2026-8-30 15:45:57-debug: %cReImport%c: D:\GameByself\Cocos\Project1\assets\resources\UI\formula-f04\source\Formula F04 (2).fbx@efc9abackground: #aaff85; color: #000;color: #000;
2026-8-30 15:45:57-debug: %cReImport%c: D:\GameByself\Cocos\Project1\assets\resources\UI\formula-f04\source\Formula F04 (2).fbx@f776dbackground: #aaff85; color: #000;color: #000;
2026-8-30 15:45:57-debug: %cReImport%c: D:\GameByself\Cocos\Project1\assets\resources\UI\formula-f04\source\Formula F04 (2).fbx@0d105background: #aaff85; color: #000;color: #000;
2026-8-30 15:45:57-debug: %cReImport%c: D:\GameByself\Cocos\Project1\assets\resources\UI\formula-f04\source\Formula F04 (2).fbx@5adcabackground: #aaff85; color: #000;color: #000;
2026-8-30 15:45:57-debug: %cReImport%c: D:\GameByself\Cocos\Project1\assets\resources\UI\formula-f04\source\Formula F04 (2).fbx@58d6abackground: #aaff85; color: #000;color: #000;
2026-8-30 15:45:57-debug: %cReImport%c: D:\GameByself\Cocos\Project1\assets\resources\UI\formula-f04\source\Formula F04 (2).fbx@c336dbackground: #aaff85; color: #000;color: #000;
2026-8-30 15:45:57-debug: %cReImport%c: D:\GameByself\Cocos\Project1\assets\resources\UI\formula-f04\source\Formula F04 (2).fbx@ae660background: #aaff85; color: #000;color: #000;
2026-8-30 15:45:57-debug: %cReImport%c: D:\GameByself\Cocos\Project1\assets\resources\UI\formula-f04\source\Formula F04 (2).fbx@c5110background: #aaff85; color: #000;color: #000;
2026-8-30 15:45:57-debug: %cReImport%c: D:\GameByself\Cocos\Project1\assets\resources\UI\formula-f04\source\Formula F04 (2).fbx@99f32background: #aaff85; color: #000;color: #000;
2026-8-30 15:45:57-debug: %cReImport%c: D:\GameByself\Cocos\Project1\assets\resources\UI\formula-f04\source\Formula F04 (2).fbx@169e8background: #aaff85; color: #000;color: #000;
2026-8-30 15:45:57-debug: %cReImport%c: D:\GameByself\Cocos\Project1\assets\resources\UI\formula-f04\source\Formula F04 (2).fbx@e4c64background: #aaff85; color: #000;color: #000;
2026-8-30 15:45:57-debug: %cReImport%c: D:\GameByself\Cocos\Project1\assets\resources\UI\formula-f04\source\Formula F04 (2).fbx@df7f9background: #aaff85; color: #000;color: #000;
2026-8-30 15:45:57-debug: %cReImport%c: D:\GameByself\Cocos\Project1\assets\resources\UI\formula-f04\source\Formula F04 (2).fbx@156afbackground: #aaff85; color: #000;color: #000;
2026-8-30 15:45:57-debug: %cReImport%c: D:\GameByself\Cocos\Project1\assets\resources\UI\formula-f04\source\Formula F04 (2).fbx@fe620background: #aaff85; color: #000;color: #000;
2026-8-30 15:45:57-debug: %cReImport%c: D:\GameByself\Cocos\Project1\assets\resources\UI\formula-f04\source\Formula F04 (2).fbx@51e2cbackground: #aaff85; color: #000;color: #000;
2026-8-30 15:45:57-debug: %cReImport%c: D:\GameByself\Cocos\Project1\assets\resources\UI\formula-f04\source\Formula F04 (2).fbx@faf74background: #aaff85; color: #000;color: #000;
2026-8-30 15:45:57-debug: asset-db:reimport-assetef80c1d1-397d-4d90-9270-b08b087d361a (678ms)
2026-8-30 15:47:00-debug: refresh db internal success
2026-8-30 15:47:00-debug: refresh db assets success
2026-8-30 15:47:00-debug: Run asset db hook engine-extends:afterRefresh ...
2026-8-30 15:47:00-debug: Run asset db hook engine-extends:afterRefresh success!
2026-8-30 15:47:00-debug: asset-db:refresh-all-database (118ms)
2026-8-30 15:47:00-debug: asset-db:worker-effect-data-processing (2ms)
2026-8-30 15:47:00-debug: asset-db-hook-engine-extends-afterRefresh (2ms)
2026-8-30 15:47:14-debug: refresh db internal success
2026-8-30 15:47:14-debug: refresh db assets success
2026-8-30 15:47:14-debug: Run asset db hook engine-extends:afterRefresh ...
2026-8-30 15:47:14-debug: Run asset db hook engine-extends:afterRefresh success!
2026-8-30 15:47:14-debug: asset-db:refresh-all-database (141ms)
2026-8-30 15:47:14-debug: asset-db:worker-effect-data-processing (2ms)
2026-8-30 15:47:14-debug: asset-db-hook-engine-extends-afterRefresh (3ms)
2026-8-30 15:47:47-debug: refresh db internal success
2026-8-30 15:47:47-debug: refresh db assets success
2026-8-30 15:47:47-debug: Run asset db hook engine-extends:afterRefresh ...
2026-8-30 15:47:47-debug: Run asset db hook engine-extends:afterRefresh success!
2026-8-30 15:47:47-debug: asset-db:refresh-all-database (135ms)
2026-8-30 15:47:47-debug: asset-db:worker-effect-data-processing (3ms)
2026-8-30 15:47:47-debug: asset-db-hook-engine-extends-afterRefresh (3ms)
2026-8-30 15:47:51-debug: refresh db internal success
2026-8-30 15:47:51-debug: refresh db assets success
2026-8-30 15:47:51-debug: Run asset db hook engine-extends:afterRefresh ...
2026-8-30 15:47:51-debug: Run asset db hook engine-extends:afterRefresh success!
2026-8-30 15:47:51-debug: asset-db:refresh-all-database (117ms)
2026-8-30 15:47:51-debug: asset-db:worker-effect-data-processing (2ms)
2026-8-30 15:47:51-debug: asset-db-hook-engine-extends-afterRefresh (3ms)
2026-8-30 15:47:51-debug: %cImport%c: D:\GameByself\Cocos\Project1\assets\resources\UI\formula-f04\source\Formula F04 (2).fbxbackground: #aaff85; color: #000;color: #000;
2026-8-30 15:47:51-debug: We can not get the associated material for some reasons. [{asset(ef80c1d1-397d-4d90-9270-b08b087d361a)}]
2026-8-30 15:47:51-debug: We can not get the associated material for some reasons. [{asset(ef80c1d1-397d-4d90-9270-b08b087d361a)}]
2026-8-30 15:47:51-debug: We can not get the associated material for some reasons. [{asset(ef80c1d1-397d-4d90-9270-b08b087d361a)}]
2026-8-30 15:47:51-debug: We can not get the associated material for some reasons. [{asset(ef80c1d1-397d-4d90-9270-b08b087d361a)}]
2026-8-30 15:47:51-debug: We can not get the associated material for some reasons. [{asset(ef80c1d1-397d-4d90-9270-b08b087d361a)}]
2026-8-30 15:47:51-debug: We can not get the associated material for some reasons. [{asset(ef80c1d1-397d-4d90-9270-b08b087d361a)}]
2026-8-30 15:47:51-debug: We can not get the associated material for some reasons. [{asset(ef80c1d1-397d-4d90-9270-b08b087d361a)}]
2026-8-30 15:47:51-debug: We can not get the associated material for some reasons. [{asset(ef80c1d1-397d-4d90-9270-b08b087d361a)}]
2026-8-30 15:47:51-debug: We can not get the associated material for some reasons. [{asset(ef80c1d1-397d-4d90-9270-b08b087d361a)}]
2026-8-30 15:47:51-debug: Frame rate: 30 [{asset(ef80c1d1-397d-4d90-9270-b08b087d361a)}]
2026-8-30 15:47:51-debug: We can not get the associated material for some reasons. [{asset(ef80c1d1-397d-4d90-9270-b08b087d361a)}]
2026-8-30 15:47:51-debug: We can not get the associated material for some reasons. [{asset(ef80c1d1-397d-4d90-9270-b08b087d361a)}]
2026-8-30 15:47:51-debug: We can not get the associated material for some reasons. [{asset(ef80c1d1-397d-4d90-9270-b08b087d361a)}]
2026-8-30 15:47:51-debug: We can not get the associated material for some reasons. [{asset(ef80c1d1-397d-4d90-9270-b08b087d361a)}]
2026-8-30 15:47:51-debug: We can not get the associated material for some reasons. [{asset(ef80c1d1-397d-4d90-9270-b08b087d361a)}]
2026-8-30 15:47:51-debug: We can not get the associated material for some reasons. [{asset(ef80c1d1-397d-4d90-9270-b08b087d361a)}]
2026-8-30 15:47:51-debug: We can not get the associated material for some reasons. [{asset(ef80c1d1-397d-4d90-9270-b08b087d361a)}]
2026-8-30 15:47:51-debug: We can not get the associated material for some reasons. [{asset(ef80c1d1-397d-4d90-9270-b08b087d361a)}]
2026-8-30 15:47:51-debug: We can not get the associated material for some reasons. [{asset(ef80c1d1-397d-4d90-9270-b08b087d361a)}]
2026-8-30 15:47:51-debug: We can not get the associated material for some reasons. [{asset(ef80c1d1-397d-4d90-9270-b08b087d361a)}]
2026-8-30 15:47:51-debug: We can not get the associated material for some reasons. [{asset(ef80c1d1-397d-4d90-9270-b08b087d361a)}]
2026-8-30 15:47:51-debug: We can not get the associated material for some reasons. [{asset(ef80c1d1-397d-4d90-9270-b08b087d361a)}]
2026-8-30 15:47:51-debug: We can not get the associated material for some reasons. [{asset(ef80c1d1-397d-4d90-9270-b08b087d361a)}]
2026-8-30 15:47:51-debug: We can not get the associated material for some reasons. [{asset(ef80c1d1-397d-4d90-9270-b08b087d361a)}]
2026-8-30 15:47:51-debug: We can not get the associated material for some reasons. [{asset(ef80c1d1-397d-4d90-9270-b08b087d361a)}]
2026-8-30 15:47:51-debug: We can not get the associated material for some reasons. [{asset(ef80c1d1-397d-4d90-9270-b08b087d361a)}]
2026-8-30 15:47:51-debug: We can not get the associated material for some reasons. [{asset(ef80c1d1-397d-4d90-9270-b08b087d361a)}]
2026-8-30 15:47:51-debug: We can not get the associated material for some reasons. [{asset(ef80c1d1-397d-4d90-9270-b08b087d361a)}]
2026-8-30 15:47:51-debug: We can not get the associated material for some reasons. [{asset(ef80c1d1-397d-4d90-9270-b08b087d361a)}]
2026-8-30 15:47:51-debug: We can not get the associated material for some reasons. [{asset(ef80c1d1-397d-4d90-9270-b08b087d361a)}]
2026-8-30 15:47:51-debug: We can not get the associated material for some reasons. [{asset(ef80c1d1-397d-4d90-9270-b08b087d361a)}]
2026-8-30 15:47:51-debug: We can not get the associated material for some reasons. [{asset(ef80c1d1-397d-4d90-9270-b08b087d361a)}]
2026-8-30 15:47:51-debug: We can not get the associated material for some reasons. [{asset(ef80c1d1-397d-4d90-9270-b08b087d361a)}]
2026-8-30 15:47:51-debug: We can not get the associated material for some reasons. [{asset(ef80c1d1-397d-4d90-9270-b08b087d361a)}]
2026-8-30 15:47:51-debug: We can not get the associated material for some reasons. [{asset(ef80c1d1-397d-4d90-9270-b08b087d361a)}]
2026-8-30 15:47:51-debug: We can not get the associated material for some reasons. [{asset(ef80c1d1-397d-4d90-9270-b08b087d361a)}]
2026-8-30 15:47:51-debug: We can not get the associated material for some reasons. [{asset(ef80c1d1-397d-4d90-9270-b08b087d361a)}]
2026-8-30 15:47:51-debug: We can not get the associated material for some reasons. [{asset(ef80c1d1-397d-4d90-9270-b08b087d361a)}]
2026-8-30 15:47:51-debug: We can not get the associated material for some reasons. [{asset(ef80c1d1-397d-4d90-9270-b08b087d361a)}]
2026-8-30 15:47:51-debug: We can not get the associated material for some reasons. [{asset(ef80c1d1-397d-4d90-9270-b08b087d361a)}]
2026-8-30 15:47:51-debug: We can not get the associated material for some reasons. [{asset(ef80c1d1-397d-4d90-9270-b08b087d361a)}]
2026-8-30 15:47:51-debug: We can not get the associated material for some reasons. [{asset(ef80c1d1-397d-4d90-9270-b08b087d361a)}]
2026-8-30 15:47:51-debug: We can not get the associated material for some reasons. [{asset(ef80c1d1-397d-4d90-9270-b08b087d361a)}]
2026-8-30 15:47:51-debug: We can not get the associated material for some reasons. [{asset(ef80c1d1-397d-4d90-9270-b08b087d361a)}]
2026-8-30 15:47:51-debug: We can not get the associated material for some reasons. [{asset(ef80c1d1-397d-4d90-9270-b08b087d361a)}]
2026-8-30 15:47:51-debug: We can not get the associated material for some reasons. [{asset(ef80c1d1-397d-4d90-9270-b08b087d361a)}]
2026-8-30 15:47:51-debug: We can not get the associated material for some reasons. [{asset(ef80c1d1-397d-4d90-9270-b08b087d361a)}]
2026-8-30 15:47:51-debug: We can not get the associated material for some reasons. [{asset(ef80c1d1-397d-4d90-9270-b08b087d361a)}]
2026-8-30 15:47:51-debug: We can not get the associated material for some reasons. [{asset(ef80c1d1-397d-4d90-9270-b08b087d361a)}]
2026-8-30 15:47:51-debug: We can not get the associated material for some reasons. [{asset(ef80c1d1-397d-4d90-9270-b08b087d361a)}]
2026-8-30 15:47:51-debug: We can not get the associated material for some reasons. [{asset(ef80c1d1-397d-4d90-9270-b08b087d361a)}]
2026-8-30 15:47:51-debug: We can not get the associated material for some reasons. [{asset(ef80c1d1-397d-4d90-9270-b08b087d361a)}]
2026-8-30 15:47:51-debug: We can not get the associated material for some reasons. [{asset(ef80c1d1-397d-4d90-9270-b08b087d361a)}]
2026-8-30 15:47:51-debug: We can not get the associated material for some reasons. [{asset(ef80c1d1-397d-4d90-9270-b08b087d361a)}]
2026-8-30 15:47:51-debug: We can not get the associated material for some reasons. [{asset(ef80c1d1-397d-4d90-9270-b08b087d361a)}]
2026-8-30 15:47:51-debug: We can not get the associated material for some reasons. [{asset(ef80c1d1-397d-4d90-9270-b08b087d361a)}]
2026-8-30 15:47:51-debug: We can not get the associated material for some reasons. [{asset(ef80c1d1-397d-4d90-9270-b08b087d361a)}]
2026-8-30 15:47:51-debug: We can not get the associated material for some reasons. [{asset(ef80c1d1-397d-4d90-9270-b08b087d361a)}]
2026-8-30 15:47:51-debug: We can not get the associated material for some reasons. [{asset(ef80c1d1-397d-4d90-9270-b08b087d361a)}]
2026-8-30 15:47:51-debug: We can not get the associated material for some reasons. [{asset(ef80c1d1-397d-4d90-9270-b08b087d361a)}]
2026-8-30 15:47:51-debug: We can not get the associated material for some reasons. [{asset(ef80c1d1-397d-4d90-9270-b08b087d361a)}]
2026-8-30 15:47:51-debug: We can not get the associated material for some reasons. [{asset(ef80c1d1-397d-4d90-9270-b08b087d361a)}]
2026-8-30 15:47:51-debug: %cReImport%c: D:\GameByself\Cocos\Project1\assets\resources\UI\formula-f04\source\Formula F04 (2).fbx@33144background: #aaff85; color: #000;color: #000;
2026-8-30 15:47:52-debug: %cReImport%c: D:\GameByself\Cocos\Project1\assets\resources\UI\formula-f04\source\Formula F04 (2).fbx@54202background: #aaff85; color: #000;color: #000;
2026-8-30 15:47:52-debug: %cReImport%c: D:\GameByself\Cocos\Project1\assets\resources\UI\formula-f04\source\Formula F04 (2).fbx@99d6cbackground: #aaff85; color: #000;color: #000;
2026-8-30 15:47:52-debug: %cReImport%c: D:\GameByself\Cocos\Project1\assets\resources\UI\formula-f04\source\Formula F04 (2).fbx@6ec10background: #aaff85; color: #000;color: #000;
2026-8-30 15:47:52-debug: %cReImport%c: D:\GameByself\Cocos\Project1\assets\resources\UI\formula-f04\source\Formula F04 (2).fbx@3620dbackground: #aaff85; color: #000;color: #000;
2026-8-30 15:47:52-debug: %cReImport%c: D:\GameByself\Cocos\Project1\assets\resources\UI\formula-f04\source\Formula F04 (2).fbx@cbffabackground: #aaff85; color: #000;color: #000;
2026-8-30 15:47:52-debug: %cReImport%c: D:\GameByself\Cocos\Project1\assets\resources\UI\formula-f04\source\Formula F04 (2).fbx@3c0d1background: #aaff85; color: #000;color: #000;
2026-8-30 15:47:52-debug: %cReImport%c: D:\GameByself\Cocos\Project1\assets\resources\UI\formula-f04\source\Formula F04 (2).fbx@6745bbackground: #aaff85; color: #000;color: #000;
2026-8-30 15:47:52-debug: %cReImport%c: D:\GameByself\Cocos\Project1\assets\resources\UI\formula-f04\source\Formula F04 (2).fbx@b832bbackground: #aaff85; color: #000;color: #000;
2026-8-30 15:47:52-debug: %cReImport%c: D:\GameByself\Cocos\Project1\assets\resources\UI\formula-f04\source\Formula F04 (2).fbx@f2dffbackground: #aaff85; color: #000;color: #000;
2026-8-30 15:47:52-debug: %cReImport%c: D:\GameByself\Cocos\Project1\assets\resources\UI\formula-f04\source\Formula F04 (2).fbx@1d4ebbackground: #aaff85; color: #000;color: #000;
2026-8-30 15:47:52-debug: %cReImport%c: D:\GameByself\Cocos\Project1\assets\resources\UI\formula-f04\source\Formula F04 (2).fbx@c05bcbackground: #aaff85; color: #000;color: #000;
2026-8-30 15:47:52-debug: %cReImport%c: D:\GameByself\Cocos\Project1\assets\resources\UI\formula-f04\source\Formula F04 (2).fbx@9fa2abackground: #aaff85; color: #000;color: #000;
2026-8-30 15:47:52-debug: %cReImport%c: D:\GameByself\Cocos\Project1\assets\resources\UI\formula-f04\source\Formula F04 (2).fbx@014cbbackground: #aaff85; color: #000;color: #000;
2026-8-30 15:47:52-debug: %cReImport%c: D:\GameByself\Cocos\Project1\assets\resources\UI\formula-f04\source\Formula F04 (2).fbx@a1eb8background: #aaff85; color: #000;color: #000;
2026-8-30 15:47:52-debug: %cReImport%c: D:\GameByself\Cocos\Project1\assets\resources\UI\formula-f04\source\Formula F04 (2).fbx@dde3dbackground: #aaff85; color: #000;color: #000;
2026-8-30 15:47:52-debug: %cReImport%c: D:\GameByself\Cocos\Project1\assets\resources\UI\formula-f04\source\Formula F04 (2).fbx@b67cabackground: #aaff85; color: #000;color: #000;
2026-8-30 15:47:52-debug: %cReImport%c: D:\GameByself\Cocos\Project1\assets\resources\UI\formula-f04\source\Formula F04 (2).fbx@c43e3background: #aaff85; color: #000;color: #000;
2026-8-30 15:47:52-debug: %cReImport%c: D:\GameByself\Cocos\Project1\assets\resources\UI\formula-f04\source\Formula F04 (2).fbx@e1277background: #aaff85; color: #000;color: #000;
2026-8-30 15:47:52-debug: %cReImport%c: D:\GameByself\Cocos\Project1\assets\resources\UI\formula-f04\source\Formula F04 (2).fbx@177c0background: #aaff85; color: #000;color: #000;
2026-8-30 15:47:52-debug: %cReImport%c: D:\GameByself\Cocos\Project1\assets\resources\UI\formula-f04\source\Formula F04 (2).fbx@cc2fdbackground: #aaff85; color: #000;color: #000;
2026-8-30 15:47:52-debug: %cReImport%c: D:\GameByself\Cocos\Project1\assets\resources\UI\formula-f04\source\Formula F04 (2).fbx@ec86bbackground: #aaff85; color: #000;color: #000;
2026-8-30 15:47:52-debug: %cReImport%c: D:\GameByself\Cocos\Project1\assets\resources\UI\formula-f04\source\Formula F04 (2).fbx@2fbfcbackground: #aaff85; color: #000;color: #000;
2026-8-30 15:47:52-debug: %cReImport%c: D:\GameByself\Cocos\Project1\assets\resources\UI\formula-f04\source\Formula F04 (2).fbx@e18cebackground: #aaff85; color: #000;color: #000;
2026-8-30 15:47:52-debug: %cReImport%c: D:\GameByself\Cocos\Project1\assets\resources\UI\formula-f04\source\Formula F04 (2).fbx@743aebackground: #aaff85; color: #000;color: #000;
2026-8-30 15:47:52-debug: %cReImport%c: D:\GameByself\Cocos\Project1\assets\resources\UI\formula-f04\source\Formula F04 (2).fbx@2dc97background: #aaff85; color: #000;color: #000;
2026-8-30 15:47:52-debug: %cReImport%c: D:\GameByself\Cocos\Project1\assets\resources\UI\formula-f04\source\Formula F04 (2).fbx@254cebackground: #aaff85; color: #000;color: #000;
2026-8-30 15:47:52-debug: %cReImport%c: D:\GameByself\Cocos\Project1\assets\resources\UI\formula-f04\source\Formula F04 (2).fbx@d8011background: #aaff85; color: #000;color: #000;
2026-8-30 15:47:52-debug: %cReImport%c: D:\GameByself\Cocos\Project1\assets\resources\UI\formula-f04\source\Formula F04 (2).fbx@3e64bbackground: #aaff85; color: #000;color: #000;
2026-8-30 15:47:52-debug: %cReImport%c: D:\GameByself\Cocos\Project1\assets\resources\UI\formula-f04\source\Formula F04 (2).fbx@d2258background: #aaff85; color: #000;color: #000;
2026-8-30 15:47:52-debug: %cReImport%c: D:\GameByself\Cocos\Project1\assets\resources\UI\formula-f04\source\Formula F04 (2).fbx@5a499background: #aaff85; color: #000;color: #000;
2026-8-30 15:47:52-debug: %cReImport%c: D:\GameByself\Cocos\Project1\assets\resources\UI\formula-f04\source\Formula F04 (2).fbx@7b128background: #aaff85; color: #000;color: #000;
2026-8-30 15:47:52-debug: %cReImport%c: D:\GameByself\Cocos\Project1\assets\resources\UI\formula-f04\source\Formula F04 (2).fbx@3dea4background: #aaff85; color: #000;color: #000;
2026-8-30 15:47:52-debug: %cReImport%c: D:\GameByself\Cocos\Project1\assets\resources\UI\formula-f04\source\Formula F04 (2).fbx@c5c5dbackground: #aaff85; color: #000;color: #000;
2026-8-30 15:47:52-debug: %cReImport%c: D:\GameByself\Cocos\Project1\assets\resources\UI\formula-f04\source\Formula F04 (2).fbx@a58c3background: #aaff85; color: #000;color: #000;
2026-8-30 15:47:52-debug: %cReImport%c: D:\GameByself\Cocos\Project1\assets\resources\UI\formula-f04\source\Formula F04 (2).fbx@7e93cbackground: #aaff85; color: #000;color: #000;
2026-8-30 15:47:52-debug: %cReImport%c: D:\GameByself\Cocos\Project1\assets\resources\UI\formula-f04\source\Formula F04 (2).fbx@c7023background: #aaff85; color: #000;color: #000;
2026-8-30 15:47:52-debug: %cReImport%c: D:\GameByself\Cocos\Project1\assets\resources\UI\formula-f04\source\Formula F04 (2).fbx@4cc2dbackground: #aaff85; color: #000;color: #000;
2026-8-30 15:47:52-debug: %cReImport%c: D:\GameByself\Cocos\Project1\assets\resources\UI\formula-f04\source\Formula F04 (2).fbx@e056cbackground: #aaff85; color: #000;color: #000;
2026-8-30 15:47:52-debug: %cReImport%c: D:\GameByself\Cocos\Project1\assets\resources\UI\formula-f04\source\Formula F04 (2).fbx@fff23background: #aaff85; color: #000;color: #000;
2026-8-30 15:47:52-debug: %cReImport%c: D:\GameByself\Cocos\Project1\assets\resources\UI\formula-f04\source\Formula F04 (2).fbx@3ef54background: #aaff85; color: #000;color: #000;
2026-8-30 15:47:52-debug: %cReImport%c: D:\GameByself\Cocos\Project1\assets\resources\UI\formula-f04\source\Formula F04 (2).fbx@0cca1background: #aaff85; color: #000;color: #000;
2026-8-30 15:47:52-debug: %cReImport%c: D:\GameByself\Cocos\Project1\assets\resources\UI\formula-f04\source\Formula F04 (2).fbx@f69c7background: #aaff85; color: #000;color: #000;
2026-8-30 15:47:52-debug: %cReImport%c: D:\GameByself\Cocos\Project1\assets\resources\UI\formula-f04\source\Formula F04 (2).fbx@6a2a1background: #aaff85; color: #000;color: #000;
2026-8-30 15:47:52-debug: %cReImport%c: D:\GameByself\Cocos\Project1\assets\resources\UI\formula-f04\source\Formula F04 (2).fbx@af9ebbackground: #aaff85; color: #000;color: #000;
2026-8-30 15:47:52-debug: %cReImport%c: D:\GameByself\Cocos\Project1\assets\resources\UI\formula-f04\source\Formula F04 (2).fbx@6d6c8background: #aaff85; color: #000;color: #000;
2026-8-30 15:47:52-debug: %cReImport%c: D:\GameByself\Cocos\Project1\assets\resources\UI\formula-f04\source\Formula F04 (2).fbx@efc9abackground: #aaff85; color: #000;color: #000;
2026-8-30 15:47:52-debug: %cReImport%c: D:\GameByself\Cocos\Project1\assets\resources\UI\formula-f04\source\Formula F04 (2).fbx@f776dbackground: #aaff85; color: #000;color: #000;
2026-8-30 15:47:52-debug: %cReImport%c: D:\GameByself\Cocos\Project1\assets\resources\UI\formula-f04\source\Formula F04 (2).fbx@0d105background: #aaff85; color: #000;color: #000;
2026-8-30 15:47:52-debug: %cReImport%c: D:\GameByself\Cocos\Project1\assets\resources\UI\formula-f04\source\Formula F04 (2).fbx@5adcabackground: #aaff85; color: #000;color: #000;
2026-8-30 15:47:52-debug: %cReImport%c: D:\GameByself\Cocos\Project1\assets\resources\UI\formula-f04\source\Formula F04 (2).fbx@58d6abackground: #aaff85; color: #000;color: #000;
2026-8-30 15:47:52-debug: %cReImport%c: D:\GameByself\Cocos\Project1\assets\resources\UI\formula-f04\source\Formula F04 (2).fbx@c336dbackground: #aaff85; color: #000;color: #000;
2026-8-30 15:47:52-debug: %cReImport%c: D:\GameByself\Cocos\Project1\assets\resources\UI\formula-f04\source\Formula F04 (2).fbx@ae660background: #aaff85; color: #000;color: #000;
2026-8-30 15:47:52-debug: %cReImport%c: D:\GameByself\Cocos\Project1\assets\resources\UI\formula-f04\source\Formula F04 (2).fbx@c5110background: #aaff85; color: #000;color: #000;
2026-8-30 15:47:52-debug: %cReImport%c: D:\GameByself\Cocos\Project1\assets\resources\UI\formula-f04\source\Formula F04 (2).fbx@99f32background: #aaff85; color: #000;color: #000;
2026-8-30 15:47:52-debug: %cReImport%c: D:\GameByself\Cocos\Project1\assets\resources\UI\formula-f04\source\Formula F04 (2).fbx@169e8background: #aaff85; color: #000;color: #000;
2026-8-30 15:47:52-debug: %cReImport%c: D:\GameByself\Cocos\Project1\assets\resources\UI\formula-f04\source\Formula F04 (2).fbx@e4c64background: #aaff85; color: #000;color: #000;
2026-8-30 15:47:52-debug: %cReImport%c: D:\GameByself\Cocos\Project1\assets\resources\UI\formula-f04\source\Formula F04 (2).fbx@df7f9background: #aaff85; color: #000;color: #000;
2026-8-30 15:47:52-debug: %cReImport%c: D:\GameByself\Cocos\Project1\assets\resources\UI\formula-f04\source\Formula F04 (2).fbx@156afbackground: #aaff85; color: #000;color: #000;
2026-8-30 15:47:52-debug: %cReImport%c: D:\GameByself\Cocos\Project1\assets\resources\UI\formula-f04\source\Formula F04 (2).fbx@fe620background: #aaff85; color: #000;color: #000;
2026-8-30 15:47:52-debug: %cReImport%c: D:\GameByself\Cocos\Project1\assets\resources\UI\formula-f04\source\Formula F04 (2).fbx@51e2cbackground: #aaff85; color: #000;color: #000;
2026-8-30 15:47:52-debug: %cReImport%c: D:\GameByself\Cocos\Project1\assets\resources\UI\formula-f04\source\Formula F04 (2).fbx@faf74background: #aaff85; color: #000;color: #000;
2026-8-30 15:47:52-debug: asset-db:reimport-assetef80c1d1-397d-4d90-9270-b08b087d361a (670ms)
2026-8-30 15:48:00-debug: refresh db internal success
2026-8-30 15:48:00-debug: refresh db assets success
2026-8-30 15:48:00-debug: Run asset db hook engine-extends:afterRefresh ...
2026-8-30 15:48:00-debug: Run asset db hook engine-extends:afterRefresh success!
2026-8-30 15:48:00-debug: asset-db:refresh-all-database (114ms)
2026-8-30 15:48:00-debug: asset-db:worker-effect-data-processing (1ms)
2026-8-30 15:48:00-debug: asset-db-hook-engine-extends-afterRefresh (1ms)
2026-8-30 15:48:07-debug: refresh db internal success
2026-8-30 15:48:07-debug: refresh db assets success
2026-8-30 15:48:07-debug: Run asset db hook engine-extends:afterRefresh ...
2026-8-30 15:48:07-debug: Run asset db hook engine-extends:afterRefresh success!
2026-8-30 15:48:07-debug: asset-db:refresh-all-database (110ms)
2026-8-30 15:48:07-debug: asset-db:worker-effect-data-processing (2ms)
2026-8-30 15:48:07-debug: asset-db-hook-engine-extends-afterRefresh (2ms)
2026-8-30 15:48:28-debug: %cImport%c: D:\GameByself\Cocos\Project1\assets\resources\UI\formula-f04\source\Formula F04 (2).fbxbackground: #aaff85; color: #000;color: #000;
2026-8-30 15:48:28-debug: We can not get the associated material for some reasons. [{asset(ef80c1d1-397d-4d90-9270-b08b087d361a)}]
2026-8-30 15:48:28-debug: We can not get the associated material for some reasons. [{asset(ef80c1d1-397d-4d90-9270-b08b087d361a)}]
2026-8-30 15:48:28-debug: Frame rate: 30 [{asset(ef80c1d1-397d-4d90-9270-b08b087d361a)}]
2026-8-30 15:48:28-debug: We can not get the associated material for some reasons. [{asset(ef80c1d1-397d-4d90-9270-b08b087d361a)}]
2026-8-30 15:48:28-debug: We can not get the associated material for some reasons. [{asset(ef80c1d1-397d-4d90-9270-b08b087d361a)}]
2026-8-30 15:48:28-debug: We can not get the associated material for some reasons. [{asset(ef80c1d1-397d-4d90-9270-b08b087d361a)}]
2026-8-30 15:48:28-debug: We can not get the associated material for some reasons. [{asset(ef80c1d1-397d-4d90-9270-b08b087d361a)}]
2026-8-30 15:48:28-debug: We can not get the associated material for some reasons. [{asset(ef80c1d1-397d-4d90-9270-b08b087d361a)}]
2026-8-30 15:48:28-debug: We can not get the associated material for some reasons. [{asset(ef80c1d1-397d-4d90-9270-b08b087d361a)}]
2026-8-30 15:48:28-debug: We can not get the associated material for some reasons. [{asset(ef80c1d1-397d-4d90-9270-b08b087d361a)}]
2026-8-30 15:48:28-debug: We can not get the associated material for some reasons. [{asset(ef80c1d1-397d-4d90-9270-b08b087d361a)}]
2026-8-30 15:48:28-debug: We can not get the associated material for some reasons. [{asset(ef80c1d1-397d-4d90-9270-b08b087d361a)}]
2026-8-30 15:48:28-debug: We can not get the associated material for some reasons. [{asset(ef80c1d1-397d-4d90-9270-b08b087d361a)}]
2026-8-30 15:48:28-debug: We can not get the associated material for some reasons. [{asset(ef80c1d1-397d-4d90-9270-b08b087d361a)}]
2026-8-30 15:48:28-debug: We can not get the associated material for some reasons. [{asset(ef80c1d1-397d-4d90-9270-b08b087d361a)}]
2026-8-30 15:48:28-debug: We can not get the associated material for some reasons. [{asset(ef80c1d1-397d-4d90-9270-b08b087d361a)}]
2026-8-30 15:48:28-debug: We can not get the associated material for some reasons. [{asset(ef80c1d1-397d-4d90-9270-b08b087d361a)}]
2026-8-30 15:48:28-debug: We can not get the associated material for some reasons. [{asset(ef80c1d1-397d-4d90-9270-b08b087d361a)}]
2026-8-30 15:48:28-debug: We can not get the associated material for some reasons. [{asset(ef80c1d1-397d-4d90-9270-b08b087d361a)}]
2026-8-30 15:48:28-debug: We can not get the associated material for some reasons. [{asset(ef80c1d1-397d-4d90-9270-b08b087d361a)}]
2026-8-30 15:48:28-debug: We can not get the associated material for some reasons. [{asset(ef80c1d1-397d-4d90-9270-b08b087d361a)}]
2026-8-30 15:48:28-debug: We can not get the associated material for some reasons. [{asset(ef80c1d1-397d-4d90-9270-b08b087d361a)}]
2026-8-30 15:48:28-debug: We can not get the associated material for some reasons. [{asset(ef80c1d1-397d-4d90-9270-b08b087d361a)}]
2026-8-30 15:48:28-debug: We can not get the associated material for some reasons. [{asset(ef80c1d1-397d-4d90-9270-b08b087d361a)}]
2026-8-30 15:48:28-debug: We can not get the associated material for some reasons. [{asset(ef80c1d1-397d-4d90-9270-b08b087d361a)}]
2026-8-30 15:48:28-debug: We can not get the associated material for some reasons. [{asset(ef80c1d1-397d-4d90-9270-b08b087d361a)}]
2026-8-30 15:48:28-debug: We can not get the associated material for some reasons. [{asset(ef80c1d1-397d-4d90-9270-b08b087d361a)}]
2026-8-30 15:48:28-debug: We can not get the associated material for some reasons. [{asset(ef80c1d1-397d-4d90-9270-b08b087d361a)}]
2026-8-30 15:48:28-debug: We can not get the associated material for some reasons. [{asset(ef80c1d1-397d-4d90-9270-b08b087d361a)}]
2026-8-30 15:48:28-debug: We can not get the associated material for some reasons. [{asset(ef80c1d1-397d-4d90-9270-b08b087d361a)}]
2026-8-30 15:48:28-debug: We can not get the associated material for some reasons. [{asset(ef80c1d1-397d-4d90-9270-b08b087d361a)}]
2026-8-30 15:48:28-debug: We can not get the associated material for some reasons. [{asset(ef80c1d1-397d-4d90-9270-b08b087d361a)}]
2026-8-30 15:48:28-debug: We can not get the associated material for some reasons. [{asset(ef80c1d1-397d-4d90-9270-b08b087d361a)}]
2026-8-30 15:48:28-debug: We can not get the associated material for some reasons. [{asset(ef80c1d1-397d-4d90-9270-b08b087d361a)}]
2026-8-30 15:48:28-debug: We can not get the associated material for some reasons. [{asset(ef80c1d1-397d-4d90-9270-b08b087d361a)}]
2026-8-30 15:48:28-debug: We can not get the associated material for some reasons. [{asset(ef80c1d1-397d-4d90-9270-b08b087d361a)}]
2026-8-30 15:48:28-debug: We can not get the associated material for some reasons. [{asset(ef80c1d1-397d-4d90-9270-b08b087d361a)}]
2026-8-30 15:48:28-debug: We can not get the associated material for some reasons. [{asset(ef80c1d1-397d-4d90-9270-b08b087d361a)}]
2026-8-30 15:48:28-debug: We can not get the associated material for some reasons. [{asset(ef80c1d1-397d-4d90-9270-b08b087d361a)}]
2026-8-30 15:48:28-debug: We can not get the associated material for some reasons. [{asset(ef80c1d1-397d-4d90-9270-b08b087d361a)}]
2026-8-30 15:48:28-debug: We can not get the associated material for some reasons. [{asset(ef80c1d1-397d-4d90-9270-b08b087d361a)}]
2026-8-30 15:48:28-debug: We can not get the associated material for some reasons. [{asset(ef80c1d1-397d-4d90-9270-b08b087d361a)}]
2026-8-30 15:48:28-debug: We can not get the associated material for some reasons. [{asset(ef80c1d1-397d-4d90-9270-b08b087d361a)}]
2026-8-30 15:48:28-debug: We can not get the associated material for some reasons. [{asset(ef80c1d1-397d-4d90-9270-b08b087d361a)}]
2026-8-30 15:48:28-debug: We can not get the associated material for some reasons. [{asset(ef80c1d1-397d-4d90-9270-b08b087d361a)}]
2026-8-30 15:48:28-debug: We can not get the associated material for some reasons. [{asset(ef80c1d1-397d-4d90-9270-b08b087d361a)}]
2026-8-30 15:48:28-debug: We can not get the associated material for some reasons. [{asset(ef80c1d1-397d-4d90-9270-b08b087d361a)}]
2026-8-30 15:48:28-debug: We can not get the associated material for some reasons. [{asset(ef80c1d1-397d-4d90-9270-b08b087d361a)}]
2026-8-30 15:48:28-debug: We can not get the associated material for some reasons. [{asset(ef80c1d1-397d-4d90-9270-b08b087d361a)}]
2026-8-30 15:48:28-debug: We can not get the associated material for some reasons. [{asset(ef80c1d1-397d-4d90-9270-b08b087d361a)}]
2026-8-30 15:48:28-debug: We can not get the associated material for some reasons. [{asset(ef80c1d1-397d-4d90-9270-b08b087d361a)}]
2026-8-30 15:48:28-debug: We can not get the associated material for some reasons. [{asset(ef80c1d1-397d-4d90-9270-b08b087d361a)}]
2026-8-30 15:48:28-debug: We can not get the associated material for some reasons. [{asset(ef80c1d1-397d-4d90-9270-b08b087d361a)}]
2026-8-30 15:48:28-debug: We can not get the associated material for some reasons. [{asset(ef80c1d1-397d-4d90-9270-b08b087d361a)}]
2026-8-30 15:48:28-debug: We can not get the associated material for some reasons. [{asset(ef80c1d1-397d-4d90-9270-b08b087d361a)}]
2026-8-30 15:48:28-debug: We can not get the associated material for some reasons. [{asset(ef80c1d1-397d-4d90-9270-b08b087d361a)}]
2026-8-30 15:48:28-debug: We can not get the associated material for some reasons. [{asset(ef80c1d1-397d-4d90-9270-b08b087d361a)}]
2026-8-30 15:48:28-debug: We can not get the associated material for some reasons. [{asset(ef80c1d1-397d-4d90-9270-b08b087d361a)}]
2026-8-30 15:48:28-debug: We can not get the associated material for some reasons. [{asset(ef80c1d1-397d-4d90-9270-b08b087d361a)}]
2026-8-30 15:48:28-debug: We can not get the associated material for some reasons. [{asset(ef80c1d1-397d-4d90-9270-b08b087d361a)}]
2026-8-30 15:48:28-debug: We can not get the associated material for some reasons. [{asset(ef80c1d1-397d-4d90-9270-b08b087d361a)}]
2026-8-30 15:48:28-debug: We can not get the associated material for some reasons. [{asset(ef80c1d1-397d-4d90-9270-b08b087d361a)}]
2026-8-30 15:48:28-debug: %cReImport%c: D:\GameByself\Cocos\Project1\assets\resources\UI\formula-f04\source\Formula F04 (2).fbx@33144background: #aaff85; color: #000;color: #000;
2026-8-30 15:48:28-debug: %cReImport%c: D:\GameByself\Cocos\Project1\assets\resources\UI\formula-f04\source\Formula F04 (2).fbx@54202background: #aaff85; color: #000;color: #000;
2026-8-30 15:48:28-debug: %cReImport%c: D:\GameByself\Cocos\Project1\assets\resources\UI\formula-f04\source\Formula F04 (2).fbx@99d6cbackground: #aaff85; color: #000;color: #000;
2026-8-30 15:48:28-debug: %cReImport%c: D:\GameByself\Cocos\Project1\assets\resources\UI\formula-f04\source\Formula F04 (2).fbx@6ec10background: #aaff85; color: #000;color: #000;
2026-8-30 15:48:28-debug: %cReImport%c: D:\GameByself\Cocos\Project1\assets\resources\UI\formula-f04\source\Formula F04 (2).fbx@3620dbackground: #aaff85; color: #000;color: #000;
2026-8-30 15:48:28-debug: %cReImport%c: D:\GameByself\Cocos\Project1\assets\resources\UI\formula-f04\source\Formula F04 (2).fbx@cbffabackground: #aaff85; color: #000;color: #000;
2026-8-30 15:48:28-debug: %cReImport%c: D:\GameByself\Cocos\Project1\assets\resources\UI\formula-f04\source\Formula F04 (2).fbx@3c0d1background: #aaff85; color: #000;color: #000;
2026-8-30 15:48:28-debug: %cReImport%c: D:\GameByself\Cocos\Project1\assets\resources\UI\formula-f04\source\Formula F04 (2).fbx@6745bbackground: #aaff85; color: #000;color: #000;
2026-8-30 15:48:28-debug: %cReImport%c: D:\GameByself\Cocos\Project1\assets\resources\UI\formula-f04\source\Formula F04 (2).fbx@b832bbackground: #aaff85; color: #000;color: #000;
2026-8-30 15:48:28-debug: %cReImport%c: D:\GameByself\Cocos\Project1\assets\resources\UI\formula-f04\source\Formula F04 (2).fbx@f2dffbackground: #aaff85; color: #000;color: #000;
2026-8-30 15:48:28-debug: %cReImport%c: D:\GameByself\Cocos\Project1\assets\resources\UI\formula-f04\source\Formula F04 (2).fbx@1d4ebbackground: #aaff85; color: #000;color: #000;
2026-8-30 15:48:28-debug: %cReImport%c: D:\GameByself\Cocos\Project1\assets\resources\UI\formula-f04\source\Formula F04 (2).fbx@c05bcbackground: #aaff85; color: #000;color: #000;
2026-8-30 15:48:28-debug: %cReImport%c: D:\GameByself\Cocos\Project1\assets\resources\UI\formula-f04\source\Formula F04 (2).fbx@9fa2abackground: #aaff85; color: #000;color: #000;
2026-8-30 15:48:28-debug: %cReImport%c: D:\GameByself\Cocos\Project1\assets\resources\UI\formula-f04\source\Formula F04 (2).fbx@014cbbackground: #aaff85; color: #000;color: #000;
2026-8-30 15:48:28-debug: %cReImport%c: D:\GameByself\Cocos\Project1\assets\resources\UI\formula-f04\source\Formula F04 (2).fbx@a1eb8background: #aaff85; color: #000;color: #000;
2026-8-30 15:48:28-debug: %cReImport%c: D:\GameByself\Cocos\Project1\assets\resources\UI\formula-f04\source\Formula F04 (2).fbx@dde3dbackground: #aaff85; color: #000;color: #000;
2026-8-30 15:48:28-debug: %cReImport%c: D:\GameByself\Cocos\Project1\assets\resources\UI\formula-f04\source\Formula F04 (2).fbx@b67cabackground: #aaff85; color: #000;color: #000;
2026-8-30 15:48:28-debug: %cReImport%c: D:\GameByself\Cocos\Project1\assets\resources\UI\formula-f04\source\Formula F04 (2).fbx@c43e3background: #aaff85; color: #000;color: #000;
2026-8-30 15:48:28-debug: %cReImport%c: D:\GameByself\Cocos\Project1\assets\resources\UI\formula-f04\source\Formula F04 (2).fbx@e1277background: #aaff85; color: #000;color: #000;
2026-8-30 15:48:28-debug: %cReImport%c: D:\GameByself\Cocos\Project1\assets\resources\UI\formula-f04\source\Formula F04 (2).fbx@177c0background: #aaff85; color: #000;color: #000;
2026-8-30 15:48:28-debug: %cReImport%c: D:\GameByself\Cocos\Project1\assets\resources\UI\formula-f04\source\Formula F04 (2).fbx@cc2fdbackground: #aaff85; color: #000;color: #000;
2026-8-30 15:48:28-debug: %cReImport%c: D:\GameByself\Cocos\Project1\assets\resources\UI\formula-f04\source\Formula F04 (2).fbx@ec86bbackground: #aaff85; color: #000;color: #000;
2026-8-30 15:48:28-debug: %cReImport%c: D:\GameByself\Cocos\Project1\assets\resources\UI\formula-f04\source\Formula F04 (2).fbx@2fbfcbackground: #aaff85; color: #000;color: #000;
2026-8-30 15:48:29-debug: %cReImport%c: D:\GameByself\Cocos\Project1\assets\resources\UI\formula-f04\source\Formula F04 (2).fbx@e18cebackground: #aaff85; color: #000;color: #000;
2026-8-30 15:48:29-debug: %cReImport%c: D:\GameByself\Cocos\Project1\assets\resources\UI\formula-f04\source\Formula F04 (2).fbx@743aebackground: #aaff85; color: #000;color: #000;
2026-8-30 15:48:29-debug: %cReImport%c: D:\GameByself\Cocos\Project1\assets\resources\UI\formula-f04\source\Formula F04 (2).fbx@2dc97background: #aaff85; color: #000;color: #000;
2026-8-30 15:48:29-debug: %cReImport%c: D:\GameByself\Cocos\Project1\assets\resources\UI\formula-f04\source\Formula F04 (2).fbx@254cebackground: #aaff85; color: #000;color: #000;
2026-8-30 15:48:29-debug: %cReImport%c: D:\GameByself\Cocos\Project1\assets\resources\UI\formula-f04\source\Formula F04 (2).fbx@d8011background: #aaff85; color: #000;color: #000;
2026-8-30 15:48:29-debug: %cReImport%c: D:\GameByself\Cocos\Project1\assets\resources\UI\formula-f04\source\Formula F04 (2).fbx@3e64bbackground: #aaff85; color: #000;color: #000;
2026-8-30 15:48:29-debug: %cReImport%c: D:\GameByself\Cocos\Project1\assets\resources\UI\formula-f04\source\Formula F04 (2).fbx@d2258background: #aaff85; color: #000;color: #000;
2026-8-30 15:48:29-debug: %cReImport%c: D:\GameByself\Cocos\Project1\assets\resources\UI\formula-f04\source\Formula F04 (2).fbx@5a499background: #aaff85; color: #000;color: #000;
2026-8-30 15:48:29-debug: %cReImport%c: D:\GameByself\Cocos\Project1\assets\resources\UI\formula-f04\source\Formula F04 (2).fbx@7b128background: #aaff85; color: #000;color: #000;
2026-8-30 15:48:29-debug: %cReImport%c: D:\GameByself\Cocos\Project1\assets\resources\UI\formula-f04\source\Formula F04 (2).fbx@3dea4background: #aaff85; color: #000;color: #000;
2026-8-30 15:48:29-debug: %cReImport%c: D:\GameByself\Cocos\Project1\assets\resources\UI\formula-f04\source\Formula F04 (2).fbx@c5c5dbackground: #aaff85; color: #000;color: #000;
2026-8-30 15:48:29-debug: %cReImport%c: D:\GameByself\Cocos\Project1\assets\resources\UI\formula-f04\source\Formula F04 (2).fbx@a58c3background: #aaff85; color: #000;color: #000;
2026-8-30 15:48:29-debug: %cReImport%c: D:\GameByself\Cocos\Project1\assets\resources\UI\formula-f04\source\Formula F04 (2).fbx@7e93cbackground: #aaff85; color: #000;color: #000;
2026-8-30 15:48:29-debug: %cReImport%c: D:\GameByself\Cocos\Project1\assets\resources\UI\formula-f04\source\Formula F04 (2).fbx@c7023background: #aaff85; color: #000;color: #000;
2026-8-30 15:48:29-debug: %cReImport%c: D:\GameByself\Cocos\Project1\assets\resources\UI\formula-f04\source\Formula F04 (2).fbx@4cc2dbackground: #aaff85; color: #000;color: #000;
2026-8-30 15:48:29-debug: %cReImport%c: D:\GameByself\Cocos\Project1\assets\resources\UI\formula-f04\source\Formula F04 (2).fbx@e056cbackground: #aaff85; color: #000;color: #000;
2026-8-30 15:48:29-debug: %cReImport%c: D:\GameByself\Cocos\Project1\assets\resources\UI\formula-f04\source\Formula F04 (2).fbx@fff23background: #aaff85; color: #000;color: #000;
2026-8-30 15:48:29-debug: %cReImport%c: D:\GameByself\Cocos\Project1\assets\resources\UI\formula-f04\source\Formula F04 (2).fbx@3ef54background: #aaff85; color: #000;color: #000;
2026-8-30 15:48:29-debug: %cReImport%c: D:\GameByself\Cocos\Project1\assets\resources\UI\formula-f04\source\Formula F04 (2).fbx@0cca1background: #aaff85; color: #000;color: #000;
2026-8-30 15:48:29-debug: %cReImport%c: D:\GameByself\Cocos\Project1\assets\resources\UI\formula-f04\source\Formula F04 (2).fbx@f69c7background: #aaff85; color: #000;color: #000;
2026-8-30 15:48:29-debug: %cReImport%c: D:\GameByself\Cocos\Project1\assets\resources\UI\formula-f04\source\Formula F04 (2).fbx@6a2a1background: #aaff85; color: #000;color: #000;
2026-8-30 15:48:29-debug: %cReImport%c: D:\GameByself\Cocos\Project1\assets\resources\UI\formula-f04\source\Formula F04 (2).fbx@af9ebbackground: #aaff85; color: #000;color: #000;
2026-8-30 15:48:29-debug: %cReImport%c: D:\GameByself\Cocos\Project1\assets\resources\UI\formula-f04\source\Formula F04 (2).fbx@6d6c8background: #aaff85; color: #000;color: #000;
2026-8-30 15:48:29-debug: %cReImport%c: D:\GameByself\Cocos\Project1\assets\resources\UI\formula-f04\source\Formula F04 (2).fbx@efc9abackground: #aaff85; color: #000;color: #000;
2026-8-30 15:48:29-debug: %cReImport%c: D:\GameByself\Cocos\Project1\assets\resources\UI\formula-f04\source\Formula F04 (2).fbx@f776dbackground: #aaff85; color: #000;color: #000;
2026-8-30 15:48:29-debug: %cReImport%c: D:\GameByself\Cocos\Project1\assets\resources\UI\formula-f04\source\Formula F04 (2).fbx@0d105background: #aaff85; color: #000;color: #000;
2026-8-30 15:48:29-debug: %cReImport%c: D:\GameByself\Cocos\Project1\assets\resources\UI\formula-f04\source\Formula F04 (2).fbx@5adcabackground: #aaff85; color: #000;color: #000;
2026-8-30 15:48:29-debug: %cReImport%c: D:\GameByself\Cocos\Project1\assets\resources\UI\formula-f04\source\Formula F04 (2).fbx@58d6abackground: #aaff85; color: #000;color: #000;
2026-8-30 15:48:29-debug: %cReImport%c: D:\GameByself\Cocos\Project1\assets\resources\UI\formula-f04\source\Formula F04 (2).fbx@c336dbackground: #aaff85; color: #000;color: #000;
2026-8-30 15:48:29-debug: %cReImport%c: D:\GameByself\Cocos\Project1\assets\resources\UI\formula-f04\source\Formula F04 (2).fbx@ae660background: #aaff85; color: #000;color: #000;
2026-8-30 15:48:29-debug: %cReImport%c: D:\GameByself\Cocos\Project1\assets\resources\UI\formula-f04\source\Formula F04 (2).fbx@c5110background: #aaff85; color: #000;color: #000;
2026-8-30 15:48:29-debug: %cReImport%c: D:\GameByself\Cocos\Project1\assets\resources\UI\formula-f04\source\Formula F04 (2).fbx@99f32background: #aaff85; color: #000;color: #000;
2026-8-30 15:48:29-debug: %cReImport%c: D:\GameByself\Cocos\Project1\assets\resources\UI\formula-f04\source\Formula F04 (2).fbx@169e8background: #aaff85; color: #000;color: #000;
2026-8-30 15:48:29-debug: %cReImport%c: D:\GameByself\Cocos\Project1\assets\resources\UI\formula-f04\source\Formula F04 (2).fbx@e4c64background: #aaff85; color: #000;color: #000;
2026-8-30 15:48:29-debug: %cReImport%c: D:\GameByself\Cocos\Project1\assets\resources\UI\formula-f04\source\Formula F04 (2).fbx@df7f9background: #aaff85; color: #000;color: #000;
2026-8-30 15:48:29-debug: %cReImport%c: D:\GameByself\Cocos\Project1\assets\resources\UI\formula-f04\source\Formula F04 (2).fbx@156afbackground: #aaff85; color: #000;color: #000;
2026-8-30 15:48:29-debug: %cReImport%c: D:\GameByself\Cocos\Project1\assets\resources\UI\formula-f04\source\Formula F04 (2).fbx@fe620background: #aaff85; color: #000;color: #000;
2026-8-30 15:48:29-debug: %cReImport%c: D:\GameByself\Cocos\Project1\assets\resources\UI\formula-f04\source\Formula F04 (2).fbx@51e2cbackground: #aaff85; color: #000;color: #000;
2026-8-30 15:48:29-debug: %cReImport%c: D:\GameByself\Cocos\Project1\assets\resources\UI\formula-f04\source\Formula F04 (2).fbx@faf74background: #aaff85; color: #000;color: #000;
2026-8-30 15:48:29-debug: asset-db:reimport-assetef80c1d1-397d-4d90-9270-b08b087d361a (664ms)
2026-8-30 15:50:00-debug: refresh db internal success
2026-8-30 15:50:00-debug: refresh db assets success
2026-8-30 15:50:00-debug: Run asset db hook engine-extends:afterRefresh ...
2026-8-30 15:50:00-debug: Run asset db hook engine-extends:afterRefresh success!
2026-8-30 15:50:00-debug: asset-db:refresh-all-database (115ms)
2026-8-30 15:50:00-debug: asset-db:worker-effect-data-processing (2ms)
2026-8-30 15:50:00-debug: asset-db-hook-engine-extends-afterRefresh (2ms)
2026-8-30 15:50:01-debug: programming:execute-script (1ms)
2026-8-30 15:50:02-debug: start remove asset D:\GameByself\Cocos\Project1\assets\resources\UI\formula-f04...
2026-8-30 15:50:02-debug: start refresh asset from D:\GameByself\Cocos\Project1\assets\resources\UI\formula-f04...
2026-8-30 15:50:02-debug: %cDestroy%c: D:\GameByself\Cocos\Project1\assets\resources\UI\formula-f04background: #ffb8b8; color: #000;color: #000;
2026-8-30 15:50:02-debug: %cDestroy%c: D:\GameByself\Cocos\Project1\assets\resources\UI\formula-f04\texturesbackground: #ffb8b8; color: #000;color: #000;
2026-8-30 15:50:02-debug: %cDestroy%c: D:\GameByself\Cocos\Project1\assets\resources\UI\formula-f04\source\Formula F04 (2).fbx@33144background: #ffb8b8; color: #000;color: #000;
2026-8-30 15:50:02-debug: %cDestroy%c: D:\GameByself\Cocos\Project1\assets\resources\UI\formula-f04\textures\texture_12_(10)_(10).png@6c48abackground: #ffb8b8; color: #000;color: #000;
2026-8-30 15:50:02-debug: %cDestroy%c: D:\GameByself\Cocos\Project1\assets\resources\UI\formula-f04\sourcebackground: #ffb8b8; color: #000;color: #000;
2026-8-30 15:50:02-debug: %cDestroy%c: D:\GameByself\Cocos\Project1\assets\resources\UI\formula-f04\textures\texture_21_(10)_(5).png@6c48abackground: #ffb8b8; color: #000;color: #000;
2026-8-30 15:50:02-debug: %cDestroy%c: D:\GameByself\Cocos\Project1\assets\resources\UI\formula-f04\textures\texture_26_(10)_(5).png@6c48abackground: #ffb8b8; color: #000;color: #000;
2026-8-30 15:50:02-debug: %cDestroy%c: D:\GameByself\Cocos\Project1\assets\resources\UI\formula-f04\textures\texture_30_(10)_(5).png@6c48abackground: #ffb8b8; color: #000;color: #000;
2026-8-30 15:50:02-debug: %cDestroy%c: D:\GameByself\Cocos\Project1\assets\resources\UI\formula-f04\textures\texture_12_(10)_(10).pngbackground: #ffb8b8; color: #000;color: #000;
2026-8-30 15:50:02-debug: %cDestroy%c: D:\GameByself\Cocos\Project1\assets\resources\UI\formula-f04\textures\texture_26_(10)_(5).pngbackground: #ffb8b8; color: #000;color: #000;
2026-8-30 15:50:02-debug: %cDestroy%c: D:\GameByself\Cocos\Project1\assets\resources\UI\formula-f04\textures\texture_21_(10)_(5).pngbackground: #ffb8b8; color: #000;color: #000;
2026-8-30 15:50:02-debug: %cDestroy%c: D:\GameByself\Cocos\Project1\assets\resources\UI\formula-f04\textures\texture_30_(10)_(5).pngbackground: #ffb8b8; color: #000;color: #000;
2026-8-30 15:50:02-debug: %cDestroy%c: D:\GameByself\Cocos\Project1\assets\resources\UI\formula-f04\source\Formula F04 (2).fbx@54202background: #ffb8b8; color: #000;color: #000;
2026-8-30 15:50:02-debug: %cDestroy%c: D:\GameByself\Cocos\Project1\assets\resources\UI\formula-f04\source\Formula F04 (2).fbx@99d6cbackground: #ffb8b8; color: #000;color: #000;
2026-8-30 15:50:02-debug: %cDestroy%c: D:\GameByself\Cocos\Project1\assets\resources\UI\formula-f04\source\Formula F04 (2).fbx@6ec10background: #ffb8b8; color: #000;color: #000;
2026-8-30 15:50:02-debug: %cDestroy%c: D:\GameByself\Cocos\Project1\assets\resources\UI\formula-f04\source\Formula F04 (2).fbx@3620dbackground: #ffb8b8; color: #000;color: #000;
2026-8-30 15:50:02-debug: %cDestroy%c: D:\GameByself\Cocos\Project1\assets\resources\UI\formula-f04\source\Formula F04 (2).fbx@cbffabackground: #ffb8b8; color: #000;color: #000;
2026-8-30 15:50:02-debug: %cDestroy%c: D:\GameByself\Cocos\Project1\assets\resources\UI\formula-f04\source\Formula F04 (2).fbx@3c0d1background: #ffb8b8; color: #000;color: #000;
2026-8-30 15:50:02-debug: %cDestroy%c: D:\GameByself\Cocos\Project1\assets\resources\UI\formula-f04\source\Formula F04 (2).fbx@6745bbackground: #ffb8b8; color: #000;color: #000;
2026-8-30 15:50:02-debug: %cDestroy%c: D:\GameByself\Cocos\Project1\assets\resources\UI\formula-f04\source\Formula F04 (2).fbx@b832bbackground: #ffb8b8; color: #000;color: #000;
2026-8-30 15:50:02-debug: %cDestroy%c: D:\GameByself\Cocos\Project1\assets\resources\UI\formula-f04\source\Formula F04 (2).fbx@f2dffbackground: #ffb8b8; color: #000;color: #000;
2026-8-30 15:50:02-debug: %cDestroy%c: D:\GameByself\Cocos\Project1\assets\resources\UI\formula-f04\source\Formula F04 (2).fbx@1d4ebbackground: #ffb8b8; color: #000;color: #000;
2026-8-30 15:50:02-debug: %cDestroy%c: D:\GameByself\Cocos\Project1\assets\resources\UI\formula-f04\source\Formula F04 (2).fbx@c05bcbackground: #ffb8b8; color: #000;color: #000;
2026-8-30 15:50:02-debug: %cDestroy%c: D:\GameByself\Cocos\Project1\assets\resources\UI\formula-f04\source\Formula F04 (2).fbx@9fa2abackground: #ffb8b8; color: #000;color: #000;
2026-8-30 15:50:02-debug: %cDestroy%c: D:\GameByself\Cocos\Project1\assets\resources\UI\formula-f04\source\Formula F04 (2).fbx@014cbbackground: #ffb8b8; color: #000;color: #000;
2026-8-30 15:50:02-debug: %cDestroy%c: D:\GameByself\Cocos\Project1\assets\resources\UI\formula-f04\source\Formula F04 (2).fbx@a1eb8background: #ffb8b8; color: #000;color: #000;
2026-8-30 15:50:02-debug: %cDestroy%c: D:\GameByself\Cocos\Project1\assets\resources\UI\formula-f04\source\Formula F04 (2).fbx@dde3dbackground: #ffb8b8; color: #000;color: #000;
2026-8-30 15:50:02-debug: %cDestroy%c: D:\GameByself\Cocos\Project1\assets\resources\UI\formula-f04\source\Formula F04 (2).fbx@b67cabackground: #ffb8b8; color: #000;color: #000;
2026-8-30 15:50:02-debug: %cDestroy%c: D:\GameByself\Cocos\Project1\assets\resources\UI\formula-f04\source\Formula F04 (2).fbx@c43e3background: #ffb8b8; color: #000;color: #000;
2026-8-30 15:50:02-debug: %cDestroy%c: D:\GameByself\Cocos\Project1\assets\resources\UI\formula-f04\source\Formula F04 (2).fbx@e1277background: #ffb8b8; color: #000;color: #000;
2026-8-30 15:50:02-debug: %cDestroy%c: D:\GameByself\Cocos\Project1\assets\resources\UI\formula-f04\source\Formula F04 (2).fbx@177c0background: #ffb8b8; color: #000;color: #000;
2026-8-30 15:50:02-debug: refresh db internal success
2026-8-30 15:50:02-debug: %cDestroy%c: D:\GameByself\Cocos\Project1\assets\resources\UI\formula-f04\source\Formula F04 (2).fbx@cc2fdbackground: #ffb8b8; color: #000;color: #000;
2026-8-30 15:50:02-debug: %cDestroy%c: D:\GameByself\Cocos\Project1\assets\resources\UI\formula-f04\source\Formula F04 (2).fbx@ec86bbackground: #ffb8b8; color: #000;color: #000;
2026-8-30 15:50:02-debug: %cDestroy%c: D:\GameByself\Cocos\Project1\assets\resources\UI\formula-f04\source\Formula F04 (2).fbx@2fbfcbackground: #ffb8b8; color: #000;color: #000;
2026-8-30 15:50:02-debug: %cDestroy%c: D:\GameByself\Cocos\Project1\assets\resources\UI\formula-f04\source\Formula F04 (2).fbx@e18cebackground: #ffb8b8; color: #000;color: #000;
2026-8-30 15:50:02-debug: %cDestroy%c: D:\GameByself\Cocos\Project1\assets\resources\UI\formula-f04\source\Formula F04 (2).fbx@743aebackground: #ffb8b8; color: #000;color: #000;
2026-8-30 15:50:02-debug: %cDestroy%c: D:\GameByself\Cocos\Project1\assets\resources\UI\formula-f04\source\Formula F04 (2).fbx@2dc97background: #ffb8b8; color: #000;color: #000;
2026-8-30 15:50:02-debug: %cDestroy%c: D:\GameByself\Cocos\Project1\assets\resources\UI\formula-f04\source\Formula F04 (2).fbx@254cebackground: #ffb8b8; color: #000;color: #000;
2026-8-30 15:50:02-debug: %cDestroy%c: D:\GameByself\Cocos\Project1\assets\resources\UI\formula-f04\source\Formula F04 (2).fbx@d8011background: #ffb8b8; color: #000;color: #000;
2026-8-30 15:50:02-debug: %cDestroy%c: D:\GameByself\Cocos\Project1\assets\resources\UI\formula-f04\source\Formula F04 (2).fbx@3e64bbackground: #ffb8b8; color: #000;color: #000;
2026-8-30 15:50:02-debug: %cDestroy%c: D:\GameByself\Cocos\Project1\assets\resources\UI\formula-f04\source\Formula F04 (2).fbx@d2258background: #ffb8b8; color: #000;color: #000;
2026-8-30 15:50:02-debug: %cDestroy%c: D:\GameByself\Cocos\Project1\assets\resources\UI\formula-f04\source\Formula F04 (2).fbx@5a499background: #ffb8b8; color: #000;color: #000;
2026-8-30 15:50:02-debug: %cDestroy%c: D:\GameByself\Cocos\Project1\assets\resources\UI\formula-f04\source\Formula F04 (2).fbx@7b128background: #ffb8b8; color: #000;color: #000;
2026-8-30 15:50:02-debug: %cDestroy%c: D:\GameByself\Cocos\Project1\assets\resources\UI\formula-f04\source\Formula F04 (2).fbx@3dea4background: #ffb8b8; color: #000;color: #000;
2026-8-30 15:50:02-debug: %cDestroy%c: D:\GameByself\Cocos\Project1\assets\resources\UI\formula-f04\source\Formula F04 (2).fbx@c5c5dbackground: #ffb8b8; color: #000;color: #000;
2026-8-30 15:50:02-debug: %cDestroy%c: D:\GameByself\Cocos\Project1\assets\resources\UI\formula-f04\source\Formula F04 (2).fbx@a58c3background: #ffb8b8; color: #000;color: #000;
2026-8-30 15:50:02-debug: %cDestroy%c: D:\GameByself\Cocos\Project1\assets\resources\UI\formula-f04\source\Formula F04 (2).fbx@7e93cbackground: #ffb8b8; color: #000;color: #000;
2026-8-30 15:50:02-debug: %cDestroy%c: D:\GameByself\Cocos\Project1\assets\resources\UI\formula-f04\source\Formula F04 (2).fbx@c7023background: #ffb8b8; color: #000;color: #000;
2026-8-30 15:50:02-debug: %cDestroy%c: D:\GameByself\Cocos\Project1\assets\resources\UI\formula-f04\source\Formula F04 (2).fbx@4cc2dbackground: #ffb8b8; color: #000;color: #000;
2026-8-30 15:50:02-debug: %cDestroy%c: D:\GameByself\Cocos\Project1\assets\resources\UI\formula-f04\source\Formula F04 (2).fbx@e056cbackground: #ffb8b8; color: #000;color: #000;
2026-8-30 15:50:02-debug: %cDestroy%c: D:\GameByself\Cocos\Project1\assets\resources\UI\formula-f04\source\Formula F04 (2).fbx@fff23background: #ffb8b8; color: #000;color: #000;
2026-8-30 15:50:02-debug: %cDestroy%c: D:\GameByself\Cocos\Project1\assets\resources\UI\formula-f04\source\Formula F04 (2).fbx@3ef54background: #ffb8b8; color: #000;color: #000;
2026-8-30 15:50:02-debug: %cDestroy%c: D:\GameByself\Cocos\Project1\assets\resources\UI\formula-f04\source\Formula F04 (2).fbx@0cca1background: #ffb8b8; color: #000;color: #000;
2026-8-30 15:50:02-debug: %cDestroy%c: D:\GameByself\Cocos\Project1\assets\resources\UI\formula-f04\source\Formula F04 (2).fbx@f69c7background: #ffb8b8; color: #000;color: #000;
2026-8-30 15:50:02-debug: %cDestroy%c: D:\GameByself\Cocos\Project1\assets\resources\UI\formula-f04\source\Formula F04 (2).fbx@6a2a1background: #ffb8b8; color: #000;color: #000;
2026-8-30 15:50:02-debug: %cDestroy%c: D:\GameByself\Cocos\Project1\assets\resources\UI\formula-f04\source\Formula F04 (2).fbx@af9ebbackground: #ffb8b8; color: #000;color: #000;
2026-8-30 15:50:02-debug: %cDestroy%c: D:\GameByself\Cocos\Project1\assets\resources\UI\formula-f04\source\Formula F04 (2).fbx@6d6c8background: #ffb8b8; color: #000;color: #000;
2026-8-30 15:50:02-debug: %cDestroy%c: D:\GameByself\Cocos\Project1\assets\resources\UI\formula-f04\source\Formula F04 (2).fbx@efc9abackground: #ffb8b8; color: #000;color: #000;
2026-8-30 15:50:02-debug: %cDestroy%c: D:\GameByself\Cocos\Project1\assets\resources\UI\formula-f04\source\Formula F04 (2).fbx@f776dbackground: #ffb8b8; color: #000;color: #000;
2026-8-30 15:50:02-debug: %cDestroy%c: D:\GameByself\Cocos\Project1\assets\resources\UI\formula-f04\source\Formula F04 (2).fbx@0d105background: #ffb8b8; color: #000;color: #000;
2026-8-30 15:50:02-debug: %cDestroy%c: D:\GameByself\Cocos\Project1\assets\resources\UI\formula-f04\source\Formula F04 (2).fbx@5adcabackground: #ffb8b8; color: #000;color: #000;
2026-8-30 15:50:02-debug: %cDestroy%c: D:\GameByself\Cocos\Project1\assets\resources\UI\formula-f04\source\Formula F04 (2).fbx@58d6abackground: #ffb8b8; color: #000;color: #000;
2026-8-30 15:50:02-debug: %cDestroy%c: D:\GameByself\Cocos\Project1\assets\resources\UI\formula-f04\source\Formula F04 (2).fbx@c336dbackground: #ffb8b8; color: #000;color: #000;
2026-8-30 15:50:02-debug: %cDestroy%c: D:\GameByself\Cocos\Project1\assets\resources\UI\formula-f04\source\Formula F04 (2).fbx@ae660background: #ffb8b8; color: #000;color: #000;
2026-8-30 15:50:02-debug: %cDestroy%c: D:\GameByself\Cocos\Project1\assets\resources\UI\formula-f04\source\Formula F04 (2).fbx@c5110background: #ffb8b8; color: #000;color: #000;
2026-8-30 15:50:02-debug: %cDestroy%c: D:\GameByself\Cocos\Project1\assets\resources\UI\formula-f04\source\Formula F04 (2).fbx@99f32background: #ffb8b8; color: #000;color: #000;
2026-8-30 15:50:02-debug: %cDestroy%c: D:\GameByself\Cocos\Project1\assets\resources\UI\formula-f04\source\Formula F04 (2).fbx@169e8background: #ffb8b8; color: #000;color: #000;
2026-8-30 15:50:02-debug: %cDestroy%c: D:\GameByself\Cocos\Project1\assets\resources\UI\formula-f04\source\Formula F04 (2).fbx@e4c64background: #ffb8b8; color: #000;color: #000;
2026-8-30 15:50:02-debug: %cDestroy%c: D:\GameByself\Cocos\Project1\assets\resources\UI\formula-f04\source\Formula F04 (2).fbx@df7f9background: #ffb8b8; color: #000;color: #000;
2026-8-30 15:50:02-debug: %cDestroy%c: D:\GameByself\Cocos\Project1\assets\resources\UI\formula-f04\source\Formula F04 (2).fbx@156afbackground: #ffb8b8; color: #000;color: #000;
2026-8-30 15:50:02-debug: %cDestroy%c: D:\GameByself\Cocos\Project1\assets\resources\UI\formula-f04\source\Formula F04 (2).fbx@fe620background: #ffb8b8; color: #000;color: #000;
2026-8-30 15:50:02-debug: %cDestroy%c: D:\GameByself\Cocos\Project1\assets\resources\UI\formula-f04\source\Formula F04 (2).fbx@51e2cbackground: #ffb8b8; color: #000;color: #000;
2026-8-30 15:50:02-debug: %cDestroy%c: D:\GameByself\Cocos\Project1\assets\resources\UI\formula-f04\source\Formula F04 (2).fbx@faf74background: #ffb8b8; color: #000;color: #000;
2026-8-30 15:50:02-debug: %cDestroy%c: D:\GameByself\Cocos\Project1\assets\resources\UI\formula-f04\source\Formula F04 (2).fbxbackground: #ffb8b8; color: #000;color: #000;
2026-8-30 15:50:02-debug: %cImport%c: D:\GameByself\Cocos\Project1\assets\resources\UIbackground: #aaff85; color: #000;color: #000;
2026-8-30 15:50:02-log: 资源数据库已锁定，资源操作(bound autoRefreshAssetLazy)将会延迟响应，请稍侯
2026-8-30 15:50:02-debug: refresh asset D:\GameByself\Cocos\Project1\assets\resources\UI success
2026-8-30 15:50:02-debug: remove asset D:\GameByself\Cocos\Project1\assets\resources\UI\formula-f04 success
2026-8-30 15:50:02-debug: refresh db assets success
2026-8-30 15:50:02-debug: Run asset db hook engine-extends:afterRefresh ...
2026-8-30 15:50:02-debug: Run asset db hook engine-extends:afterRefresh success!
2026-8-30 15:50:02-debug: asset-db:refresh-all-database (371ms)
2026-8-30 15:50:02-debug: asset-db:worker-effect-data-processing (2ms)
2026-8-30 15:50:02-debug: asset-db-hook-engine-extends-afterRefresh (3ms)
2026-8-30 15:50:11-debug: refresh db internal success
2026-8-30 15:50:11-debug: refresh db assets success
2026-8-30 15:50:11-debug: Run asset db hook engine-extends:afterRefresh ...
2026-8-30 15:50:11-debug: Run asset db hook engine-extends:afterRefresh success!
2026-8-30 15:50:11-debug: asset-db:refresh-all-database (103ms)
2026-8-30 15:50:11-debug: asset-db:worker-effect-data-processing (1ms)
2026-8-30 15:50:11-debug: asset-db-hook-engine-extends-afterRefresh (1ms)
2026-8-30 15:51:09-debug: start refresh asset from D:\GameByself\Cocos\Project1\assets\resources\UI\lowpoly-race-car...
2026-8-30 15:51:09-debug: %cImport%c: D:\GameByself\Cocos\Project1\assets\resources\UI\lowpoly-race-car\source\car.fbxbackground: #aaff85; color: #000;color: #000;
2026-8-30 15:51:09-debug: %cImport%c: D:\GameByself\Cocos\Project1\assets\resources\UI\lowpoly-race-car\textures\internal_ground_ao_texture.jpegbackground: #aaff85; color: #000;color: #000;
2026-8-30 15:51:09-debug: %cImport%c: D:\GameByself\Cocos\Project1\assets\resources\UI\lowpoly-race-carbackground: #aaff85; color: #000;color: #000;
2026-8-30 15:51:09-debug: %cImport%c: D:\GameByself\Cocos\Project1\assets\resources\UI\lowpoly-race-car\sourcebackground: #aaff85; color: #000;color: #000;
2026-8-30 15:51:09-debug: %cImport%c: D:\GameByself\Cocos\Project1\assets\resources\UI\lowpoly-race-car\texturesbackground: #aaff85; color: #000;color: #000;
2026-8-30 15:51:09-debug: Status file D:\GameByself\Cocos\Project1\temp\asset-db\assets\fbx.FBX-glTF-conv\d57e6f15-9a1d-4a1a-95cb-548a1a3f57ef\status.json: Error: ENOENT: no such file or directory, open 'D:\GameByself\Cocos\Project1\temp\asset-db\assets\fbx.FBX-glTF-conv\d57e6f15-9a1d-4a1a-95cb-548a1a3f57ef\status.json'
2026-8-30 15:51:09-debug: %cImport%c: D:\GameByself\Cocos\Project1\assets\resources\UI\lowpoly-race-car\textures\internal_ground_ao_texture.jpeg@6c48abackground: #aaff85; color: #000;color: #000;
2026-8-30 15:51:09-debug: refresh db internal success
2026-8-30 15:51:09-debug: Frame rate: 24 [{asset(d57e6f15-9a1d-4a1a-95cb-548a1a3f57ef)}]
2026-8-30 15:51:09-debug: %cImport%c: D:\GameByself\Cocos\Project1\assets\resources\UI\lowpoly-race-car\source\car.fbx@fd23dbackground: #aaff85; color: #000;color: #000;
2026-8-30 15:51:09-debug: %cImport%c: D:\GameByself\Cocos\Project1\assets\resources\UI\lowpoly-race-car\source\car.fbx@a49bebackground: #aaff85; color: #000;color: #000;
2026-8-30 15:51:09-debug: %cImport%c: D:\GameByself\Cocos\Project1\assets\resources\UI\lowpoly-race-car\source\car.fbx@758e0background: #aaff85; color: #000;color: #000;
2026-8-30 15:51:09-debug: %cImport%c: D:\GameByself\Cocos\Project1\assets\resources\UI\lowpoly-race-car\source\car.fbx@3d5adbackground: #aaff85; color: #000;color: #000;
2026-8-30 15:51:09-debug: %cImport%c: D:\GameByself\Cocos\Project1\assets\resources\UI\lowpoly-race-car\source\car.fbx@68a53background: #aaff85; color: #000;color: #000;
2026-8-30 15:51:09-debug: %cImport%c: D:\GameByself\Cocos\Project1\assets\resources\UI\lowpoly-race-car\source\car.fbx@9f66cbackground: #aaff85; color: #000;color: #000;
2026-8-30 15:51:09-debug: %cImport%c: D:\GameByself\Cocos\Project1\assets\resources\UI\lowpoly-race-car\source\car.fbx@8d883background: #aaff85; color: #000;color: #000;
2026-8-30 15:51:09-debug: %cImport%c: D:\GameByself\Cocos\Project1\assets\resources\UI\lowpoly-race-car\source\car.fbx@6faa6background: #aaff85; color: #000;color: #000;
2026-8-30 15:51:09-debug: %cImport%c: D:\GameByself\Cocos\Project1\assets\resources\UI\lowpoly-race-car\source\car.fbx@2a173background: #aaff85; color: #000;color: #000;
2026-8-30 15:51:09-debug: %cImport%c: D:\GameByself\Cocos\Project1\assets\resources\UI\lowpoly-race-car\source\car.fbx@aa365background: #aaff85; color: #000;color: #000;
2026-8-30 15:51:09-debug: %cImport%c: D:\GameByself\Cocos\Project1\assets\resources\UIbackground: #aaff85; color: #000;color: #000;
2026-8-30 15:51:09-log: 资源数据库已锁定，资源操作(bound autoRefreshAssetLazy)将会延迟响应，请稍侯
2026-8-30 15:51:09-debug: refresh asset D:\GameByself\Cocos\Project1\assets\resources\UI success
2026-8-30 15:51:09-debug: refresh db assets success
2026-8-30 15:51:09-debug: Run asset db hook engine-extends:afterRefresh ...
2026-8-30 15:51:09-debug: Run asset db hook engine-extends:afterRefresh success!
2026-8-30 15:51:09-debug: asset-db:refresh-all-database (313ms)
2026-8-30 15:51:09-debug: asset-db:worker-effect-data-processing (2ms)
2026-8-30 15:51:09-debug: asset-db-hook-engine-extends-afterRefresh (4ms)
2026-8-30 15:51:28-debug: refresh db internal success
2026-8-30 15:51:28-debug: refresh db assets success
2026-8-30 15:51:28-debug: Run asset db hook engine-extends:afterRefresh ...
2026-8-30 15:51:28-debug: Run asset db hook engine-extends:afterRefresh success!
2026-8-30 15:51:28-debug: asset-db:refresh-all-database (108ms)
2026-8-30 15:51:28-debug: asset-db:worker-effect-data-processing (2ms)
2026-8-30 15:51:28-debug: asset-db-hook-engine-extends-afterRefresh (2ms)
2026-8-30 15:51:32-debug: refresh db internal success
2026-8-30 15:51:32-debug: refresh db assets success
2026-8-30 15:51:32-debug: Run asset db hook engine-extends:afterRefresh ...
2026-8-30 15:51:32-debug: Run asset db hook engine-extends:afterRefresh success!
2026-8-30 15:51:32-debug: asset-db:refresh-all-database (119ms)
2026-8-30 15:51:32-debug: asset-db:worker-effect-data-processing (3ms)
2026-8-30 15:51:32-debug: asset-db-hook-engine-extends-afterRefresh (3ms)
2026-8-30 15:51:36-debug: refresh db internal success
2026-8-30 15:51:36-debug: refresh db assets success
2026-8-30 15:51:36-debug: Run asset db hook engine-extends:afterRefresh ...
2026-8-30 15:51:36-debug: Run asset db hook engine-extends:afterRefresh success!
2026-8-30 15:51:36-debug: asset-db:refresh-all-database (106ms)
2026-8-30 15:51:36-debug: asset-db:worker-effect-data-processing (2ms)
2026-8-30 15:51:36-debug: asset-db-hook-engine-extends-afterRefresh (2ms)
2026-8-30 15:51:37-debug: %cImport%c: D:\GameByself\Cocos\Project1\assets\resources\UI\lowpoly-race-car\source\car.fbxbackground: #aaff85; color: #000;color: #000;
2026-8-30 15:51:37-debug: Frame rate: 24 [{asset(d57e6f15-9a1d-4a1a-95cb-548a1a3f57ef)}]
2026-8-30 15:51:37-debug: %cImport%c: D:\GameByself\Cocos\Project1\assets\resources\UI\lowpoly-race-car\textures\lambert1.mtlbackground: #aaff85; color: #000;color: #000;
2026-8-30 15:51:37-debug: %cImport%c: D:\GameByself\Cocos\Project1\assets\resources\UI\lowpoly-race-car\textures\anisotropic2.mtlbackground: #aaff85; color: #000;color: #000;
2026-8-30 15:51:37-debug: %cReImport%c: D:\GameByself\Cocos\Project1\assets\resources\UI\lowpoly-race-car\source\car.fbx@fd23dbackground: #aaff85; color: #000;color: #000;
2026-8-30 15:51:37-debug: %cImport%c: D:\GameByself\Cocos\Project1\assets\resources\UI\lowpoly-race-car\textures\anisotropic3.mtlbackground: #aaff85; color: #000;color: #000;
2026-8-30 15:51:37-debug: %cReImport%c: D:\GameByself\Cocos\Project1\assets\resources\UI\lowpoly-race-car\source\car.fbx@a49bebackground: #aaff85; color: #000;color: #000;
2026-8-30 15:51:37-debug: %cReImport%c: D:\GameByself\Cocos\Project1\assets\resources\UI\lowpoly-race-car\source\car.fbx@758e0background: #aaff85; color: #000;color: #000;
2026-8-30 15:51:37-debug: %cReImport%c: D:\GameByself\Cocos\Project1\assets\resources\UI\lowpoly-race-car\source\car.fbx@3d5adbackground: #aaff85; color: #000;color: #000;
2026-8-30 15:51:37-debug: %cReImport%c: D:\GameByself\Cocos\Project1\assets\resources\UI\lowpoly-race-car\source\car.fbx@68a53background: #aaff85; color: #000;color: #000;
2026-8-30 15:51:37-debug: %cReImport%c: D:\GameByself\Cocos\Project1\assets\resources\UI\lowpoly-race-car\source\car.fbx@9f66cbackground: #aaff85; color: #000;color: #000;
2026-8-30 15:51:37-debug: %cReImport%c: D:\GameByself\Cocos\Project1\assets\resources\UI\lowpoly-race-car\source\car.fbx@aa365background: #aaff85; color: #000;color: #000;
2026-8-30 15:51:37-debug: asset-db:reimport-assetd57e6f15-9a1d-4a1a-95cb-548a1a3f57ef (92ms)
2026-8-30 15:52:11-debug: refresh db internal success
2026-8-30 15:52:11-debug: %cImport%c: D:\GameByself\Cocos\Project1\assets\resources\UI\lowpoly-race-car\texturesbackground: #aaff85; color: #000;color: #000;
2026-8-30 15:52:11-debug: refresh db assets success
2026-8-30 15:52:11-debug: Run asset db hook engine-extends:afterRefresh ...
2026-8-30 15:52:11-debug: Run asset db hook engine-extends:afterRefresh success!
2026-8-30 15:52:11-debug: asset-db:worker-effect-data-processing (1ms)
2026-8-30 15:52:11-debug: asset-db-hook-engine-extends-afterRefresh (2ms)
2026-8-30 15:52:11-debug: asset-db:refresh-all-database (107ms)
2026-8-30 15:52:21-debug: %cImport%c: D:\GameByself\Cocos\Project1\assets\resources\UI\lowpoly-race-car\source\car.fbxbackground: #aaff85; color: #000;color: #000;
2026-8-30 15:52:21-debug: Frame rate: 24 [{asset(d57e6f15-9a1d-4a1a-95cb-548a1a3f57ef)}]
2026-8-30 15:52:21-debug: %cReImport%c: D:\GameByself\Cocos\Project1\assets\resources\UI\lowpoly-race-car\source\car.fbx@fd23dbackground: #aaff85; color: #000;color: #000;
2026-8-30 15:52:21-debug: %cReImport%c: D:\GameByself\Cocos\Project1\assets\resources\UI\lowpoly-race-car\source\car.fbx@a49bebackground: #aaff85; color: #000;color: #000;
2026-8-30 15:52:21-debug: %cReImport%c: D:\GameByself\Cocos\Project1\assets\resources\UI\lowpoly-race-car\source\car.fbx@758e0background: #aaff85; color: #000;color: #000;
2026-8-30 15:52:21-debug: %cReImport%c: D:\GameByself\Cocos\Project1\assets\resources\UI\lowpoly-race-car\source\car.fbx@3d5adbackground: #aaff85; color: #000;color: #000;
2026-8-30 15:52:21-debug: %cReImport%c: D:\GameByself\Cocos\Project1\assets\resources\UI\lowpoly-race-car\source\car.fbx@68a53background: #aaff85; color: #000;color: #000;
2026-8-30 15:52:21-debug: %cReImport%c: D:\GameByself\Cocos\Project1\assets\resources\UI\lowpoly-race-car\source\car.fbx@9f66cbackground: #aaff85; color: #000;color: #000;
2026-8-30 15:52:21-debug: %cReImport%c: D:\GameByself\Cocos\Project1\assets\resources\UI\lowpoly-race-car\source\car.fbx@aa365background: #aaff85; color: #000;color: #000;
2026-8-30 15:52:21-debug: asset-db:reimport-assetd57e6f15-9a1d-4a1a-95cb-548a1a3f57ef (68ms)
2026-8-30 15:52:48-debug: refresh db internal success
2026-8-30 15:52:48-debug: refresh db assets success
2026-8-30 15:52:48-debug: Run asset db hook engine-extends:afterRefresh ...
2026-8-30 15:52:48-debug: Run asset db hook engine-extends:afterRefresh success!
2026-8-30 15:52:48-debug: asset-db:worker-effect-data-processing (2ms)
2026-8-30 15:52:48-debug: asset-db:refresh-all-database (107ms)
2026-8-30 15:52:48-debug: asset-db-hook-engine-extends-afterRefresh (3ms)
2026-8-30 15:52:57-debug: refresh db internal success
2026-8-30 15:52:57-debug: refresh db assets success
2026-8-30 15:52:57-debug: Run asset db hook engine-extends:afterRefresh success!
2026-8-30 15:52:57-debug: Run asset db hook engine-extends:afterRefresh ...
2026-8-30 15:52:57-debug: asset-db:refresh-all-database (112ms)
2026-8-30 15:52:57-debug: asset-db:worker-effect-data-processing (1ms)
2026-8-30 15:52:57-debug: asset-db-hook-engine-extends-afterRefresh (1ms)
2026-8-30 15:52:58-debug: %cImport%c: D:\GameByself\Cocos\Project1\assets\resources\UI\lowpoly-race-car\source\car.fbxbackground: #aaff85; color: #000;color: #000;
2026-8-30 15:52:58-debug: Frame rate: 24 [{asset(d57e6f15-9a1d-4a1a-95cb-548a1a3f57ef)}]
2026-8-30 15:52:58-debug: %cImport%c: D:\GameByself\Cocos\Project1\assets\resources\UI\lowpoly-race-car\lambert1.mtlbackground: #aaff85; color: #000;color: #000;
2026-8-30 15:52:58-debug: %cImport%c: D:\GameByself\Cocos\Project1\assets\resources\UI\lowpoly-race-car\anisotropic2.mtlbackground: #aaff85; color: #000;color: #000;
2026-8-30 15:52:58-debug: %cReImport%c: D:\GameByself\Cocos\Project1\assets\resources\UI\lowpoly-race-car\source\car.fbx@fd23dbackground: #aaff85; color: #000;color: #000;
2026-8-30 15:52:58-debug: %cImport%c: D:\GameByself\Cocos\Project1\assets\resources\UI\lowpoly-race-car\anisotropic3.mtlbackground: #aaff85; color: #000;color: #000;
2026-8-30 15:52:58-debug: %cReImport%c: D:\GameByself\Cocos\Project1\assets\resources\UI\lowpoly-race-car\source\car.fbx@a49bebackground: #aaff85; color: #000;color: #000;
2026-8-30 15:52:58-debug: %cReImport%c: D:\GameByself\Cocos\Project1\assets\resources\UI\lowpoly-race-car\source\car.fbx@758e0background: #aaff85; color: #000;color: #000;
2026-8-30 15:52:58-debug: %cReImport%c: D:\GameByself\Cocos\Project1\assets\resources\UI\lowpoly-race-car\source\car.fbx@3d5adbackground: #aaff85; color: #000;color: #000;
2026-8-30 15:52:58-debug: %cReImport%c: D:\GameByself\Cocos\Project1\assets\resources\UI\lowpoly-race-car\source\car.fbx@68a53background: #aaff85; color: #000;color: #000;
2026-8-30 15:52:58-debug: %cReImport%c: D:\GameByself\Cocos\Project1\assets\resources\UI\lowpoly-race-car\source\car.fbx@9f66cbackground: #aaff85; color: #000;color: #000;
2026-8-30 15:52:58-debug: %cReImport%c: D:\GameByself\Cocos\Project1\assets\resources\UI\lowpoly-race-car\source\car.fbx@aa365background: #aaff85; color: #000;color: #000;
2026-8-30 15:52:58-debug: asset-db:reimport-assetd57e6f15-9a1d-4a1a-95cb-548a1a3f57ef (91ms)
2026-8-30 15:53:26-debug: refresh db internal success
2026-8-30 15:53:26-debug: %cImport%c: D:\GameByself\Cocos\Project1\assets\resources\UI\lowpoly-race-carbackground: #aaff85; color: #000;color: #000;
2026-8-30 15:53:26-debug: refresh db assets success
2026-8-30 15:53:26-debug: Run asset db hook engine-extends:afterRefresh ...
2026-8-30 15:53:26-debug: Run asset db hook engine-extends:afterRefresh success!
2026-8-30 15:53:26-debug: asset-db:refresh-all-database (109ms)
2026-8-30 15:53:26-debug: asset-db:worker-effect-data-processing (1ms)
2026-8-30 15:53:26-debug: asset-db-hook-engine-extends-afterRefresh (2ms)
2026-8-30 15:53:28-debug: programming:execute-script (1ms)
2026-8-30 15:53:29-debug: start remove asset D:\GameByself\Cocos\Project1\assets\resources\UI\lowpoly-race-car...
2026-8-30 15:53:29-debug: refresh db internal success
2026-8-30 15:53:29-debug: %cDestroy%c: D:\GameByself\Cocos\Project1\assets\resources\UI\lowpoly-race-carbackground: #ffb8b8; color: #000;color: #000;
2026-8-30 15:53:29-debug: %cDestroy%c: D:\GameByself\Cocos\Project1\assets\resources\UI\lowpoly-race-car\source\car.fbx@fd23dbackground: #ffb8b8; color: #000;color: #000;
2026-8-30 15:53:29-debug: %cDestroy%c: D:\GameByself\Cocos\Project1\assets\resources\UI\lowpoly-race-car\texturesbackground: #ffb8b8; color: #000;color: #000;
2026-8-30 15:53:29-debug: %cDestroy%c: D:\GameByself\Cocos\Project1\assets\resources\UI\lowpoly-race-car\textures\internal_ground_ao_texture.jpeg@6c48abackground: #ffb8b8; color: #000;color: #000;
2026-8-30 15:53:29-debug: %cDestroy%c: D:\GameByself\Cocos\Project1\assets\resources\UI\lowpoly-race-car\sourcebackground: #ffb8b8; color: #000;color: #000;
2026-8-30 15:53:29-debug: %cDestroy%c: D:\GameByself\Cocos\Project1\assets\resources\UI\lowpoly-race-car\textures\lambert1.mtlbackground: #ffb8b8; color: #000;color: #000;
2026-8-30 15:53:29-debug: %cDestroy%c: D:\GameByself\Cocos\Project1\assets\resources\UI\lowpoly-race-car\textures\anisotropic2.mtlbackground: #ffb8b8; color: #000;color: #000;
2026-8-30 15:53:29-debug: %cDestroy%c: D:\GameByself\Cocos\Project1\assets\resources\UI\lowpoly-race-car\textures\anisotropic3.mtlbackground: #ffb8b8; color: #000;color: #000;
2026-8-30 15:53:29-debug: %cDestroy%c: D:\GameByself\Cocos\Project1\assets\resources\UI\lowpoly-race-car\textures\internal_ground_ao_texture.jpegbackground: #ffb8b8; color: #000;color: #000;
2026-8-30 15:53:29-debug: %cDestroy%c: D:\GameByself\Cocos\Project1\assets\resources\UI\lowpoly-race-car\lambert1.mtlbackground: #ffb8b8; color: #000;color: #000;
2026-8-30 15:53:29-debug: %cDestroy%c: D:\GameByself\Cocos\Project1\assets\resources\UI\lowpoly-race-car\anisotropic2.mtlbackground: #ffb8b8; color: #000;color: #000;
2026-8-30 15:53:29-debug: %cDestroy%c: D:\GameByself\Cocos\Project1\assets\resources\UI\lowpoly-race-car\anisotropic3.mtlbackground: #ffb8b8; color: #000;color: #000;
2026-8-30 15:53:29-debug: %cDestroy%c: D:\GameByself\Cocos\Project1\assets\resources\UI\lowpoly-race-car\source\car.fbx@a49bebackground: #ffb8b8; color: #000;color: #000;
2026-8-30 15:53:29-debug: %cDestroy%c: D:\GameByself\Cocos\Project1\assets\resources\UI\lowpoly-race-car\source\car.fbx@758e0background: #ffb8b8; color: #000;color: #000;
2026-8-30 15:53:29-debug: %cDestroy%c: D:\GameByself\Cocos\Project1\assets\resources\UI\lowpoly-race-car\source\car.fbx@3d5adbackground: #ffb8b8; color: #000;color: #000;
2026-8-30 15:53:29-debug: %cDestroy%c: D:\GameByself\Cocos\Project1\assets\resources\UI\lowpoly-race-car\source\car.fbx@68a53background: #ffb8b8; color: #000;color: #000;
2026-8-30 15:53:29-debug: %cDestroy%c: D:\GameByself\Cocos\Project1\assets\resources\UI\lowpoly-race-car\source\car.fbx@9f66cbackground: #ffb8b8; color: #000;color: #000;
2026-8-30 15:53:29-debug: %cDestroy%c: D:\GameByself\Cocos\Project1\assets\resources\UI\lowpoly-race-car\source\car.fbx@aa365background: #ffb8b8; color: #000;color: #000;
2026-8-30 15:53:29-debug: %cDestroy%c: D:\GameByself\Cocos\Project1\assets\resources\UI\lowpoly-race-car\source\car.fbxbackground: #ffb8b8; color: #000;color: #000;
2026-8-30 15:53:29-debug: %cImport%c: D:\GameByself\Cocos\Project1\assets\resources\UIbackground: #aaff85; color: #000;color: #000;
2026-8-30 15:53:29-debug: refresh db assets success
2026-8-30 15:53:29-debug: Run asset db hook engine-extends:afterRefresh ...
2026-8-30 15:53:29-debug: Run asset db hook engine-extends:afterRefresh success!
2026-8-30 15:53:29-debug: asset-db:refresh-all-database (173ms)
2026-8-30 15:53:29-debug: asset-db:worker-effect-data-processing (1ms)
2026-8-30 15:53:29-debug: asset-db-hook-engine-extends-afterRefresh (2ms)
2026-8-30 15:53:29-debug: start refresh asset from D:\GameByself\Cocos\Project1\assets\resources\UI\lowpoly-race-car...
2026-8-30 15:53:29-debug: refresh asset D:\GameByself\Cocos\Project1\assets\resources\UI success
2026-8-30 15:53:29-debug: remove asset D:\GameByself\Cocos\Project1\assets\resources\UI\lowpoly-race-car success
2026-8-30 16:01:17-debug: start refresh asset from D:\GameByself\Cocos\Project1\assets\resources\UI\source...
2026-8-30 16:01:17-debug: %cImport%c: D:\GameByself\Cocos\Project1\assets\resources\UI\source\e1499.fbxbackground: #aaff85; color: #000;color: #000;
2026-8-30 16:01:17-debug: %cImport%c: D:\GameByself\Cocos\Project1\assets\resources\UI\sourcebackground: #aaff85; color: #000;color: #000;
2026-8-30 16:01:17-debug: Status file D:\GameByself\Cocos\Project1\temp\asset-db\assets\fbx.FBX-glTF-conv\c185ea8d-74ff-4fc8-a0c0-ae72bfe40e9d\status.json: Error: ENOENT: no such file or directory, open 'D:\GameByself\Cocos\Project1\temp\asset-db\assets\fbx.FBX-glTF-conv\c185ea8d-74ff-4fc8-a0c0-ae72bfe40e9d\status.json'
2026-8-30 16:01:17-debug: start refresh asset from D:\GameByself\Cocos\Project1\assets\resources\UI\textures...
2026-8-30 16:01:17-debug: refresh db internal success
2026-8-30 16:01:17-debug: %cImport%c: D:\GameByself\Cocos\Project1\assets\resources\UI\textures\car_ford_mustang_mach_e1400_df_mk_Out_mask.pngbackground: #aaff85; color: #000;color: #000;
2026-8-30 16:01:17-debug: %cImport%c: D:\GameByself\Cocos\Project1\assets\resources\UI\textures\car_ford_mustang_mach_e1400_df_Out.pngbackground: #aaff85; color: #000;color: #000;
2026-8-30 16:01:17-debug: %cImport%c: D:\GameByself\Cocos\Project1\assets\resources\UI\textures\car_ford_mustang_mach_e1400_glows_Out.pngbackground: #aaff85; color: #000;color: #000;
2026-8-30 16:01:17-debug: %cImport%c: D:\GameByself\Cocos\Project1\assets\resources\UI\texturesbackground: #aaff85; color: #000;color: #000;
2026-8-30 16:01:17-debug: %cImport%c: D:\GameByself\Cocos\Project1\assets\resources\UI\textures\car_ford_mustang_mach_e1400_occ_mk_Out_mas.pngbackground: #aaff85; color: #000;color: #000;
2026-8-30 16:01:17-debug: Frame rate: 25 [{asset(c185ea8d-74ff-4fc8-a0c0-ae72bfe40e9d)}]
2026-8-30 16:01:17-debug: %cImport%c: D:\GameByself\Cocos\Project1\assets\resources\UI\textures\car_ford_mustang_mach_e1400_df_mk_Out_mask.png@6c48abackground: #aaff85; color: #000;color: #000;
2026-8-30 16:01:17-debug: %cImport%c: D:\GameByself\Cocos\Project1\assets\resources\UI\textures\car_ford_mustang_mach_e1400_glows_Out.png@6c48abackground: #aaff85; color: #000;color: #000;
2026-8-30 16:01:17-debug: %cImport%c: D:\GameByself\Cocos\Project1\assets\resources\UI\textures\car_ford_mustang_mach_e1400_occ_Out.pngbackground: #aaff85; color: #000;color: #000;
2026-8-30 16:01:17-debug: %cImport%c: D:\GameByself\Cocos\Project1\assets\resources\UI\textures\car_ford_mustang_mach_e1400_occ_mk_Out_mas.png@6c48abackground: #aaff85; color: #000;color: #000;
2026-8-30 16:01:17-debug: %cImport%c: D:\GameByself\Cocos\Project1\assets\resources\UI\textures\car_ford_mustang_mach_e1400_df_Out.png@6c48abackground: #aaff85; color: #000;color: #000;
2026-8-30 16:01:17-debug: %cImport%c: D:\GameByself\Cocos\Project1\assets\resources\UI\textures\car_tyres_new_occ_Out.pngbackground: #aaff85; color: #000;color: #000;
2026-8-30 16:01:17-debug: %cImport%c: D:\GameByself\Cocos\Project1\assets\resources\UI\source\e1499.fbx@52719background: #aaff85; color: #000;color: #000;
2026-8-30 16:01:17-debug: %cImport%c: D:\GameByself\Cocos\Project1\assets\resources\UI\source\e1499.fbx@62029background: #aaff85; color: #000;color: #000;
2026-8-30 16:01:17-debug: %cImport%c: D:\GameByself\Cocos\Project1\assets\resources\UI\textures\car_tyres_new_occ_Out.png@6c48abackground: #aaff85; color: #000;color: #000;
2026-8-30 16:01:17-debug: %cImport%c: D:\GameByself\Cocos\Project1\assets\resources\UI\textures\car_ford_mustang_mach_e1400_occ_Out.png@6c48abackground: #aaff85; color: #000;color: #000;
2026-8-30 16:01:17-debug: %cImport%c: D:\GameByself\Cocos\Project1\assets\resources\UI\source\e1499.fbx@90896background: #aaff85; color: #000;color: #000;
2026-8-30 16:01:17-debug: %cImport%c: D:\GameByself\Cocos\Project1\assets\resources\UI\source\e1499.fbx@91797background: #aaff85; color: #000;color: #000;
2026-8-30 16:01:17-debug: %cImport%c: D:\GameByself\Cocos\Project1\assets\resources\UI\source\e1499.fbx@99380background: #aaff85; color: #000;color: #000;
2026-8-30 16:01:17-debug: %cImport%c: D:\GameByself\Cocos\Project1\assets\resources\UI\source\e1499.fbx@789d6background: #aaff85; color: #000;color: #000;
2026-8-30 16:01:17-debug: %cImport%c: D:\GameByself\Cocos\Project1\assets\resources\UI\source\e1499.fbx@d868ebackground: #aaff85; color: #000;color: #000;
2026-8-30 16:01:17-debug: %cImport%c: D:\GameByself\Cocos\Project1\assets\resources\UI\source\e1499.fbx@4b028background: #aaff85; color: #000;color: #000;
2026-8-30 16:01:17-debug: %cImport%c: D:\GameByself\Cocos\Project1\assets\resources\UI\source\e1499.fbx@d09f4background: #aaff85; color: #000;color: #000;
2026-8-30 16:01:17-debug: %cImport%c: D:\GameByself\Cocos\Project1\assets\resources\UI\source\e1499.fbx@abfeabackground: #aaff85; color: #000;color: #000;
2026-8-30 16:01:17-debug: %cImport%c: D:\GameByself\Cocos\Project1\assets\resources\UI\source\e1499.fbx@5afd6background: #aaff85; color: #000;color: #000;
2026-8-30 16:01:17-debug: %cImport%c: D:\GameByself\Cocos\Project1\assets\resources\UI\source\e1499.fbx@ea692background: #aaff85; color: #000;color: #000;
2026-8-30 16:01:17-debug: %cImport%c: D:\GameByself\Cocos\Project1\assets\resources\UI\source\e1499.fbx@f8d3abackground: #aaff85; color: #000;color: #000;
2026-8-30 16:01:17-debug: %cImport%c: D:\GameByself\Cocos\Project1\assets\resources\UI\source\e1499.fbx@825a9background: #aaff85; color: #000;color: #000;
2026-8-30 16:01:17-debug: %cImport%c: D:\GameByself\Cocos\Project1\assets\resources\UI\source\e1499.fbx@3419abackground: #aaff85; color: #000;color: #000;
2026-8-30 16:01:17-debug: %cImport%c: D:\GameByself\Cocos\Project1\assets\resources\UI\source\e1499.fbx@329a5background: #aaff85; color: #000;color: #000;
2026-8-30 16:01:17-debug: %cImport%c: D:\GameByself\Cocos\Project1\assets\resources\UI\source\e1499.fbx@4a707background: #aaff85; color: #000;color: #000;
2026-8-30 16:01:17-debug: %cImport%c: D:\GameByself\Cocos\Project1\assets\resources\UI\source\e1499.fbx@c62acbackground: #aaff85; color: #000;color: #000;
2026-8-30 16:01:17-debug: %cImport%c: D:\GameByself\Cocos\Project1\assets\resources\UI\source\e1499.fbx@7aacbbackground: #aaff85; color: #000;color: #000;
2026-8-30 16:01:17-debug: %cImport%c: D:\GameByself\Cocos\Project1\assets\resources\UI\source\e1499.fbx@9cfcabackground: #aaff85; color: #000;color: #000;
2026-8-30 16:01:17-debug: %cImport%c: D:\GameByself\Cocos\Project1\assets\resources\UI\source\e1499.fbx@d0db1background: #aaff85; color: #000;color: #000;
2026-8-30 16:01:17-debug: %cImport%c: D:\GameByself\Cocos\Project1\assets\resources\UI\source\e1499.fbx@81bd5background: #aaff85; color: #000;color: #000;
2026-8-30 16:01:17-debug: %cImport%c: D:\GameByself\Cocos\Project1\assets\resources\UI\source\e1499.fbx@106cdbackground: #aaff85; color: #000;color: #000;
2026-8-30 16:01:17-debug: %cImport%c: D:\GameByself\Cocos\Project1\assets\resources\UI\source\e1499.fbx@c8544background: #aaff85; color: #000;color: #000;
2026-8-30 16:01:17-debug: %cImport%c: D:\GameByself\Cocos\Project1\assets\resources\UI\source\e1499.fbx@ec91ebackground: #aaff85; color: #000;color: #000;
2026-8-30 16:01:17-debug: %cImport%c: D:\GameByself\Cocos\Project1\assets\resources\UI\source\e1499.fbx@5f8c5background: #aaff85; color: #000;color: #000;
2026-8-30 16:01:17-debug: %cImport%c: D:\GameByself\Cocos\Project1\assets\resources\UI\source\e1499.fbx@0a087background: #aaff85; color: #000;color: #000;
2026-8-30 16:01:17-debug: %cImport%c: D:\GameByself\Cocos\Project1\assets\resources\UI\source\e1499.fbx@3b99ebackground: #aaff85; color: #000;color: #000;
2026-8-30 16:01:17-debug: %cImport%c: D:\GameByself\Cocos\Project1\assets\resources\UI\source\e1499.fbx@03256background: #aaff85; color: #000;color: #000;
2026-8-30 16:01:17-debug: %cImport%c: D:\GameByself\Cocos\Project1\assets\resources\UI\source\e1499.fbx@f3601background: #aaff85; color: #000;color: #000;
2026-8-30 16:01:17-debug: %cImport%c: D:\GameByself\Cocos\Project1\assets\resources\UI\source\e1499.fbx@6f130background: #aaff85; color: #000;color: #000;
2026-8-30 16:01:17-debug: %cImport%c: D:\GameByself\Cocos\Project1\assets\resources\UI\source\e1499.fbx@12ebebackground: #aaff85; color: #000;color: #000;
2026-8-30 16:01:17-debug: %cImport%c: D:\GameByself\Cocos\Project1\assets\resources\UI\source\e1499.fbx@0b29ebackground: #aaff85; color: #000;color: #000;
2026-8-30 16:01:17-debug: %cImport%c: D:\GameByself\Cocos\Project1\assets\resources\UI\source\e1499.fbx@993a1background: #aaff85; color: #000;color: #000;
2026-8-30 16:01:17-debug: %cImport%c: D:\GameByself\Cocos\Project1\assets\resources\UI\source\e1499.fbx@5e49ebackground: #aaff85; color: #000;color: #000;
2026-8-30 16:01:17-debug: %cImport%c: D:\GameByself\Cocos\Project1\assets\resources\UI\source\e1499.fbx@ef396background: #aaff85; color: #000;color: #000;
2026-8-30 16:01:17-debug: %cImport%c: D:\GameByself\Cocos\Project1\assets\resources\UI\source\e1499.fbx@0991fbackground: #aaff85; color: #000;color: #000;
2026-8-30 16:01:17-debug: %cImport%c: D:\GameByself\Cocos\Project1\assets\resources\UI\source\e1499.fbx@84cbbbackground: #aaff85; color: #000;color: #000;
2026-8-30 16:01:17-debug: %cImport%c: D:\GameByself\Cocos\Project1\assets\resources\UI\source\e1499.fbx@a3593background: #aaff85; color: #000;color: #000;
2026-8-30 16:01:17-debug: %cImport%c: D:\GameByself\Cocos\Project1\assets\resources\UI\source\e1499.fbx@15db7background: #aaff85; color: #000;color: #000;
2026-8-30 16:01:17-debug: %cImport%c: D:\GameByself\Cocos\Project1\assets\resources\UI\source\e1499.fbx@0a1efbackground: #aaff85; color: #000;color: #000;
2026-8-30 16:01:17-debug: %cImport%c: D:\GameByself\Cocos\Project1\assets\resources\UI\source\e1499.fbx@05da8background: #aaff85; color: #000;color: #000;
2026-8-30 16:01:17-debug: %cImport%c: D:\GameByself\Cocos\Project1\assets\resources\UI\source\e1499.fbx@b8518background: #aaff85; color: #000;color: #000;
2026-8-30 16:01:17-debug: %cImport%c: D:\GameByself\Cocos\Project1\assets\resources\UI\source\e1499.fbx@97b5cbackground: #aaff85; color: #000;color: #000;
2026-8-30 16:01:17-debug: %cImport%c: D:\GameByself\Cocos\Project1\assets\resources\UI\source\e1499.fbx@9e7e2background: #aaff85; color: #000;color: #000;
2026-8-30 16:01:17-debug: %cImport%c: D:\GameByself\Cocos\Project1\assets\resources\UI\source\e1499.fbx@1043ebackground: #aaff85; color: #000;color: #000;
2026-8-30 16:01:17-debug: %cImport%c: D:\GameByself\Cocos\Project1\assets\resources\UI\source\e1499.fbx@5c108background: #aaff85; color: #000;color: #000;
2026-8-30 16:01:17-debug: %cImport%c: D:\GameByself\Cocos\Project1\assets\resources\UI\source\e1499.fbx@710ddbackground: #aaff85; color: #000;color: #000;
2026-8-30 16:01:17-debug: %cImport%c: D:\GameByself\Cocos\Project1\assets\resources\UI\source\e1499.fbx@eceb4background: #aaff85; color: #000;color: #000;
2026-8-30 16:01:17-debug: %cImport%c: D:\GameByself\Cocos\Project1\assets\resources\UI\source\e1499.fbx@551ecbackground: #aaff85; color: #000;color: #000;
2026-8-30 16:01:17-debug: %cImport%c: D:\GameByself\Cocos\Project1\assets\resources\UI\source\e1499.fbx@d8b62background: #aaff85; color: #000;color: #000;
2026-8-30 16:01:17-debug: %cImport%c: D:\GameByself\Cocos\Project1\assets\resources\UIbackground: #aaff85; color: #000;color: #000;
2026-8-30 16:01:17-log: 资源数据库已锁定，资源操作(bound autoRefreshAssetLazy)将会延迟响应，请稍侯
2026-8-30 16:01:17-debug: refresh asset D:\GameByself\Cocos\Project1\assets\resources\UI success
2026-8-30 16:01:17-debug: refresh asset D:\GameByself\Cocos\Project1\assets\resources\UI success
2026-8-30 16:01:17-log: 资源数据库已锁定，资源操作(bound autoRefreshAssetLazy)将会延迟响应，请稍侯
2026-8-30 16:01:17-debug: refresh db assets success
2026-8-30 16:01:17-debug: Run asset db hook engine-extends:afterRefresh ...
2026-8-30 16:01:17-debug: asset-db:worker-effect-data-processing (3ms)
2026-8-30 16:01:17-debug: Run asset db hook engine-extends:afterRefresh success!
2026-8-30 16:01:17-debug: asset-db-hook-engine-extends-afterRefresh (3ms)
2026-8-30 16:01:17-debug: asset-db:refresh-all-database (689ms)
2026-8-30 16:01:29-debug: programming:execute-script (1ms)
2026-8-30 16:01:32-debug: start remove asset D:\GameByself\Cocos\Project1\assets\resources\UI\source...
2026-8-30 16:01:32-debug: start remove asset D:\GameByself\Cocos\Project1\assets\resources\UI\textures...
2026-8-30 16:01:32-log: 资源数据库已锁定，资源操作(bound _refreshAsset)将会延迟响应，请稍侯
2026-8-30 16:01:32-log: 资源数据库已锁定，资源操作(bound _refreshAsset)将会延迟响应，请稍侯
2026-8-30 16:01:32-debug: refresh db internal success
2026-8-30 16:01:32-debug: %cDestroy%c: D:\GameByself\Cocos\Project1\assets\resources\UI\sourcebackground: #ffb8b8; color: #000;color: #000;
2026-8-30 16:01:32-debug: %cDestroy%c: D:\GameByself\Cocos\Project1\assets\resources\UI\texturesbackground: #ffb8b8; color: #000;color: #000;
2026-8-30 16:01:32-debug: %cDestroy%c: D:\GameByself\Cocos\Project1\assets\resources\UI\textures\car_ford_mustang_mach_e1400_df_mk_Out_mask.png@6c48abackground: #ffb8b8; color: #000;color: #000;
2026-8-30 16:01:32-debug: %cDestroy%c: D:\GameByself\Cocos\Project1\assets\resources\UI\source\e1499.fbx@52719background: #ffb8b8; color: #000;color: #000;
2026-8-30 16:01:32-debug: %cDestroy%c: D:\GameByself\Cocos\Project1\assets\resources\UI\textures\car_ford_mustang_mach_e1400_df_Out.png@6c48abackground: #ffb8b8; color: #000;color: #000;
2026-8-30 16:01:32-debug: %cDestroy%c: D:\GameByself\Cocos\Project1\assets\resources\UI\textures\car_ford_mustang_mach_e1400_glows_Out.png@6c48abackground: #ffb8b8; color: #000;color: #000;
2026-8-30 16:01:32-debug: %cDestroy%c: D:\GameByself\Cocos\Project1\assets\resources\UI\textures\car_ford_mustang_mach_e1400_occ_mk_Out_mas.png@6c48abackground: #ffb8b8; color: #000;color: #000;
2026-8-30 16:01:32-debug: %cDestroy%c: D:\GameByself\Cocos\Project1\assets\resources\UI\textures\car_ford_mustang_mach_e1400_glows_Out.pngbackground: #ffb8b8; color: #000;color: #000;
2026-8-30 16:01:32-debug: %cDestroy%c: D:\GameByself\Cocos\Project1\assets\resources\UI\textures\car_ford_mustang_mach_e1400_occ_mk_Out_mas.pngbackground: #ffb8b8; color: #000;color: #000;
2026-8-30 16:01:33-debug: %cDestroy%c: D:\GameByself\Cocos\Project1\assets\resources\UI\textures\car_ford_mustang_mach_e1400_df_mk_Out_mask.pngbackground: #ffb8b8; color: #000;color: #000;
2026-8-30 16:01:33-debug: %cDestroy%c: D:\GameByself\Cocos\Project1\assets\resources\UI\textures\car_ford_mustang_mach_e1400_df_Out.pngbackground: #ffb8b8; color: #000;color: #000;
2026-8-30 16:01:33-debug: %cDestroy%c: D:\GameByself\Cocos\Project1\assets\resources\UI\source\e1499.fbx@62029background: #ffb8b8; color: #000;color: #000;
2026-8-30 16:01:33-debug: %cDestroy%c: D:\GameByself\Cocos\Project1\assets\resources\UI\textures\car_ford_mustang_mach_e1400_occ_Out.png@6c48abackground: #ffb8b8; color: #000;color: #000;
2026-8-30 16:01:33-debug: %cDestroy%c: D:\GameByself\Cocos\Project1\assets\resources\UI\textures\car_tyres_new_occ_Out.png@6c48abackground: #ffb8b8; color: #000;color: #000;
2026-8-30 16:01:33-debug: %cDestroy%c: D:\GameByself\Cocos\Project1\assets\resources\UI\textures\car_tyres_new_occ_Out.pngbackground: #ffb8b8; color: #000;color: #000;
2026-8-30 16:01:33-debug: %cDestroy%c: D:\GameByself\Cocos\Project1\assets\resources\UI\textures\car_ford_mustang_mach_e1400_occ_Out.pngbackground: #ffb8b8; color: #000;color: #000;
2026-8-30 16:01:33-debug: %cDestroy%c: D:\GameByself\Cocos\Project1\assets\resources\UI\source\e1499.fbx@90896background: #ffb8b8; color: #000;color: #000;
2026-8-30 16:01:33-debug: %cDestroy%c: D:\GameByself\Cocos\Project1\assets\resources\UI\source\e1499.fbx@91797background: #ffb8b8; color: #000;color: #000;
2026-8-30 16:01:33-debug: %cDestroy%c: D:\GameByself\Cocos\Project1\assets\resources\UI\source\e1499.fbx@99380background: #ffb8b8; color: #000;color: #000;
2026-8-30 16:01:33-debug: %cDestroy%c: D:\GameByself\Cocos\Project1\assets\resources\UI\source\e1499.fbx@789d6background: #ffb8b8; color: #000;color: #000;
2026-8-30 16:01:33-debug: %cDestroy%c: D:\GameByself\Cocos\Project1\assets\resources\UI\source\e1499.fbx@d868ebackground: #ffb8b8; color: #000;color: #000;
2026-8-30 16:01:33-debug: %cDestroy%c: D:\GameByself\Cocos\Project1\assets\resources\UI\source\e1499.fbx@4b028background: #ffb8b8; color: #000;color: #000;
2026-8-30 16:01:33-debug: %cDestroy%c: D:\GameByself\Cocos\Project1\assets\resources\UI\source\e1499.fbx@d09f4background: #ffb8b8; color: #000;color: #000;
2026-8-30 16:01:33-debug: %cDestroy%c: D:\GameByself\Cocos\Project1\assets\resources\UI\source\e1499.fbx@abfeabackground: #ffb8b8; color: #000;color: #000;
2026-8-30 16:01:33-debug: %cDestroy%c: D:\GameByself\Cocos\Project1\assets\resources\UI\source\e1499.fbx@5afd6background: #ffb8b8; color: #000;color: #000;
2026-8-30 16:01:33-debug: %cDestroy%c: D:\GameByself\Cocos\Project1\assets\resources\UI\source\e1499.fbx@ea692background: #ffb8b8; color: #000;color: #000;
2026-8-30 16:01:33-debug: %cDestroy%c: D:\GameByself\Cocos\Project1\assets\resources\UI\source\e1499.fbx@f8d3abackground: #ffb8b8; color: #000;color: #000;
2026-8-30 16:01:33-debug: %cDestroy%c: D:\GameByself\Cocos\Project1\assets\resources\UI\source\e1499.fbx@825a9background: #ffb8b8; color: #000;color: #000;
2026-8-30 16:01:33-debug: %cDestroy%c: D:\GameByself\Cocos\Project1\assets\resources\UI\source\e1499.fbx@3419abackground: #ffb8b8; color: #000;color: #000;
2026-8-30 16:01:33-debug: %cDestroy%c: D:\GameByself\Cocos\Project1\assets\resources\UI\source\e1499.fbx@329a5background: #ffb8b8; color: #000;color: #000;
2026-8-30 16:01:33-debug: %cDestroy%c: D:\GameByself\Cocos\Project1\assets\resources\UI\source\e1499.fbx@4a707background: #ffb8b8; color: #000;color: #000;
2026-8-30 16:01:33-debug: %cDestroy%c: D:\GameByself\Cocos\Project1\assets\resources\UI\source\e1499.fbx@c62acbackground: #ffb8b8; color: #000;color: #000;
2026-8-30 16:01:33-debug: %cDestroy%c: D:\GameByself\Cocos\Project1\assets\resources\UI\source\e1499.fbx@7aacbbackground: #ffb8b8; color: #000;color: #000;
2026-8-30 16:01:33-debug: %cDestroy%c: D:\GameByself\Cocos\Project1\assets\resources\UI\source\e1499.fbx@9cfcabackground: #ffb8b8; color: #000;color: #000;
2026-8-30 16:01:33-debug: %cDestroy%c: D:\GameByself\Cocos\Project1\assets\resources\UI\source\e1499.fbx@d0db1background: #ffb8b8; color: #000;color: #000;
2026-8-30 16:01:33-debug: %cDestroy%c: D:\GameByself\Cocos\Project1\assets\resources\UI\source\e1499.fbx@81bd5background: #ffb8b8; color: #000;color: #000;
2026-8-30 16:01:33-debug: %cDestroy%c: D:\GameByself\Cocos\Project1\assets\resources\UI\source\e1499.fbx@106cdbackground: #ffb8b8; color: #000;color: #000;
2026-8-30 16:01:33-debug: %cDestroy%c: D:\GameByself\Cocos\Project1\assets\resources\UI\source\e1499.fbx@c8544background: #ffb8b8; color: #000;color: #000;
2026-8-30 16:01:33-debug: %cDestroy%c: D:\GameByself\Cocos\Project1\assets\resources\UI\source\e1499.fbx@ec91ebackground: #ffb8b8; color: #000;color: #000;
2026-8-30 16:01:33-debug: %cDestroy%c: D:\GameByself\Cocos\Project1\assets\resources\UI\source\e1499.fbx@5f8c5background: #ffb8b8; color: #000;color: #000;
2026-8-30 16:01:33-debug: %cDestroy%c: D:\GameByself\Cocos\Project1\assets\resources\UI\source\e1499.fbx@0a087background: #ffb8b8; color: #000;color: #000;
2026-8-30 16:01:33-debug: %cDestroy%c: D:\GameByself\Cocos\Project1\assets\resources\UI\source\e1499.fbx@3b99ebackground: #ffb8b8; color: #000;color: #000;
2026-8-30 16:01:33-debug: %cDestroy%c: D:\GameByself\Cocos\Project1\assets\resources\UI\source\e1499.fbx@03256background: #ffb8b8; color: #000;color: #000;
2026-8-30 16:01:33-debug: %cDestroy%c: D:\GameByself\Cocos\Project1\assets\resources\UI\source\e1499.fbx@f3601background: #ffb8b8; color: #000;color: #000;
2026-8-30 16:01:33-debug: %cDestroy%c: D:\GameByself\Cocos\Project1\assets\resources\UI\source\e1499.fbx@6f130background: #ffb8b8; color: #000;color: #000;
2026-8-30 16:01:33-debug: %cDestroy%c: D:\GameByself\Cocos\Project1\assets\resources\UI\source\e1499.fbx@12ebebackground: #ffb8b8; color: #000;color: #000;
2026-8-30 16:01:33-debug: %cDestroy%c: D:\GameByself\Cocos\Project1\assets\resources\UI\source\e1499.fbx@0b29ebackground: #ffb8b8; color: #000;color: #000;
2026-8-30 16:01:33-debug: %cDestroy%c: D:\GameByself\Cocos\Project1\assets\resources\UI\source\e1499.fbx@993a1background: #ffb8b8; color: #000;color: #000;
2026-8-30 16:01:33-debug: %cDestroy%c: D:\GameByself\Cocos\Project1\assets\resources\UI\source\e1499.fbx@5e49ebackground: #ffb8b8; color: #000;color: #000;
2026-8-30 16:01:33-debug: %cDestroy%c: D:\GameByself\Cocos\Project1\assets\resources\UI\source\e1499.fbx@ef396background: #ffb8b8; color: #000;color: #000;
2026-8-30 16:01:33-debug: %cDestroy%c: D:\GameByself\Cocos\Project1\assets\resources\UI\source\e1499.fbx@0991fbackground: #ffb8b8; color: #000;color: #000;
2026-8-30 16:01:33-debug: %cDestroy%c: D:\GameByself\Cocos\Project1\assets\resources\UI\source\e1499.fbx@84cbbbackground: #ffb8b8; color: #000;color: #000;
2026-8-30 16:01:33-debug: %cDestroy%c: D:\GameByself\Cocos\Project1\assets\resources\UI\source\e1499.fbx@a3593background: #ffb8b8; color: #000;color: #000;
2026-8-30 16:01:33-debug: %cDestroy%c: D:\GameByself\Cocos\Project1\assets\resources\UI\source\e1499.fbx@15db7background: #ffb8b8; color: #000;color: #000;
2026-8-30 16:01:33-debug: %cDestroy%c: D:\GameByself\Cocos\Project1\assets\resources\UI\source\e1499.fbx@0a1efbackground: #ffb8b8; color: #000;color: #000;
2026-8-30 16:01:33-debug: %cDestroy%c: D:\GameByself\Cocos\Project1\assets\resources\UI\source\e1499.fbx@05da8background: #ffb8b8; color: #000;color: #000;
2026-8-30 16:01:33-debug: %cDestroy%c: D:\GameByself\Cocos\Project1\assets\resources\UI\source\e1499.fbx@b8518background: #ffb8b8; color: #000;color: #000;
2026-8-30 16:01:33-debug: %cDestroy%c: D:\GameByself\Cocos\Project1\assets\resources\UI\source\e1499.fbx@97b5cbackground: #ffb8b8; color: #000;color: #000;
2026-8-30 16:01:33-debug: %cDestroy%c: D:\GameByself\Cocos\Project1\assets\resources\UI\source\e1499.fbx@9e7e2background: #ffb8b8; color: #000;color: #000;
2026-8-30 16:01:33-debug: %cDestroy%c: D:\GameByself\Cocos\Project1\assets\resources\UI\source\e1499.fbx@1043ebackground: #ffb8b8; color: #000;color: #000;
2026-8-30 16:01:33-debug: %cDestroy%c: D:\GameByself\Cocos\Project1\assets\resources\UI\source\e1499.fbx@5c108background: #ffb8b8; color: #000;color: #000;
2026-8-30 16:01:33-debug: %cDestroy%c: D:\GameByself\Cocos\Project1\assets\resources\UI\source\e1499.fbx@710ddbackground: #ffb8b8; color: #000;color: #000;
2026-8-30 16:01:33-debug: %cDestroy%c: D:\GameByself\Cocos\Project1\assets\resources\UI\source\e1499.fbx@eceb4background: #ffb8b8; color: #000;color: #000;
2026-8-30 16:01:33-debug: %cDestroy%c: D:\GameByself\Cocos\Project1\assets\resources\UI\source\e1499.fbx@551ecbackground: #ffb8b8; color: #000;color: #000;
2026-8-30 16:01:33-debug: %cDestroy%c: D:\GameByself\Cocos\Project1\assets\resources\UI\source\e1499.fbx@d8b62background: #ffb8b8; color: #000;color: #000;
2026-8-30 16:01:33-debug: %cDestroy%c: D:\GameByself\Cocos\Project1\assets\resources\UI\source\e1499.fbxbackground: #ffb8b8; color: #000;color: #000;
2026-8-30 16:01:33-debug: %cImport%c: D:\GameByself\Cocos\Project1\assets\resources\UIbackground: #aaff85; color: #000;color: #000;
2026-8-30 16:01:33-debug: Run asset db hook engine-extends:afterRefresh ...
2026-8-30 16:01:33-debug: Run asset db hook engine-extends:afterRefresh success!
2026-8-30 16:01:33-debug: start refresh asset from D:\GameByself\Cocos\Project1\assets\resources\UI\source...
2026-8-30 16:01:33-debug: refresh db assets success
2026-8-30 16:01:33-debug: refresh asset D:\GameByself\Cocos\Project1\assets\resources\UI success
2026-8-30 16:01:33-debug: start refresh asset from D:\GameByself\Cocos\Project1\assets\resources\UI\textures...
2026-8-30 16:01:33-debug: remove asset D:\GameByself\Cocos\Project1\assets\resources\UI\source success
2026-8-30 16:01:33-debug: asset-db:worker-effect-data-processing (3ms)
2026-8-30 16:01:33-debug: asset-db:refresh-all-database (306ms)
2026-8-30 16:01:33-debug: asset-db-hook-engine-extends-afterRefresh (4ms)
2026-8-30 16:01:33-debug: refresh asset D:\GameByself\Cocos\Project1\assets\resources\UI success
2026-8-30 16:01:33-debug: remove asset D:\GameByself\Cocos\Project1\assets\resources\UI\textures success
2026-8-30 16:02:06-debug: start refresh asset from D:\GameByself\Cocos\Project1\assets\resources\UI\Car...
2026-8-30 16:02:06-debug: %cImport%c: D:\GameByself\Cocos\Project1\assets\resources\UI\Car\source\e1499.fbxbackground: #aaff85; color: #000;color: #000;
2026-8-30 16:02:06-debug: %cImport%c: D:\GameByself\Cocos\Project1\assets\resources\UI\Car\textures\car_ford_mustang_mach_e1400_df_mk_Out_mask.pngbackground: #aaff85; color: #000;color: #000;
2026-8-30 16:02:06-debug: %cImport%c: D:\GameByself\Cocos\Project1\assets\resources\UI\Carbackground: #aaff85; color: #000;color: #000;
2026-8-30 16:02:06-debug: %cImport%c: D:\GameByself\Cocos\Project1\assets\resources\UI\Car\sourcebackground: #aaff85; color: #000;color: #000;
2026-8-30 16:02:06-debug: %cImport%c: D:\GameByself\Cocos\Project1\assets\resources\UI\Car\texturesbackground: #aaff85; color: #000;color: #000;
2026-8-30 16:02:06-debug: %cImport%c: D:\GameByself\Cocos\Project1\assets\resources\UI\Car\textures\car_ford_mustang_mach_e1400_df_Out.pngbackground: #aaff85; color: #000;color: #000;
2026-8-30 16:02:06-debug: %cImport%c: D:\GameByself\Cocos\Project1\assets\resources\UI\Car\textures\car_ford_mustang_mach_e1400_glows_Out.pngbackground: #aaff85; color: #000;color: #000;
2026-8-30 16:02:06-debug: %cImport%c: D:\GameByself\Cocos\Project1\assets\resources\UI\Car\textures\car_ford_mustang_mach_e1400_occ_mk_Out_mas.pngbackground: #aaff85; color: #000;color: #000;
2026-8-30 16:02:06-debug: Status file D:\GameByself\Cocos\Project1\temp\asset-db\assets\fbx.FBX-glTF-conv\401e18b0-759e-4e1c-8206-26ed0f95b12f\status.json: Error: ENOENT: no such file or directory, open 'D:\GameByself\Cocos\Project1\temp\asset-db\assets\fbx.FBX-glTF-conv\401e18b0-759e-4e1c-8206-26ed0f95b12f\status.json'
2026-8-30 16:02:06-debug: %cImport%c: D:\GameByself\Cocos\Project1\assets\resources\UI\Car\textures\car_ford_mustang_mach_e1400_df_mk_Out_mask.png@6c48abackground: #aaff85; color: #000;color: #000;
2026-8-30 16:02:06-debug: %cImport%c: D:\GameByself\Cocos\Project1\assets\resources\UI\Car\textures\car_ford_mustang_mach_e1400_glows_Out.png@6c48abackground: #aaff85; color: #000;color: #000;
2026-8-30 16:02:06-debug: %cImport%c: D:\GameByself\Cocos\Project1\assets\resources\UI\Car\textures\car_ford_mustang_mach_e1400_df_Out.png@6c48abackground: #aaff85; color: #000;color: #000;
2026-8-30 16:02:06-debug: %cImport%c: D:\GameByself\Cocos\Project1\assets\resources\UI\Car\textures\car_ford_mustang_mach_e1400_occ_Out.pngbackground: #aaff85; color: #000;color: #000;
2026-8-30 16:02:06-debug: %cImport%c: D:\GameByself\Cocos\Project1\assets\resources\UI\Car\textures\car_ford_mustang_mach_e1400_occ_mk_Out_mas.png@6c48abackground: #aaff85; color: #000;color: #000;
2026-8-30 16:02:06-debug: %cImport%c: D:\GameByself\Cocos\Project1\assets\resources\UI\Car\textures\car_tyres_new_occ_Out.pngbackground: #aaff85; color: #000;color: #000;
2026-8-30 16:02:06-debug: %cImport%c: D:\GameByself\Cocos\Project1\assets\resources\UI\Car\textures\car_tyres_new_occ_Out.png@6c48abackground: #aaff85; color: #000;color: #000;
2026-8-30 16:02:06-debug: %cImport%c: D:\GameByself\Cocos\Project1\assets\resources\UI\Car\textures\car_ford_mustang_mach_e1400_occ_Out.png@6c48abackground: #aaff85; color: #000;color: #000;
2026-8-30 16:02:06-debug: refresh db internal success
2026-8-30 16:02:06-debug: Frame rate: 25 [{asset(401e18b0-759e-4e1c-8206-26ed0f95b12f)}]
2026-8-30 16:02:06-debug: %cImport%c: D:\GameByself\Cocos\Project1\assets\resources\UI\Car\source\e1499.fbx@52719background: #aaff85; color: #000;color: #000;
2026-8-30 16:02:06-debug: %cImport%c: D:\GameByself\Cocos\Project1\assets\resources\UI\Car\source\e1499.fbx@62029background: #aaff85; color: #000;color: #000;
2026-8-30 16:02:06-debug: %cImport%c: D:\GameByself\Cocos\Project1\assets\resources\UI\Car\source\e1499.fbx@90896background: #aaff85; color: #000;color: #000;
2026-8-30 16:02:06-debug: %cImport%c: D:\GameByself\Cocos\Project1\assets\resources\UI\Car\source\e1499.fbx@91797background: #aaff85; color: #000;color: #000;
2026-8-30 16:02:06-debug: %cImport%c: D:\GameByself\Cocos\Project1\assets\resources\UI\Car\source\e1499.fbx@99380background: #aaff85; color: #000;color: #000;
2026-8-30 16:02:06-debug: %cImport%c: D:\GameByself\Cocos\Project1\assets\resources\UI\Car\source\e1499.fbx@789d6background: #aaff85; color: #000;color: #000;
2026-8-30 16:02:06-debug: %cImport%c: D:\GameByself\Cocos\Project1\assets\resources\UI\Car\source\e1499.fbx@d868ebackground: #aaff85; color: #000;color: #000;
2026-8-30 16:02:06-debug: %cImport%c: D:\GameByself\Cocos\Project1\assets\resources\UI\Car\source\e1499.fbx@4b028background: #aaff85; color: #000;color: #000;
2026-8-30 16:02:06-debug: %cImport%c: D:\GameByself\Cocos\Project1\assets\resources\UI\Car\source\e1499.fbx@d09f4background: #aaff85; color: #000;color: #000;
2026-8-30 16:02:06-debug: %cImport%c: D:\GameByself\Cocos\Project1\assets\resources\UI\Car\source\e1499.fbx@abfeabackground: #aaff85; color: #000;color: #000;
2026-8-30 16:02:06-debug: %cImport%c: D:\GameByself\Cocos\Project1\assets\resources\UI\Car\source\e1499.fbx@5afd6background: #aaff85; color: #000;color: #000;
2026-8-30 16:02:06-debug: %cImport%c: D:\GameByself\Cocos\Project1\assets\resources\UI\Car\source\e1499.fbx@ea692background: #aaff85; color: #000;color: #000;
2026-8-30 16:02:06-debug: %cImport%c: D:\GameByself\Cocos\Project1\assets\resources\UI\Car\source\e1499.fbx@f8d3abackground: #aaff85; color: #000;color: #000;
2026-8-30 16:02:06-debug: %cImport%c: D:\GameByself\Cocos\Project1\assets\resources\UI\Car\source\e1499.fbx@825a9background: #aaff85; color: #000;color: #000;
2026-8-30 16:02:06-debug: %cImport%c: D:\GameByself\Cocos\Project1\assets\resources\UI\Car\source\e1499.fbx@3419abackground: #aaff85; color: #000;color: #000;
2026-8-30 16:02:06-debug: %cImport%c: D:\GameByself\Cocos\Project1\assets\resources\UI\Car\source\e1499.fbx@329a5background: #aaff85; color: #000;color: #000;
2026-8-30 16:02:06-debug: %cImport%c: D:\GameByself\Cocos\Project1\assets\resources\UI\Car\source\e1499.fbx@4a707background: #aaff85; color: #000;color: #000;
2026-8-30 16:02:06-debug: %cImport%c: D:\GameByself\Cocos\Project1\assets\resources\UI\Car\source\e1499.fbx@c62acbackground: #aaff85; color: #000;color: #000;
2026-8-30 16:02:06-debug: %cImport%c: D:\GameByself\Cocos\Project1\assets\resources\UI\Car\source\e1499.fbx@7aacbbackground: #aaff85; color: #000;color: #000;
2026-8-30 16:02:06-debug: %cImport%c: D:\GameByself\Cocos\Project1\assets\resources\UI\Car\source\e1499.fbx@9cfcabackground: #aaff85; color: #000;color: #000;
2026-8-30 16:02:06-debug: %cImport%c: D:\GameByself\Cocos\Project1\assets\resources\UI\Car\source\e1499.fbx@d0db1background: #aaff85; color: #000;color: #000;
2026-8-30 16:02:06-debug: %cImport%c: D:\GameByself\Cocos\Project1\assets\resources\UI\Car\source\e1499.fbx@81bd5background: #aaff85; color: #000;color: #000;
2026-8-30 16:02:06-debug: %cImport%c: D:\GameByself\Cocos\Project1\assets\resources\UI\Car\source\e1499.fbx@106cdbackground: #aaff85; color: #000;color: #000;
2026-8-30 16:02:06-debug: %cImport%c: D:\GameByself\Cocos\Project1\assets\resources\UI\Car\source\e1499.fbx@c8544background: #aaff85; color: #000;color: #000;
2026-8-30 16:02:06-debug: %cImport%c: D:\GameByself\Cocos\Project1\assets\resources\UI\Car\source\e1499.fbx@ec91ebackground: #aaff85; color: #000;color: #000;
2026-8-30 16:02:06-debug: %cImport%c: D:\GameByself\Cocos\Project1\assets\resources\UI\Car\source\e1499.fbx@5f8c5background: #aaff85; color: #000;color: #000;
2026-8-30 16:02:06-debug: %cImport%c: D:\GameByself\Cocos\Project1\assets\resources\UI\Car\source\e1499.fbx@0a087background: #aaff85; color: #000;color: #000;
2026-8-30 16:02:06-debug: %cImport%c: D:\GameByself\Cocos\Project1\assets\resources\UI\Car\source\e1499.fbx@3b99ebackground: #aaff85; color: #000;color: #000;
2026-8-30 16:02:06-debug: %cImport%c: D:\GameByself\Cocos\Project1\assets\resources\UI\Car\source\e1499.fbx@03256background: #aaff85; color: #000;color: #000;
2026-8-30 16:02:06-debug: %cImport%c: D:\GameByself\Cocos\Project1\assets\resources\UI\Car\source\e1499.fbx@f3601background: #aaff85; color: #000;color: #000;
2026-8-30 16:02:06-debug: %cImport%c: D:\GameByself\Cocos\Project1\assets\resources\UI\Car\source\e1499.fbx@6f130background: #aaff85; color: #000;color: #000;
2026-8-30 16:02:06-debug: %cImport%c: D:\GameByself\Cocos\Project1\assets\resources\UI\Car\source\e1499.fbx@12ebebackground: #aaff85; color: #000;color: #000;
2026-8-30 16:02:06-debug: %cImport%c: D:\GameByself\Cocos\Project1\assets\resources\UI\Car\source\e1499.fbx@0b29ebackground: #aaff85; color: #000;color: #000;
2026-8-30 16:02:06-debug: %cImport%c: D:\GameByself\Cocos\Project1\assets\resources\UI\Car\source\e1499.fbx@993a1background: #aaff85; color: #000;color: #000;
2026-8-30 16:02:06-debug: %cImport%c: D:\GameByself\Cocos\Project1\assets\resources\UI\Car\source\e1499.fbx@5e49ebackground: #aaff85; color: #000;color: #000;
2026-8-30 16:02:06-debug: %cImport%c: D:\GameByself\Cocos\Project1\assets\resources\UI\Car\source\e1499.fbx@ef396background: #aaff85; color: #000;color: #000;
2026-8-30 16:02:06-debug: %cImport%c: D:\GameByself\Cocos\Project1\assets\resources\UI\Car\source\e1499.fbx@0991fbackground: #aaff85; color: #000;color: #000;
2026-8-30 16:02:07-debug: %cImport%c: D:\GameByself\Cocos\Project1\assets\resources\UI\Car\source\e1499.fbx@84cbbbackground: #aaff85; color: #000;color: #000;
2026-8-30 16:02:07-debug: %cImport%c: D:\GameByself\Cocos\Project1\assets\resources\UI\Car\source\e1499.fbx@a3593background: #aaff85; color: #000;color: #000;
2026-8-30 16:02:07-debug: %cImport%c: D:\GameByself\Cocos\Project1\assets\resources\UI\Car\source\e1499.fbx@15db7background: #aaff85; color: #000;color: #000;
2026-8-30 16:02:07-debug: %cImport%c: D:\GameByself\Cocos\Project1\assets\resources\UI\Car\source\e1499.fbx@0a1efbackground: #aaff85; color: #000;color: #000;
2026-8-30 16:02:07-debug: %cImport%c: D:\GameByself\Cocos\Project1\assets\resources\UI\Car\source\e1499.fbx@05da8background: #aaff85; color: #000;color: #000;
2026-8-30 16:02:07-debug: %cImport%c: D:\GameByself\Cocos\Project1\assets\resources\UI\Car\source\e1499.fbx@b8518background: #aaff85; color: #000;color: #000;
2026-8-30 16:02:07-debug: %cImport%c: D:\GameByself\Cocos\Project1\assets\resources\UI\Car\source\e1499.fbx@97b5cbackground: #aaff85; color: #000;color: #000;
2026-8-30 16:02:07-debug: %cImport%c: D:\GameByself\Cocos\Project1\assets\resources\UI\Car\source\e1499.fbx@9e7e2background: #aaff85; color: #000;color: #000;
2026-8-30 16:02:07-debug: %cImport%c: D:\GameByself\Cocos\Project1\assets\resources\UI\Car\source\e1499.fbx@1043ebackground: #aaff85; color: #000;color: #000;
2026-8-30 16:02:07-debug: %cImport%c: D:\GameByself\Cocos\Project1\assets\resources\UI\Car\source\e1499.fbx@5c108background: #aaff85; color: #000;color: #000;
2026-8-30 16:02:07-debug: %cImport%c: D:\GameByself\Cocos\Project1\assets\resources\UI\Car\source\e1499.fbx@710ddbackground: #aaff85; color: #000;color: #000;
2026-8-30 16:02:07-debug: %cImport%c: D:\GameByself\Cocos\Project1\assets\resources\UI\Car\source\e1499.fbx@eceb4background: #aaff85; color: #000;color: #000;
2026-8-30 16:02:07-debug: %cImport%c: D:\GameByself\Cocos\Project1\assets\resources\UI\Car\source\e1499.fbx@551ecbackground: #aaff85; color: #000;color: #000;
2026-8-30 16:02:07-debug: %cImport%c: D:\GameByself\Cocos\Project1\assets\resources\UI\Car\source\e1499.fbx@d8b62background: #aaff85; color: #000;color: #000;
2026-8-30 16:02:07-debug: %cImport%c: D:\GameByself\Cocos\Project1\assets\resources\UIbackground: #aaff85; color: #000;color: #000;
2026-8-30 16:02:07-log: 资源数据库已锁定，资源操作(bound autoRefreshAssetLazy)将会延迟响应，请稍侯
2026-8-30 16:02:07-debug: refresh asset D:\GameByself\Cocos\Project1\assets\resources\UI success
2026-8-30 16:02:07-debug: Run asset db hook engine-extends:afterRefresh ...
2026-8-30 16:02:07-debug: Run asset db hook engine-extends:afterRefresh success!
2026-8-30 16:02:07-debug: refresh db assets success
2026-8-30 16:02:07-debug: asset-db:refresh-all-database (659ms)
2026-8-30 16:02:07-debug: asset-db:worker-effect-data-processing (3ms)
2026-8-30 16:02:07-debug: asset-db-hook-engine-extends-afterRefresh (4ms)
2026-8-30 16:02:08-debug: refresh db internal success
2026-8-30 16:02:08-debug: refresh db assets success
2026-8-30 16:02:08-debug: Run asset db hook engine-extends:afterRefresh ...
2026-8-30 16:02:08-debug: Run asset db hook engine-extends:afterRefresh success!
2026-8-30 16:02:08-debug: asset-db:refresh-all-database (125ms)
2026-8-30 16:02:08-debug: asset-db:worker-effect-data-processing (2ms)
2026-8-30 16:02:08-debug: asset-db-hook-engine-extends-afterRefresh (2ms)
2026-8-30 16:02:21-debug: %cImport%c: D:\GameByself\Cocos\Project1\assets\resources\UI\Car\source\e1499.fbxbackground: #aaff85; color: #000;color: #000;
2026-8-30 16:02:21-debug: Frame rate: 25 [{asset(401e18b0-759e-4e1c-8206-26ed0f95b12f)}]
2026-8-30 16:02:21-debug: %cImport%c: D:\GameByself\Cocos\Project1\assets\resources\UI\Car\source\Materials_e1499\Material.001.mtlbackground: #aaff85; color: #000;color: #000;
2026-8-30 16:02:21-debug: %cImport%c: D:\GameByself\Cocos\Project1\assets\resources\UI\Car\source\Materials_e1499\Material.002.mtlbackground: #aaff85; color: #000;color: #000;
2026-8-30 16:02:21-debug: %cReImport%c: D:\GameByself\Cocos\Project1\assets\resources\UI\Car\source\e1499.fbx@52719background: #aaff85; color: #000;color: #000;
2026-8-30 16:02:21-debug: %cImport%c: D:\GameByself\Cocos\Project1\assets\resources\UI\Car\source\Materials_e1499background: #aaff85; color: #000;color: #000;
2026-8-30 16:02:21-debug: %cImport%c: D:\GameByself\Cocos\Project1\assets\resources\UI\Car\source\Materials_e1499\Material.006.mtlbackground: #aaff85; color: #000;color: #000;
2026-8-30 16:02:21-debug: %cImport%c: D:\GameByself\Cocos\Project1\assets\resources\UI\Car\source\Materials_e1499\Material.013.mtlbackground: #aaff85; color: #000;color: #000;
2026-8-30 16:02:21-debug: %cImport%c: D:\GameByself\Cocos\Project1\assets\resources\UI\Car\source\Materials_e1499\Material.012.mtlbackground: #aaff85; color: #000;color: #000;
2026-8-30 16:02:21-debug: %cImport%c: D:\GameByself\Cocos\Project1\assets\resources\UI\Car\source\Materials_e1499\Material.005.mtlbackground: #aaff85; color: #000;color: #000;
2026-8-30 16:02:21-debug: %cReImport%c: D:\GameByself\Cocos\Project1\assets\resources\UI\Car\source\e1499.fbx@62029background: #aaff85; color: #000;color: #000;
2026-8-30 16:02:21-debug: %cReImport%c: D:\GameByself\Cocos\Project1\assets\resources\UI\Car\source\e1499.fbx@90896background: #aaff85; color: #000;color: #000;
2026-8-30 16:02:21-debug: %cReImport%c: D:\GameByself\Cocos\Project1\assets\resources\UI\Car\source\e1499.fbx@91797background: #aaff85; color: #000;color: #000;
2026-8-30 16:02:21-debug: %cReImport%c: D:\GameByself\Cocos\Project1\assets\resources\UI\Car\source\e1499.fbx@789d6background: #aaff85; color: #000;color: #000;
2026-8-30 16:02:21-debug: %cReImport%c: D:\GameByself\Cocos\Project1\assets\resources\UI\Car\source\e1499.fbx@d868ebackground: #aaff85; color: #000;color: #000;
2026-8-30 16:02:21-debug: %cReImport%c: D:\GameByself\Cocos\Project1\assets\resources\UI\Car\source\e1499.fbx@4b028background: #aaff85; color: #000;color: #000;
2026-8-30 16:02:21-debug: %cReImport%c: D:\GameByself\Cocos\Project1\assets\resources\UI\Car\source\e1499.fbx@d09f4background: #aaff85; color: #000;color: #000;
2026-8-30 16:02:21-debug: %cReImport%c: D:\GameByself\Cocos\Project1\assets\resources\UI\Car\source\e1499.fbx@abfeabackground: #aaff85; color: #000;color: #000;
2026-8-30 16:02:21-debug: %cReImport%c: D:\GameByself\Cocos\Project1\assets\resources\UI\Car\source\e1499.fbx@5afd6background: #aaff85; color: #000;color: #000;
2026-8-30 16:02:21-debug: %cReImport%c: D:\GameByself\Cocos\Project1\assets\resources\UI\Car\source\e1499.fbx@ea692background: #aaff85; color: #000;color: #000;
2026-8-30 16:02:21-debug: %cReImport%c: D:\GameByself\Cocos\Project1\assets\resources\UI\Car\source\e1499.fbx@f8d3abackground: #aaff85; color: #000;color: #000;
2026-8-30 16:02:21-debug: %cReImport%c: D:\GameByself\Cocos\Project1\assets\resources\UI\Car\source\e1499.fbx@825a9background: #aaff85; color: #000;color: #000;
2026-8-30 16:02:21-debug: %cReImport%c: D:\GameByself\Cocos\Project1\assets\resources\UI\Car\source\e1499.fbx@3419abackground: #aaff85; color: #000;color: #000;
2026-8-30 16:02:21-debug: %cReImport%c: D:\GameByself\Cocos\Project1\assets\resources\UI\Car\source\e1499.fbx@329a5background: #aaff85; color: #000;color: #000;
2026-8-30 16:02:21-debug: %cReImport%c: D:\GameByself\Cocos\Project1\assets\resources\UI\Car\source\e1499.fbx@4a707background: #aaff85; color: #000;color: #000;
2026-8-30 16:02:21-debug: %cReImport%c: D:\GameByself\Cocos\Project1\assets\resources\UI\Car\source\e1499.fbx@c62acbackground: #aaff85; color: #000;color: #000;
2026-8-30 16:02:21-debug: %cReImport%c: D:\GameByself\Cocos\Project1\assets\resources\UI\Car\source\e1499.fbx@7aacbbackground: #aaff85; color: #000;color: #000;
2026-8-30 16:02:21-debug: %cReImport%c: D:\GameByself\Cocos\Project1\assets\resources\UI\Car\source\e1499.fbx@9cfcabackground: #aaff85; color: #000;color: #000;
2026-8-30 16:02:21-debug: %cReImport%c: D:\GameByself\Cocos\Project1\assets\resources\UI\Car\source\e1499.fbx@d0db1background: #aaff85; color: #000;color: #000;
2026-8-30 16:02:21-debug: %cReImport%c: D:\GameByself\Cocos\Project1\assets\resources\UI\Car\source\e1499.fbx@81bd5background: #aaff85; color: #000;color: #000;
2026-8-30 16:02:21-debug: %cReImport%c: D:\GameByself\Cocos\Project1\assets\resources\UI\Car\source\e1499.fbx@106cdbackground: #aaff85; color: #000;color: #000;
2026-8-30 16:02:21-debug: %cReImport%c: D:\GameByself\Cocos\Project1\assets\resources\UI\Car\source\e1499.fbx@c8544background: #aaff85; color: #000;color: #000;
2026-8-30 16:02:21-debug: %cReImport%c: D:\GameByself\Cocos\Project1\assets\resources\UI\Car\source\e1499.fbx@ec91ebackground: #aaff85; color: #000;color: #000;
2026-8-30 16:02:21-debug: %cReImport%c: D:\GameByself\Cocos\Project1\assets\resources\UI\Car\source\e1499.fbx@5f8c5background: #aaff85; color: #000;color: #000;
2026-8-30 16:02:21-debug: %cReImport%c: D:\GameByself\Cocos\Project1\assets\resources\UI\Car\source\e1499.fbx@0a087background: #aaff85; color: #000;color: #000;
2026-8-30 16:02:21-debug: %cReImport%c: D:\GameByself\Cocos\Project1\assets\resources\UI\Car\source\e1499.fbx@3b99ebackground: #aaff85; color: #000;color: #000;
2026-8-30 16:02:21-debug: %cReImport%c: D:\GameByself\Cocos\Project1\assets\resources\UI\Car\source\e1499.fbx@03256background: #aaff85; color: #000;color: #000;
2026-8-30 16:02:21-debug: %cReImport%c: D:\GameByself\Cocos\Project1\assets\resources\UI\Car\source\e1499.fbx@f3601background: #aaff85; color: #000;color: #000;
2026-8-30 16:02:21-debug: %cReImport%c: D:\GameByself\Cocos\Project1\assets\resources\UI\Car\source\e1499.fbx@6f130background: #aaff85; color: #000;color: #000;
2026-8-30 16:02:21-debug: %cReImport%c: D:\GameByself\Cocos\Project1\assets\resources\UI\Car\source\e1499.fbx@12ebebackground: #aaff85; color: #000;color: #000;
2026-8-30 16:02:21-debug: %cReImport%c: D:\GameByself\Cocos\Project1\assets\resources\UI\Car\source\e1499.fbx@0b29ebackground: #aaff85; color: #000;color: #000;
2026-8-30 16:02:21-debug: %cReImport%c: D:\GameByself\Cocos\Project1\assets\resources\UI\Car\source\e1499.fbx@993a1background: #aaff85; color: #000;color: #000;
2026-8-30 16:02:21-debug: %cReImport%c: D:\GameByself\Cocos\Project1\assets\resources\UI\Car\source\e1499.fbx@5e49ebackground: #aaff85; color: #000;color: #000;
2026-8-30 16:02:21-debug: %cReImport%c: D:\GameByself\Cocos\Project1\assets\resources\UI\Car\source\e1499.fbx@ef396background: #aaff85; color: #000;color: #000;
2026-8-30 16:02:21-debug: %cReImport%c: D:\GameByself\Cocos\Project1\assets\resources\UI\Car\source\e1499.fbx@0991fbackground: #aaff85; color: #000;color: #000;
2026-8-30 16:02:21-debug: %cReImport%c: D:\GameByself\Cocos\Project1\assets\resources\UI\Car\source\e1499.fbx@84cbbbackground: #aaff85; color: #000;color: #000;
2026-8-30 16:02:21-debug: %cReImport%c: D:\GameByself\Cocos\Project1\assets\resources\UI\Car\source\e1499.fbx@a3593background: #aaff85; color: #000;color: #000;
2026-8-30 16:02:21-debug: %cReImport%c: D:\GameByself\Cocos\Project1\assets\resources\UI\Car\source\e1499.fbx@15db7background: #aaff85; color: #000;color: #000;
2026-8-30 16:02:21-debug: %cReImport%c: D:\GameByself\Cocos\Project1\assets\resources\UI\Car\source\e1499.fbx@0a1efbackground: #aaff85; color: #000;color: #000;
2026-8-30 16:02:21-debug: %cReImport%c: D:\GameByself\Cocos\Project1\assets\resources\UI\Car\source\e1499.fbx@05da8background: #aaff85; color: #000;color: #000;
2026-8-30 16:02:21-debug: %cReImport%c: D:\GameByself\Cocos\Project1\assets\resources\UI\Car\source\e1499.fbx@b8518background: #aaff85; color: #000;color: #000;
2026-8-30 16:02:21-debug: %cReImport%c: D:\GameByself\Cocos\Project1\assets\resources\UI\Car\source\e1499.fbx@97b5cbackground: #aaff85; color: #000;color: #000;
2026-8-30 16:02:21-debug: %cReImport%c: D:\GameByself\Cocos\Project1\assets\resources\UI\Car\source\e1499.fbx@9e7e2background: #aaff85; color: #000;color: #000;
2026-8-30 16:02:21-debug: %cReImport%c: D:\GameByself\Cocos\Project1\assets\resources\UI\Car\source\e1499.fbx@d8b62background: #aaff85; color: #000;color: #000;
2026-8-30 16:02:21-debug: asset-db:reimport-asset401e18b0-759e-4e1c-8206-26ed0f95b12f (509ms)
2026-8-30 16:02:26-debug: %cImport%c: D:\GameByself\Cocos\Project1\assets\resources\UI\Car\source\e1499.fbxbackground: #aaff85; color: #000;color: #000;
2026-8-30 16:02:26-debug: Frame rate: 25 [{asset(401e18b0-759e-4e1c-8206-26ed0f95b12f)}]
2026-8-30 16:02:26-debug: %cReImport%c: D:\GameByself\Cocos\Project1\assets\resources\UI\Car\source\e1499.fbx@52719background: #aaff85; color: #000;color: #000;
2026-8-30 16:02:26-debug: %cReImport%c: D:\GameByself\Cocos\Project1\assets\resources\UI\Car\source\e1499.fbx@62029background: #aaff85; color: #000;color: #000;
2026-8-30 16:02:26-debug: %cReImport%c: D:\GameByself\Cocos\Project1\assets\resources\UI\Car\source\e1499.fbx@90896background: #aaff85; color: #000;color: #000;
2026-8-30 16:02:26-debug: %cReImport%c: D:\GameByself\Cocos\Project1\assets\resources\UI\Car\source\e1499.fbx@91797background: #aaff85; color: #000;color: #000;
2026-8-30 16:02:26-debug: %cReImport%c: D:\GameByself\Cocos\Project1\assets\resources\UI\Car\source\e1499.fbx@789d6background: #aaff85; color: #000;color: #000;
2026-8-30 16:02:26-debug: %cReImport%c: D:\GameByself\Cocos\Project1\assets\resources\UI\Car\source\e1499.fbx@d868ebackground: #aaff85; color: #000;color: #000;
2026-8-30 16:02:26-debug: %cReImport%c: D:\GameByself\Cocos\Project1\assets\resources\UI\Car\source\e1499.fbx@4b028background: #aaff85; color: #000;color: #000;
2026-8-30 16:02:26-debug: %cReImport%c: D:\GameByself\Cocos\Project1\assets\resources\UI\Car\source\e1499.fbx@d09f4background: #aaff85; color: #000;color: #000;
2026-8-30 16:02:26-debug: %cReImport%c: D:\GameByself\Cocos\Project1\assets\resources\UI\Car\source\e1499.fbx@abfeabackground: #aaff85; color: #000;color: #000;
2026-8-30 16:02:26-debug: %cReImport%c: D:\GameByself\Cocos\Project1\assets\resources\UI\Car\source\e1499.fbx@5afd6background: #aaff85; color: #000;color: #000;
2026-8-30 16:02:26-debug: %cReImport%c: D:\GameByself\Cocos\Project1\assets\resources\UI\Car\source\e1499.fbx@ea692background: #aaff85; color: #000;color: #000;
2026-8-30 16:02:26-debug: %cReImport%c: D:\GameByself\Cocos\Project1\assets\resources\UI\Car\source\e1499.fbx@f8d3abackground: #aaff85; color: #000;color: #000;
2026-8-30 16:02:26-debug: %cReImport%c: D:\GameByself\Cocos\Project1\assets\resources\UI\Car\source\e1499.fbx@825a9background: #aaff85; color: #000;color: #000;
2026-8-30 16:02:26-debug: %cReImport%c: D:\GameByself\Cocos\Project1\assets\resources\UI\Car\source\e1499.fbx@3419abackground: #aaff85; color: #000;color: #000;
2026-8-30 16:02:27-debug: %cReImport%c: D:\GameByself\Cocos\Project1\assets\resources\UI\Car\source\e1499.fbx@329a5background: #aaff85; color: #000;color: #000;
2026-8-30 16:02:27-debug: %cReImport%c: D:\GameByself\Cocos\Project1\assets\resources\UI\Car\source\e1499.fbx@4a707background: #aaff85; color: #000;color: #000;
2026-8-30 16:02:27-debug: %cReImport%c: D:\GameByself\Cocos\Project1\assets\resources\UI\Car\source\e1499.fbx@c62acbackground: #aaff85; color: #000;color: #000;
2026-8-30 16:02:27-debug: %cReImport%c: D:\GameByself\Cocos\Project1\assets\resources\UI\Car\source\e1499.fbx@7aacbbackground: #aaff85; color: #000;color: #000;
2026-8-30 16:02:27-debug: %cReImport%c: D:\GameByself\Cocos\Project1\assets\resources\UI\Car\source\e1499.fbx@9cfcabackground: #aaff85; color: #000;color: #000;
2026-8-30 16:02:27-debug: %cReImport%c: D:\GameByself\Cocos\Project1\assets\resources\UI\Car\source\e1499.fbx@d0db1background: #aaff85; color: #000;color: #000;
2026-8-30 16:02:27-debug: %cReImport%c: D:\GameByself\Cocos\Project1\assets\resources\UI\Car\source\e1499.fbx@81bd5background: #aaff85; color: #000;color: #000;
2026-8-30 16:02:27-debug: %cReImport%c: D:\GameByself\Cocos\Project1\assets\resources\UI\Car\source\e1499.fbx@106cdbackground: #aaff85; color: #000;color: #000;
2026-8-30 16:02:27-debug: %cReImport%c: D:\GameByself\Cocos\Project1\assets\resources\UI\Car\source\e1499.fbx@c8544background: #aaff85; color: #000;color: #000;
2026-8-30 16:02:27-debug: %cReImport%c: D:\GameByself\Cocos\Project1\assets\resources\UI\Car\source\e1499.fbx@ec91ebackground: #aaff85; color: #000;color: #000;
2026-8-30 16:02:27-debug: %cReImport%c: D:\GameByself\Cocos\Project1\assets\resources\UI\Car\source\e1499.fbx@5f8c5background: #aaff85; color: #000;color: #000;
2026-8-30 16:02:27-debug: %cReImport%c: D:\GameByself\Cocos\Project1\assets\resources\UI\Car\source\e1499.fbx@0a087background: #aaff85; color: #000;color: #000;
2026-8-30 16:02:27-debug: %cReImport%c: D:\GameByself\Cocos\Project1\assets\resources\UI\Car\source\e1499.fbx@3b99ebackground: #aaff85; color: #000;color: #000;
2026-8-30 16:02:27-debug: %cReImport%c: D:\GameByself\Cocos\Project1\assets\resources\UI\Car\source\e1499.fbx@03256background: #aaff85; color: #000;color: #000;
2026-8-30 16:02:27-debug: %cReImport%c: D:\GameByself\Cocos\Project1\assets\resources\UI\Car\source\e1499.fbx@f3601background: #aaff85; color: #000;color: #000;
2026-8-30 16:02:27-debug: %cReImport%c: D:\GameByself\Cocos\Project1\assets\resources\UI\Car\source\e1499.fbx@6f130background: #aaff85; color: #000;color: #000;
2026-8-30 16:02:27-debug: %cReImport%c: D:\GameByself\Cocos\Project1\assets\resources\UI\Car\source\e1499.fbx@12ebebackground: #aaff85; color: #000;color: #000;
2026-8-30 16:02:27-debug: %cReImport%c: D:\GameByself\Cocos\Project1\assets\resources\UI\Car\source\e1499.fbx@0b29ebackground: #aaff85; color: #000;color: #000;
2026-8-30 16:02:27-debug: %cReImport%c: D:\GameByself\Cocos\Project1\assets\resources\UI\Car\source\e1499.fbx@993a1background: #aaff85; color: #000;color: #000;
2026-8-30 16:02:27-debug: %cReImport%c: D:\GameByself\Cocos\Project1\assets\resources\UI\Car\source\e1499.fbx@5e49ebackground: #aaff85; color: #000;color: #000;
2026-8-30 16:02:27-debug: %cReImport%c: D:\GameByself\Cocos\Project1\assets\resources\UI\Car\source\e1499.fbx@ef396background: #aaff85; color: #000;color: #000;
2026-8-30 16:02:27-debug: %cReImport%c: D:\GameByself\Cocos\Project1\assets\resources\UI\Car\source\e1499.fbx@0991fbackground: #aaff85; color: #000;color: #000;
2026-8-30 16:02:27-debug: %cReImport%c: D:\GameByself\Cocos\Project1\assets\resources\UI\Car\source\e1499.fbx@84cbbbackground: #aaff85; color: #000;color: #000;
2026-8-30 16:02:27-debug: %cReImport%c: D:\GameByself\Cocos\Project1\assets\resources\UI\Car\source\e1499.fbx@a3593background: #aaff85; color: #000;color: #000;
2026-8-30 16:02:27-debug: %cReImport%c: D:\GameByself\Cocos\Project1\assets\resources\UI\Car\source\e1499.fbx@15db7background: #aaff85; color: #000;color: #000;
2026-8-30 16:02:27-debug: %cReImport%c: D:\GameByself\Cocos\Project1\assets\resources\UI\Car\source\e1499.fbx@0a1efbackground: #aaff85; color: #000;color: #000;
2026-8-30 16:02:27-debug: %cReImport%c: D:\GameByself\Cocos\Project1\assets\resources\UI\Car\source\e1499.fbx@05da8background: #aaff85; color: #000;color: #000;
2026-8-30 16:02:27-debug: %cReImport%c: D:\GameByself\Cocos\Project1\assets\resources\UI\Car\source\e1499.fbx@b8518background: #aaff85; color: #000;color: #000;
2026-8-30 16:02:27-debug: %cReImport%c: D:\GameByself\Cocos\Project1\assets\resources\UI\Car\source\e1499.fbx@97b5cbackground: #aaff85; color: #000;color: #000;
2026-8-30 16:02:27-debug: %cReImport%c: D:\GameByself\Cocos\Project1\assets\resources\UI\Car\source\e1499.fbx@9e7e2background: #aaff85; color: #000;color: #000;
2026-8-30 16:02:27-debug: %cReImport%c: D:\GameByself\Cocos\Project1\assets\resources\UI\Car\source\e1499.fbx@d8b62background: #aaff85; color: #000;color: #000;
2026-8-30 16:02:27-debug: asset-db:reimport-asset401e18b0-759e-4e1c-8206-26ed0f95b12f (477ms)
2026-8-30 16:03:57-debug: refresh db internal success
2026-8-30 16:03:57-debug: %cImport%c: D:\GameByself\Cocos\Project1\assets\resources\UI\Car\sourcebackground: #aaff85; color: #000;color: #000;
2026-8-30 16:03:57-debug: refresh db assets success
2026-8-30 16:03:57-debug: Run asset db hook engine-extends:afterRefresh ...
2026-8-30 16:03:57-debug: Run asset db hook engine-extends:afterRefresh success!
2026-8-30 16:03:57-debug: asset-db:refresh-all-database (117ms)
2026-8-30 16:03:57-debug: asset-db:worker-effect-data-processing (2ms)
2026-8-30 16:03:57-debug: asset-db-hook-engine-extends-afterRefresh (2ms)
2026-8-30 16:04:12-debug: refresh db internal success
2026-8-30 16:04:12-debug: refresh db assets success
2026-8-30 16:04:12-debug: Run asset db hook engine-extends:afterRefresh ...
2026-8-30 16:04:12-debug: Run asset db hook engine-extends:afterRefresh success!
2026-8-30 16:04:12-debug: asset-db:refresh-all-database (123ms)
2026-8-30 16:04:12-debug: asset-db:worker-effect-data-processing (2ms)
2026-8-30 16:04:12-debug: asset-db-hook-engine-extends-afterRefresh (2ms)
2026-8-30 16:04:14-debug: programming:execute-script (1ms)
2026-8-30 16:04:15-debug: start remove asset D:\GameByself\Cocos\Project1\assets\resources\UI\Car...
2026-8-30 16:04:16-log: 资源数据库已锁定，资源操作(bound _refreshAsset)将会延迟响应，请稍侯
2026-8-30 16:04:16-debug: refresh db internal success
2026-8-30 16:04:16-debug: %cDestroy%c: D:\GameByself\Cocos\Project1\assets\resources\UI\Carbackground: #ffb8b8; color: #000;color: #000;
2026-8-30 16:04:16-debug: %cDestroy%c: D:\GameByself\Cocos\Project1\assets\resources\UI\Car\texturesbackground: #ffb8b8; color: #000;color: #000;
2026-8-30 16:04:16-debug: %cDestroy%c: D:\GameByself\Cocos\Project1\assets\resources\UI\Car\source\e1499.fbx@52719background: #ffb8b8; color: #000;color: #000;
2026-8-30 16:04:16-debug: %cDestroy%c: D:\GameByself\Cocos\Project1\assets\resources\UI\Car\textures\car_ford_mustang_mach_e1400_df_mk_Out_mask.png@6c48abackground: #ffb8b8; color: #000;color: #000;
2026-8-30 16:04:16-debug: %cDestroy%c: D:\GameByself\Cocos\Project1\assets\resources\UI\Car\textures\car_ford_mustang_mach_e1400_df_Out.png@6c48abackground: #ffb8b8; color: #000;color: #000;
2026-8-30 16:04:16-debug: %cDestroy%c: D:\GameByself\Cocos\Project1\assets\resources\UI\Car\sourcebackground: #ffb8b8; color: #000;color: #000;
2026-8-30 16:04:16-debug: %cDestroy%c: D:\GameByself\Cocos\Project1\assets\resources\UI\Car\textures\car_ford_mustang_mach_e1400_glows_Out.png@6c48abackground: #ffb8b8; color: #000;color: #000;
2026-8-30 16:04:16-debug: %cDestroy%c: D:\GameByself\Cocos\Project1\assets\resources\UI\Car\textures\car_ford_mustang_mach_e1400_occ_mk_Out_mas.png@6c48abackground: #ffb8b8; color: #000;color: #000;
2026-8-30 16:04:16-debug: %cDestroy%c: D:\GameByself\Cocos\Project1\assets\resources\UI\Car\textures\car_ford_mustang_mach_e1400_df_Out.pngbackground: #ffb8b8; color: #000;color: #000;
2026-8-30 16:04:16-debug: %cDestroy%c: D:\GameByself\Cocos\Project1\assets\resources\UI\Car\textures\car_ford_mustang_mach_e1400_glows_Out.pngbackground: #ffb8b8; color: #000;color: #000;
2026-8-30 16:04:16-debug: %cDestroy%c: D:\GameByself\Cocos\Project1\assets\resources\UI\Car\textures\car_ford_mustang_mach_e1400_df_mk_Out_mask.pngbackground: #ffb8b8; color: #000;color: #000;
2026-8-30 16:04:16-debug: %cDestroy%c: D:\GameByself\Cocos\Project1\assets\resources\UI\Car\textures\car_ford_mustang_mach_e1400_occ_mk_Out_mas.pngbackground: #ffb8b8; color: #000;color: #000;
2026-8-30 16:04:16-debug: %cDestroy%c: D:\GameByself\Cocos\Project1\assets\resources\UI\Car\source\e1499.fbx@62029background: #ffb8b8; color: #000;color: #000;
2026-8-30 16:04:16-debug: %cDestroy%c: D:\GameByself\Cocos\Project1\assets\resources\UI\Car\textures\car_ford_mustang_mach_e1400_occ_Out.png@6c48abackground: #ffb8b8; color: #000;color: #000;
2026-8-30 16:04:16-debug: %cDestroy%c: D:\GameByself\Cocos\Project1\assets\resources\UI\Car\textures\car_tyres_new_occ_Out.png@6c48abackground: #ffb8b8; color: #000;color: #000;
2026-8-30 16:04:16-debug: %cDestroy%c: D:\GameByself\Cocos\Project1\assets\resources\UI\Car\source\Materials_e1499background: #ffb8b8; color: #000;color: #000;
2026-8-30 16:04:16-debug: %cDestroy%c: D:\GameByself\Cocos\Project1\assets\resources\UI\Car\source\Materials_e1499\Material.001.mtlbackground: #ffb8b8; color: #000;color: #000;
2026-8-30 16:04:16-debug: %cDestroy%c: D:\GameByself\Cocos\Project1\assets\resources\UI\Car\source\e1499.fbx@90896background: #ffb8b8; color: #000;color: #000;
2026-8-30 16:04:16-debug: %cDestroy%c: D:\GameByself\Cocos\Project1\assets\resources\UI\Car\textures\car_ford_mustang_mach_e1400_occ_Out.pngbackground: #ffb8b8; color: #000;color: #000;
2026-8-30 16:04:16-debug: %cDestroy%c: D:\GameByself\Cocos\Project1\assets\resources\UI\Car\source\Materials_e1499\Material.002.mtlbackground: #ffb8b8; color: #000;color: #000;
2026-8-30 16:04:16-debug: %cDestroy%c: D:\GameByself\Cocos\Project1\assets\resources\UI\Car\textures\car_tyres_new_occ_Out.pngbackground: #ffb8b8; color: #000;color: #000;
2026-8-30 16:04:16-debug: %cDestroy%c: D:\GameByself\Cocos\Project1\assets\resources\UI\Car\source\Materials_e1499\Material.006.mtlbackground: #ffb8b8; color: #000;color: #000;
2026-8-30 16:04:16-debug: %cDestroy%c: D:\GameByself\Cocos\Project1\assets\resources\UI\Car\source\e1499.fbx@91797background: #ffb8b8; color: #000;color: #000;
2026-8-30 16:04:16-debug: %cDestroy%c: D:\GameByself\Cocos\Project1\assets\resources\UI\Car\source\Materials_e1499\Material.013.mtlbackground: #ffb8b8; color: #000;color: #000;
2026-8-30 16:04:16-debug: %cDestroy%c: D:\GameByself\Cocos\Project1\assets\resources\UI\Car\source\Materials_e1499\Material.012.mtlbackground: #ffb8b8; color: #000;color: #000;
2026-8-30 16:04:16-debug: %cDestroy%c: D:\GameByself\Cocos\Project1\assets\resources\UI\Car\source\Materials_e1499\Material.005.mtlbackground: #ffb8b8; color: #000;color: #000;
2026-8-30 16:04:16-debug: %cDestroy%c: D:\GameByself\Cocos\Project1\assets\resources\UI\Car\source\e1499.fbx@789d6background: #ffb8b8; color: #000;color: #000;
2026-8-30 16:04:16-debug: %cDestroy%c: D:\GameByself\Cocos\Project1\assets\resources\UI\Car\source\e1499.fbx@d868ebackground: #ffb8b8; color: #000;color: #000;
2026-8-30 16:04:16-debug: %cDestroy%c: D:\GameByself\Cocos\Project1\assets\resources\UI\Car\source\e1499.fbx@4b028background: #ffb8b8; color: #000;color: #000;
2026-8-30 16:04:16-debug: %cDestroy%c: D:\GameByself\Cocos\Project1\assets\resources\UI\Car\source\e1499.fbx@d09f4background: #ffb8b8; color: #000;color: #000;
2026-8-30 16:04:16-debug: %cDestroy%c: D:\GameByself\Cocos\Project1\assets\resources\UI\Car\source\e1499.fbx@abfeabackground: #ffb8b8; color: #000;color: #000;
2026-8-30 16:04:16-debug: %cDestroy%c: D:\GameByself\Cocos\Project1\assets\resources\UI\Car\source\e1499.fbx@5afd6background: #ffb8b8; color: #000;color: #000;
2026-8-30 16:04:16-debug: %cDestroy%c: D:\GameByself\Cocos\Project1\assets\resources\UI\Car\source\e1499.fbx@ea692background: #ffb8b8; color: #000;color: #000;
2026-8-30 16:04:16-debug: %cDestroy%c: D:\GameByself\Cocos\Project1\assets\resources\UI\Car\source\e1499.fbx@f8d3abackground: #ffb8b8; color: #000;color: #000;
2026-8-30 16:04:16-debug: %cDestroy%c: D:\GameByself\Cocos\Project1\assets\resources\UI\Car\source\e1499.fbx@825a9background: #ffb8b8; color: #000;color: #000;
2026-8-30 16:04:16-debug: %cDestroy%c: D:\GameByself\Cocos\Project1\assets\resources\UI\Car\source\e1499.fbx@3419abackground: #ffb8b8; color: #000;color: #000;
2026-8-30 16:04:16-debug: %cDestroy%c: D:\GameByself\Cocos\Project1\assets\resources\UI\Car\source\e1499.fbx@329a5background: #ffb8b8; color: #000;color: #000;
2026-8-30 16:04:16-debug: %cDestroy%c: D:\GameByself\Cocos\Project1\assets\resources\UI\Car\source\e1499.fbx@4a707background: #ffb8b8; color: #000;color: #000;
2026-8-30 16:04:16-debug: %cDestroy%c: D:\GameByself\Cocos\Project1\assets\resources\UI\Car\source\e1499.fbx@c62acbackground: #ffb8b8; color: #000;color: #000;
2026-8-30 16:04:16-debug: %cDestroy%c: D:\GameByself\Cocos\Project1\assets\resources\UI\Car\source\e1499.fbx@7aacbbackground: #ffb8b8; color: #000;color: #000;
2026-8-30 16:04:16-debug: %cDestroy%c: D:\GameByself\Cocos\Project1\assets\resources\UI\Car\source\e1499.fbx@9cfcabackground: #ffb8b8; color: #000;color: #000;
2026-8-30 16:04:16-debug: %cDestroy%c: D:\GameByself\Cocos\Project1\assets\resources\UI\Car\source\e1499.fbx@d0db1background: #ffb8b8; color: #000;color: #000;
2026-8-30 16:04:16-debug: %cDestroy%c: D:\GameByself\Cocos\Project1\assets\resources\UI\Car\source\e1499.fbx@81bd5background: #ffb8b8; color: #000;color: #000;
2026-8-30 16:04:16-debug: %cDestroy%c: D:\GameByself\Cocos\Project1\assets\resources\UI\Car\source\e1499.fbx@106cdbackground: #ffb8b8; color: #000;color: #000;
2026-8-30 16:04:16-debug: %cDestroy%c: D:\GameByself\Cocos\Project1\assets\resources\UI\Car\source\e1499.fbx@c8544background: #ffb8b8; color: #000;color: #000;
2026-8-30 16:04:16-debug: %cDestroy%c: D:\GameByself\Cocos\Project1\assets\resources\UI\Car\source\e1499.fbx@ec91ebackground: #ffb8b8; color: #000;color: #000;
2026-8-30 16:04:16-debug: %cDestroy%c: D:\GameByself\Cocos\Project1\assets\resources\UI\Car\source\e1499.fbx@5f8c5background: #ffb8b8; color: #000;color: #000;
2026-8-30 16:04:16-debug: %cDestroy%c: D:\GameByself\Cocos\Project1\assets\resources\UI\Car\source\e1499.fbx@0a087background: #ffb8b8; color: #000;color: #000;
2026-8-30 16:04:16-debug: %cDestroy%c: D:\GameByself\Cocos\Project1\assets\resources\UI\Car\source\e1499.fbx@3b99ebackground: #ffb8b8; color: #000;color: #000;
2026-8-30 16:04:16-debug: %cDestroy%c: D:\GameByself\Cocos\Project1\assets\resources\UI\Car\source\e1499.fbx@03256background: #ffb8b8; color: #000;color: #000;
2026-8-30 16:04:16-debug: %cDestroy%c: D:\GameByself\Cocos\Project1\assets\resources\UI\Car\source\e1499.fbx@f3601background: #ffb8b8; color: #000;color: #000;
2026-8-30 16:04:16-debug: %cDestroy%c: D:\GameByself\Cocos\Project1\assets\resources\UI\Car\source\e1499.fbx@6f130background: #ffb8b8; color: #000;color: #000;
2026-8-30 16:04:16-debug: %cDestroy%c: D:\GameByself\Cocos\Project1\assets\resources\UI\Car\source\e1499.fbx@12ebebackground: #ffb8b8; color: #000;color: #000;
2026-8-30 16:04:16-debug: %cDestroy%c: D:\GameByself\Cocos\Project1\assets\resources\UI\Car\source\e1499.fbx@0b29ebackground: #ffb8b8; color: #000;color: #000;
2026-8-30 16:04:16-debug: %cDestroy%c: D:\GameByself\Cocos\Project1\assets\resources\UI\Car\source\e1499.fbx@993a1background: #ffb8b8; color: #000;color: #000;
2026-8-30 16:04:16-debug: %cDestroy%c: D:\GameByself\Cocos\Project1\assets\resources\UI\Car\source\e1499.fbx@5e49ebackground: #ffb8b8; color: #000;color: #000;
2026-8-30 16:04:16-debug: %cDestroy%c: D:\GameByself\Cocos\Project1\assets\resources\UI\Car\source\e1499.fbx@ef396background: #ffb8b8; color: #000;color: #000;
2026-8-30 16:04:16-debug: %cDestroy%c: D:\GameByself\Cocos\Project1\assets\resources\UI\Car\source\e1499.fbx@0991fbackground: #ffb8b8; color: #000;color: #000;
2026-8-30 16:04:16-debug: %cDestroy%c: D:\GameByself\Cocos\Project1\assets\resources\UI\Car\source\e1499.fbx@84cbbbackground: #ffb8b8; color: #000;color: #000;
2026-8-30 16:04:16-debug: %cDestroy%c: D:\GameByself\Cocos\Project1\assets\resources\UI\Car\source\e1499.fbx@a3593background: #ffb8b8; color: #000;color: #000;
2026-8-30 16:04:16-debug: %cDestroy%c: D:\GameByself\Cocos\Project1\assets\resources\UI\Car\source\e1499.fbx@15db7background: #ffb8b8; color: #000;color: #000;
2026-8-30 16:04:16-debug: %cDestroy%c: D:\GameByself\Cocos\Project1\assets\resources\UI\Car\source\e1499.fbx@0a1efbackground: #ffb8b8; color: #000;color: #000;
2026-8-30 16:04:16-debug: %cDestroy%c: D:\GameByself\Cocos\Project1\assets\resources\UI\Car\source\e1499.fbx@05da8background: #ffb8b8; color: #000;color: #000;
2026-8-30 16:04:16-debug: %cDestroy%c: D:\GameByself\Cocos\Project1\assets\resources\UI\Car\source\e1499.fbx@b8518background: #ffb8b8; color: #000;color: #000;
2026-8-30 16:04:16-debug: %cDestroy%c: D:\GameByself\Cocos\Project1\assets\resources\UI\Car\source\e1499.fbx@97b5cbackground: #ffb8b8; color: #000;color: #000;
2026-8-30 16:04:16-debug: %cDestroy%c: D:\GameByself\Cocos\Project1\assets\resources\UI\Car\source\e1499.fbx@9e7e2background: #ffb8b8; color: #000;color: #000;
2026-8-30 16:04:16-debug: %cDestroy%c: D:\GameByself\Cocos\Project1\assets\resources\UI\Car\source\e1499.fbx@d8b62background: #ffb8b8; color: #000;color: #000;
2026-8-30 16:04:16-debug: %cDestroy%c: D:\GameByself\Cocos\Project1\assets\resources\UI\Car\source\e1499.fbxbackground: #ffb8b8; color: #000;color: #000;
2026-8-30 16:04:16-debug: %cImport%c: D:\GameByself\Cocos\Project1\assets\resources\UIbackground: #aaff85; color: #000;color: #000;
2026-8-30 16:04:16-debug: refresh db assets success
2026-8-30 16:04:16-debug: Run asset db hook engine-extends:afterRefresh ...
2026-8-30 16:04:16-debug: start refresh asset from D:\GameByself\Cocos\Project1\assets\resources\UI\Car...
2026-8-30 16:04:16-debug: Run asset db hook engine-extends:afterRefresh success!
2026-8-30 16:04:16-debug: refresh asset D:\GameByself\Cocos\Project1\assets\resources\UI success
2026-8-30 16:04:16-debug: remove asset D:\GameByself\Cocos\Project1\assets\resources\UI\Car success
2026-8-30 16:04:16-debug: asset-db-hook-engine-extends-afterRefresh (3ms)
2026-8-30 16:04:16-debug: asset-db:refresh-all-database (310ms)
2026-8-30 16:04:16-debug: asset-db:worker-effect-data-processing (2ms)
2026-8-30 16:04:24-debug: start refresh asset from D:\GameByself\Cocos\Project1\assets\resources\UI\Car...
2026-8-30 16:04:24-debug: %cImport%c: D:\GameByself\Cocos\Project1\assets\resources\UI\Car\textures\car_ford_mustang_mach_e1400_df_mk_Out_mask.pngbackground: #aaff85; color: #000;color: #000;
2026-8-30 16:04:24-debug: %cImport%c: D:\GameByself\Cocos\Project1\assets\resources\UI\Carbackground: #aaff85; color: #000;color: #000;
2026-8-30 16:04:24-debug: %cImport%c: D:\GameByself\Cocos\Project1\assets\resources\UI\Car\sourcebackground: #aaff85; color: #000;color: #000;
2026-8-30 16:04:24-debug: %cImport%c: D:\GameByself\Cocos\Project1\assets\resources\UI\Car\source\e1499.fbxbackground: #aaff85; color: #000;color: #000;
2026-8-30 16:04:24-debug: %cImport%c: D:\GameByself\Cocos\Project1\assets\resources\UI\Car\texturesbackground: #aaff85; color: #000;color: #000;
2026-8-30 16:04:24-debug: %cImport%c: D:\GameByself\Cocos\Project1\assets\resources\UI\Car\textures\car_ford_mustang_mach_e1400_df_Out.pngbackground: #aaff85; color: #000;color: #000;
2026-8-30 16:04:24-debug: %cImport%c: D:\GameByself\Cocos\Project1\assets\resources\UI\Car\textures\car_ford_mustang_mach_e1400_glows_Out.pngbackground: #aaff85; color: #000;color: #000;
2026-8-30 16:04:24-debug: %cImport%c: D:\GameByself\Cocos\Project1\assets\resources\UI\Car\textures\car_ford_mustang_mach_e1400_occ_mk_Out_mas.pngbackground: #aaff85; color: #000;color: #000;
2026-8-30 16:04:24-debug: Status file D:\GameByself\Cocos\Project1\temp\asset-db\assets\fbx.FBX-glTF-conv\fd254580-5748-4d8d-b564-965f551398e6\status.json: Error: ENOENT: no such file or directory, open 'D:\GameByself\Cocos\Project1\temp\asset-db\assets\fbx.FBX-glTF-conv\fd254580-5748-4d8d-b564-965f551398e6\status.json'
2026-8-30 16:04:24-debug: %cImport%c: D:\GameByself\Cocos\Project1\assets\resources\UI\Car\textures\car_ford_mustang_mach_e1400_df_mk_Out_mask.png@6c48abackground: #aaff85; color: #000;color: #000;
2026-8-30 16:04:24-debug: %cImport%c: D:\GameByself\Cocos\Project1\assets\resources\UI\Car\textures\car_ford_mustang_mach_e1400_occ_Out.pngbackground: #aaff85; color: #000;color: #000;
2026-8-30 16:04:24-debug: %cImport%c: D:\GameByself\Cocos\Project1\assets\resources\UI\Car\textures\car_ford_mustang_mach_e1400_occ_mk_Out_mas.png@6c48abackground: #aaff85; color: #000;color: #000;
2026-8-30 16:04:24-debug: %cImport%c: D:\GameByself\Cocos\Project1\assets\resources\UI\Car\textures\car_ford_mustang_mach_e1400_glows_Out.png@6c48abackground: #aaff85; color: #000;color: #000;
2026-8-30 16:04:24-debug: %cImport%c: D:\GameByself\Cocos\Project1\assets\resources\UI\Car\textures\car_ford_mustang_mach_e1400_df_Out.png@6c48abackground: #aaff85; color: #000;color: #000;
2026-8-30 16:04:24-debug: %cImport%c: D:\GameByself\Cocos\Project1\assets\resources\UI\Car\textures\car_tyres_new_occ_Out.pngbackground: #aaff85; color: #000;color: #000;
2026-8-30 16:04:24-debug: %cImport%c: D:\GameByself\Cocos\Project1\assets\resources\UI\Car\textures\car_ford_mustang_mach_e1400_occ_Out.png@6c48abackground: #aaff85; color: #000;color: #000;
2026-8-30 16:04:24-debug: %cImport%c: D:\GameByself\Cocos\Project1\assets\resources\UI\Car\textures\car_tyres_new_occ_Out.png@6c48abackground: #aaff85; color: #000;color: #000;
2026-8-30 16:04:24-debug: refresh db internal success
2026-8-30 16:04:24-debug: Frame rate: 25 [{asset(fd254580-5748-4d8d-b564-965f551398e6)}]
2026-8-30 16:04:24-debug: %cImport%c: D:\GameByself\Cocos\Project1\assets\resources\UI\Car\source\e1499.fbx@52719background: #aaff85; color: #000;color: #000;
2026-8-30 16:04:24-debug: %cImport%c: D:\GameByself\Cocos\Project1\assets\resources\UI\Car\source\e1499.fbx@62029background: #aaff85; color: #000;color: #000;
2026-8-30 16:04:24-debug: %cImport%c: D:\GameByself\Cocos\Project1\assets\resources\UI\Car\source\e1499.fbx@90896background: #aaff85; color: #000;color: #000;
2026-8-30 16:04:24-debug: %cImport%c: D:\GameByself\Cocos\Project1\assets\resources\UI\Car\source\e1499.fbx@91797background: #aaff85; color: #000;color: #000;
2026-8-30 16:04:24-debug: %cImport%c: D:\GameByself\Cocos\Project1\assets\resources\UI\Car\source\e1499.fbx@99380background: #aaff85; color: #000;color: #000;
2026-8-30 16:04:24-debug: %cImport%c: D:\GameByself\Cocos\Project1\assets\resources\UI\Car\source\e1499.fbx@789d6background: #aaff85; color: #000;color: #000;
2026-8-30 16:04:24-debug: %cImport%c: D:\GameByself\Cocos\Project1\assets\resources\UI\Car\source\e1499.fbx@d868ebackground: #aaff85; color: #000;color: #000;
2026-8-30 16:04:24-debug: %cImport%c: D:\GameByself\Cocos\Project1\assets\resources\UI\Car\source\e1499.fbx@4b028background: #aaff85; color: #000;color: #000;
2026-8-30 16:04:24-debug: %cImport%c: D:\GameByself\Cocos\Project1\assets\resources\UI\Car\source\e1499.fbx@d09f4background: #aaff85; color: #000;color: #000;
2026-8-30 16:04:24-debug: %cImport%c: D:\GameByself\Cocos\Project1\assets\resources\UI\Car\source\e1499.fbx@abfeabackground: #aaff85; color: #000;color: #000;
2026-8-30 16:04:24-debug: %cImport%c: D:\GameByself\Cocos\Project1\assets\resources\UI\Car\source\e1499.fbx@5afd6background: #aaff85; color: #000;color: #000;
2026-8-30 16:04:24-debug: %cImport%c: D:\GameByself\Cocos\Project1\assets\resources\UI\Car\source\e1499.fbx@ea692background: #aaff85; color: #000;color: #000;
2026-8-30 16:04:24-debug: %cImport%c: D:\GameByself\Cocos\Project1\assets\resources\UI\Car\source\e1499.fbx@f8d3abackground: #aaff85; color: #000;color: #000;
2026-8-30 16:04:24-debug: %cImport%c: D:\GameByself\Cocos\Project1\assets\resources\UI\Car\source\e1499.fbx@825a9background: #aaff85; color: #000;color: #000;
2026-8-30 16:04:24-debug: %cImport%c: D:\GameByself\Cocos\Project1\assets\resources\UI\Car\source\e1499.fbx@3419abackground: #aaff85; color: #000;color: #000;
2026-8-30 16:04:24-debug: %cImport%c: D:\GameByself\Cocos\Project1\assets\resources\UI\Car\source\e1499.fbx@329a5background: #aaff85; color: #000;color: #000;
2026-8-30 16:04:24-debug: %cImport%c: D:\GameByself\Cocos\Project1\assets\resources\UI\Car\source\e1499.fbx@4a707background: #aaff85; color: #000;color: #000;
2026-8-30 16:04:24-debug: %cImport%c: D:\GameByself\Cocos\Project1\assets\resources\UI\Car\source\e1499.fbx@c62acbackground: #aaff85; color: #000;color: #000;
2026-8-30 16:04:24-debug: %cImport%c: D:\GameByself\Cocos\Project1\assets\resources\UI\Car\source\e1499.fbx@7aacbbackground: #aaff85; color: #000;color: #000;
2026-8-30 16:04:24-debug: %cImport%c: D:\GameByself\Cocos\Project1\assets\resources\UI\Car\source\e1499.fbx@9cfcabackground: #aaff85; color: #000;color: #000;
2026-8-30 16:04:24-debug: %cImport%c: D:\GameByself\Cocos\Project1\assets\resources\UI\Car\source\e1499.fbx@d0db1background: #aaff85; color: #000;color: #000;
2026-8-30 16:04:24-debug: %cImport%c: D:\GameByself\Cocos\Project1\assets\resources\UI\Car\source\e1499.fbx@81bd5background: #aaff85; color: #000;color: #000;
2026-8-30 16:04:24-debug: %cImport%c: D:\GameByself\Cocos\Project1\assets\resources\UI\Car\source\e1499.fbx@106cdbackground: #aaff85; color: #000;color: #000;
2026-8-30 16:04:24-debug: %cImport%c: D:\GameByself\Cocos\Project1\assets\resources\UI\Car\source\e1499.fbx@c8544background: #aaff85; color: #000;color: #000;
2026-8-30 16:04:24-debug: %cImport%c: D:\GameByself\Cocos\Project1\assets\resources\UI\Car\source\e1499.fbx@ec91ebackground: #aaff85; color: #000;color: #000;
2026-8-30 16:04:24-debug: %cImport%c: D:\GameByself\Cocos\Project1\assets\resources\UI\Car\source\e1499.fbx@5f8c5background: #aaff85; color: #000;color: #000;
2026-8-30 16:04:24-debug: %cImport%c: D:\GameByself\Cocos\Project1\assets\resources\UI\Car\source\e1499.fbx@0a087background: #aaff85; color: #000;color: #000;
2026-8-30 16:04:24-debug: %cImport%c: D:\GameByself\Cocos\Project1\assets\resources\UI\Car\source\e1499.fbx@3b99ebackground: #aaff85; color: #000;color: #000;
2026-8-30 16:04:24-debug: %cImport%c: D:\GameByself\Cocos\Project1\assets\resources\UI\Car\source\e1499.fbx@03256background: #aaff85; color: #000;color: #000;
2026-8-30 16:04:24-debug: %cImport%c: D:\GameByself\Cocos\Project1\assets\resources\UI\Car\source\e1499.fbx@f3601background: #aaff85; color: #000;color: #000;
2026-8-30 16:04:24-debug: %cImport%c: D:\GameByself\Cocos\Project1\assets\resources\UI\Car\source\e1499.fbx@6f130background: #aaff85; color: #000;color: #000;
2026-8-30 16:04:24-debug: %cImport%c: D:\GameByself\Cocos\Project1\assets\resources\UI\Car\source\e1499.fbx@12ebebackground: #aaff85; color: #000;color: #000;
2026-8-30 16:04:24-debug: %cImport%c: D:\GameByself\Cocos\Project1\assets\resources\UI\Car\source\e1499.fbx@0b29ebackground: #aaff85; color: #000;color: #000;
2026-8-30 16:04:24-debug: %cImport%c: D:\GameByself\Cocos\Project1\assets\resources\UI\Car\source\e1499.fbx@993a1background: #aaff85; color: #000;color: #000;
2026-8-30 16:04:24-debug: %cImport%c: D:\GameByself\Cocos\Project1\assets\resources\UI\Car\source\e1499.fbx@5e49ebackground: #aaff85; color: #000;color: #000;
2026-8-30 16:04:24-debug: %cImport%c: D:\GameByself\Cocos\Project1\assets\resources\UI\Car\source\e1499.fbx@ef396background: #aaff85; color: #000;color: #000;
2026-8-30 16:04:24-debug: %cImport%c: D:\GameByself\Cocos\Project1\assets\resources\UI\Car\source\e1499.fbx@0991fbackground: #aaff85; color: #000;color: #000;
2026-8-30 16:04:24-debug: %cImport%c: D:\GameByself\Cocos\Project1\assets\resources\UI\Car\source\e1499.fbx@84cbbbackground: #aaff85; color: #000;color: #000;
2026-8-30 16:04:24-debug: %cImport%c: D:\GameByself\Cocos\Project1\assets\resources\UI\Car\source\e1499.fbx@a3593background: #aaff85; color: #000;color: #000;
2026-8-30 16:04:24-debug: %cImport%c: D:\GameByself\Cocos\Project1\assets\resources\UI\Car\source\e1499.fbx@15db7background: #aaff85; color: #000;color: #000;
2026-8-30 16:04:24-debug: %cImport%c: D:\GameByself\Cocos\Project1\assets\resources\UI\Car\source\e1499.fbx@0a1efbackground: #aaff85; color: #000;color: #000;
2026-8-30 16:04:24-debug: %cImport%c: D:\GameByself\Cocos\Project1\assets\resources\UI\Car\source\e1499.fbx@05da8background: #aaff85; color: #000;color: #000;
2026-8-30 16:04:24-debug: %cImport%c: D:\GameByself\Cocos\Project1\assets\resources\UI\Car\source\e1499.fbx@b8518background: #aaff85; color: #000;color: #000;
2026-8-30 16:04:24-debug: %cImport%c: D:\GameByself\Cocos\Project1\assets\resources\UI\Car\source\e1499.fbx@97b5cbackground: #aaff85; color: #000;color: #000;
2026-8-30 16:04:24-debug: %cImport%c: D:\GameByself\Cocos\Project1\assets\resources\UI\Car\source\e1499.fbx@9e7e2background: #aaff85; color: #000;color: #000;
2026-8-30 16:04:24-debug: %cImport%c: D:\GameByself\Cocos\Project1\assets\resources\UI\Car\source\e1499.fbx@1043ebackground: #aaff85; color: #000;color: #000;
2026-8-30 16:04:24-debug: %cImport%c: D:\GameByself\Cocos\Project1\assets\resources\UI\Car\source\e1499.fbx@5c108background: #aaff85; color: #000;color: #000;
2026-8-30 16:04:24-debug: %cImport%c: D:\GameByself\Cocos\Project1\assets\resources\UI\Car\source\e1499.fbx@710ddbackground: #aaff85; color: #000;color: #000;
2026-8-30 16:04:24-debug: %cImport%c: D:\GameByself\Cocos\Project1\assets\resources\UI\Car\source\e1499.fbx@eceb4background: #aaff85; color: #000;color: #000;
2026-8-30 16:04:24-debug: %cImport%c: D:\GameByself\Cocos\Project1\assets\resources\UI\Car\source\e1499.fbx@551ecbackground: #aaff85; color: #000;color: #000;
2026-8-30 16:04:24-debug: %cImport%c: D:\GameByself\Cocos\Project1\assets\resources\UI\Car\source\e1499.fbx@d8b62background: #aaff85; color: #000;color: #000;
2026-8-30 16:04:24-debug: %cImport%c: D:\GameByself\Cocos\Project1\assets\resources\UIbackground: #aaff85; color: #000;color: #000;
2026-8-30 16:04:24-log: 资源数据库已锁定，资源操作(bound autoRefreshAssetLazy)将会延迟响应，请稍侯
2026-8-30 16:04:24-debug: refresh asset D:\GameByself\Cocos\Project1\assets\resources\UI success
2026-8-30 16:04:24-debug: refresh db assets success
2026-8-30 16:04:24-debug: Run asset db hook engine-extends:afterRefresh ...
2026-8-30 16:04:24-debug: Run asset db hook engine-extends:afterRefresh success!
2026-8-30 16:04:24-debug: asset-db:refresh-all-database (639ms)
2026-8-30 16:04:24-debug: asset-db:worker-effect-data-processing (1ms)
2026-8-30 16:04:24-debug: asset-db-hook-engine-extends-afterRefresh (2ms)
2026-8-30 16:04:38-debug: %cImport%c: D:\GameByself\Cocos\Project1\assets\resources\UI\Car\source\e1499.fbxbackground: #aaff85; color: #000;color: #000;
2026-8-30 16:04:38-debug: Frame rate: 25 [{asset(fd254580-5748-4d8d-b564-965f551398e6)}]
2026-8-30 16:04:38-debug: %cImport%c: D:\GameByself\Cocos\Project1\assets\resources\UI\Car\source\Materials_e1499\Material.001.mtlbackground: #aaff85; color: #000;color: #000;
2026-8-30 16:04:38-debug: %cImport%c: D:\GameByself\Cocos\Project1\assets\resources\UI\Car\source\Materials_e1499\Material.002.mtlbackground: #aaff85; color: #000;color: #000;
2026-8-30 16:04:38-debug: %cImport%c: D:\GameByself\Cocos\Project1\assets\resources\UI\Car\source\Materials_e1499background: #aaff85; color: #000;color: #000;
2026-8-30 16:04:38-debug: %cReImport%c: D:\GameByself\Cocos\Project1\assets\resources\UI\Car\source\e1499.fbx@52719background: #aaff85; color: #000;color: #000;
2026-8-30 16:04:38-debug: %cImport%c: D:\GameByself\Cocos\Project1\assets\resources\UI\Car\source\Materials_e1499\Material.006.mtlbackground: #aaff85; color: #000;color: #000;
2026-8-30 16:04:38-debug: %cImport%c: D:\GameByself\Cocos\Project1\assets\resources\UI\Car\source\Materials_e1499\Material.013.mtlbackground: #aaff85; color: #000;color: #000;
2026-8-30 16:04:38-debug: %cImport%c: D:\GameByself\Cocos\Project1\assets\resources\UI\Car\source\Materials_e1499\Material.012.mtlbackground: #aaff85; color: #000;color: #000;
2026-8-30 16:04:38-debug: %cImport%c: D:\GameByself\Cocos\Project1\assets\resources\UI\Car\source\Materials_e1499\Material.005.mtlbackground: #aaff85; color: #000;color: #000;
2026-8-30 16:04:38-debug: %cReImport%c: D:\GameByself\Cocos\Project1\assets\resources\UI\Car\source\e1499.fbx@62029background: #aaff85; color: #000;color: #000;
2026-8-30 16:04:38-debug: %cReImport%c: D:\GameByself\Cocos\Project1\assets\resources\UI\Car\source\e1499.fbx@90896background: #aaff85; color: #000;color: #000;
2026-8-30 16:04:38-debug: %cReImport%c: D:\GameByself\Cocos\Project1\assets\resources\UI\Car\source\e1499.fbx@91797background: #aaff85; color: #000;color: #000;
2026-8-30 16:04:38-debug: %cReImport%c: D:\GameByself\Cocos\Project1\assets\resources\UI\Car\source\e1499.fbx@789d6background: #aaff85; color: #000;color: #000;
2026-8-30 16:04:38-debug: %cReImport%c: D:\GameByself\Cocos\Project1\assets\resources\UI\Car\source\e1499.fbx@d868ebackground: #aaff85; color: #000;color: #000;
2026-8-30 16:04:38-debug: %cReImport%c: D:\GameByself\Cocos\Project1\assets\resources\UI\Car\source\e1499.fbx@4b028background: #aaff85; color: #000;color: #000;
2026-8-30 16:04:38-debug: %cReImport%c: D:\GameByself\Cocos\Project1\assets\resources\UI\Car\source\e1499.fbx@d09f4background: #aaff85; color: #000;color: #000;
2026-8-30 16:04:38-debug: %cReImport%c: D:\GameByself\Cocos\Project1\assets\resources\UI\Car\source\e1499.fbx@abfeabackground: #aaff85; color: #000;color: #000;
2026-8-30 16:04:38-debug: %cReImport%c: D:\GameByself\Cocos\Project1\assets\resources\UI\Car\source\e1499.fbx@5afd6background: #aaff85; color: #000;color: #000;
2026-8-30 16:04:38-debug: %cReImport%c: D:\GameByself\Cocos\Project1\assets\resources\UI\Car\source\e1499.fbx@ea692background: #aaff85; color: #000;color: #000;
2026-8-30 16:04:38-debug: %cReImport%c: D:\GameByself\Cocos\Project1\assets\resources\UI\Car\source\e1499.fbx@f8d3abackground: #aaff85; color: #000;color: #000;
2026-8-30 16:04:38-debug: %cReImport%c: D:\GameByself\Cocos\Project1\assets\resources\UI\Car\source\e1499.fbx@825a9background: #aaff85; color: #000;color: #000;
2026-8-30 16:04:39-debug: %cReImport%c: D:\GameByself\Cocos\Project1\assets\resources\UI\Car\source\e1499.fbx@3419abackground: #aaff85; color: #000;color: #000;
2026-8-30 16:04:39-debug: %cReImport%c: D:\GameByself\Cocos\Project1\assets\resources\UI\Car\source\e1499.fbx@329a5background: #aaff85; color: #000;color: #000;
2026-8-30 16:04:39-debug: %cReImport%c: D:\GameByself\Cocos\Project1\assets\resources\UI\Car\source\e1499.fbx@4a707background: #aaff85; color: #000;color: #000;
2026-8-30 16:04:39-debug: %cReImport%c: D:\GameByself\Cocos\Project1\assets\resources\UI\Car\source\e1499.fbx@c62acbackground: #aaff85; color: #000;color: #000;
2026-8-30 16:04:39-debug: %cReImport%c: D:\GameByself\Cocos\Project1\assets\resources\UI\Car\source\e1499.fbx@7aacbbackground: #aaff85; color: #000;color: #000;
2026-8-30 16:04:39-debug: %cReImport%c: D:\GameByself\Cocos\Project1\assets\resources\UI\Car\source\e1499.fbx@9cfcabackground: #aaff85; color: #000;color: #000;
2026-8-30 16:04:39-debug: %cReImport%c: D:\GameByself\Cocos\Project1\assets\resources\UI\Car\source\e1499.fbx@d0db1background: #aaff85; color: #000;color: #000;
2026-8-30 16:04:39-debug: %cReImport%c: D:\GameByself\Cocos\Project1\assets\resources\UI\Car\source\e1499.fbx@81bd5background: #aaff85; color: #000;color: #000;
2026-8-30 16:04:39-debug: %cReImport%c: D:\GameByself\Cocos\Project1\assets\resources\UI\Car\source\e1499.fbx@106cdbackground: #aaff85; color: #000;color: #000;
2026-8-30 16:04:39-debug: %cReImport%c: D:\GameByself\Cocos\Project1\assets\resources\UI\Car\source\e1499.fbx@c8544background: #aaff85; color: #000;color: #000;
2026-8-30 16:04:39-debug: %cReImport%c: D:\GameByself\Cocos\Project1\assets\resources\UI\Car\source\e1499.fbx@ec91ebackground: #aaff85; color: #000;color: #000;
2026-8-30 16:04:39-debug: %cReImport%c: D:\GameByself\Cocos\Project1\assets\resources\UI\Car\source\e1499.fbx@5f8c5background: #aaff85; color: #000;color: #000;
2026-8-30 16:04:39-debug: %cReImport%c: D:\GameByself\Cocos\Project1\assets\resources\UI\Car\source\e1499.fbx@0a087background: #aaff85; color: #000;color: #000;
2026-8-30 16:04:39-debug: %cReImport%c: D:\GameByself\Cocos\Project1\assets\resources\UI\Car\source\e1499.fbx@3b99ebackground: #aaff85; color: #000;color: #000;
2026-8-30 16:04:39-debug: %cReImport%c: D:\GameByself\Cocos\Project1\assets\resources\UI\Car\source\e1499.fbx@03256background: #aaff85; color: #000;color: #000;
2026-8-30 16:04:39-debug: %cReImport%c: D:\GameByself\Cocos\Project1\assets\resources\UI\Car\source\e1499.fbx@f3601background: #aaff85; color: #000;color: #000;
2026-8-30 16:04:39-debug: %cReImport%c: D:\GameByself\Cocos\Project1\assets\resources\UI\Car\source\e1499.fbx@6f130background: #aaff85; color: #000;color: #000;
2026-8-30 16:04:39-debug: %cReImport%c: D:\GameByself\Cocos\Project1\assets\resources\UI\Car\source\e1499.fbx@12ebebackground: #aaff85; color: #000;color: #000;
2026-8-30 16:04:39-debug: %cReImport%c: D:\GameByself\Cocos\Project1\assets\resources\UI\Car\source\e1499.fbx@0b29ebackground: #aaff85; color: #000;color: #000;
2026-8-30 16:04:39-debug: %cReImport%c: D:\GameByself\Cocos\Project1\assets\resources\UI\Car\source\e1499.fbx@993a1background: #aaff85; color: #000;color: #000;
2026-8-30 16:04:39-debug: %cReImport%c: D:\GameByself\Cocos\Project1\assets\resources\UI\Car\source\e1499.fbx@5e49ebackground: #aaff85; color: #000;color: #000;
2026-8-30 16:04:39-debug: %cReImport%c: D:\GameByself\Cocos\Project1\assets\resources\UI\Car\source\e1499.fbx@ef396background: #aaff85; color: #000;color: #000;
2026-8-30 16:04:39-debug: %cReImport%c: D:\GameByself\Cocos\Project1\assets\resources\UI\Car\source\e1499.fbx@0991fbackground: #aaff85; color: #000;color: #000;
2026-8-30 16:04:39-debug: %cReImport%c: D:\GameByself\Cocos\Project1\assets\resources\UI\Car\source\e1499.fbx@84cbbbackground: #aaff85; color: #000;color: #000;
2026-8-30 16:04:39-debug: %cReImport%c: D:\GameByself\Cocos\Project1\assets\resources\UI\Car\source\e1499.fbx@a3593background: #aaff85; color: #000;color: #000;
2026-8-30 16:04:39-debug: %cReImport%c: D:\GameByself\Cocos\Project1\assets\resources\UI\Car\source\e1499.fbx@15db7background: #aaff85; color: #000;color: #000;
2026-8-30 16:04:39-debug: %cReImport%c: D:\GameByself\Cocos\Project1\assets\resources\UI\Car\source\e1499.fbx@0a1efbackground: #aaff85; color: #000;color: #000;
2026-8-30 16:04:39-debug: %cReImport%c: D:\GameByself\Cocos\Project1\assets\resources\UI\Car\source\e1499.fbx@05da8background: #aaff85; color: #000;color: #000;
2026-8-30 16:04:39-debug: %cReImport%c: D:\GameByself\Cocos\Project1\assets\resources\UI\Car\source\e1499.fbx@b8518background: #aaff85; color: #000;color: #000;
2026-8-30 16:04:39-debug: %cReImport%c: D:\GameByself\Cocos\Project1\assets\resources\UI\Car\source\e1499.fbx@97b5cbackground: #aaff85; color: #000;color: #000;
2026-8-30 16:04:39-debug: %cReImport%c: D:\GameByself\Cocos\Project1\assets\resources\UI\Car\source\e1499.fbx@9e7e2background: #aaff85; color: #000;color: #000;
2026-8-30 16:04:39-debug: %cReImport%c: D:\GameByself\Cocos\Project1\assets\resources\UI\Car\source\e1499.fbx@d8b62background: #aaff85; color: #000;color: #000;
2026-8-30 16:04:39-debug: asset-db:reimport-assetfd254580-5748-4d8d-b564-965f551398e6 (542ms)
2026-8-30 16:05:02-debug: refresh db internal success
2026-8-30 16:05:02-debug: %cImport%c: D:\GameByself\Cocos\Project1\assets\resources\UI\Car\sourcebackground: #aaff85; color: #000;color: #000;
2026-8-30 16:05:02-debug: refresh db assets success
2026-8-30 16:05:02-debug: Run asset db hook engine-extends:afterRefresh ...
2026-8-30 16:05:02-debug: Run asset db hook engine-extends:afterRefresh success!
2026-8-30 16:05:02-debug: asset-db:refresh-all-database (138ms)
2026-8-30 16:05:02-debug: asset-db:worker-effect-data-processing (2ms)
2026-8-30 16:05:02-debug: asset-db-hook-engine-extends-afterRefresh (2ms)
2026-8-30 16:05:13-debug: refresh db internal success
2026-8-30 16:05:13-debug: refresh db assets success
2026-8-30 16:05:13-debug: Run asset db hook engine-extends:afterRefresh ...
2026-8-30 16:05:13-debug: Run asset db hook engine-extends:afterRefresh success!
2026-8-30 16:05:13-debug: asset-db:refresh-all-database (114ms)
2026-8-30 16:05:13-debug: asset-db:worker-effect-data-processing (1ms)
2026-8-30 16:05:13-debug: asset-db-hook-engine-extends-afterRefresh (1ms)
2026-8-30 16:07:22-debug: refresh db internal success
2026-8-30 16:07:22-debug: Run asset db hook engine-extends:afterRefresh ...
2026-8-30 16:07:22-debug: Run asset db hook engine-extends:afterRefresh success!
2026-8-30 16:07:22-debug: refresh db assets success
2026-8-30 16:07:22-debug: asset-db:worker-effect-data-processing (1ms)
2026-8-30 16:07:22-debug: asset-db:refresh-all-database (119ms)
2026-8-30 16:07:22-debug: asset-db-hook-engine-extends-afterRefresh (2ms)
2026-8-30 16:07:24-debug: start remove asset D:\GameByself\Cocos\Project1\assets\resources\UI\Car...
2026-8-30 16:07:24-debug: start refresh asset from D:\GameByself\Cocos\Project1\assets\resources\UI\Car...
2026-8-30 16:07:24-debug: %cDestroy%c: D:\GameByself\Cocos\Project1\assets\resources\UI\Carbackground: #ffb8b8; color: #000;color: #000;
2026-8-30 16:07:24-debug: %cDestroy%c: D:\GameByself\Cocos\Project1\assets\resources\UI\Car\source\e1499.fbx@52719background: #ffb8b8; color: #000;color: #000;
2026-8-30 16:07:24-debug: %cDestroy%c: D:\GameByself\Cocos\Project1\assets\resources\UI\Car\sourcebackground: #ffb8b8; color: #000;color: #000;
2026-8-30 16:07:24-debug: %cDestroy%c: D:\GameByself\Cocos\Project1\assets\resources\UI\Car\texturesbackground: #ffb8b8; color: #000;color: #000;
2026-8-30 16:07:24-debug: %cDestroy%c: D:\GameByself\Cocos\Project1\assets\resources\UI\Car\textures\car_ford_mustang_mach_e1400_df_mk_Out_mask.png@6c48abackground: #ffb8b8; color: #000;color: #000;
2026-8-30 16:07:24-debug: %cDestroy%c: D:\GameByself\Cocos\Project1\assets\resources\UI\Car\textures\car_ford_mustang_mach_e1400_df_Out.png@6c48abackground: #ffb8b8; color: #000;color: #000;
2026-8-30 16:07:24-debug: %cDestroy%c: D:\GameByself\Cocos\Project1\assets\resources\UI\Car\textures\car_ford_mustang_mach_e1400_glows_Out.png@6c48abackground: #ffb8b8; color: #000;color: #000;
2026-8-30 16:07:24-debug: %cDestroy%c: D:\GameByself\Cocos\Project1\assets\resources\UI\Car\textures\car_ford_mustang_mach_e1400_occ_mk_Out_mas.png@6c48abackground: #ffb8b8; color: #000;color: #000;
2026-8-30 16:07:24-debug: %cDestroy%c: D:\GameByself\Cocos\Project1\assets\resources\UI\Car\textures\car_ford_mustang_mach_e1400_df_mk_Out_mask.pngbackground: #ffb8b8; color: #000;color: #000;
2026-8-30 16:07:24-debug: %cDestroy%c: D:\GameByself\Cocos\Project1\assets\resources\UI\Car\textures\car_ford_mustang_mach_e1400_df_Out.pngbackground: #ffb8b8; color: #000;color: #000;
2026-8-30 16:07:24-debug: %cDestroy%c: D:\GameByself\Cocos\Project1\assets\resources\UI\Car\textures\car_ford_mustang_mach_e1400_glows_Out.pngbackground: #ffb8b8; color: #000;color: #000;
2026-8-30 16:07:24-debug: %cDestroy%c: D:\GameByself\Cocos\Project1\assets\resources\UI\Car\textures\car_ford_mustang_mach_e1400_occ_mk_Out_mas.pngbackground: #ffb8b8; color: #000;color: #000;
2026-8-30 16:07:24-debug: %cDestroy%c: D:\GameByself\Cocos\Project1\assets\resources\UI\Car\source\e1499.fbx@62029background: #ffb8b8; color: #000;color: #000;
2026-8-30 16:07:24-debug: %cDestroy%c: D:\GameByself\Cocos\Project1\assets\resources\UI\Car\textures\car_ford_mustang_mach_e1400_occ_Out.png@6c48abackground: #ffb8b8; color: #000;color: #000;
2026-8-30 16:07:24-debug: %cDestroy%c: D:\GameByself\Cocos\Project1\assets\resources\UI\Car\textures\car_tyres_new_occ_Out.png@6c48abackground: #ffb8b8; color: #000;color: #000;
2026-8-30 16:07:24-debug: %cDestroy%c: D:\GameByself\Cocos\Project1\assets\resources\UI\Car\source\Materials_e1499background: #ffb8b8; color: #000;color: #000;
2026-8-30 16:07:24-debug: %cDestroy%c: D:\GameByself\Cocos\Project1\assets\resources\UI\Car\source\e1499.fbx@90896background: #ffb8b8; color: #000;color: #000;
2026-8-30 16:07:24-debug: %cDestroy%c: D:\GameByself\Cocos\Project1\assets\resources\UI\Car\source\Materials_e1499\Material.001.mtlbackground: #ffb8b8; color: #000;color: #000;
2026-8-30 16:07:24-debug: %cDestroy%c: D:\GameByself\Cocos\Project1\assets\resources\UI\Car\source\Materials_e1499\Material.002.mtlbackground: #ffb8b8; color: #000;color: #000;
2026-8-30 16:07:24-debug: %cDestroy%c: D:\GameByself\Cocos\Project1\assets\resources\UI\Car\textures\car_ford_mustang_mach_e1400_occ_Out.pngbackground: #ffb8b8; color: #000;color: #000;
2026-8-30 16:07:24-debug: %cDestroy%c: D:\GameByself\Cocos\Project1\assets\resources\UI\Car\textures\car_tyres_new_occ_Out.pngbackground: #ffb8b8; color: #000;color: #000;
2026-8-30 16:07:24-debug: %cDestroy%c: D:\GameByself\Cocos\Project1\assets\resources\UI\Car\source\Materials_e1499\Material.006.mtlbackground: #ffb8b8; color: #000;color: #000;
2026-8-30 16:07:24-debug: %cDestroy%c: D:\GameByself\Cocos\Project1\assets\resources\UI\Car\source\e1499.fbx@91797background: #ffb8b8; color: #000;color: #000;
2026-8-30 16:07:24-debug: %cDestroy%c: D:\GameByself\Cocos\Project1\assets\resources\UI\Car\source\Materials_e1499\Material.013.mtlbackground: #ffb8b8; color: #000;color: #000;
2026-8-30 16:07:24-debug: %cDestroy%c: D:\GameByself\Cocos\Project1\assets\resources\UI\Car\source\Materials_e1499\Material.012.mtlbackground: #ffb8b8; color: #000;color: #000;
2026-8-30 16:07:24-debug: %cDestroy%c: D:\GameByself\Cocos\Project1\assets\resources\UI\Car\source\Materials_e1499\Material.005.mtlbackground: #ffb8b8; color: #000;color: #000;
2026-8-30 16:07:24-debug: %cDestroy%c: D:\GameByself\Cocos\Project1\assets\resources\UI\Car\source\e1499.fbx@789d6background: #ffb8b8; color: #000;color: #000;
2026-8-30 16:07:24-debug: %cDestroy%c: D:\GameByself\Cocos\Project1\assets\resources\UI\Car\source\e1499.fbx@d868ebackground: #ffb8b8; color: #000;color: #000;
2026-8-30 16:07:24-debug: %cDestroy%c: D:\GameByself\Cocos\Project1\assets\resources\UI\Car\source\e1499.fbx@4b028background: #ffb8b8; color: #000;color: #000;
2026-8-30 16:07:24-debug: %cDestroy%c: D:\GameByself\Cocos\Project1\assets\resources\UI\Car\source\e1499.fbx@d09f4background: #ffb8b8; color: #000;color: #000;
2026-8-30 16:07:24-debug: %cDestroy%c: D:\GameByself\Cocos\Project1\assets\resources\UI\Car\source\e1499.fbx@abfeabackground: #ffb8b8; color: #000;color: #000;
2026-8-30 16:07:24-debug: %cDestroy%c: D:\GameByself\Cocos\Project1\assets\resources\UI\Car\source\e1499.fbx@5afd6background: #ffb8b8; color: #000;color: #000;
2026-8-30 16:07:24-debug: %cDestroy%c: D:\GameByself\Cocos\Project1\assets\resources\UI\Car\source\e1499.fbx@ea692background: #ffb8b8; color: #000;color: #000;
2026-8-30 16:07:24-debug: %cDestroy%c: D:\GameByself\Cocos\Project1\assets\resources\UI\Car\source\e1499.fbx@f8d3abackground: #ffb8b8; color: #000;color: #000;
2026-8-30 16:07:24-debug: %cDestroy%c: D:\GameByself\Cocos\Project1\assets\resources\UI\Car\source\e1499.fbx@825a9background: #ffb8b8; color: #000;color: #000;
2026-8-30 16:07:24-debug: %cDestroy%c: D:\GameByself\Cocos\Project1\assets\resources\UI\Car\source\e1499.fbx@3419abackground: #ffb8b8; color: #000;color: #000;
2026-8-30 16:07:24-debug: %cDestroy%c: D:\GameByself\Cocos\Project1\assets\resources\UI\Car\source\e1499.fbx@329a5background: #ffb8b8; color: #000;color: #000;
2026-8-30 16:07:24-debug: %cDestroy%c: D:\GameByself\Cocos\Project1\assets\resources\UI\Car\source\e1499.fbx@4a707background: #ffb8b8; color: #000;color: #000;
2026-8-30 16:07:24-debug: %cDestroy%c: D:\GameByself\Cocos\Project1\assets\resources\UI\Car\source\e1499.fbx@c62acbackground: #ffb8b8; color: #000;color: #000;
2026-8-30 16:07:24-debug: %cDestroy%c: D:\GameByself\Cocos\Project1\assets\resources\UI\Car\source\e1499.fbx@7aacbbackground: #ffb8b8; color: #000;color: #000;
2026-8-30 16:07:24-debug: %cDestroy%c: D:\GameByself\Cocos\Project1\assets\resources\UI\Car\source\e1499.fbx@9cfcabackground: #ffb8b8; color: #000;color: #000;
2026-8-30 16:07:24-debug: %cDestroy%c: D:\GameByself\Cocos\Project1\assets\resources\UI\Car\source\e1499.fbx@d0db1background: #ffb8b8; color: #000;color: #000;
2026-8-30 16:07:24-debug: refresh db internal success
2026-8-30 16:07:24-debug: %cDestroy%c: D:\GameByself\Cocos\Project1\assets\resources\UI\Car\source\e1499.fbx@81bd5background: #ffb8b8; color: #000;color: #000;
2026-8-30 16:07:24-debug: %cDestroy%c: D:\GameByself\Cocos\Project1\assets\resources\UI\Car\source\e1499.fbx@106cdbackground: #ffb8b8; color: #000;color: #000;
2026-8-30 16:07:24-debug: %cDestroy%c: D:\GameByself\Cocos\Project1\assets\resources\UI\Car\source\e1499.fbx@c8544background: #ffb8b8; color: #000;color: #000;
2026-8-30 16:07:24-debug: %cDestroy%c: D:\GameByself\Cocos\Project1\assets\resources\UI\Car\source\e1499.fbx@ec91ebackground: #ffb8b8; color: #000;color: #000;
2026-8-30 16:07:24-debug: %cDestroy%c: D:\GameByself\Cocos\Project1\assets\resources\UI\Car\source\e1499.fbx@5f8c5background: #ffb8b8; color: #000;color: #000;
2026-8-30 16:07:24-debug: %cDestroy%c: D:\GameByself\Cocos\Project1\assets\resources\UI\Car\source\e1499.fbx@0a087background: #ffb8b8; color: #000;color: #000;
2026-8-30 16:07:24-debug: %cDestroy%c: D:\GameByself\Cocos\Project1\assets\resources\UI\Car\source\e1499.fbx@3b99ebackground: #ffb8b8; color: #000;color: #000;
2026-8-30 16:07:24-debug: %cDestroy%c: D:\GameByself\Cocos\Project1\assets\resources\UI\Car\source\e1499.fbx@03256background: #ffb8b8; color: #000;color: #000;
2026-8-30 16:07:24-debug: %cDestroy%c: D:\GameByself\Cocos\Project1\assets\resources\UI\Car\source\e1499.fbx@f3601background: #ffb8b8; color: #000;color: #000;
2026-8-30 16:07:24-debug: %cDestroy%c: D:\GameByself\Cocos\Project1\assets\resources\UI\Car\source\e1499.fbx@6f130background: #ffb8b8; color: #000;color: #000;
2026-8-30 16:07:24-debug: %cDestroy%c: D:\GameByself\Cocos\Project1\assets\resources\UI\Car\source\e1499.fbx@12ebebackground: #ffb8b8; color: #000;color: #000;
2026-8-30 16:07:24-debug: %cDestroy%c: D:\GameByself\Cocos\Project1\assets\resources\UI\Car\source\e1499.fbx@0b29ebackground: #ffb8b8; color: #000;color: #000;
2026-8-30 16:07:24-debug: %cDestroy%c: D:\GameByself\Cocos\Project1\assets\resources\UI\Car\source\e1499.fbx@993a1background: #ffb8b8; color: #000;color: #000;
2026-8-30 16:07:24-debug: %cDestroy%c: D:\GameByself\Cocos\Project1\assets\resources\UI\Car\source\e1499.fbx@5e49ebackground: #ffb8b8; color: #000;color: #000;
2026-8-30 16:07:24-debug: %cDestroy%c: D:\GameByself\Cocos\Project1\assets\resources\UI\Car\source\e1499.fbx@ef396background: #ffb8b8; color: #000;color: #000;
2026-8-30 16:07:24-debug: %cDestroy%c: D:\GameByself\Cocos\Project1\assets\resources\UI\Car\source\e1499.fbx@0991fbackground: #ffb8b8; color: #000;color: #000;
2026-8-30 16:07:24-debug: %cDestroy%c: D:\GameByself\Cocos\Project1\assets\resources\UI\Car\source\e1499.fbx@84cbbbackground: #ffb8b8; color: #000;color: #000;
2026-8-30 16:07:24-debug: %cDestroy%c: D:\GameByself\Cocos\Project1\assets\resources\UI\Car\source\e1499.fbx@a3593background: #ffb8b8; color: #000;color: #000;
2026-8-30 16:07:24-debug: %cDestroy%c: D:\GameByself\Cocos\Project1\assets\resources\UI\Car\source\e1499.fbx@15db7background: #ffb8b8; color: #000;color: #000;
2026-8-30 16:07:24-debug: %cDestroy%c: D:\GameByself\Cocos\Project1\assets\resources\UI\Car\source\e1499.fbx@0a1efbackground: #ffb8b8; color: #000;color: #000;
2026-8-30 16:07:24-debug: %cDestroy%c: D:\GameByself\Cocos\Project1\assets\resources\UI\Car\source\e1499.fbx@05da8background: #ffb8b8; color: #000;color: #000;
2026-8-30 16:07:24-debug: %cDestroy%c: D:\GameByself\Cocos\Project1\assets\resources\UI\Car\source\e1499.fbx@b8518background: #ffb8b8; color: #000;color: #000;
2026-8-30 16:07:24-debug: %cDestroy%c: D:\GameByself\Cocos\Project1\assets\resources\UI\Car\source\e1499.fbx@97b5cbackground: #ffb8b8; color: #000;color: #000;
2026-8-30 16:07:24-debug: %cDestroy%c: D:\GameByself\Cocos\Project1\assets\resources\UI\Car\source\e1499.fbx@9e7e2background: #ffb8b8; color: #000;color: #000;
2026-8-30 16:07:24-debug: %cDestroy%c: D:\GameByself\Cocos\Project1\assets\resources\UI\Car\source\e1499.fbx@d8b62background: #ffb8b8; color: #000;color: #000;
2026-8-30 16:07:24-debug: %cDestroy%c: D:\GameByself\Cocos\Project1\assets\resources\UI\Car\source\e1499.fbxbackground: #ffb8b8; color: #000;color: #000;
2026-8-30 16:07:24-debug: %cImport%c: D:\GameByself\Cocos\Project1\assets\resources\UIbackground: #aaff85; color: #000;color: #000;
2026-8-30 16:07:24-log: 资源数据库已锁定，资源操作(bound autoRefreshAssetLazy)将会延迟响应，请稍侯
2026-8-30 16:07:24-debug: remove asset D:\GameByself\Cocos\Project1\assets\resources\UI\Car success
2026-8-30 16:07:24-debug: refresh asset D:\GameByself\Cocos\Project1\assets\resources\UI success
2026-8-30 16:07:24-debug: refresh db assets success
2026-8-30 16:07:24-debug: Run asset db hook engine-extends:afterRefresh success!
2026-8-30 16:07:24-debug: Run asset db hook engine-extends:afterRefresh ...
2026-8-30 16:07:24-debug: asset-db:worker-effect-data-processing (3ms)
2026-8-30 16:07:24-debug: asset-db:refresh-all-database (335ms)
2026-8-30 16:07:24-debug: asset-db-hook-engine-extends-afterRefresh (3ms)
2026-8-30 16:08:09-debug: refresh db internal success
2026-8-30 16:08:09-debug: refresh db assets success
2026-8-30 16:08:09-debug: Run asset db hook engine-extends:afterRefresh ...
2026-8-30 16:08:09-debug: Run asset db hook engine-extends:afterRefresh success!
2026-8-30 16:08:09-debug: asset-db:refresh-all-database (120ms)
2026-8-30 16:08:09-debug: asset-db:worker-effect-data-processing (2ms)
2026-8-30 16:08:09-debug: asset-db-hook-engine-extends-afterRefresh (2ms)
2026-8-30 16:08:55-debug: refresh db internal success
2026-8-30 16:08:55-debug: refresh db assets success
2026-8-30 16:08:55-debug: Run asset db hook engine-extends:afterRefresh ...
2026-8-30 16:08:55-debug: Run asset db hook engine-extends:afterRefresh success!
2026-8-30 16:08:55-debug: asset-db:refresh-all-database (105ms)
2026-8-30 16:08:55-debug: asset-db:worker-effect-data-processing (1ms)
2026-8-30 16:08:55-debug: asset-db-hook-engine-extends-afterRefresh (2ms)
2026-8-30 16:09:03-debug: refresh db internal success
2026-8-30 16:09:03-debug: refresh db assets success
2026-8-30 16:09:03-debug: Run asset db hook engine-extends:afterRefresh ...
2026-8-30 16:09:03-debug: Run asset db hook engine-extends:afterRefresh success!
2026-8-30 16:09:03-debug: asset-db:refresh-all-database (102ms)
2026-8-30 16:09:03-debug: asset-db:worker-effect-data-processing (2ms)
2026-8-30 16:09:03-debug: asset-db-hook-engine-extends-afterRefresh (2ms)
2026-8-30 16:09:05-debug: refresh db internal success
2026-8-30 16:09:05-debug: refresh db assets success
2026-8-30 16:09:05-debug: Run asset db hook engine-extends:afterRefresh ...
2026-8-30 16:09:05-debug: Run asset db hook engine-extends:afterRefresh success!
2026-8-30 16:09:05-debug: asset-db:refresh-all-database (107ms)
2026-8-30 16:09:05-debug: asset-db:worker-effect-data-processing (1ms)
2026-8-30 16:09:05-debug: asset-db-hook-engine-extends-afterRefresh (2ms)
2026-8-30 16:10:11-debug: refresh db internal success
2026-8-30 16:10:11-debug: %cImport%c: D:\GameByself\Cocos\Project1\assets\Scripts\Car.tsbackground: #aaff85; color: #000;color: #000;
2026-8-30 16:10:11-debug: refresh db assets success
2026-8-30 16:10:11-debug: Run asset db hook engine-extends:afterRefresh ...
2026-8-30 16:10:11-debug: Run asset db hook engine-extends:afterRefresh success!
2026-8-30 16:10:11-debug: asset-db:refresh-all-database (108ms)
2026-8-30 16:10:11-debug: asset-db:worker-effect-data-processing (3ms)
2026-8-30 16:10:11-debug: asset-db-hook-engine-extends-afterRefresh (3ms)
2026-8-30 16:10:13-debug: Query all assets info in project
2026-8-30 16:10:13-debug: init custom config: keepNodeUuid: false, useCache: true
2026-8-30 16:10:13-debug: Skip compress image, progress: 0%
2026-8-30 16:10:13-debug: Init all bundles start..., progress: 0%
2026-8-30 16:10:13-debug: Num of bundles: 3..., progress: 0%
2026-8-30 16:10:13-debug: 查询 Asset Bundle start, progress: 0%
2026-8-30 16:10:13-debug: // ---- build task 查询 Asset Bundle ----
2026-8-30 16:10:13-debug: Init bundle root assets start..., progress: 0%
2026-8-30 16:10:13-debug:   Number of all scenes: 1
2026-8-30 16:10:13-debug: Query preload assets/scripts from cc.config.json: 60f7195c-ec2a-45eb-ba94-8955f60e81d0,1c02ae6f-4492-4915-b8f8-7492a3b1e4cd,810e96e4-e456-4468-9b59-f4e8f39732c0,efe8e2a3-eace-427b-b4f1-cb8a937ec77d,e9aa9a3e-5b2b-4ac7-a2c7-073de2b2b24f,8bbdbcdd-5cd4-4100-b6d5-b7c9625b6107,50f4348b-c883-4e2f-8f11-ce233b859fa1,fda095cb-831d-4601-ad94-846013963de8,f92806d7-1768-443f-afe8-12bcde84d0f0,dd3a144d-ab7f-41f0-82b8-2e43a090d496,f0416e68-0200-4b77-a926-4f9d16e494da,511d2633-09a7-4bdd-ac42-f778032124b3,5d45aa00-e064-4938-b314-4265f0c2258c,9361fd90-ba52-4f84-aa93-6e878fd576ca,970b0598-bcb0-4714-91fb-2e81440dccd8,bcd64cc6-2dd9-43f6-abbe-66318d332032,d930590d-bb92-4cc8-8bd1-23cd027f9edf,a3cd009f-0ab0-420d-9278-b9fdab939bbc,6a2d0734-bd9e-4ddf-946e-caa52498cb75,c27215d8-6835-4b68-bfbb-bdeac6100c04,b5d6115f-0370-4d7c-aad3-c194cc71cf98,d1346436-ac96-4271-b863-1f4fdead95b0,971bdb23-3ff6-43eb-b422-1c30165a3663,17debcc3-0a6b-4b8a-b00b-dc58b885581e,711ebe11-f673-4cd9-9a83-63c60ba54c5b,c0143906-9aed-447e-9436-2ae8512d1b6e,14da1725-c4c2-42b4-ab08-ee0aeb6898b3,081cab31-dccd-428e-8652-f2404cc81c47,78e0584a-4343-4727-8f37-e14e65c2a2db,ba21476f-2866-4f81-9c4d-6e359316e448,871c3b6c-7379-419d-bda3-794b239ab90d,1d08ef62-a503-4ce2-8b9a-46c90873f7d3,ff9b0199-ce04-4cfe-86cc-6c719f08d6e4,de1c2107-70c8-4021-8459-6399f24d01c6,cbf30902-517f-40dc-af90-a550bac27cf1,5c601d96-e4c7-4698-991b-7ee674b11079
2026-8-30 16:10:13-debug:   Number of all scripts: 7
2026-8-30 16:10:13-debug:   Number of other assets: 318
2026-8-30 16:10:13-debug: Init bundle root assets success..., progress: 0%
2026-8-30 16:10:13-debug: // ---- build task 查询 Asset Bundle ---- (13ms)
2026-8-30 16:10:13-debug: [Build Memory track]: 查询 Asset Bundle start:234.17MB, end 233.92MB, increase: -257.92KB
2026-8-30 16:10:13-debug: // ---- build task 查询 Asset Bundle ----
2026-8-30 16:10:13-log: run build task 查询 Asset Bundle success in 13 ms√, progress: 5%
2026-8-30 16:10:13-debug: 查询 Asset Bundle start, progress: 5%
2026-8-30 16:10:13-debug: // ---- build task 查询 Asset Bundle ---- (6ms)
2026-8-30 16:10:13-log: run build task 查询 Asset Bundle success in 6 ms√, progress: 10%
2026-8-30 16:10:13-debug: [Build Memory track]: 查询 Asset Bundle start:233.95MB, end 234.05MB, increase: 104.09KB
2026-8-30 16:10:13-debug: 整理部分构建选项内数据到 settings.json start, progress: 10%
2026-8-30 16:10:13-debug: // ---- build task 整理部分构建选项内数据到 settings.json ----
2026-8-30 16:10:13-debug: // ---- build task 整理部分构建选项内数据到 settings.json ---- (3ms)
2026-8-30 16:10:13-log: run build task 整理部分构建选项内数据到 settings.json success in 3 ms√, progress: 12%
2026-8-30 16:10:13-debug: // ---- build task 填充脚本数据到 settings.json ----
2026-8-30 16:10:13-debug: [Build Memory track]: 整理部分构建选项内数据到 settings.json start:234.08MB, end 234.11MB, increase: 27.96KB
2026-8-30 16:10:13-debug: 填充脚本数据到 settings.json start, progress: 12%
2026-8-30 16:10:13-debug: // ---- build task 填充脚本数据到 settings.json ---- (1ms)
2026-8-30 16:10:13-log: run build task 填充脚本数据到 settings.json success in 1 ms√, progress: 13%
2026-8-30 16:10:13-debug: [Build Memory track]: 填充脚本数据到 settings.json start:234.14MB, end 234.16MB, increase: 24.65KB
2026-8-30 16:10:13-debug: 整理部分构建选项内数据到 settings.json start, progress: 13%
2026-8-30 16:10:13-debug: // ---- build task 整理部分构建选项内数据到 settings.json ----
2026-8-30 16:10:13-debug: // ---- build task 整理部分构建选项内数据到 settings.json ---- (12ms)
2026-8-30 16:10:13-log: run build task 整理部分构建选项内数据到 settings.json success in 12 ms√, progress: 15%
2026-8-30 16:10:13-debug: [Build Memory track]: 整理部分构建选项内数据到 settings.json start:234.19MB, end 234.32MB, increase: 130.64KB
2026-8-30 16:10:27-debug: refresh db internal success
2026-8-30 16:10:27-debug: refresh db assets success
2026-8-30 16:10:27-debug: Run asset db hook engine-extends:afterRefresh ...
2026-8-30 16:10:27-debug: Run asset db hook engine-extends:afterRefresh success!
2026-8-30 16:10:27-debug: asset-db:refresh-all-database (102ms)
2026-8-30 16:10:27-debug: asset-db:worker-effect-data-processing (1ms)
2026-8-30 16:10:27-debug: asset-db-hook-engine-extends-afterRefresh (1ms)
2026-8-30 16:10:52-debug: refresh db internal success
2026-8-30 16:10:52-debug: %cImport%c: D:\GameByself\Cocos\Project1\assets\Scripts\Car.tsbackground: #aaff85; color: #000;color: #000;
2026-8-30 16:10:52-debug: refresh db assets success
2026-8-30 16:10:52-debug: Run asset db hook engine-extends:afterRefresh ...
2026-8-30 16:10:52-debug: Run asset db hook engine-extends:afterRefresh success!
2026-8-30 16:10:52-debug: asset-db:refresh-all-database (118ms)
2026-8-30 16:10:52-debug: asset-db:worker-effect-data-processing (3ms)
2026-8-30 16:10:52-debug: asset-db-hook-engine-extends-afterRefresh (3ms)
2026-8-30 16:10:53-debug: Query all assets info in project
2026-8-30 16:10:53-debug: init custom config: keepNodeUuid: false, useCache: true
2026-8-30 16:10:53-debug: Skip compress image, progress: 0%
2026-8-30 16:10:53-debug: Num of bundles: 3..., progress: 0%
2026-8-30 16:10:53-debug: Init all bundles start..., progress: 0%
2026-8-30 16:10:53-debug: // ---- build task 查询 Asset Bundle ----
2026-8-30 16:10:53-debug: 查询 Asset Bundle start, progress: 0%
2026-8-30 16:10:53-debug: Init bundle root assets start..., progress: 0%
2026-8-30 16:10:53-debug:   Number of all scenes: 1
2026-8-30 16:10:53-debug: Query preload assets/scripts from cc.config.json: 60f7195c-ec2a-45eb-ba94-8955f60e81d0,1c02ae6f-4492-4915-b8f8-7492a3b1e4cd,810e96e4-e456-4468-9b59-f4e8f39732c0,efe8e2a3-eace-427b-b4f1-cb8a937ec77d,e9aa9a3e-5b2b-4ac7-a2c7-073de2b2b24f,8bbdbcdd-5cd4-4100-b6d5-b7c9625b6107,50f4348b-c883-4e2f-8f11-ce233b859fa1,fda095cb-831d-4601-ad94-846013963de8,f92806d7-1768-443f-afe8-12bcde84d0f0,dd3a144d-ab7f-41f0-82b8-2e43a090d496,f0416e68-0200-4b77-a926-4f9d16e494da,511d2633-09a7-4bdd-ac42-f778032124b3,5d45aa00-e064-4938-b314-4265f0c2258c,9361fd90-ba52-4f84-aa93-6e878fd576ca,970b0598-bcb0-4714-91fb-2e81440dccd8,bcd64cc6-2dd9-43f6-abbe-66318d332032,d930590d-bb92-4cc8-8bd1-23cd027f9edf,a3cd009f-0ab0-420d-9278-b9fdab939bbc,6a2d0734-bd9e-4ddf-946e-caa52498cb75,c27215d8-6835-4b68-bfbb-bdeac6100c04,b5d6115f-0370-4d7c-aad3-c194cc71cf98,d1346436-ac96-4271-b863-1f4fdead95b0,971bdb23-3ff6-43eb-b422-1c30165a3663,17debcc3-0a6b-4b8a-b00b-dc58b885581e,711ebe11-f673-4cd9-9a83-63c60ba54c5b,c0143906-9aed-447e-9436-2ae8512d1b6e,14da1725-c4c2-42b4-ab08-ee0aeb6898b3,081cab31-dccd-428e-8652-f2404cc81c47,78e0584a-4343-4727-8f37-e14e65c2a2db,ba21476f-2866-4f81-9c4d-6e359316e448,871c3b6c-7379-419d-bda3-794b239ab90d,1d08ef62-a503-4ce2-8b9a-46c90873f7d3,ff9b0199-ce04-4cfe-86cc-6c719f08d6e4,de1c2107-70c8-4021-8459-6399f24d01c6,cbf30902-517f-40dc-af90-a550bac27cf1,5c601d96-e4c7-4698-991b-7ee674b11079
2026-8-30 16:10:53-debug:   Number of all scripts: 7
2026-8-30 16:10:53-debug:   Number of other assets: 318
2026-8-30 16:10:53-debug: Init bundle root assets success..., progress: 0%
2026-8-30 16:10:53-debug: // ---- build task 查询 Asset Bundle ---- (13ms)
2026-8-30 16:10:53-log: run build task 查询 Asset Bundle success in 13 ms√, progress: 5%
2026-8-30 16:10:53-debug: [Build Memory track]: 查询 Asset Bundle start:236.07MB, end 235.86MB, increase: -208.92KB
2026-8-30 16:10:53-debug: // ---- build task 查询 Asset Bundle ----
2026-8-30 16:10:53-debug: 查询 Asset Bundle start, progress: 5%
2026-8-30 16:10:53-debug: // ---- build task 查询 Asset Bundle ---- (6ms)
2026-8-30 16:10:53-log: run build task 查询 Asset Bundle success in 6 ms√, progress: 10%
2026-8-30 16:10:53-debug: // ---- build task 整理部分构建选项内数据到 settings.json ----
2026-8-30 16:10:53-debug: [Build Memory track]: 查询 Asset Bundle start:235.89MB, end 236.00MB, increase: 103.77KB
2026-8-30 16:10:53-debug: 整理部分构建选项内数据到 settings.json start, progress: 10%
2026-8-30 16:10:53-debug: // ---- build task 整理部分构建选项内数据到 settings.json ---- (3ms)
2026-8-30 16:10:53-log: run build task 整理部分构建选项内数据到 settings.json success in 3 ms√, progress: 12%
2026-8-30 16:10:53-debug: [Build Memory track]: 整理部分构建选项内数据到 settings.json start:236.03MB, end 236.05MB, increase: 26.11KB
2026-8-30 16:10:53-debug: 填充脚本数据到 settings.json start, progress: 12%
2026-8-30 16:10:53-debug: // ---- build task 填充脚本数据到 settings.json ----
2026-8-30 16:10:53-log: run build task 填充脚本数据到 settings.json success in 3 ms√, progress: 13%
2026-8-30 16:10:53-debug: // ---- build task 填充脚本数据到 settings.json ---- (3ms)
2026-8-30 16:10:53-debug: [Build Memory track]: 填充脚本数据到 settings.json start:236.08MB, end 236.11MB, increase: 24.96KB
2026-8-30 16:10:53-debug: 整理部分构建选项内数据到 settings.json start, progress: 13%
2026-8-30 16:10:53-debug: // ---- build task 整理部分构建选项内数据到 settings.json ----
2026-8-30 16:10:53-log: run build task 整理部分构建选项内数据到 settings.json success in 7 ms√, progress: 15%
2026-8-30 16:10:53-debug: // ---- build task 整理部分构建选项内数据到 settings.json ---- (7ms)
2026-8-30 16:10:53-debug: [Build Memory track]: 整理部分构建选项内数据到 settings.json start:236.14MB, end 236.26MB, increase: 126.09KB
2026-8-30 16:11:07-debug: refresh db internal success
2026-8-30 16:11:07-debug: refresh db assets success
2026-8-30 16:11:07-debug: Run asset db hook engine-extends:afterRefresh ...
2026-8-30 16:11:07-debug: Run asset db hook engine-extends:afterRefresh success!
2026-8-30 16:11:07-debug: asset-db:refresh-all-database (103ms)
2026-8-30 16:11:07-debug: asset-db:worker-effect-data-processing (2ms)
2026-8-30 16:11:07-debug: asset-db-hook-engine-extends-afterRefresh (2ms)
2026-8-30 16:11:08-debug: refresh db internal success
2026-8-30 16:11:08-debug: refresh db assets success
2026-8-30 16:11:08-debug: Run asset db hook engine-extends:afterRefresh ...
2026-8-30 16:11:08-debug: Run asset db hook engine-extends:afterRefresh success!
2026-8-30 16:11:08-debug: asset-db:refresh-all-database (106ms)
2026-8-30 16:11:08-debug: asset-db:worker-effect-data-processing (1ms)
2026-8-30 16:11:08-debug: asset-db-hook-engine-extends-afterRefresh (2ms)
2026-8-30 16:11:10-debug: refresh db internal success
2026-8-30 16:11:10-debug: refresh db assets success
2026-8-30 16:11:10-debug: Run asset db hook engine-extends:afterRefresh ...
2026-8-30 16:11:10-debug: Run asset db hook engine-extends:afterRefresh success!
2026-8-30 16:11:10-debug: asset-db:refresh-all-database (117ms)
2026-8-30 16:11:10-debug: asset-db:worker-effect-data-processing (1ms)
2026-8-30 16:11:10-debug: asset-db-hook-engine-extends-afterRefresh (3ms)
2026-8-30 16:14:11-debug: Query all assets info in project
2026-8-30 16:14:11-debug: init custom config: keepNodeUuid: false, useCache: true
2026-8-30 16:14:11-debug: Skip compress image, progress: 0%
2026-8-30 16:14:11-debug: Init all bundles start..., progress: 0%
2026-8-30 16:14:11-debug: Num of bundles: 3..., progress: 0%
2026-8-30 16:14:11-debug: // ---- build task 查询 Asset Bundle ----
2026-8-30 16:14:11-debug: 查询 Asset Bundle start, progress: 0%
2026-8-30 16:14:11-debug: Init bundle root assets start..., progress: 0%
2026-8-30 16:14:11-debug: Query preload assets/scripts from cc.config.json: 60f7195c-ec2a-45eb-ba94-8955f60e81d0,1c02ae6f-4492-4915-b8f8-7492a3b1e4cd,810e96e4-e456-4468-9b59-f4e8f39732c0,efe8e2a3-eace-427b-b4f1-cb8a937ec77d,e9aa9a3e-5b2b-4ac7-a2c7-073de2b2b24f,8bbdbcdd-5cd4-4100-b6d5-b7c9625b6107,50f4348b-c883-4e2f-8f11-ce233b859fa1,fda095cb-831d-4601-ad94-846013963de8,f92806d7-1768-443f-afe8-12bcde84d0f0,dd3a144d-ab7f-41f0-82b8-2e43a090d496,f0416e68-0200-4b77-a926-4f9d16e494da,511d2633-09a7-4bdd-ac42-f778032124b3,5d45aa00-e064-4938-b314-4265f0c2258c,9361fd90-ba52-4f84-aa93-6e878fd576ca,970b0598-bcb0-4714-91fb-2e81440dccd8,bcd64cc6-2dd9-43f6-abbe-66318d332032,d930590d-bb92-4cc8-8bd1-23cd027f9edf,a3cd009f-0ab0-420d-9278-b9fdab939bbc,6a2d0734-bd9e-4ddf-946e-caa52498cb75,c27215d8-6835-4b68-bfbb-bdeac6100c04,b5d6115f-0370-4d7c-aad3-c194cc71cf98,d1346436-ac96-4271-b863-1f4fdead95b0,971bdb23-3ff6-43eb-b422-1c30165a3663,17debcc3-0a6b-4b8a-b00b-dc58b885581e,711ebe11-f673-4cd9-9a83-63c60ba54c5b,c0143906-9aed-447e-9436-2ae8512d1b6e,14da1725-c4c2-42b4-ab08-ee0aeb6898b3,081cab31-dccd-428e-8652-f2404cc81c47,78e0584a-4343-4727-8f37-e14e65c2a2db,ba21476f-2866-4f81-9c4d-6e359316e448,871c3b6c-7379-419d-bda3-794b239ab90d,1d08ef62-a503-4ce2-8b9a-46c90873f7d3,ff9b0199-ce04-4cfe-86cc-6c719f08d6e4,de1c2107-70c8-4021-8459-6399f24d01c6,cbf30902-517f-40dc-af90-a550bac27cf1,5c601d96-e4c7-4698-991b-7ee674b11079
2026-8-30 16:14:11-debug:   Number of all scenes: 1
2026-8-30 16:14:11-debug:   Number of all scripts: 7
2026-8-30 16:14:11-debug:   Number of other assets: 318
2026-8-30 16:14:11-debug: Init bundle root assets success..., progress: 0%
2026-8-30 16:14:11-debug: // ---- build task 查询 Asset Bundle ---- (24ms)
2026-8-30 16:14:11-debug: [Build Memory track]: 查询 Asset Bundle start:238.27MB, end 237.98MB, increase: -300.11KB
2026-8-30 16:14:11-debug: 查询 Asset Bundle start, progress: 5%
2026-8-30 16:14:11-log: run build task 查询 Asset Bundle success in 24 ms√, progress: 5%
2026-8-30 16:14:11-debug: // ---- build task 查询 Asset Bundle ----
2026-8-30 16:14:11-debug: // ---- build task 查询 Asset Bundle ---- (16ms)
2026-8-30 16:14:11-debug: [Build Memory track]: 查询 Asset Bundle start:238.01MB, end 238.11MB, increase: 101.84KB
2026-8-30 16:14:11-debug: // ---- build task 整理部分构建选项内数据到 settings.json ----
2026-8-30 16:14:11-log: run build task 查询 Asset Bundle success in 16 ms√, progress: 10%
2026-8-30 16:14:11-debug: 整理部分构建选项内数据到 settings.json start, progress: 10%
2026-8-30 16:14:11-debug: // ---- build task 整理部分构建选项内数据到 settings.json ---- (8ms)
2026-8-30 16:14:11-log: run build task 整理部分构建选项内数据到 settings.json success in 8 ms√, progress: 12%
2026-8-30 16:14:11-debug: [Build Memory track]: 整理部分构建选项内数据到 settings.json start:238.14MB, end 238.16MB, increase: 25.98KB
2026-8-30 16:14:11-debug: 填充脚本数据到 settings.json start, progress: 12%
2026-8-30 16:14:11-debug: // ---- build task 填充脚本数据到 settings.json ----
2026-8-30 16:14:11-debug: // ---- build task 填充脚本数据到 settings.json ---- (9ms)
2026-8-30 16:14:11-log: run build task 填充脚本数据到 settings.json success in 9 ms√, progress: 13%
2026-8-30 16:14:11-debug: [Build Memory track]: 填充脚本数据到 settings.json start:238.19MB, end 238.22MB, increase: 25.50KB
2026-8-30 16:14:11-debug: 整理部分构建选项内数据到 settings.json start, progress: 13%
2026-8-30 16:14:11-debug: // ---- build task 整理部分构建选项内数据到 settings.json ----
2026-8-30 16:14:11-debug: // ---- build task 整理部分构建选项内数据到 settings.json ---- (21ms)
2026-8-30 16:14:11-log: run build task 整理部分构建选项内数据到 settings.json success in 21 ms√, progress: 15%
2026-8-30 16:14:11-debug: [Build Memory track]: 整理部分构建选项内数据到 settings.json start:238.25MB, end 238.39MB, increase: 142.44KB
2026-8-30 16:14:19-debug: refresh db internal success
2026-8-30 16:14:19-debug: refresh db assets success
2026-8-30 16:14:19-debug: Run asset db hook engine-extends:afterRefresh ...
2026-8-30 16:14:19-debug: Run asset db hook engine-extends:afterRefresh success!
2026-8-30 16:14:19-debug: asset-db:refresh-all-database (101ms)
2026-8-30 16:14:19-debug: asset-db-hook-engine-extends-afterRefresh (1ms)
2026-8-30 16:14:19-debug: %cImport%c: D:\GameByself\Cocos\Project1\assets\Scenes\scene.scenebackground: #aaff85; color: #000;color: #000;
2026-8-30 16:14:19-debug: asset-db:reimport-assetcb02e093-8bba-4046-8e6e-d0462e7be5da (12ms)
2026-8-30 16:14:20-debug: Query all assets info in project
2026-8-30 16:14:20-debug: init custom config: keepNodeUuid: false, useCache: true
2026-8-30 16:14:20-debug: Skip compress image, progress: 0%
2026-8-30 16:14:20-debug: Init all bundles start..., progress: 0%
2026-8-30 16:14:20-debug: // ---- build task 查询 Asset Bundle ----
2026-8-30 16:14:20-debug: 查询 Asset Bundle start, progress: 0%
2026-8-30 16:14:20-debug: Num of bundles: 3..., progress: 0%
2026-8-30 16:14:20-debug: Init bundle root assets start..., progress: 0%
2026-8-30 16:14:20-debug: Query preload assets/scripts from cc.config.json: 60f7195c-ec2a-45eb-ba94-8955f60e81d0,1c02ae6f-4492-4915-b8f8-7492a3b1e4cd,810e96e4-e456-4468-9b59-f4e8f39732c0,efe8e2a3-eace-427b-b4f1-cb8a937ec77d,e9aa9a3e-5b2b-4ac7-a2c7-073de2b2b24f,8bbdbcdd-5cd4-4100-b6d5-b7c9625b6107,50f4348b-c883-4e2f-8f11-ce233b859fa1,fda095cb-831d-4601-ad94-846013963de8,f92806d7-1768-443f-afe8-12bcde84d0f0,dd3a144d-ab7f-41f0-82b8-2e43a090d496,f0416e68-0200-4b77-a926-4f9d16e494da,511d2633-09a7-4bdd-ac42-f778032124b3,5d45aa00-e064-4938-b314-4265f0c2258c,9361fd90-ba52-4f84-aa93-6e878fd576ca,970b0598-bcb0-4714-91fb-2e81440dccd8,bcd64cc6-2dd9-43f6-abbe-66318d332032,d930590d-bb92-4cc8-8bd1-23cd027f9edf,a3cd009f-0ab0-420d-9278-b9fdab939bbc,6a2d0734-bd9e-4ddf-946e-caa52498cb75,c27215d8-6835-4b68-bfbb-bdeac6100c04,b5d6115f-0370-4d7c-aad3-c194cc71cf98,d1346436-ac96-4271-b863-1f4fdead95b0,971bdb23-3ff6-43eb-b422-1c30165a3663,17debcc3-0a6b-4b8a-b00b-dc58b885581e,711ebe11-f673-4cd9-9a83-63c60ba54c5b,c0143906-9aed-447e-9436-2ae8512d1b6e,14da1725-c4c2-42b4-ab08-ee0aeb6898b3,081cab31-dccd-428e-8652-f2404cc81c47,78e0584a-4343-4727-8f37-e14e65c2a2db,ba21476f-2866-4f81-9c4d-6e359316e448,871c3b6c-7379-419d-bda3-794b239ab90d,1d08ef62-a503-4ce2-8b9a-46c90873f7d3,ff9b0199-ce04-4cfe-86cc-6c719f08d6e4,de1c2107-70c8-4021-8459-6399f24d01c6,cbf30902-517f-40dc-af90-a550bac27cf1,5c601d96-e4c7-4698-991b-7ee674b11079
2026-8-30 16:14:20-debug:   Number of all scenes: 1
2026-8-30 16:14:20-debug:   Number of all scripts: 7
2026-8-30 16:14:20-debug:   Number of other assets: 318
2026-8-30 16:14:20-debug: Init bundle root assets success..., progress: 0%
2026-8-30 16:14:20-debug: // ---- build task 查询 Asset Bundle ---- (7ms)
2026-8-30 16:14:20-debug: [Build Memory track]: 查询 Asset Bundle start:238.98MB, end 238.72MB, increase: -263.92KB
2026-8-30 16:14:20-log: run build task 查询 Asset Bundle success in 7 ms√, progress: 5%
2026-8-30 16:14:20-debug: // ---- build task 查询 Asset Bundle ----
2026-8-30 16:14:20-debug: 查询 Asset Bundle start, progress: 5%
2026-8-30 16:14:20-debug: // ---- build task 查询 Asset Bundle ---- (3ms)
2026-8-30 16:14:20-log: run build task 查询 Asset Bundle success in 3 ms√, progress: 10%
2026-8-30 16:14:20-debug: [Build Memory track]: 查询 Asset Bundle start:238.75MB, end 238.85MB, increase: 104.39KB
2026-8-30 16:14:20-debug: 整理部分构建选项内数据到 settings.json start, progress: 10%
2026-8-30 16:14:20-debug: // ---- build task 整理部分构建选项内数据到 settings.json ----
2026-8-30 16:14:20-debug: // ---- build task 整理部分构建选项内数据到 settings.json ---- (2ms)
2026-8-30 16:14:20-log: run build task 整理部分构建选项内数据到 settings.json success in 2 ms√, progress: 12%
2026-8-30 16:14:20-debug: 填充脚本数据到 settings.json start, progress: 12%
2026-8-30 16:14:20-debug: [Build Memory track]: 整理部分构建选项内数据到 settings.json start:238.88MB, end 238.91MB, increase: 26.14KB
2026-8-30 16:14:20-debug: // ---- build task 填充脚本数据到 settings.json ----
2026-8-30 16:14:20-debug: // ---- build task 填充脚本数据到 settings.json ---- (1ms)
2026-8-30 16:14:20-log: run build task 填充脚本数据到 settings.json success in 1 ms√, progress: 13%
2026-8-30 16:14:20-debug: 整理部分构建选项内数据到 settings.json start, progress: 13%
2026-8-30 16:14:20-debug: [Build Memory track]: 填充脚本数据到 settings.json start:238.94MB, end 238.96MB, increase: 25.46KB
2026-8-30 16:14:20-debug: // ---- build task 整理部分构建选项内数据到 settings.json ----
2026-8-30 16:14:20-debug: // ---- build task 整理部分构建选项内数据到 settings.json ---- (5ms)
2026-8-30 16:14:20-log: run build task 整理部分构建选项内数据到 settings.json success in 5 ms√, progress: 15%
2026-8-30 16:14:20-debug: [Build Memory track]: 整理部分构建选项内数据到 settings.json start:238.99MB, end 239.13MB, increase: 139.42KB
2026-8-30 16:14:30-debug: refresh db internal success
2026-8-30 16:14:30-debug: refresh db assets success
2026-8-30 16:14:30-debug: Run asset db hook engine-extends:afterRefresh ...
2026-8-30 16:14:30-debug: Run asset db hook engine-extends:afterRefresh success!
2026-8-30 16:14:30-debug: asset-db:refresh-all-database (112ms)
2026-8-30 16:14:30-debug: asset-db:worker-effect-data-processing (2ms)
2026-8-30 16:14:30-debug: asset-db-hook-engine-extends-afterRefresh (2ms)
2026-8-30 16:14:35-debug: Query all assets info in project
2026-8-30 16:14:35-debug: init custom config: keepNodeUuid: false, useCache: true
2026-8-30 16:14:35-debug: Skip compress image, progress: 0%
2026-8-30 16:14:35-debug: Init all bundles start..., progress: 0%
2026-8-30 16:14:35-debug: Num of bundles: 3..., progress: 0%
2026-8-30 16:14:35-debug: 查询 Asset Bundle start, progress: 0%
2026-8-30 16:14:35-debug: Init bundle root assets start..., progress: 0%
2026-8-30 16:14:35-debug: // ---- build task 查询 Asset Bundle ----
2026-8-30 16:14:35-debug: Query preload assets/scripts from cc.config.json: 60f7195c-ec2a-45eb-ba94-8955f60e81d0,1c02ae6f-4492-4915-b8f8-7492a3b1e4cd,810e96e4-e456-4468-9b59-f4e8f39732c0,efe8e2a3-eace-427b-b4f1-cb8a937ec77d,e9aa9a3e-5b2b-4ac7-a2c7-073de2b2b24f,8bbdbcdd-5cd4-4100-b6d5-b7c9625b6107,50f4348b-c883-4e2f-8f11-ce233b859fa1,fda095cb-831d-4601-ad94-846013963de8,f92806d7-1768-443f-afe8-12bcde84d0f0,dd3a144d-ab7f-41f0-82b8-2e43a090d496,f0416e68-0200-4b77-a926-4f9d16e494da,511d2633-09a7-4bdd-ac42-f778032124b3,5d45aa00-e064-4938-b314-4265f0c2258c,9361fd90-ba52-4f84-aa93-6e878fd576ca,970b0598-bcb0-4714-91fb-2e81440dccd8,bcd64cc6-2dd9-43f6-abbe-66318d332032,d930590d-bb92-4cc8-8bd1-23cd027f9edf,a3cd009f-0ab0-420d-9278-b9fdab939bbc,6a2d0734-bd9e-4ddf-946e-caa52498cb75,c27215d8-6835-4b68-bfbb-bdeac6100c04,b5d6115f-0370-4d7c-aad3-c194cc71cf98,d1346436-ac96-4271-b863-1f4fdead95b0,971bdb23-3ff6-43eb-b422-1c30165a3663,17debcc3-0a6b-4b8a-b00b-dc58b885581e,711ebe11-f673-4cd9-9a83-63c60ba54c5b,c0143906-9aed-447e-9436-2ae8512d1b6e,14da1725-c4c2-42b4-ab08-ee0aeb6898b3,081cab31-dccd-428e-8652-f2404cc81c47,78e0584a-4343-4727-8f37-e14e65c2a2db,ba21476f-2866-4f81-9c4d-6e359316e448,871c3b6c-7379-419d-bda3-794b239ab90d,1d08ef62-a503-4ce2-8b9a-46c90873f7d3,ff9b0199-ce04-4cfe-86cc-6c719f08d6e4,de1c2107-70c8-4021-8459-6399f24d01c6,cbf30902-517f-40dc-af90-a550bac27cf1,5c601d96-e4c7-4698-991b-7ee674b11079
2026-8-30 16:14:35-debug:   Number of all scenes: 1
2026-8-30 16:14:35-debug:   Number of all scripts: 7
2026-8-30 16:14:35-debug: Init bundle root assets success..., progress: 0%
2026-8-30 16:14:35-debug:   Number of other assets: 318
2026-8-30 16:14:35-log: run build task 查询 Asset Bundle success in 7 ms√, progress: 5%
2026-8-30 16:14:35-debug: [Build Memory track]: 查询 Asset Bundle start:239.87MB, end 239.76MB, increase: -113.69KB
2026-8-30 16:14:35-debug: // ---- build task 查询 Asset Bundle ----
2026-8-30 16:14:35-debug: // ---- build task 查询 Asset Bundle ---- (7ms)
2026-8-30 16:14:35-debug: 查询 Asset Bundle start, progress: 5%
2026-8-30 16:14:35-log: run build task 查询 Asset Bundle success in 3 ms√, progress: 10%
2026-8-30 16:14:35-debug: [Build Memory track]: 查询 Asset Bundle start:239.79MB, end 239.89MB, increase: 104.68KB
2026-8-30 16:14:35-debug: // ---- build task 查询 Asset Bundle ---- (3ms)
2026-8-30 16:14:35-debug: 整理部分构建选项内数据到 settings.json start, progress: 10%
2026-8-30 16:14:35-debug: // ---- build task 整理部分构建选项内数据到 settings.json ----
2026-8-30 16:14:35-log: run build task 整理部分构建选项内数据到 settings.json success in √, progress: 12%
2026-8-30 16:14:35-debug: [Build Memory track]: 整理部分构建选项内数据到 settings.json start:239.92MB, end 239.93MB, increase: 16.19KB
2026-8-30 16:14:35-debug: 填充脚本数据到 settings.json start, progress: 12%
2026-8-30 16:14:35-debug: // ---- build task 填充脚本数据到 settings.json ----
2026-8-30 16:14:35-debug: // ---- build task 填充脚本数据到 settings.json ---- (1ms)
2026-8-30 16:14:35-log: run build task 填充脚本数据到 settings.json success in 1 ms√, progress: 13%
2026-8-30 16:14:35-debug: // ---- build task 整理部分构建选项内数据到 settings.json ----
2026-8-30 16:14:35-debug: 整理部分构建选项内数据到 settings.json start, progress: 13%
2026-8-30 16:14:35-debug: [Build Memory track]: 填充脚本数据到 settings.json start:239.96MB, end 239.99MB, increase: 24.97KB
2026-8-30 16:14:35-debug: // ---- build task 整理部分构建选项内数据到 settings.json ---- (3ms)
2026-8-30 16:14:35-log: run build task 整理部分构建选项内数据到 settings.json success in 3 ms√, progress: 15%
2026-8-30 16:14:35-debug: [Build Memory track]: 整理部分构建选项内数据到 settings.json start:240.02MB, end 240.14MB, increase: 125.26KB
2026-8-30 16:14:36-debug: Query all assets info in project
2026-8-30 16:14:36-debug: init custom config: keepNodeUuid: false, useCache: true
2026-8-30 16:14:36-debug: Skip compress image, progress: 0%
2026-8-30 16:14:36-debug: Init all bundles start..., progress: 0%
2026-8-30 16:14:36-debug: // ---- build task 查询 Asset Bundle ----
2026-8-30 16:14:36-debug: Num of bundles: 3..., progress: 0%
2026-8-30 16:14:36-debug: 查询 Asset Bundle start, progress: 0%
2026-8-30 16:14:36-debug: Init bundle root assets start..., progress: 0%
2026-8-30 16:14:36-debug: Query preload assets/scripts from cc.config.json: 60f7195c-ec2a-45eb-ba94-8955f60e81d0,1c02ae6f-4492-4915-b8f8-7492a3b1e4cd,810e96e4-e456-4468-9b59-f4e8f39732c0,efe8e2a3-eace-427b-b4f1-cb8a937ec77d,e9aa9a3e-5b2b-4ac7-a2c7-073de2b2b24f,8bbdbcdd-5cd4-4100-b6d5-b7c9625b6107,50f4348b-c883-4e2f-8f11-ce233b859fa1,fda095cb-831d-4601-ad94-846013963de8,f92806d7-1768-443f-afe8-12bcde84d0f0,dd3a144d-ab7f-41f0-82b8-2e43a090d496,f0416e68-0200-4b77-a926-4f9d16e494da,511d2633-09a7-4bdd-ac42-f778032124b3,5d45aa00-e064-4938-b314-4265f0c2258c,9361fd90-ba52-4f84-aa93-6e878fd576ca,970b0598-bcb0-4714-91fb-2e81440dccd8,bcd64cc6-2dd9-43f6-abbe-66318d332032,d930590d-bb92-4cc8-8bd1-23cd027f9edf,a3cd009f-0ab0-420d-9278-b9fdab939bbc,6a2d0734-bd9e-4ddf-946e-caa52498cb75,c27215d8-6835-4b68-bfbb-bdeac6100c04,b5d6115f-0370-4d7c-aad3-c194cc71cf98,d1346436-ac96-4271-b863-1f4fdead95b0,971bdb23-3ff6-43eb-b422-1c30165a3663,17debcc3-0a6b-4b8a-b00b-dc58b885581e,711ebe11-f673-4cd9-9a83-63c60ba54c5b,c0143906-9aed-447e-9436-2ae8512d1b6e,14da1725-c4c2-42b4-ab08-ee0aeb6898b3,081cab31-dccd-428e-8652-f2404cc81c47,78e0584a-4343-4727-8f37-e14e65c2a2db,ba21476f-2866-4f81-9c4d-6e359316e448,871c3b6c-7379-419d-bda3-794b239ab90d,1d08ef62-a503-4ce2-8b9a-46c90873f7d3,ff9b0199-ce04-4cfe-86cc-6c719f08d6e4,de1c2107-70c8-4021-8459-6399f24d01c6,cbf30902-517f-40dc-af90-a550bac27cf1,5c601d96-e4c7-4698-991b-7ee674b11079
2026-8-30 16:14:36-debug:   Number of other assets: 318
2026-8-30 16:14:36-debug:   Number of all scripts: 7
2026-8-30 16:14:36-debug: Init bundle root assets success..., progress: 0%
2026-8-30 16:14:36-debug:   Number of all scenes: 1
2026-8-30 16:14:36-debug: // ---- build task 查询 Asset Bundle ---- (7ms)
2026-8-30 16:14:36-debug: [Build Memory track]: 查询 Asset Bundle start:240.17MB, end 239.91MB, increase: -271.52KB
2026-8-30 16:14:36-log: run build task 查询 Asset Bundle success in 7 ms√, progress: 5%
2026-8-30 16:14:36-debug: 查询 Asset Bundle start, progress: 5%
2026-8-30 16:14:36-debug: // ---- build task 查询 Asset Bundle ----
2026-8-30 16:14:36-debug: // ---- build task 查询 Asset Bundle ---- (2ms)
2026-8-30 16:14:36-log: run build task 查询 Asset Bundle success in 2 ms√, progress: 10%
2026-8-30 16:14:36-debug: [Build Memory track]: 查询 Asset Bundle start:239.93MB, end 240.04MB, increase: 103.64KB
2026-8-30 16:14:36-debug: // ---- build task 整理部分构建选项内数据到 settings.json ----
2026-8-30 16:14:36-debug: 整理部分构建选项内数据到 settings.json start, progress: 10%
2026-8-30 16:14:36-log: run build task 整理部分构建选项内数据到 settings.json success in √, progress: 12%
2026-8-30 16:14:36-debug: [Build Memory track]: 整理部分构建选项内数据到 settings.json start:240.07MB, end 240.08MB, increase: 16.16KB
2026-8-30 16:14:37-debug: 填充脚本数据到 settings.json start, progress: 12%
2026-8-30 16:14:37-debug: // ---- build task 填充脚本数据到 settings.json ----
2026-8-30 16:14:37-log: run build task 填充脚本数据到 settings.json success in 1 ms√, progress: 13%
2026-8-30 16:14:37-debug: [Build Memory track]: 填充脚本数据到 settings.json start:240.11MB, end 240.14MB, increase: 24.97KB
2026-8-30 16:14:37-debug: // ---- build task 填充脚本数据到 settings.json ---- (1ms)
2026-8-30 16:14:37-debug: // ---- build task 整理部分构建选项内数据到 settings.json ----
2026-8-30 16:14:37-debug: 整理部分构建选项内数据到 settings.json start, progress: 13%
2026-8-30 16:14:37-debug: // ---- build task 整理部分构建选项内数据到 settings.json ---- (3ms)
2026-8-30 16:14:37-log: run build task 整理部分构建选项内数据到 settings.json success in 3 ms√, progress: 15%
2026-8-30 16:14:37-debug: [Build Memory track]: 整理部分构建选项内数据到 settings.json start:240.17MB, end 240.30MB, increase: 132.86KB
2026-8-30 16:14:39-debug: refresh db internal success
2026-8-30 16:14:39-debug: refresh db assets success
2026-8-30 16:14:39-debug: Run asset db hook engine-extends:afterRefresh ...
2026-8-30 16:14:39-debug: Run asset db hook engine-extends:afterRefresh success!
2026-8-30 16:14:39-debug: asset-db:refresh-all-database (115ms)
2026-8-30 16:14:39-debug: asset-db:worker-effect-data-processing (1ms)
2026-8-30 16:14:39-debug: asset-db-hook-engine-extends-afterRefresh (2ms)
2026-8-30 16:14:48-debug: refresh db internal success
2026-8-30 16:14:48-debug: Run asset db hook engine-extends:afterRefresh ...
2026-8-30 16:14:48-debug: Run asset db hook engine-extends:afterRefresh success!
2026-8-30 16:14:48-debug: refresh db assets success
2026-8-30 16:14:48-debug: asset-db:refresh-all-database (101ms)
2026-8-30 16:14:48-debug: asset-db-hook-engine-extends-afterRefresh (1ms)
2026-8-30 16:15:18-debug: refresh db internal success
2026-8-30 16:15:18-debug: refresh db assets success
2026-8-30 16:15:18-debug: Run asset db hook engine-extends:afterRefresh ...
2026-8-30 16:15:18-debug: Run asset db hook engine-extends:afterRefresh success!
2026-8-30 16:15:18-debug: asset-db:refresh-all-database (101ms)
2026-8-30 16:15:18-debug: asset-db:worker-effect-data-processing (1ms)
2026-8-30 16:15:18-debug: asset-db-hook-engine-extends-afterRefresh (2ms)
2026-8-30 16:15:29-debug: %cImport%c: D:\GameByself\Cocos\Project1\assets\Scenes\scene.scenebackground: #aaff85; color: #000;color: #000;
2026-8-30 16:15:29-debug: asset-db:reimport-assetcb02e093-8bba-4046-8e6e-d0462e7be5da (15ms)
2026-8-30 16:15:35-debug: %cImport%c: D:\GameByself\Cocos\Project1\assets\Scenes\scene.scenebackground: #aaff85; color: #000;color: #000;
2026-8-30 16:15:35-debug: asset-db:reimport-assetcb02e093-8bba-4046-8e6e-d0462e7be5da (12ms)
2026-8-30 16:15:36-debug: Query all assets info in project
2026-8-30 16:15:36-debug: init custom config: keepNodeUuid: false, useCache: true
2026-8-30 16:15:36-debug: Skip compress image, progress: 0%
2026-8-30 16:15:36-debug: Init all bundles start..., progress: 0%
2026-8-30 16:15:36-debug: // ---- build task 查询 Asset Bundle ----
2026-8-30 16:15:36-debug: Init bundle root assets start..., progress: 0%
2026-8-30 16:15:36-debug: Num of bundles: 3..., progress: 0%
2026-8-30 16:15:36-debug: 查询 Asset Bundle start, progress: 0%
2026-8-30 16:15:36-debug: Query preload assets/scripts from cc.config.json: 60f7195c-ec2a-45eb-ba94-8955f60e81d0,1c02ae6f-4492-4915-b8f8-7492a3b1e4cd,810e96e4-e456-4468-9b59-f4e8f39732c0,efe8e2a3-eace-427b-b4f1-cb8a937ec77d,e9aa9a3e-5b2b-4ac7-a2c7-073de2b2b24f,8bbdbcdd-5cd4-4100-b6d5-b7c9625b6107,50f4348b-c883-4e2f-8f11-ce233b859fa1,fda095cb-831d-4601-ad94-846013963de8,f92806d7-1768-443f-afe8-12bcde84d0f0,dd3a144d-ab7f-41f0-82b8-2e43a090d496,f0416e68-0200-4b77-a926-4f9d16e494da,511d2633-09a7-4bdd-ac42-f778032124b3,5d45aa00-e064-4938-b314-4265f0c2258c,9361fd90-ba52-4f84-aa93-6e878fd576ca,970b0598-bcb0-4714-91fb-2e81440dccd8,bcd64cc6-2dd9-43f6-abbe-66318d332032,d930590d-bb92-4cc8-8bd1-23cd027f9edf,a3cd009f-0ab0-420d-9278-b9fdab939bbc,6a2d0734-bd9e-4ddf-946e-caa52498cb75,c27215d8-6835-4b68-bfbb-bdeac6100c04,b5d6115f-0370-4d7c-aad3-c194cc71cf98,d1346436-ac96-4271-b863-1f4fdead95b0,971bdb23-3ff6-43eb-b422-1c30165a3663,17debcc3-0a6b-4b8a-b00b-dc58b885581e,711ebe11-f673-4cd9-9a83-63c60ba54c5b,c0143906-9aed-447e-9436-2ae8512d1b6e,14da1725-c4c2-42b4-ab08-ee0aeb6898b3,081cab31-dccd-428e-8652-f2404cc81c47,78e0584a-4343-4727-8f37-e14e65c2a2db,ba21476f-2866-4f81-9c4d-6e359316e448,871c3b6c-7379-419d-bda3-794b239ab90d,1d08ef62-a503-4ce2-8b9a-46c90873f7d3,ff9b0199-ce04-4cfe-86cc-6c719f08d6e4,de1c2107-70c8-4021-8459-6399f24d01c6,cbf30902-517f-40dc-af90-a550bac27cf1,5c601d96-e4c7-4698-991b-7ee674b11079
2026-8-30 16:15:36-debug:   Number of all scripts: 7
2026-8-30 16:15:36-debug:   Number of all scenes: 1
2026-8-30 16:15:36-debug:   Number of other assets: 318
2026-8-30 16:15:36-debug: Init bundle root assets success..., progress: 0%
2026-8-30 16:15:36-debug: // ---- build task 查询 Asset Bundle ---- (28ms)
2026-8-30 16:15:36-log: run build task 查询 Asset Bundle success in 28 ms√, progress: 5%
2026-8-30 16:15:36-debug: [Build Memory track]: 查询 Asset Bundle start:243.65MB, end 243.47MB, increase: -181.62KB
2026-8-30 16:15:36-debug: 查询 Asset Bundle start, progress: 5%
2026-8-30 16:15:36-debug: // ---- build task 查询 Asset Bundle ----
2026-8-30 16:15:36-debug: // ---- build task 查询 Asset Bundle ---- (19ms)
2026-8-30 16:15:36-log: run build task 查询 Asset Bundle success in 19 ms√, progress: 10%
2026-8-30 16:15:36-debug: [Build Memory track]: 查询 Asset Bundle start:243.50MB, end 243.60MB, increase: 101.98KB
2026-8-30 16:15:36-debug: 整理部分构建选项内数据到 settings.json start, progress: 10%
2026-8-30 16:15:36-debug: // ---- build task 整理部分构建选项内数据到 settings.json ----
2026-8-30 16:15:36-debug: // ---- build task 整理部分构建选项内数据到 settings.json ---- (9ms)
2026-8-30 16:15:36-log: run build task 整理部分构建选项内数据到 settings.json success in 9 ms√, progress: 12%
2026-8-30 16:15:36-debug: 填充脚本数据到 settings.json start, progress: 12%
2026-8-30 16:15:36-debug: [Build Memory track]: 整理部分构建选项内数据到 settings.json start:243.63MB, end 242.92MB, increase: -725.26KB
2026-8-30 16:15:36-debug: // ---- build task 填充脚本数据到 settings.json ----
2026-8-30 16:15:36-debug: // ---- build task 填充脚本数据到 settings.json ---- (6ms)
2026-8-30 16:15:36-log: run build task 填充脚本数据到 settings.json success in 6 ms√, progress: 13%
2026-8-30 16:15:36-debug: [Build Memory track]: 填充脚本数据到 settings.json start:242.95MB, end 242.97MB, increase: 25.54KB
2026-8-30 16:15:36-debug: 整理部分构建选项内数据到 settings.json start, progress: 13%
2026-8-30 16:15:36-debug: // ---- build task 整理部分构建选项内数据到 settings.json ----
2026-8-30 16:15:36-debug: // ---- build task 整理部分构建选项内数据到 settings.json ---- (12ms)
2026-8-30 16:15:36-log: run build task 整理部分构建选项内数据到 settings.json success in 12 ms√, progress: 15%
2026-8-30 16:15:36-debug: [Build Memory track]: 整理部分构建选项内数据到 settings.json start:243.00MB, end 243.14MB, increase: 138.34KB
2026-8-30 16:15:50-debug: refresh db internal success
2026-8-30 16:15:50-debug: refresh db assets success
2026-8-30 16:15:50-debug: Run asset db hook engine-extends:afterRefresh ...
2026-8-30 16:15:50-debug: Run asset db hook engine-extends:afterRefresh success!
2026-8-30 16:15:50-debug: asset-db:refresh-all-database (101ms)
2026-8-30 16:15:50-debug: asset-db:worker-effect-data-processing (1ms)
2026-8-30 16:15:50-debug: asset-db-hook-engine-extends-afterRefresh (1ms)
2026-8-30 16:15:58-debug: refresh db internal success
2026-8-30 16:15:58-debug: refresh db assets success
2026-8-30 16:15:58-debug: Run asset db hook engine-extends:afterRefresh ...
2026-8-30 16:15:58-debug: Run asset db hook engine-extends:afterRefresh success!
2026-8-30 16:15:58-debug: asset-db:refresh-all-database (109ms)
2026-8-30 16:15:58-debug: asset-db:worker-effect-data-processing (2ms)
2026-8-30 16:15:58-debug: asset-db-hook-engine-extends-afterRefresh (2ms)
2026-8-30 16:16:03-debug: %cImport%c: D:\GameByself\Cocos\Project1\assets\Scenes\scene.scenebackground: #aaff85; color: #000;color: #000;
2026-8-30 16:16:03-debug: asset-db:reimport-assetcb02e093-8bba-4046-8e6e-d0462e7be5da (14ms)
2026-8-30 16:16:04-debug: Query all assets info in project
2026-8-30 16:16:04-debug: init custom config: keepNodeUuid: false, useCache: true
2026-8-30 16:16:04-debug: Skip compress image, progress: 0%
2026-8-30 16:16:04-debug: Init all bundles start..., progress: 0%
2026-8-30 16:16:04-debug: 查询 Asset Bundle start, progress: 0%
2026-8-30 16:16:04-debug: // ---- build task 查询 Asset Bundle ----
2026-8-30 16:16:04-debug: Num of bundles: 3..., progress: 0%
2026-8-30 16:16:04-debug: Init bundle root assets start..., progress: 0%
2026-8-30 16:16:04-debug: Query preload assets/scripts from cc.config.json: 60f7195c-ec2a-45eb-ba94-8955f60e81d0,1c02ae6f-4492-4915-b8f8-7492a3b1e4cd,810e96e4-e456-4468-9b59-f4e8f39732c0,efe8e2a3-eace-427b-b4f1-cb8a937ec77d,e9aa9a3e-5b2b-4ac7-a2c7-073de2b2b24f,8bbdbcdd-5cd4-4100-b6d5-b7c9625b6107,50f4348b-c883-4e2f-8f11-ce233b859fa1,fda095cb-831d-4601-ad94-846013963de8,f92806d7-1768-443f-afe8-12bcde84d0f0,dd3a144d-ab7f-41f0-82b8-2e43a090d496,f0416e68-0200-4b77-a926-4f9d16e494da,511d2633-09a7-4bdd-ac42-f778032124b3,5d45aa00-e064-4938-b314-4265f0c2258c,9361fd90-ba52-4f84-aa93-6e878fd576ca,970b0598-bcb0-4714-91fb-2e81440dccd8,bcd64cc6-2dd9-43f6-abbe-66318d332032,d930590d-bb92-4cc8-8bd1-23cd027f9edf,a3cd009f-0ab0-420d-9278-b9fdab939bbc,6a2d0734-bd9e-4ddf-946e-caa52498cb75,c27215d8-6835-4b68-bfbb-bdeac6100c04,b5d6115f-0370-4d7c-aad3-c194cc71cf98,d1346436-ac96-4271-b863-1f4fdead95b0,971bdb23-3ff6-43eb-b422-1c30165a3663,17debcc3-0a6b-4b8a-b00b-dc58b885581e,711ebe11-f673-4cd9-9a83-63c60ba54c5b,c0143906-9aed-447e-9436-2ae8512d1b6e,14da1725-c4c2-42b4-ab08-ee0aeb6898b3,081cab31-dccd-428e-8652-f2404cc81c47,78e0584a-4343-4727-8f37-e14e65c2a2db,ba21476f-2866-4f81-9c4d-6e359316e448,871c3b6c-7379-419d-bda3-794b239ab90d,1d08ef62-a503-4ce2-8b9a-46c90873f7d3,ff9b0199-ce04-4cfe-86cc-6c719f08d6e4,de1c2107-70c8-4021-8459-6399f24d01c6,cbf30902-517f-40dc-af90-a550bac27cf1,5c601d96-e4c7-4698-991b-7ee674b11079
2026-8-30 16:16:04-debug:   Number of all scenes: 1
2026-8-30 16:16:04-debug:   Number of other assets: 318
2026-8-30 16:16:04-debug: Init bundle root assets success..., progress: 0%
2026-8-30 16:16:04-debug:   Number of all scripts: 7
2026-8-30 16:16:04-debug: // ---- build task 查询 Asset Bundle ---- (12ms)
2026-8-30 16:16:04-log: run build task 查询 Asset Bundle success in 12 ms√, progress: 5%
2026-8-30 16:16:04-debug: [Build Memory track]: 查询 Asset Bundle start:245.37MB, end 245.12MB, increase: -261.52KB
2026-8-30 16:16:04-debug: 查询 Asset Bundle start, progress: 5%
2026-8-30 16:16:04-debug: // ---- build task 查询 Asset Bundle ----
2026-8-30 16:16:04-debug: // ---- build task 查询 Asset Bundle ---- (5ms)
2026-8-30 16:16:04-log: run build task 查询 Asset Bundle success in 5 ms√, progress: 10%
2026-8-30 16:16:04-debug: [Build Memory track]: 查询 Asset Bundle start:245.15MB, end 245.25MB, increase: 102.83KB
2026-8-30 16:16:04-debug: 整理部分构建选项内数据到 settings.json start, progress: 10%
2026-8-30 16:16:04-debug: // ---- build task 整理部分构建选项内数据到 settings.json ----
2026-8-30 16:16:04-debug: // ---- build task 整理部分构建选项内数据到 settings.json ---- (1ms)
2026-8-30 16:16:04-log: run build task 整理部分构建选项内数据到 settings.json success in 1 ms√, progress: 12%
2026-8-30 16:16:04-debug: [Build Memory track]: 整理部分构建选项内数据到 settings.json start:245.28MB, end 245.30MB, increase: 24.78KB
2026-8-30 16:16:04-debug: 填充脚本数据到 settings.json start, progress: 12%
2026-8-30 16:16:04-debug: // ---- build task 填充脚本数据到 settings.json ----
2026-8-30 16:16:04-debug: // ---- build task 填充脚本数据到 settings.json ---- (2ms)
2026-8-30 16:16:04-log: run build task 填充脚本数据到 settings.json success in 2 ms√, progress: 13%
2026-8-30 16:16:04-debug: [Build Memory track]: 填充脚本数据到 settings.json start:245.33MB, end 245.36MB, increase: 26.72KB
2026-8-30 16:16:04-debug: 整理部分构建选项内数据到 settings.json start, progress: 13%
2026-8-30 16:16:04-debug: // ---- build task 整理部分构建选项内数据到 settings.json ----
2026-8-30 16:16:04-debug: // ---- build task 整理部分构建选项内数据到 settings.json ---- (6ms)
2026-8-30 16:16:04-log: run build task 整理部分构建选项内数据到 settings.json success in 6 ms√, progress: 15%
2026-8-30 16:16:04-debug: [Build Memory track]: 整理部分构建选项内数据到 settings.json start:245.39MB, end 245.51MB, increase: 125.60KB
2026-8-30 16:16:12-debug: refresh db internal success
2026-8-30 16:16:12-debug: refresh db assets success
2026-8-30 16:16:12-debug: Run asset db hook engine-extends:afterRefresh ...
2026-8-30 16:16:12-debug: Run asset db hook engine-extends:afterRefresh success!
2026-8-30 16:16:12-debug: asset-db:refresh-all-database (105ms)
2026-8-30 16:16:12-debug: asset-db:worker-effect-data-processing (1ms)
2026-8-30 16:16:12-debug: asset-db-hook-engine-extends-afterRefresh (2ms)
2026-8-30 16:17:29-debug: %cImport%c: D:\GameByself\Cocos\Project1\assets\Scenes\scene.scenebackground: #aaff85; color: #000;color: #000;
2026-8-30 16:17:29-debug: asset-db:reimport-assetcb02e093-8bba-4046-8e6e-d0462e7be5da (14ms)
2026-8-30 16:17:30-debug: Query all assets info in project
2026-8-30 16:17:30-debug: init custom config: keepNodeUuid: false, useCache: true
2026-8-30 16:17:30-debug: Skip compress image, progress: 0%
2026-8-30 16:17:30-debug: Init all bundles start..., progress: 0%
2026-8-30 16:17:30-debug: Num of bundles: 3..., progress: 0%
2026-8-30 16:17:30-debug: // ---- build task 查询 Asset Bundle ----
2026-8-30 16:17:30-debug: 查询 Asset Bundle start, progress: 0%
2026-8-30 16:17:30-debug: Init bundle root assets start..., progress: 0%
2026-8-30 16:17:30-debug: Query preload assets/scripts from cc.config.json: 60f7195c-ec2a-45eb-ba94-8955f60e81d0,1c02ae6f-4492-4915-b8f8-7492a3b1e4cd,810e96e4-e456-4468-9b59-f4e8f39732c0,efe8e2a3-eace-427b-b4f1-cb8a937ec77d,e9aa9a3e-5b2b-4ac7-a2c7-073de2b2b24f,8bbdbcdd-5cd4-4100-b6d5-b7c9625b6107,50f4348b-c883-4e2f-8f11-ce233b859fa1,fda095cb-831d-4601-ad94-846013963de8,f92806d7-1768-443f-afe8-12bcde84d0f0,dd3a144d-ab7f-41f0-82b8-2e43a090d496,f0416e68-0200-4b77-a926-4f9d16e494da,511d2633-09a7-4bdd-ac42-f778032124b3,5d45aa00-e064-4938-b314-4265f0c2258c,9361fd90-ba52-4f84-aa93-6e878fd576ca,970b0598-bcb0-4714-91fb-2e81440dccd8,bcd64cc6-2dd9-43f6-abbe-66318d332032,d930590d-bb92-4cc8-8bd1-23cd027f9edf,a3cd009f-0ab0-420d-9278-b9fdab939bbc,6a2d0734-bd9e-4ddf-946e-caa52498cb75,c27215d8-6835-4b68-bfbb-bdeac6100c04,b5d6115f-0370-4d7c-aad3-c194cc71cf98,d1346436-ac96-4271-b863-1f4fdead95b0,971bdb23-3ff6-43eb-b422-1c30165a3663,17debcc3-0a6b-4b8a-b00b-dc58b885581e,711ebe11-f673-4cd9-9a83-63c60ba54c5b,c0143906-9aed-447e-9436-2ae8512d1b6e,14da1725-c4c2-42b4-ab08-ee0aeb6898b3,081cab31-dccd-428e-8652-f2404cc81c47,78e0584a-4343-4727-8f37-e14e65c2a2db,ba21476f-2866-4f81-9c4d-6e359316e448,871c3b6c-7379-419d-bda3-794b239ab90d,1d08ef62-a503-4ce2-8b9a-46c90873f7d3,ff9b0199-ce04-4cfe-86cc-6c719f08d6e4,de1c2107-70c8-4021-8459-6399f24d01c6,cbf30902-517f-40dc-af90-a550bac27cf1,5c601d96-e4c7-4698-991b-7ee674b11079
2026-8-30 16:17:30-debug:   Number of all scenes: 1
2026-8-30 16:17:30-debug: Init bundle root assets success..., progress: 0%
2026-8-30 16:17:30-debug:   Number of all scripts: 7
2026-8-30 16:17:30-debug:   Number of other assets: 318
2026-8-30 16:17:30-debug: // ---- build task 查询 Asset Bundle ---- (18ms)
2026-8-30 16:17:30-debug: [Build Memory track]: 查询 Asset Bundle start:246.41MB, end 246.17MB, increase: -240.16KB
2026-8-30 16:17:30-log: run build task 查询 Asset Bundle success in 18 ms√, progress: 5%
2026-8-30 16:17:30-debug: 查询 Asset Bundle start, progress: 5%
2026-8-30 16:17:30-debug: // ---- build task 查询 Asset Bundle ----
2026-8-30 16:17:30-debug: // ---- build task 查询 Asset Bundle ---- (26ms)
2026-8-30 16:17:30-log: run build task 查询 Asset Bundle success in 26 ms√, progress: 10%
2026-8-30 16:17:30-debug: // ---- build task 整理部分构建选项内数据到 settings.json ----
2026-8-30 16:17:30-debug: [Build Memory track]: 查询 Asset Bundle start:246.20MB, end 246.30MB, increase: 101.88KB
2026-8-30 16:17:30-debug: 整理部分构建选项内数据到 settings.json start, progress: 10%
2026-8-30 16:17:30-debug: // ---- build task 整理部分构建选项内数据到 settings.json ---- (8ms)
2026-8-30 16:17:30-log: run build task 整理部分构建选项内数据到 settings.json success in 8 ms√, progress: 12%
2026-8-30 16:17:30-debug: 填充脚本数据到 settings.json start, progress: 12%
2026-8-30 16:17:30-debug: // ---- build task 填充脚本数据到 settings.json ----
2026-8-30 16:17:30-debug: [Build Memory track]: 整理部分构建选项内数据到 settings.json start:246.33MB, end 246.36MB, increase: 28.46KB
2026-8-30 16:17:30-debug: // ---- build task 填充脚本数据到 settings.json ---- (6ms)
2026-8-30 16:17:30-log: run build task 填充脚本数据到 settings.json success in 6 ms√, progress: 13%
2026-8-30 16:17:30-debug: 整理部分构建选项内数据到 settings.json start, progress: 13%
2026-8-30 16:17:30-debug: // ---- build task 整理部分构建选项内数据到 settings.json ----
2026-8-30 16:17:30-debug: [Build Memory track]: 填充脚本数据到 settings.json start:246.39MB, end 246.42MB, increase: 25.44KB
2026-8-30 16:17:30-debug: // ---- build task 整理部分构建选项内数据到 settings.json ---- (14ms)
2026-8-30 16:17:30-log: run build task 整理部分构建选项内数据到 settings.json success in 14 ms√, progress: 15%
2026-8-30 16:17:30-debug: [Build Memory track]: 整理部分构建选项内数据到 settings.json start:246.45MB, end 246.57MB, increase: 125.46KB
2026-8-30 16:17:36-debug: refresh db internal success
2026-8-30 16:17:36-debug: refresh db assets success
2026-8-30 16:17:36-debug: Run asset db hook engine-extends:afterRefresh ...
2026-8-30 16:17:36-debug: Run asset db hook engine-extends:afterRefresh success!
2026-8-30 16:17:36-debug: asset-db:refresh-all-database (141ms)
2026-8-30 16:17:36-debug: asset-db:worker-effect-data-processing (3ms)
2026-8-30 16:17:36-debug: asset-db-hook-engine-extends-afterRefresh (3ms)
2026-8-30 16:17:46-debug: %cImport%c: D:\GameByself\Cocos\Project1\assets\Scenes\scene.scenebackground: #aaff85; color: #000;color: #000;
2026-8-30 16:17:46-debug: asset-db:reimport-assetcb02e093-8bba-4046-8e6e-d0462e7be5da (13ms)
2026-8-30 16:17:47-debug: Query all assets info in project
2026-8-30 16:17:47-debug: init custom config: keepNodeUuid: false, useCache: true
2026-8-30 16:17:47-debug: Skip compress image, progress: 0%
2026-8-30 16:17:47-debug: Init all bundles start..., progress: 0%
2026-8-30 16:17:47-debug: Num of bundles: 3..., progress: 0%
2026-8-30 16:17:47-debug: 查询 Asset Bundle start, progress: 0%
2026-8-30 16:17:47-debug: // ---- build task 查询 Asset Bundle ----
2026-8-30 16:17:47-debug: Init bundle root assets start..., progress: 0%
2026-8-30 16:17:47-debug: Query preload assets/scripts from cc.config.json: 60f7195c-ec2a-45eb-ba94-8955f60e81d0,1c02ae6f-4492-4915-b8f8-7492a3b1e4cd,810e96e4-e456-4468-9b59-f4e8f39732c0,efe8e2a3-eace-427b-b4f1-cb8a937ec77d,e9aa9a3e-5b2b-4ac7-a2c7-073de2b2b24f,8bbdbcdd-5cd4-4100-b6d5-b7c9625b6107,50f4348b-c883-4e2f-8f11-ce233b859fa1,fda095cb-831d-4601-ad94-846013963de8,f92806d7-1768-443f-afe8-12bcde84d0f0,dd3a144d-ab7f-41f0-82b8-2e43a090d496,f0416e68-0200-4b77-a926-4f9d16e494da,511d2633-09a7-4bdd-ac42-f778032124b3,5d45aa00-e064-4938-b314-4265f0c2258c,9361fd90-ba52-4f84-aa93-6e878fd576ca,970b0598-bcb0-4714-91fb-2e81440dccd8,bcd64cc6-2dd9-43f6-abbe-66318d332032,d930590d-bb92-4cc8-8bd1-23cd027f9edf,a3cd009f-0ab0-420d-9278-b9fdab939bbc,6a2d0734-bd9e-4ddf-946e-caa52498cb75,c27215d8-6835-4b68-bfbb-bdeac6100c04,b5d6115f-0370-4d7c-aad3-c194cc71cf98,d1346436-ac96-4271-b863-1f4fdead95b0,971bdb23-3ff6-43eb-b422-1c30165a3663,17debcc3-0a6b-4b8a-b00b-dc58b885581e,711ebe11-f673-4cd9-9a83-63c60ba54c5b,c0143906-9aed-447e-9436-2ae8512d1b6e,14da1725-c4c2-42b4-ab08-ee0aeb6898b3,081cab31-dccd-428e-8652-f2404cc81c47,78e0584a-4343-4727-8f37-e14e65c2a2db,ba21476f-2866-4f81-9c4d-6e359316e448,871c3b6c-7379-419d-bda3-794b239ab90d,1d08ef62-a503-4ce2-8b9a-46c90873f7d3,ff9b0199-ce04-4cfe-86cc-6c719f08d6e4,de1c2107-70c8-4021-8459-6399f24d01c6,cbf30902-517f-40dc-af90-a550bac27cf1,5c601d96-e4c7-4698-991b-7ee674b11079
2026-8-30 16:17:47-debug:   Number of all scenes: 1
2026-8-30 16:17:47-debug:   Number of all scripts: 7
2026-8-30 16:17:47-debug: Init bundle root assets success..., progress: 0%
2026-8-30 16:17:47-debug:   Number of other assets: 318
2026-8-30 16:17:47-debug: // ---- build task 查询 Asset Bundle ---- (15ms)
2026-8-30 16:17:47-log: run build task 查询 Asset Bundle success in 15 ms√, progress: 5%
2026-8-30 16:17:47-debug: [Build Memory track]: 查询 Asset Bundle start:227.51MB, end 226.31MB, increase: -1230.40KB
2026-8-30 16:17:47-debug: 查询 Asset Bundle start, progress: 5%
2026-8-30 16:17:47-debug: // ---- build task 查询 Asset Bundle ----
2026-8-30 16:17:47-debug: // ---- build task 查询 Asset Bundle ---- (7ms)
2026-8-30 16:17:47-log: run build task 查询 Asset Bundle success in 7 ms√, progress: 10%
2026-8-30 16:17:47-debug: [Build Memory track]: 查询 Asset Bundle start:226.34MB, end 226.45MB, increase: 105.42KB
2026-8-30 16:17:47-debug: 整理部分构建选项内数据到 settings.json start, progress: 10%
2026-8-30 16:17:47-debug: // ---- build task 整理部分构建选项内数据到 settings.json ----
2026-8-30 16:17:47-debug: // ---- build task 整理部分构建选项内数据到 settings.json ---- (3ms)
2026-8-30 16:17:47-log: run build task 整理部分构建选项内数据到 settings.json success in 3 ms√, progress: 12%
2026-8-30 16:17:47-debug: 填充脚本数据到 settings.json start, progress: 12%
2026-8-30 16:17:47-debug: [Build Memory track]: 整理部分构建选项内数据到 settings.json start:226.48MB, end 226.50MB, increase: 26.46KB
2026-8-30 16:17:47-debug: // ---- build task 填充脚本数据到 settings.json ----
2026-8-30 16:17:47-debug: // ---- build task 填充脚本数据到 settings.json ---- (1ms)
2026-8-30 16:17:47-log: run build task 填充脚本数据到 settings.json success in 1 ms√, progress: 13%
2026-8-30 16:17:47-debug: // ---- build task 整理部分构建选项内数据到 settings.json ----
2026-8-30 16:17:47-debug: [Build Memory track]: 填充脚本数据到 settings.json start:226.53MB, end 226.56MB, increase: 25.75KB
2026-8-30 16:17:47-debug: 整理部分构建选项内数据到 settings.json start, progress: 13%
2026-8-30 16:17:47-debug: // ---- build task 整理部分构建选项内数据到 settings.json ---- (7ms)
2026-8-30 16:17:47-log: run build task 整理部分构建选项内数据到 settings.json success in 7 ms√, progress: 15%
2026-8-30 16:17:47-debug: [Build Memory track]: 整理部分构建选项内数据到 settings.json start:226.59MB, end 226.71MB, increase: 130.04KB
2026-8-30 16:17:52-debug: refresh db internal success
2026-8-30 16:17:52-debug: refresh db assets success
2026-8-30 16:17:52-debug: Run asset db hook engine-extends:afterRefresh ...
2026-8-30 16:17:52-debug: Run asset db hook engine-extends:afterRefresh success!
2026-8-30 16:17:52-debug: asset-db:refresh-all-database (106ms)
2026-8-30 16:17:52-debug: asset-db:worker-effect-data-processing (1ms)
2026-8-30 16:17:52-debug: asset-db-hook-engine-extends-afterRefresh (1ms)
2026-8-30 16:18:03-debug: refresh db internal success
2026-8-30 16:18:03-debug: refresh db assets success
2026-8-30 16:18:03-debug: Run asset db hook engine-extends:afterRefresh ...
2026-8-30 16:18:03-debug: Run asset db hook engine-extends:afterRefresh success!
2026-8-30 16:18:03-debug: asset-db:refresh-all-database (111ms)
2026-8-30 16:18:03-debug: asset-db:worker-effect-data-processing (1ms)
2026-8-30 16:18:03-debug: asset-db-hook-engine-extends-afterRefresh (2ms)
2026-8-30 16:18:15-debug: Query all assets info in project
2026-8-30 16:18:15-debug: init custom config: keepNodeUuid: false, useCache: true
2026-8-30 16:18:15-debug: Skip compress image, progress: 0%
2026-8-30 16:18:15-debug: Init all bundles start..., progress: 0%
2026-8-30 16:18:15-debug: Num of bundles: 3..., progress: 0%
2026-8-30 16:18:15-debug: 查询 Asset Bundle start, progress: 0%
2026-8-30 16:18:15-debug: // ---- build task 查询 Asset Bundle ----
2026-8-30 16:18:15-debug: Init bundle root assets start..., progress: 0%
2026-8-30 16:18:15-debug: Query preload assets/scripts from cc.config.json: 60f7195c-ec2a-45eb-ba94-8955f60e81d0,1c02ae6f-4492-4915-b8f8-7492a3b1e4cd,810e96e4-e456-4468-9b59-f4e8f39732c0,efe8e2a3-eace-427b-b4f1-cb8a937ec77d,e9aa9a3e-5b2b-4ac7-a2c7-073de2b2b24f,8bbdbcdd-5cd4-4100-b6d5-b7c9625b6107,50f4348b-c883-4e2f-8f11-ce233b859fa1,fda095cb-831d-4601-ad94-846013963de8,f92806d7-1768-443f-afe8-12bcde84d0f0,dd3a144d-ab7f-41f0-82b8-2e43a090d496,f0416e68-0200-4b77-a926-4f9d16e494da,511d2633-09a7-4bdd-ac42-f778032124b3,5d45aa00-e064-4938-b314-4265f0c2258c,9361fd90-ba52-4f84-aa93-6e878fd576ca,970b0598-bcb0-4714-91fb-2e81440dccd8,bcd64cc6-2dd9-43f6-abbe-66318d332032,d930590d-bb92-4cc8-8bd1-23cd027f9edf,a3cd009f-0ab0-420d-9278-b9fdab939bbc,6a2d0734-bd9e-4ddf-946e-caa52498cb75,c27215d8-6835-4b68-bfbb-bdeac6100c04,b5d6115f-0370-4d7c-aad3-c194cc71cf98,d1346436-ac96-4271-b863-1f4fdead95b0,971bdb23-3ff6-43eb-b422-1c30165a3663,17debcc3-0a6b-4b8a-b00b-dc58b885581e,711ebe11-f673-4cd9-9a83-63c60ba54c5b,c0143906-9aed-447e-9436-2ae8512d1b6e,14da1725-c4c2-42b4-ab08-ee0aeb6898b3,081cab31-dccd-428e-8652-f2404cc81c47,78e0584a-4343-4727-8f37-e14e65c2a2db,ba21476f-2866-4f81-9c4d-6e359316e448,871c3b6c-7379-419d-bda3-794b239ab90d,1d08ef62-a503-4ce2-8b9a-46c90873f7d3,ff9b0199-ce04-4cfe-86cc-6c719f08d6e4,de1c2107-70c8-4021-8459-6399f24d01c6,cbf30902-517f-40dc-af90-a550bac27cf1,5c601d96-e4c7-4698-991b-7ee674b11079
2026-8-30 16:18:15-debug: Init bundle root assets success..., progress: 0%
2026-8-30 16:18:15-debug:   Number of other assets: 318
2026-8-30 16:18:15-debug:   Number of all scenes: 1
2026-8-30 16:18:15-debug:   Number of all scripts: 7
2026-8-30 16:18:15-debug: // ---- build task 查询 Asset Bundle ---- (22ms)
2026-8-30 16:18:15-log: run build task 查询 Asset Bundle success in 22 ms√, progress: 5%
2026-8-30 16:18:15-debug: [Build Memory track]: 查询 Asset Bundle start:228.51MB, end 228.22MB, increase: -293.09KB
2026-8-30 16:18:15-debug: 查询 Asset Bundle start, progress: 5%
2026-8-30 16:18:15-debug: // ---- build task 查询 Asset Bundle ----
2026-8-30 16:18:15-debug: // ---- build task 查询 Asset Bundle ---- (24ms)
2026-8-30 16:18:15-debug: [Build Memory track]: 查询 Asset Bundle start:228.25MB, end 228.35MB, increase: 102.10KB
2026-8-30 16:18:15-debug: 整理部分构建选项内数据到 settings.json start, progress: 10%
2026-8-30 16:18:15-log: run build task 查询 Asset Bundle success in 24 ms√, progress: 10%
2026-8-30 16:18:15-debug: // ---- build task 整理部分构建选项内数据到 settings.json ----
2026-8-30 16:18:15-debug: // ---- build task 整理部分构建选项内数据到 settings.json ---- (5ms)
2026-8-30 16:18:15-log: run build task 整理部分构建选项内数据到 settings.json success in 5 ms√, progress: 12%
2026-8-30 16:18:15-debug: [Build Memory track]: 整理部分构建选项内数据到 settings.json start:228.38MB, end 228.41MB, increase: 26.29KB
2026-8-30 16:18:15-debug: 填充脚本数据到 settings.json start, progress: 12%
2026-8-30 16:18:15-debug: // ---- build task 填充脚本数据到 settings.json ----
2026-8-30 16:18:15-debug: // ---- build task 填充脚本数据到 settings.json ---- (4ms)
2026-8-30 16:18:15-log: run build task 填充脚本数据到 settings.json success in 4 ms√, progress: 13%
2026-8-30 16:18:15-debug: [Build Memory track]: 填充脚本数据到 settings.json start:228.44MB, end 228.46MB, increase: 25.86KB
2026-8-30 16:18:15-debug: // ---- build task 整理部分构建选项内数据到 settings.json ----
2026-8-30 16:18:15-debug: 整理部分构建选项内数据到 settings.json start, progress: 13%
2026-8-30 16:18:15-debug: // ---- build task 整理部分构建选项内数据到 settings.json ---- (15ms)
2026-8-30 16:18:15-log: run build task 整理部分构建选项内数据到 settings.json success in 15 ms√, progress: 15%
2026-8-30 16:18:15-debug: [Build Memory track]: 整理部分构建选项内数据到 settings.json start:228.49MB, end 228.63MB, increase: 138.64KB
2026-8-30 16:18:20-debug: refresh db internal success
2026-8-30 16:18:20-debug: refresh db assets success
2026-8-30 16:18:20-debug: Run asset db hook engine-extends:afterRefresh ...
2026-8-30 16:18:20-debug: Run asset db hook engine-extends:afterRefresh success!
2026-8-30 16:18:20-debug: asset-db:refresh-all-database (114ms)
2026-8-30 16:18:20-debug: asset-db:worker-effect-data-processing (3ms)
2026-8-30 16:18:20-debug: asset-db-hook-engine-extends-afterRefresh (3ms)
2026-8-30 16:18:22-debug: %cImport%c: D:\GameByself\Cocos\Project1\assets\Scenes\scene.scenebackground: #aaff85; color: #000;color: #000;
2026-8-30 16:18:22-debug: asset-db:reimport-assetcb02e093-8bba-4046-8e6e-d0462e7be5da (12ms)
2026-8-30 16:18:23-debug: Query all assets info in project
2026-8-30 16:18:23-debug: init custom config: keepNodeUuid: false, useCache: true
2026-8-30 16:18:23-debug: Skip compress image, progress: 0%
2026-8-30 16:18:23-debug: Init all bundles start..., progress: 0%
2026-8-30 16:18:23-debug: Num of bundles: 3..., progress: 0%
2026-8-30 16:18:23-debug: // ---- build task 查询 Asset Bundle ----
2026-8-30 16:18:23-debug: 查询 Asset Bundle start, progress: 0%
2026-8-30 16:18:23-debug: Init bundle root assets start..., progress: 0%
2026-8-30 16:18:23-debug: Query preload assets/scripts from cc.config.json: 60f7195c-ec2a-45eb-ba94-8955f60e81d0,1c02ae6f-4492-4915-b8f8-7492a3b1e4cd,810e96e4-e456-4468-9b59-f4e8f39732c0,efe8e2a3-eace-427b-b4f1-cb8a937ec77d,e9aa9a3e-5b2b-4ac7-a2c7-073de2b2b24f,8bbdbcdd-5cd4-4100-b6d5-b7c9625b6107,50f4348b-c883-4e2f-8f11-ce233b859fa1,fda095cb-831d-4601-ad94-846013963de8,f92806d7-1768-443f-afe8-12bcde84d0f0,dd3a144d-ab7f-41f0-82b8-2e43a090d496,f0416e68-0200-4b77-a926-4f9d16e494da,511d2633-09a7-4bdd-ac42-f778032124b3,5d45aa00-e064-4938-b314-4265f0c2258c,9361fd90-ba52-4f84-aa93-6e878fd576ca,970b0598-bcb0-4714-91fb-2e81440dccd8,bcd64cc6-2dd9-43f6-abbe-66318d332032,d930590d-bb92-4cc8-8bd1-23cd027f9edf,a3cd009f-0ab0-420d-9278-b9fdab939bbc,6a2d0734-bd9e-4ddf-946e-caa52498cb75,c27215d8-6835-4b68-bfbb-bdeac6100c04,b5d6115f-0370-4d7c-aad3-c194cc71cf98,d1346436-ac96-4271-b863-1f4fdead95b0,971bdb23-3ff6-43eb-b422-1c30165a3663,17debcc3-0a6b-4b8a-b00b-dc58b885581e,711ebe11-f673-4cd9-9a83-63c60ba54c5b,c0143906-9aed-447e-9436-2ae8512d1b6e,14da1725-c4c2-42b4-ab08-ee0aeb6898b3,081cab31-dccd-428e-8652-f2404cc81c47,78e0584a-4343-4727-8f37-e14e65c2a2db,ba21476f-2866-4f81-9c4d-6e359316e448,871c3b6c-7379-419d-bda3-794b239ab90d,1d08ef62-a503-4ce2-8b9a-46c90873f7d3,ff9b0199-ce04-4cfe-86cc-6c719f08d6e4,de1c2107-70c8-4021-8459-6399f24d01c6,cbf30902-517f-40dc-af90-a550bac27cf1,5c601d96-e4c7-4698-991b-7ee674b11079
2026-8-30 16:18:23-debug:   Number of all scripts: 7
2026-8-30 16:18:23-debug: Init bundle root assets success..., progress: 0%
2026-8-30 16:18:23-debug:   Number of other assets: 318
2026-8-30 16:18:23-debug:   Number of all scenes: 1
2026-8-30 16:18:23-debug: // ---- build task 查询 Asset Bundle ---- (10ms)
2026-8-30 16:18:23-debug: [Build Memory track]: 查询 Asset Bundle start:230.16MB, end 229.24MB, increase: -944.64KB
2026-8-30 16:18:23-debug: 查询 Asset Bundle start, progress: 5%
2026-8-30 16:18:23-log: run build task 查询 Asset Bundle success in 10 ms√, progress: 5%
2026-8-30 16:18:23-debug: // ---- build task 查询 Asset Bundle ----
2026-8-30 16:18:23-debug: // ---- build task 查询 Asset Bundle ---- (5ms)
2026-8-30 16:18:23-log: run build task 查询 Asset Bundle success in 5 ms√, progress: 10%
2026-8-30 16:18:23-debug: [Build Memory track]: 查询 Asset Bundle start:229.27MB, end 229.38MB, increase: 118.63KB
2026-8-30 16:18:23-debug: 整理部分构建选项内数据到 settings.json start, progress: 10%
2026-8-30 16:18:23-debug: // ---- build task 整理部分构建选项内数据到 settings.json ----
2026-8-30 16:18:23-debug: // ---- build task 整理部分构建选项内数据到 settings.json ---- (2ms)
2026-8-30 16:18:23-log: run build task 整理部分构建选项内数据到 settings.json success in 2 ms√, progress: 12%
2026-8-30 16:18:23-debug: 填充脚本数据到 settings.json start, progress: 12%
2026-8-30 16:18:23-debug: [Build Memory track]: 整理部分构建选项内数据到 settings.json start:229.41MB, end 229.44MB, increase: 26.44KB
2026-8-30 16:18:23-debug: // ---- build task 填充脚本数据到 settings.json ----
2026-8-30 16:18:23-debug: // ---- build task 填充脚本数据到 settings.json ---- (2ms)
2026-8-30 16:18:23-log: run build task 填充脚本数据到 settings.json success in 2 ms√, progress: 13%
2026-8-30 16:18:23-debug: [Build Memory track]: 填充脚本数据到 settings.json start:229.47MB, end 229.49MB, increase: 25.73KB
2026-8-30 16:18:23-debug: 整理部分构建选项内数据到 settings.json start, progress: 13%
2026-8-30 16:18:23-debug: // ---- build task 整理部分构建选项内数据到 settings.json ----
2026-8-30 16:18:23-debug: // ---- build task 整理部分构建选项内数据到 settings.json ---- (6ms)
2026-8-30 16:18:23-log: run build task 整理部分构建选项内数据到 settings.json success in 6 ms√, progress: 15%
2026-8-30 16:18:23-debug: [Build Memory track]: 整理部分构建选项内数据到 settings.json start:229.52MB, end 229.65MB, increase: 125.78KB
2026-8-30 16:18:29-debug: refresh db internal success
2026-8-30 16:18:29-debug: refresh db assets success
2026-8-30 16:18:29-debug: Run asset db hook engine-extends:afterRefresh ...
2026-8-30 16:18:29-debug: Run asset db hook engine-extends:afterRefresh success!
2026-8-30 16:18:29-debug: asset-db:refresh-all-database (102ms)
2026-8-30 16:18:29-debug: asset-db:worker-effect-data-processing (2ms)
2026-8-30 16:18:29-debug: asset-db-hook-engine-extends-afterRefresh (2ms)
2026-8-30 16:19:05-debug: Query all assets info in project
2026-8-30 16:19:05-debug: init custom config: keepNodeUuid: false, useCache: true
2026-8-30 16:19:05-debug: Skip compress image, progress: 0%
2026-8-30 16:19:05-debug: Init all bundles start..., progress: 0%
2026-8-30 16:19:05-debug: Num of bundles: 3..., progress: 0%
2026-8-30 16:19:05-debug: 查询 Asset Bundle start, progress: 0%
2026-8-30 16:19:05-debug: // ---- build task 查询 Asset Bundle ----
2026-8-30 16:19:05-debug: Init bundle root assets start..., progress: 0%
2026-8-30 16:19:05-debug: Query preload assets/scripts from cc.config.json: 60f7195c-ec2a-45eb-ba94-8955f60e81d0,1c02ae6f-4492-4915-b8f8-7492a3b1e4cd,810e96e4-e456-4468-9b59-f4e8f39732c0,efe8e2a3-eace-427b-b4f1-cb8a937ec77d,e9aa9a3e-5b2b-4ac7-a2c7-073de2b2b24f,8bbdbcdd-5cd4-4100-b6d5-b7c9625b6107,50f4348b-c883-4e2f-8f11-ce233b859fa1,fda095cb-831d-4601-ad94-846013963de8,f92806d7-1768-443f-afe8-12bcde84d0f0,dd3a144d-ab7f-41f0-82b8-2e43a090d496,f0416e68-0200-4b77-a926-4f9d16e494da,511d2633-09a7-4bdd-ac42-f778032124b3,5d45aa00-e064-4938-b314-4265f0c2258c,9361fd90-ba52-4f84-aa93-6e878fd576ca,970b0598-bcb0-4714-91fb-2e81440dccd8,bcd64cc6-2dd9-43f6-abbe-66318d332032,d930590d-bb92-4cc8-8bd1-23cd027f9edf,a3cd009f-0ab0-420d-9278-b9fdab939bbc,6a2d0734-bd9e-4ddf-946e-caa52498cb75,c27215d8-6835-4b68-bfbb-bdeac6100c04,b5d6115f-0370-4d7c-aad3-c194cc71cf98,d1346436-ac96-4271-b863-1f4fdead95b0,971bdb23-3ff6-43eb-b422-1c30165a3663,17debcc3-0a6b-4b8a-b00b-dc58b885581e,711ebe11-f673-4cd9-9a83-63c60ba54c5b,c0143906-9aed-447e-9436-2ae8512d1b6e,14da1725-c4c2-42b4-ab08-ee0aeb6898b3,081cab31-dccd-428e-8652-f2404cc81c47,78e0584a-4343-4727-8f37-e14e65c2a2db,ba21476f-2866-4f81-9c4d-6e359316e448,871c3b6c-7379-419d-bda3-794b239ab90d,1d08ef62-a503-4ce2-8b9a-46c90873f7d3,ff9b0199-ce04-4cfe-86cc-6c719f08d6e4,de1c2107-70c8-4021-8459-6399f24d01c6,cbf30902-517f-40dc-af90-a550bac27cf1,5c601d96-e4c7-4698-991b-7ee674b11079
2026-8-30 16:19:05-debug:   Number of all scripts: 7
2026-8-30 16:19:05-debug: Init bundle root assets success..., progress: 0%
2026-8-30 16:19:05-debug:   Number of all scenes: 1
2026-8-30 16:19:05-debug:   Number of other assets: 318
2026-8-30 16:19:05-debug: // ---- build task 查询 Asset Bundle ---- (12ms)
2026-8-30 16:19:05-debug: [Build Memory track]: 查询 Asset Bundle start:230.46MB, end 230.27MB, increase: -191.06KB
2026-8-30 16:19:05-debug: 查询 Asset Bundle start, progress: 5%
2026-8-30 16:19:05-log: run build task 查询 Asset Bundle success in 12 ms√, progress: 5%
2026-8-30 16:19:05-debug: // ---- build task 查询 Asset Bundle ----
2026-8-30 16:19:05-debug: // ---- build task 查询 Asset Bundle ---- (33ms)
2026-8-30 16:19:05-log: run build task 查询 Asset Bundle success in 33 ms√, progress: 10%
2026-8-30 16:19:05-debug: [Build Memory track]: 查询 Asset Bundle start:230.30MB, end 230.41MB, increase: 105.20KB
2026-8-30 16:19:05-debug: 整理部分构建选项内数据到 settings.json start, progress: 10%
2026-8-30 16:19:05-debug: // ---- build task 整理部分构建选项内数据到 settings.json ----
2026-8-30 16:19:05-debug: // ---- build task 整理部分构建选项内数据到 settings.json ---- (7ms)
2026-8-30 16:19:05-log: run build task 整理部分构建选项内数据到 settings.json success in 7 ms√, progress: 12%
2026-8-30 16:19:05-debug: 填充脚本数据到 settings.json start, progress: 12%
2026-8-30 16:19:05-debug: [Build Memory track]: 整理部分构建选项内数据到 settings.json start:230.44MB, end 230.46MB, increase: 26.31KB
2026-8-30 16:19:05-debug: // ---- build task 填充脚本数据到 settings.json ----
2026-8-30 16:19:05-debug: // ---- build task 填充脚本数据到 settings.json ---- (4ms)
2026-8-30 16:19:05-log: run build task 填充脚本数据到 settings.json success in 4 ms√, progress: 13%
2026-8-30 16:19:05-debug: [Build Memory track]: 填充脚本数据到 settings.json start:230.49MB, end 230.52MB, increase: 25.80KB
2026-8-30 16:19:05-debug: 整理部分构建选项内数据到 settings.json start, progress: 13%
2026-8-30 16:19:05-debug: // ---- build task 整理部分构建选项内数据到 settings.json ----
2026-8-30 16:19:05-debug: // ---- build task 整理部分构建选项内数据到 settings.json ---- (25ms)
2026-8-30 16:19:05-log: run build task 整理部分构建选项内数据到 settings.json success in 25 ms√, progress: 15%
2026-8-30 16:19:05-debug: [Build Memory track]: 整理部分构建选项内数据到 settings.json start:230.55MB, end 230.67MB, increase: 125.64KB
2026-8-30 16:19:10-debug: refresh db internal success
2026-8-30 16:19:10-debug: refresh db assets success
2026-8-30 16:19:10-debug: Run asset db hook engine-extends:afterRefresh ...
2026-8-30 16:19:10-debug: Run asset db hook engine-extends:afterRefresh success!
2026-8-30 16:19:10-debug: asset-db:refresh-all-database (106ms)
2026-8-30 16:19:10-debug: asset-db:worker-effect-data-processing (1ms)
2026-8-30 16:19:10-debug: asset-db-hook-engine-extends-afterRefresh (1ms)
2026-8-30 16:19:13-debug: %cImport%c: D:\GameByself\Cocos\Project1\assets\Scenes\scene.scenebackground: #aaff85; color: #000;color: #000;
2026-8-30 16:19:13-debug: asset-db:reimport-assetcb02e093-8bba-4046-8e6e-d0462e7be5da (14ms)
2026-8-30 16:19:14-debug: Query all assets info in project
2026-8-30 16:19:14-debug: init custom config: keepNodeUuid: false, useCache: true
2026-8-30 16:19:14-debug: Skip compress image, progress: 0%
2026-8-30 16:19:14-debug: Init all bundles start..., progress: 0%
2026-8-30 16:19:14-debug: // ---- build task 查询 Asset Bundle ----
2026-8-30 16:19:14-debug: Init bundle root assets start..., progress: 0%
2026-8-30 16:19:14-debug: Num of bundles: 3..., progress: 0%
2026-8-30 16:19:14-debug: 查询 Asset Bundle start, progress: 0%
2026-8-30 16:19:14-debug:   Number of all scenes: 1
2026-8-30 16:19:14-debug:   Number of all scripts: 7
2026-8-30 16:19:14-debug: Query preload assets/scripts from cc.config.json: 60f7195c-ec2a-45eb-ba94-8955f60e81d0,1c02ae6f-4492-4915-b8f8-7492a3b1e4cd,810e96e4-e456-4468-9b59-f4e8f39732c0,efe8e2a3-eace-427b-b4f1-cb8a937ec77d,e9aa9a3e-5b2b-4ac7-a2c7-073de2b2b24f,8bbdbcdd-5cd4-4100-b6d5-b7c9625b6107,50f4348b-c883-4e2f-8f11-ce233b859fa1,fda095cb-831d-4601-ad94-846013963de8,f92806d7-1768-443f-afe8-12bcde84d0f0,dd3a144d-ab7f-41f0-82b8-2e43a090d496,f0416e68-0200-4b77-a926-4f9d16e494da,511d2633-09a7-4bdd-ac42-f778032124b3,5d45aa00-e064-4938-b314-4265f0c2258c,9361fd90-ba52-4f84-aa93-6e878fd576ca,970b0598-bcb0-4714-91fb-2e81440dccd8,bcd64cc6-2dd9-43f6-abbe-66318d332032,d930590d-bb92-4cc8-8bd1-23cd027f9edf,a3cd009f-0ab0-420d-9278-b9fdab939bbc,6a2d0734-bd9e-4ddf-946e-caa52498cb75,c27215d8-6835-4b68-bfbb-bdeac6100c04,b5d6115f-0370-4d7c-aad3-c194cc71cf98,d1346436-ac96-4271-b863-1f4fdead95b0,971bdb23-3ff6-43eb-b422-1c30165a3663,17debcc3-0a6b-4b8a-b00b-dc58b885581e,711ebe11-f673-4cd9-9a83-63c60ba54c5b,c0143906-9aed-447e-9436-2ae8512d1b6e,14da1725-c4c2-42b4-ab08-ee0aeb6898b3,081cab31-dccd-428e-8652-f2404cc81c47,78e0584a-4343-4727-8f37-e14e65c2a2db,ba21476f-2866-4f81-9c4d-6e359316e448,871c3b6c-7379-419d-bda3-794b239ab90d,1d08ef62-a503-4ce2-8b9a-46c90873f7d3,ff9b0199-ce04-4cfe-86cc-6c719f08d6e4,de1c2107-70c8-4021-8459-6399f24d01c6,cbf30902-517f-40dc-af90-a550bac27cf1,5c601d96-e4c7-4698-991b-7ee674b11079
2026-8-30 16:19:14-debug: Init bundle root assets success..., progress: 0%
2026-8-30 16:19:14-debug:   Number of other assets: 318
2026-8-30 16:19:14-debug: // ---- build task 查询 Asset Bundle ---- (28ms)
2026-8-30 16:19:14-log: run build task 查询 Asset Bundle success in 28 ms√, progress: 5%
2026-8-30 16:19:14-debug: // ---- build task 查询 Asset Bundle ----
2026-8-30 16:19:14-debug: [Build Memory track]: 查询 Asset Bundle start:231.75MB, end 231.47MB, increase: -285.22KB
2026-8-30 16:19:14-debug: 查询 Asset Bundle start, progress: 5%
2026-8-30 16:19:14-debug: // ---- build task 查询 Asset Bundle ---- (17ms)
2026-8-30 16:19:14-debug: [Build Memory track]: 查询 Asset Bundle start:231.50MB, end 231.60MB, increase: 102.11KB
2026-8-30 16:19:14-debug: 整理部分构建选项内数据到 settings.json start, progress: 10%
2026-8-30 16:19:14-log: run build task 查询 Asset Bundle success in 17 ms√, progress: 10%
2026-8-30 16:19:14-debug: // ---- build task 整理部分构建选项内数据到 settings.json ----
2026-8-30 16:19:14-log: run build task 整理部分构建选项内数据到 settings.json success in 2 ms√, progress: 12%
2026-8-30 16:19:14-debug: [Build Memory track]: 整理部分构建选项内数据到 settings.json start:231.63MB, end 231.65MB, increase: 26.38KB
2026-8-30 16:19:14-debug: // ---- build task 填充脚本数据到 settings.json ----
2026-8-30 16:19:14-debug: // ---- build task 整理部分构建选项内数据到 settings.json ---- (2ms)
2026-8-30 16:19:14-debug: 填充脚本数据到 settings.json start, progress: 12%
2026-8-30 16:19:14-debug: // ---- build task 填充脚本数据到 settings.json ---- (3ms)
2026-8-30 16:19:14-log: run build task 填充脚本数据到 settings.json success in 3 ms√, progress: 13%
2026-8-30 16:19:14-debug: [Build Memory track]: 填充脚本数据到 settings.json start:231.68MB, end 231.71MB, increase: 30.56KB
2026-8-30 16:19:14-debug: 整理部分构建选项内数据到 settings.json start, progress: 13%
2026-8-30 16:19:14-debug: // ---- build task 整理部分构建选项内数据到 settings.json ----
2026-8-30 16:19:14-debug: // ---- build task 整理部分构建选项内数据到 settings.json ---- (16ms)
2026-8-30 16:19:14-log: run build task 整理部分构建选项内数据到 settings.json success in 16 ms√, progress: 15%
2026-8-30 16:19:14-debug: [Build Memory track]: 整理部分构建选项内数据到 settings.json start:231.74MB, end 231.88MB, increase: 138.36KB
2026-8-30 16:19:44-debug: refresh db internal success
2026-8-30 16:19:44-debug: %cImport%c: D:\GameByself\Cocos\Project1\assets\Scripts\Car.tsbackground: #aaff85; color: #000;color: #000;
2026-8-30 16:19:44-debug: refresh db assets success
2026-8-30 16:19:44-debug: Run asset db hook engine-extends:afterRefresh ...
2026-8-30 16:19:44-debug: Run asset db hook engine-extends:afterRefresh success!
2026-8-30 16:19:44-debug: asset-db:refresh-all-database (105ms)
2026-8-30 16:19:44-debug: asset-db:worker-effect-data-processing (1ms)
2026-8-30 16:19:44-debug: asset-db-hook-engine-extends-afterRefresh (2ms)
2026-8-30 16:19:44-debug: %cImport%c: D:\GameByself\Cocos\Project1\assets\Scenes\scene.scenebackground: #aaff85; color: #000;color: #000;
2026-8-30 16:19:44-debug: asset-db:reimport-assetcb02e093-8bba-4046-8e6e-d0462e7be5da (12ms)
2026-8-30 16:19:46-debug: Query all assets info in project
2026-8-30 16:19:46-debug: init custom config: keepNodeUuid: false, useCache: true
2026-8-30 16:19:46-debug: Skip compress image, progress: 0%
2026-8-30 16:19:46-debug: Init all bundles start..., progress: 0%
2026-8-30 16:19:46-debug: Num of bundles: 3..., progress: 0%
2026-8-30 16:19:46-debug: 查询 Asset Bundle start, progress: 0%
2026-8-30 16:19:46-debug: Init bundle root assets start..., progress: 0%
2026-8-30 16:19:46-debug: // ---- build task 查询 Asset Bundle ----
2026-8-30 16:19:46-debug: Query preload assets/scripts from cc.config.json: 60f7195c-ec2a-45eb-ba94-8955f60e81d0,1c02ae6f-4492-4915-b8f8-7492a3b1e4cd,810e96e4-e456-4468-9b59-f4e8f39732c0,efe8e2a3-eace-427b-b4f1-cb8a937ec77d,e9aa9a3e-5b2b-4ac7-a2c7-073de2b2b24f,8bbdbcdd-5cd4-4100-b6d5-b7c9625b6107,50f4348b-c883-4e2f-8f11-ce233b859fa1,fda095cb-831d-4601-ad94-846013963de8,f92806d7-1768-443f-afe8-12bcde84d0f0,dd3a144d-ab7f-41f0-82b8-2e43a090d496,f0416e68-0200-4b77-a926-4f9d16e494da,511d2633-09a7-4bdd-ac42-f778032124b3,5d45aa00-e064-4938-b314-4265f0c2258c,9361fd90-ba52-4f84-aa93-6e878fd576ca,970b0598-bcb0-4714-91fb-2e81440dccd8,bcd64cc6-2dd9-43f6-abbe-66318d332032,d930590d-bb92-4cc8-8bd1-23cd027f9edf,a3cd009f-0ab0-420d-9278-b9fdab939bbc,6a2d0734-bd9e-4ddf-946e-caa52498cb75,c27215d8-6835-4b68-bfbb-bdeac6100c04,b5d6115f-0370-4d7c-aad3-c194cc71cf98,d1346436-ac96-4271-b863-1f4fdead95b0,971bdb23-3ff6-43eb-b422-1c30165a3663,17debcc3-0a6b-4b8a-b00b-dc58b885581e,711ebe11-f673-4cd9-9a83-63c60ba54c5b,c0143906-9aed-447e-9436-2ae8512d1b6e,14da1725-c4c2-42b4-ab08-ee0aeb6898b3,081cab31-dccd-428e-8652-f2404cc81c47,78e0584a-4343-4727-8f37-e14e65c2a2db,ba21476f-2866-4f81-9c4d-6e359316e448,871c3b6c-7379-419d-bda3-794b239ab90d,1d08ef62-a503-4ce2-8b9a-46c90873f7d3,ff9b0199-ce04-4cfe-86cc-6c719f08d6e4,de1c2107-70c8-4021-8459-6399f24d01c6,cbf30902-517f-40dc-af90-a550bac27cf1,5c601d96-e4c7-4698-991b-7ee674b11079
2026-8-30 16:19:46-debug:   Number of all scripts: 7
2026-8-30 16:19:46-debug: Init bundle root assets success..., progress: 0%
2026-8-30 16:19:46-debug:   Number of all scenes: 1
2026-8-30 16:19:46-debug:   Number of other assets: 318
2026-8-30 16:19:46-debug: // ---- build task 查询 Asset Bundle ---- (11ms)
2026-8-30 16:19:46-log: run build task 查询 Asset Bundle success in 11 ms√, progress: 5%
2026-8-30 16:19:46-debug: // ---- build task 查询 Asset Bundle ----
2026-8-30 16:19:46-debug: 查询 Asset Bundle start, progress: 5%
2026-8-30 16:19:46-debug: [Build Memory track]: 查询 Asset Bundle start:232.65MB, end 232.40MB, increase: -253.41KB
2026-8-30 16:19:46-debug: // ---- build task 查询 Asset Bundle ---- (7ms)
2026-8-30 16:19:46-log: run build task 查询 Asset Bundle success in 7 ms√, progress: 10%
2026-8-30 16:19:46-debug: 整理部分构建选项内数据到 settings.json start, progress: 10%
2026-8-30 16:19:46-debug: [Build Memory track]: 查询 Asset Bundle start:232.43MB, end 232.53MB, increase: 104.06KB
2026-8-30 16:19:46-debug: // ---- build task 整理部分构建选项内数据到 settings.json ----
2026-8-30 16:19:46-debug: // ---- build task 整理部分构建选项内数据到 settings.json ---- (1ms)
2026-8-30 16:19:46-log: run build task 整理部分构建选项内数据到 settings.json success in 1 ms√, progress: 12%
2026-8-30 16:19:46-debug: [Build Memory track]: 整理部分构建选项内数据到 settings.json start:232.56MB, end 232.59MB, increase: 25.27KB
2026-8-30 16:19:46-debug: 填充脚本数据到 settings.json start, progress: 12%
2026-8-30 16:19:46-debug: // ---- build task 填充脚本数据到 settings.json ----
2026-8-30 16:19:46-log: run build task 填充脚本数据到 settings.json success in 1 ms√, progress: 13%
2026-8-30 16:19:46-debug: [Build Memory track]: 填充脚本数据到 settings.json start:232.62MB, end 232.65MB, increase: 26.09KB
2026-8-30 16:19:46-debug: 整理部分构建选项内数据到 settings.json start, progress: 13%
2026-8-30 16:19:46-debug: // ---- build task 填充脚本数据到 settings.json ---- (1ms)
2026-8-30 16:19:46-debug: // ---- build task 整理部分构建选项内数据到 settings.json ----
2026-8-30 16:19:46-debug: // ---- build task 整理部分构建选项内数据到 settings.json ---- (7ms)
2026-8-30 16:19:46-log: run build task 整理部分构建选项内数据到 settings.json success in 7 ms√, progress: 15%
2026-8-30 16:19:46-debug: [Build Memory track]: 整理部分构建选项内数据到 settings.json start:232.68MB, end 232.80MB, increase: 128.74KB
2026-8-30 16:20:03-debug: refresh db internal success
2026-8-30 16:20:04-debug: refresh db assets success
2026-8-30 16:20:04-debug: Run asset db hook engine-extends:afterRefresh ...
2026-8-30 16:20:04-debug: Run asset db hook engine-extends:afterRefresh success!
2026-8-30 16:20:04-debug: asset-db:refresh-all-database (102ms)
2026-8-30 16:20:04-debug: asset-db:worker-effect-data-processing (1ms)
2026-8-30 16:20:04-debug: asset-db-hook-engine-extends-afterRefresh (1ms)
2026-8-30 16:20:17-debug: refresh db internal success
2026-8-30 16:20:17-debug: %cImport%c: D:\GameByself\Cocos\Project1\assets\Scripts\Car.tsbackground: #aaff85; color: #000;color: #000;
2026-8-30 16:20:17-debug: refresh db assets success
2026-8-30 16:20:17-debug: Run asset db hook engine-extends:afterRefresh ...
2026-8-30 16:20:17-debug: Run asset db hook engine-extends:afterRefresh success!
2026-8-30 16:20:17-debug: asset-db:refresh-all-database (121ms)
2026-8-30 16:20:17-debug: asset-db-hook-engine-extends-afterRefresh (2ms)
2026-8-30 16:20:17-debug: asset-db:worker-effect-data-processing (2ms)
2026-8-30 16:20:18-debug: Query all assets info in project
2026-8-30 16:20:18-debug: Skip compress image, progress: 0%
2026-8-30 16:20:18-debug: init custom config: keepNodeUuid: false, useCache: true
2026-8-30 16:20:18-debug: Num of bundles: 3..., progress: 0%
2026-8-30 16:20:18-debug: 查询 Asset Bundle start, progress: 0%
2026-8-30 16:20:18-debug: // ---- build task 查询 Asset Bundle ----
2026-8-30 16:20:18-debug: Init all bundles start..., progress: 0%
2026-8-30 16:20:18-debug: Init bundle root assets start..., progress: 0%
2026-8-30 16:20:18-debug:   Number of all scenes: 1
2026-8-30 16:20:18-debug:   Number of all scripts: 7
2026-8-30 16:20:18-debug:   Number of other assets: 318
2026-8-30 16:20:18-debug: Init bundle root assets success..., progress: 0%
2026-8-30 16:20:18-debug: Query preload assets/scripts from cc.config.json: 60f7195c-ec2a-45eb-ba94-8955f60e81d0,1c02ae6f-4492-4915-b8f8-7492a3b1e4cd,810e96e4-e456-4468-9b59-f4e8f39732c0,efe8e2a3-eace-427b-b4f1-cb8a937ec77d,e9aa9a3e-5b2b-4ac7-a2c7-073de2b2b24f,8bbdbcdd-5cd4-4100-b6d5-b7c9625b6107,50f4348b-c883-4e2f-8f11-ce233b859fa1,fda095cb-831d-4601-ad94-846013963de8,f92806d7-1768-443f-afe8-12bcde84d0f0,dd3a144d-ab7f-41f0-82b8-2e43a090d496,f0416e68-0200-4b77-a926-4f9d16e494da,511d2633-09a7-4bdd-ac42-f778032124b3,5d45aa00-e064-4938-b314-4265f0c2258c,9361fd90-ba52-4f84-aa93-6e878fd576ca,970b0598-bcb0-4714-91fb-2e81440dccd8,bcd64cc6-2dd9-43f6-abbe-66318d332032,d930590d-bb92-4cc8-8bd1-23cd027f9edf,a3cd009f-0ab0-420d-9278-b9fdab939bbc,6a2d0734-bd9e-4ddf-946e-caa52498cb75,c27215d8-6835-4b68-bfbb-bdeac6100c04,b5d6115f-0370-4d7c-aad3-c194cc71cf98,d1346436-ac96-4271-b863-1f4fdead95b0,971bdb23-3ff6-43eb-b422-1c30165a3663,17debcc3-0a6b-4b8a-b00b-dc58b885581e,711ebe11-f673-4cd9-9a83-63c60ba54c5b,c0143906-9aed-447e-9436-2ae8512d1b6e,14da1725-c4c2-42b4-ab08-ee0aeb6898b3,081cab31-dccd-428e-8652-f2404cc81c47,78e0584a-4343-4727-8f37-e14e65c2a2db,ba21476f-2866-4f81-9c4d-6e359316e448,871c3b6c-7379-419d-bda3-794b239ab90d,1d08ef62-a503-4ce2-8b9a-46c90873f7d3,ff9b0199-ce04-4cfe-86cc-6c719f08d6e4,de1c2107-70c8-4021-8459-6399f24d01c6,cbf30902-517f-40dc-af90-a550bac27cf1,5c601d96-e4c7-4698-991b-7ee674b11079
2026-8-30 16:20:18-log: run build task 查询 Asset Bundle success in 30 ms√, progress: 5%
2026-8-30 16:20:18-debug: [Build Memory track]: 查询 Asset Bundle start:234.95MB, end 234.68MB, increase: -281.06KB
2026-8-30 16:20:18-debug: 查询 Asset Bundle start, progress: 5%
2026-8-30 16:20:18-debug: // ---- build task 查询 Asset Bundle ---- (30ms)
2026-8-30 16:20:18-debug: // ---- build task 查询 Asset Bundle ----
2026-8-30 16:20:18-debug: // ---- build task 查询 Asset Bundle ---- (13ms)
2026-8-30 16:20:18-log: run build task 查询 Asset Bundle success in 13 ms√, progress: 10%
2026-8-30 16:20:18-debug: 整理部分构建选项内数据到 settings.json start, progress: 10%
2026-8-30 16:20:18-debug: // ---- build task 整理部分构建选项内数据到 settings.json ----
2026-8-30 16:20:18-debug: [Build Memory track]: 查询 Asset Bundle start:234.71MB, end 234.81MB, increase: 102.17KB
2026-8-30 16:20:18-debug: // ---- build task 整理部分构建选项内数据到 settings.json ---- (6ms)
2026-8-30 16:20:18-debug: [Build Memory track]: 整理部分构建选项内数据到 settings.json start:234.84MB, end 234.86MB, increase: 26.32KB
2026-8-30 16:20:18-log: run build task 整理部分构建选项内数据到 settings.json success in 6 ms√, progress: 12%
2026-8-30 16:20:18-debug: // ---- build task 填充脚本数据到 settings.json ----
2026-8-30 16:20:18-debug: 填充脚本数据到 settings.json start, progress: 12%
2026-8-30 16:20:18-debug: // ---- build task 填充脚本数据到 settings.json ---- (10ms)
2026-8-30 16:20:18-log: run build task 填充脚本数据到 settings.json success in 10 ms√, progress: 13%
2026-8-30 16:20:18-debug: [Build Memory track]: 填充脚本数据到 settings.json start:234.89MB, end 234.92MB, increase: 25.83KB
2026-8-30 16:20:18-debug: // ---- build task 整理部分构建选项内数据到 settings.json ----
2026-8-30 16:20:18-debug: 整理部分构建选项内数据到 settings.json start, progress: 13%
2026-8-30 16:20:18-log: run build task 整理部分构建选项内数据到 settings.json success in 21 ms√, progress: 15%
2026-8-30 16:20:18-debug: [Build Memory track]: 整理部分构建选项内数据到 settings.json start:234.95MB, end 235.07MB, increase: 126.14KB
2026-8-30 16:20:18-debug: // ---- build task 整理部分构建选项内数据到 settings.json ---- (21ms)
2026-8-30 16:21:49-debug: refresh db internal success
2026-8-30 16:21:49-debug: refresh db assets success
2026-8-30 16:21:49-debug: Run asset db hook engine-extends:afterRefresh ...
2026-8-30 16:21:49-debug: Run asset db hook engine-extends:afterRefresh success!
2026-8-30 16:21:49-debug: asset-db:refresh-all-database (147ms)
2026-8-30 16:21:49-debug: asset-db:worker-effect-data-processing (2ms)
2026-8-30 16:21:49-debug: asset-db-hook-engine-extends-afterRefresh (3ms)
2026-8-30 16:21:58-debug: %cImport%c: D:\GameByself\Cocos\Project1\assets\Scenes\scene.scenebackground: #aaff85; color: #000;color: #000;
2026-8-30 16:21:58-debug: asset-db:reimport-assetcb02e093-8bba-4046-8e6e-d0462e7be5da (13ms)
2026-8-30 16:22:00-debug: Query all assets info in project
2026-8-30 16:22:00-debug: init custom config: keepNodeUuid: false, useCache: true
2026-8-30 16:22:00-debug: Skip compress image, progress: 0%
2026-8-30 16:22:00-debug: Init all bundles start..., progress: 0%
2026-8-30 16:22:00-debug: 查询 Asset Bundle start, progress: 0%
2026-8-30 16:22:00-debug: // ---- build task 查询 Asset Bundle ----
2026-8-30 16:22:00-debug: Num of bundles: 3..., progress: 0%
2026-8-30 16:22:00-debug: Init bundle root assets start..., progress: 0%
2026-8-30 16:22:00-debug: Query preload assets/scripts from cc.config.json: 60f7195c-ec2a-45eb-ba94-8955f60e81d0,1c02ae6f-4492-4915-b8f8-7492a3b1e4cd,810e96e4-e456-4468-9b59-f4e8f39732c0,efe8e2a3-eace-427b-b4f1-cb8a937ec77d,e9aa9a3e-5b2b-4ac7-a2c7-073de2b2b24f,8bbdbcdd-5cd4-4100-b6d5-b7c9625b6107,50f4348b-c883-4e2f-8f11-ce233b859fa1,fda095cb-831d-4601-ad94-846013963de8,f92806d7-1768-443f-afe8-12bcde84d0f0,dd3a144d-ab7f-41f0-82b8-2e43a090d496,f0416e68-0200-4b77-a926-4f9d16e494da,511d2633-09a7-4bdd-ac42-f778032124b3,5d45aa00-e064-4938-b314-4265f0c2258c,9361fd90-ba52-4f84-aa93-6e878fd576ca,970b0598-bcb0-4714-91fb-2e81440dccd8,bcd64cc6-2dd9-43f6-abbe-66318d332032,d930590d-bb92-4cc8-8bd1-23cd027f9edf,a3cd009f-0ab0-420d-9278-b9fdab939bbc,6a2d0734-bd9e-4ddf-946e-caa52498cb75,c27215d8-6835-4b68-bfbb-bdeac6100c04,b5d6115f-0370-4d7c-aad3-c194cc71cf98,d1346436-ac96-4271-b863-1f4fdead95b0,971bdb23-3ff6-43eb-b422-1c30165a3663,17debcc3-0a6b-4b8a-b00b-dc58b885581e,711ebe11-f673-4cd9-9a83-63c60ba54c5b,c0143906-9aed-447e-9436-2ae8512d1b6e,14da1725-c4c2-42b4-ab08-ee0aeb6898b3,081cab31-dccd-428e-8652-f2404cc81c47,78e0584a-4343-4727-8f37-e14e65c2a2db,ba21476f-2866-4f81-9c4d-6e359316e448,871c3b6c-7379-419d-bda3-794b239ab90d,1d08ef62-a503-4ce2-8b9a-46c90873f7d3,ff9b0199-ce04-4cfe-86cc-6c719f08d6e4,de1c2107-70c8-4021-8459-6399f24d01c6,cbf30902-517f-40dc-af90-a550bac27cf1,5c601d96-e4c7-4698-991b-7ee674b11079
2026-8-30 16:22:00-debug:   Number of all scenes: 1
2026-8-30 16:22:00-debug:   Number of all scripts: 7
2026-8-30 16:22:00-debug: Init bundle root assets success..., progress: 0%
2026-8-30 16:22:00-debug:   Number of other assets: 318
2026-8-30 16:22:00-debug: // ---- build task 查询 Asset Bundle ---- (26ms)
2026-8-30 16:22:00-log: run build task 查询 Asset Bundle success in 26 ms√, progress: 5%
2026-8-30 16:22:00-debug: // ---- build task 查询 Asset Bundle ----
2026-8-30 16:22:00-debug: 查询 Asset Bundle start, progress: 5%
2026-8-30 16:22:00-debug: [Build Memory track]: 查询 Asset Bundle start:235.74MB, end 235.62MB, increase: -117.30KB
2026-8-30 16:22:00-log: run build task 查询 Asset Bundle success in 10 ms√, progress: 10%
2026-8-30 16:22:00-debug: [Build Memory track]: 查询 Asset Bundle start:235.65MB, end 235.76MB, increase: 105.22KB
2026-8-30 16:22:00-debug: // ---- build task 查询 Asset Bundle ---- (10ms)
2026-8-30 16:22:00-debug: 整理部分构建选项内数据到 settings.json start, progress: 10%
2026-8-30 16:22:00-debug: // ---- build task 整理部分构建选项内数据到 settings.json ----
2026-8-30 16:22:00-debug: // ---- build task 整理部分构建选项内数据到 settings.json ---- (2ms)
2026-8-30 16:22:00-log: run build task 整理部分构建选项内数据到 settings.json success in 2 ms√, progress: 12%
2026-8-30 16:22:00-debug: [Build Memory track]: 整理部分构建选项内数据到 settings.json start:235.79MB, end 235.81MB, increase: 24.92KB
2026-8-30 16:22:00-debug: 填充脚本数据到 settings.json start, progress: 12%
2026-8-30 16:22:00-debug: // ---- build task 填充脚本数据到 settings.json ----
2026-8-30 16:22:00-debug: // ---- build task 填充脚本数据到 settings.json ---- (4ms)
2026-8-30 16:22:00-log: run build task 填充脚本数据到 settings.json success in 4 ms√, progress: 13%
2026-8-30 16:22:00-debug: [Build Memory track]: 填充脚本数据到 settings.json start:235.84MB, end 235.87MB, increase: 28.29KB
2026-8-30 16:22:00-debug: 整理部分构建选项内数据到 settings.json start, progress: 13%
2026-8-30 16:22:00-debug: // ---- build task 整理部分构建选项内数据到 settings.json ----
2026-8-30 16:22:00-debug: // ---- build task 整理部分构建选项内数据到 settings.json ---- (8ms)
2026-8-30 16:22:00-log: run build task 整理部分构建选项内数据到 settings.json success in 8 ms√, progress: 15%
2026-8-30 16:22:00-debug: [Build Memory track]: 整理部分构建选项内数据到 settings.json start:235.90MB, end 236.02MB, increase: 125.63KB
2026-8-30 16:22:03-debug: refresh db internal success
2026-8-30 16:22:03-debug: Run asset db hook engine-extends:afterRefresh ...
2026-8-30 16:22:03-debug: Run asset db hook engine-extends:afterRefresh success!
2026-8-30 16:22:03-debug: refresh db assets success
2026-8-30 16:22:03-debug: asset-db:refresh-all-database (106ms)
2026-8-30 16:22:03-debug: asset-db-hook-engine-extends-afterRefresh (1ms)
2026-8-30 16:22:05-debug: %cImport%c: D:\GameByself\Cocos\Project1\assets\Scenes\scene.scenebackground: #aaff85; color: #000;color: #000;
2026-8-30 16:22:05-debug: asset-db:reimport-assetcb02e093-8bba-4046-8e6e-d0462e7be5da (15ms)
2026-8-30 16:22:10-debug: refresh db internal success
2026-8-30 16:22:10-debug: refresh db assets success
2026-8-30 16:22:10-debug: Run asset db hook engine-extends:afterRefresh ...
2026-8-30 16:22:10-debug: Run asset db hook engine-extends:afterRefresh success!
2026-8-30 16:22:10-debug: asset-db:refresh-all-database (110ms)
2026-8-30 16:22:10-debug: asset-db:worker-effect-data-processing (2ms)
2026-8-30 16:22:10-debug: asset-db-hook-engine-extends-afterRefresh (3ms)
2026-8-30 16:25:42-debug: refresh db internal success
2026-8-30 16:25:42-debug: %cImport%c: D:\GameByself\Cocos\Project1\assets\Scripts\Car.tsbackground: #aaff85; color: #000;color: #000;
2026-8-30 16:25:42-debug: Run asset db hook engine-extends:afterRefresh ...
2026-8-30 16:25:42-debug: Run asset db hook engine-extends:afterRefresh success!
2026-8-30 16:25:42-debug: refresh db assets success
2026-8-30 16:25:42-debug: asset-db:refresh-all-database (107ms)
2026-8-30 16:25:42-debug: asset-db:worker-effect-data-processing (1ms)
2026-8-30 16:25:42-debug: asset-db-hook-engine-extends-afterRefresh (1ms)
2026-8-30 16:25:43-debug: Query all assets info in project
2026-8-30 16:25:43-debug: init custom config: keepNodeUuid: false, useCache: true
2026-8-30 16:25:43-debug: Skip compress image, progress: 0%
2026-8-30 16:25:43-debug: Init all bundles start..., progress: 0%
2026-8-30 16:25:43-debug: Num of bundles: 3..., progress: 0%
2026-8-30 16:25:43-debug: 查询 Asset Bundle start, progress: 0%
2026-8-30 16:25:43-debug: // ---- build task 查询 Asset Bundle ----
2026-8-30 16:25:43-debug: Init bundle root assets start..., progress: 0%
2026-8-30 16:25:43-debug: Query preload assets/scripts from cc.config.json: 60f7195c-ec2a-45eb-ba94-8955f60e81d0,1c02ae6f-4492-4915-b8f8-7492a3b1e4cd,810e96e4-e456-4468-9b59-f4e8f39732c0,efe8e2a3-eace-427b-b4f1-cb8a937ec77d,e9aa9a3e-5b2b-4ac7-a2c7-073de2b2b24f,8bbdbcdd-5cd4-4100-b6d5-b7c9625b6107,50f4348b-c883-4e2f-8f11-ce233b859fa1,fda095cb-831d-4601-ad94-846013963de8,f92806d7-1768-443f-afe8-12bcde84d0f0,dd3a144d-ab7f-41f0-82b8-2e43a090d496,f0416e68-0200-4b77-a926-4f9d16e494da,511d2633-09a7-4bdd-ac42-f778032124b3,5d45aa00-e064-4938-b314-4265f0c2258c,9361fd90-ba52-4f84-aa93-6e878fd576ca,970b0598-bcb0-4714-91fb-2e81440dccd8,bcd64cc6-2dd9-43f6-abbe-66318d332032,d930590d-bb92-4cc8-8bd1-23cd027f9edf,a3cd009f-0ab0-420d-9278-b9fdab939bbc,6a2d0734-bd9e-4ddf-946e-caa52498cb75,c27215d8-6835-4b68-bfbb-bdeac6100c04,b5d6115f-0370-4d7c-aad3-c194cc71cf98,d1346436-ac96-4271-b863-1f4fdead95b0,971bdb23-3ff6-43eb-b422-1c30165a3663,17debcc3-0a6b-4b8a-b00b-dc58b885581e,711ebe11-f673-4cd9-9a83-63c60ba54c5b,c0143906-9aed-447e-9436-2ae8512d1b6e,14da1725-c4c2-42b4-ab08-ee0aeb6898b3,081cab31-dccd-428e-8652-f2404cc81c47,78e0584a-4343-4727-8f37-e14e65c2a2db,ba21476f-2866-4f81-9c4d-6e359316e448,871c3b6c-7379-419d-bda3-794b239ab90d,1d08ef62-a503-4ce2-8b9a-46c90873f7d3,ff9b0199-ce04-4cfe-86cc-6c719f08d6e4,de1c2107-70c8-4021-8459-6399f24d01c6,cbf30902-517f-40dc-af90-a550bac27cf1,5c601d96-e4c7-4698-991b-7ee674b11079
2026-8-30 16:25:43-debug:   Number of all scenes: 1
2026-8-30 16:25:43-debug:   Number of all scripts: 7
2026-8-30 16:25:43-debug:   Number of other assets: 318
2026-8-30 16:25:43-debug: Init bundle root assets success..., progress: 0%
2026-8-30 16:25:43-debug: // ---- build task 查询 Asset Bundle ---- (23ms)
2026-8-30 16:25:43-log: run build task 查询 Asset Bundle success in 23 ms√, progress: 5%
2026-8-30 16:25:43-debug: [Build Memory track]: 查询 Asset Bundle start:239.75MB, end 239.51MB, increase: -245.16KB
2026-8-30 16:25:43-debug: 查询 Asset Bundle start, progress: 5%
2026-8-30 16:25:43-debug: // ---- build task 查询 Asset Bundle ----
2026-8-30 16:25:43-debug: // ---- build task 查询 Asset Bundle ---- (22ms)
2026-8-30 16:25:43-log: run build task 查询 Asset Bundle success in 22 ms√, progress: 10%
2026-8-30 16:25:43-debug: [Build Memory track]: 查询 Asset Bundle start:239.54MB, end 239.64MB, increase: 102.21KB
2026-8-30 16:25:43-debug: 整理部分构建选项内数据到 settings.json start, progress: 10%
2026-8-30 16:25:43-debug: // ---- build task 整理部分构建选项内数据到 settings.json ----
2026-8-30 16:25:43-debug: // ---- build task 整理部分构建选项内数据到 settings.json ---- (9ms)
2026-8-30 16:25:43-log: run build task 整理部分构建选项内数据到 settings.json success in 9 ms√, progress: 12%
2026-8-30 16:25:43-debug: [Build Memory track]: 整理部分构建选项内数据到 settings.json start:239.67MB, end 238.93MB, increase: -755.34KB
2026-8-30 16:25:43-debug: 填充脚本数据到 settings.json start, progress: 12%
2026-8-30 16:25:43-debug: // ---- build task 填充脚本数据到 settings.json ----
2026-8-30 16:25:43-debug: // ---- build task 填充脚本数据到 settings.json ---- (5ms)
2026-8-30 16:25:43-log: run build task 填充脚本数据到 settings.json success in 5 ms√, progress: 13%
2026-8-30 16:25:43-debug: [Build Memory track]: 填充脚本数据到 settings.json start:238.96MB, end 238.99MB, increase: 25.81KB
2026-8-30 16:25:43-debug: 整理部分构建选项内数据到 settings.json start, progress: 13%
2026-8-30 16:25:43-debug: // ---- build task 整理部分构建选项内数据到 settings.json ----
2026-8-30 16:25:43-debug: // ---- build task 整理部分构建选项内数据到 settings.json ---- (19ms)
2026-8-30 16:25:43-log: run build task 整理部分构建选项内数据到 settings.json success in 19 ms√, progress: 15%
2026-8-30 16:25:43-debug: [Build Memory track]: 整理部分构建选项内数据到 settings.json start:239.02MB, end 239.15MB, increase: 136.50KB
2026-8-30 16:26:16-debug: refresh db internal success
2026-8-30 16:26:16-debug: refresh db assets success
2026-8-30 16:26:16-debug: Run asset db hook engine-extends:afterRefresh ...
2026-8-30 16:26:16-debug: Run asset db hook engine-extends:afterRefresh success!
2026-8-30 16:26:16-debug: asset-db:refresh-all-database (102ms)
2026-8-30 16:26:16-debug: asset-db-hook-engine-extends-afterRefresh (2ms)
2026-8-30 16:26:16-debug: asset-db:worker-effect-data-processing (2ms)
2026-8-30 16:26:31-debug: Query all assets info in project
2026-8-30 16:26:31-debug: init custom config: keepNodeUuid: false, useCache: true
2026-8-30 16:26:31-debug: Skip compress image, progress: 0%
2026-8-30 16:26:31-debug: Num of bundles: 3..., progress: 0%
2026-8-30 16:26:31-debug: Init all bundles start..., progress: 0%
2026-8-30 16:26:31-debug: 查询 Asset Bundle start, progress: 0%
2026-8-30 16:26:31-debug: // ---- build task 查询 Asset Bundle ----
2026-8-30 16:26:31-debug: Init bundle root assets start..., progress: 0%
2026-8-30 16:26:31-debug: Query preload assets/scripts from cc.config.json: 60f7195c-ec2a-45eb-ba94-8955f60e81d0,1c02ae6f-4492-4915-b8f8-7492a3b1e4cd,810e96e4-e456-4468-9b59-f4e8f39732c0,efe8e2a3-eace-427b-b4f1-cb8a937ec77d,e9aa9a3e-5b2b-4ac7-a2c7-073de2b2b24f,8bbdbcdd-5cd4-4100-b6d5-b7c9625b6107,50f4348b-c883-4e2f-8f11-ce233b859fa1,fda095cb-831d-4601-ad94-846013963de8,f92806d7-1768-443f-afe8-12bcde84d0f0,dd3a144d-ab7f-41f0-82b8-2e43a090d496,f0416e68-0200-4b77-a926-4f9d16e494da,511d2633-09a7-4bdd-ac42-f778032124b3,5d45aa00-e064-4938-b314-4265f0c2258c,9361fd90-ba52-4f84-aa93-6e878fd576ca,970b0598-bcb0-4714-91fb-2e81440dccd8,bcd64cc6-2dd9-43f6-abbe-66318d332032,d930590d-bb92-4cc8-8bd1-23cd027f9edf,a3cd009f-0ab0-420d-9278-b9fdab939bbc,6a2d0734-bd9e-4ddf-946e-caa52498cb75,c27215d8-6835-4b68-bfbb-bdeac6100c04,b5d6115f-0370-4d7c-aad3-c194cc71cf98,d1346436-ac96-4271-b863-1f4fdead95b0,971bdb23-3ff6-43eb-b422-1c30165a3663,17debcc3-0a6b-4b8a-b00b-dc58b885581e,711ebe11-f673-4cd9-9a83-63c60ba54c5b,c0143906-9aed-447e-9436-2ae8512d1b6e,14da1725-c4c2-42b4-ab08-ee0aeb6898b3,081cab31-dccd-428e-8652-f2404cc81c47,78e0584a-4343-4727-8f37-e14e65c2a2db,ba21476f-2866-4f81-9c4d-6e359316e448,871c3b6c-7379-419d-bda3-794b239ab90d,1d08ef62-a503-4ce2-8b9a-46c90873f7d3,ff9b0199-ce04-4cfe-86cc-6c719f08d6e4,de1c2107-70c8-4021-8459-6399f24d01c6,cbf30902-517f-40dc-af90-a550bac27cf1,5c601d96-e4c7-4698-991b-7ee674b11079
2026-8-30 16:26:31-debug:   Number of all scenes: 1
2026-8-30 16:26:31-debug:   Number of all scripts: 7
2026-8-30 16:26:31-debug: Init bundle root assets success..., progress: 0%
2026-8-30 16:26:31-debug:   Number of other assets: 318
2026-8-30 16:26:31-debug: // ---- build task 查询 Asset Bundle ---- (14ms)
2026-8-30 16:26:31-log: run build task 查询 Asset Bundle success in 14 ms√, progress: 5%
2026-8-30 16:26:31-debug: [Build Memory track]: 查询 Asset Bundle start:240.71MB, end 240.47MB, increase: -246.06KB
2026-8-30 16:26:31-debug: // ---- build task 查询 Asset Bundle ----
2026-8-30 16:26:31-debug: 查询 Asset Bundle start, progress: 5%
2026-8-30 16:26:31-debug: // ---- build task 查询 Asset Bundle ---- (5ms)
2026-8-30 16:26:31-log: run build task 查询 Asset Bundle success in 5 ms√, progress: 10%
2026-8-30 16:26:31-debug: 整理部分构建选项内数据到 settings.json start, progress: 10%
2026-8-30 16:26:31-debug: [Build Memory track]: 查询 Asset Bundle start:240.50MB, end 240.60MB, increase: 102.21KB
2026-8-30 16:26:31-debug: // ---- build task 整理部分构建选项内数据到 settings.json ----
2026-8-30 16:26:31-debug: // ---- build task 整理部分构建选项内数据到 settings.json ---- (2ms)
2026-8-30 16:26:31-log: run build task 整理部分构建选项内数据到 settings.json success in 2 ms√, progress: 12%
2026-8-30 16:26:31-debug: [Build Memory track]: 整理部分构建选项内数据到 settings.json start:240.63MB, end 240.66MB, increase: 26.35KB
2026-8-30 16:26:31-debug: // ---- build task 填充脚本数据到 settings.json ----
2026-8-30 16:26:31-debug: 填充脚本数据到 settings.json start, progress: 12%
2026-8-30 16:26:31-debug: // ---- build task 填充脚本数据到 settings.json ---- (3ms)
2026-8-30 16:26:31-log: run build task 填充脚本数据到 settings.json success in 3 ms√, progress: 13%
2026-8-30 16:26:31-debug: // ---- build task 整理部分构建选项内数据到 settings.json ----
2026-8-30 16:26:31-debug: 整理部分构建选项内数据到 settings.json start, progress: 13%
2026-8-30 16:26:31-debug: [Build Memory track]: 填充脚本数据到 settings.json start:240.69MB, end 240.71MB, increase: 25.87KB
2026-8-30 16:26:31-debug: // ---- build task 整理部分构建选项内数据到 settings.json ---- (18ms)
2026-8-30 16:26:31-log: run build task 整理部分构建选项内数据到 settings.json success in 18 ms√, progress: 15%
2026-8-30 16:26:31-debug: [Build Memory track]: 整理部分构建选项内数据到 settings.json start:240.74MB, end 240.87MB, increase: 129.56KB
2026-8-30 16:26:41-debug: refresh db internal success
2026-8-30 16:26:41-debug: refresh db assets success
2026-8-30 16:26:41-debug: Run asset db hook engine-extends:afterRefresh ...
2026-8-30 16:26:41-debug: Run asset db hook engine-extends:afterRefresh success!
2026-8-30 16:26:41-debug: asset-db:refresh-all-database (141ms)
2026-8-30 16:26:41-debug: asset-db-hook-engine-extends-afterRefresh (2ms)
2026-8-30 16:26:41-debug: asset-db:worker-effect-data-processing (1ms)
2026-8-30 16:26:41-debug: %cImport%c: D:\GameByself\Cocos\Project1\assets\Scenes\scene.scenebackground: #aaff85; color: #000;color: #000;
2026-8-30 16:26:41-debug: asset-db:reimport-assetcb02e093-8bba-4046-8e6e-d0462e7be5da (18ms)
2026-8-30 16:26:42-debug: Query all assets info in project
2026-8-30 16:26:42-debug: init custom config: keepNodeUuid: false, useCache: true
2026-8-30 16:26:42-debug: Skip compress image, progress: 0%
2026-8-30 16:26:42-debug: Init all bundles start..., progress: 0%
2026-8-30 16:26:42-debug: // ---- build task 查询 Asset Bundle ----
2026-8-30 16:26:42-debug: Init bundle root assets start..., progress: 0%
2026-8-30 16:26:42-debug: 查询 Asset Bundle start, progress: 0%
2026-8-30 16:26:42-debug: Num of bundles: 3..., progress: 0%
2026-8-30 16:26:42-debug: Query preload assets/scripts from cc.config.json: 60f7195c-ec2a-45eb-ba94-8955f60e81d0,1c02ae6f-4492-4915-b8f8-7492a3b1e4cd,810e96e4-e456-4468-9b59-f4e8f39732c0,efe8e2a3-eace-427b-b4f1-cb8a937ec77d,e9aa9a3e-5b2b-4ac7-a2c7-073de2b2b24f,8bbdbcdd-5cd4-4100-b6d5-b7c9625b6107,50f4348b-c883-4e2f-8f11-ce233b859fa1,fda095cb-831d-4601-ad94-846013963de8,f92806d7-1768-443f-afe8-12bcde84d0f0,dd3a144d-ab7f-41f0-82b8-2e43a090d496,f0416e68-0200-4b77-a926-4f9d16e494da,511d2633-09a7-4bdd-ac42-f778032124b3,5d45aa00-e064-4938-b314-4265f0c2258c,9361fd90-ba52-4f84-aa93-6e878fd576ca,970b0598-bcb0-4714-91fb-2e81440dccd8,bcd64cc6-2dd9-43f6-abbe-66318d332032,d930590d-bb92-4cc8-8bd1-23cd027f9edf,a3cd009f-0ab0-420d-9278-b9fdab939bbc,6a2d0734-bd9e-4ddf-946e-caa52498cb75,c27215d8-6835-4b68-bfbb-bdeac6100c04,b5d6115f-0370-4d7c-aad3-c194cc71cf98,d1346436-ac96-4271-b863-1f4fdead95b0,971bdb23-3ff6-43eb-b422-1c30165a3663,17debcc3-0a6b-4b8a-b00b-dc58b885581e,711ebe11-f673-4cd9-9a83-63c60ba54c5b,c0143906-9aed-447e-9436-2ae8512d1b6e,14da1725-c4c2-42b4-ab08-ee0aeb6898b3,081cab31-dccd-428e-8652-f2404cc81c47,78e0584a-4343-4727-8f37-e14e65c2a2db,ba21476f-2866-4f81-9c4d-6e359316e448,871c3b6c-7379-419d-bda3-794b239ab90d,1d08ef62-a503-4ce2-8b9a-46c90873f7d3,ff9b0199-ce04-4cfe-86cc-6c719f08d6e4,de1c2107-70c8-4021-8459-6399f24d01c6,cbf30902-517f-40dc-af90-a550bac27cf1,5c601d96-e4c7-4698-991b-7ee674b11079
2026-8-30 16:26:42-debug:   Number of all scenes: 1
2026-8-30 16:26:42-debug:   Number of all scripts: 7
2026-8-30 16:26:42-debug: Init bundle root assets success..., progress: 0%
2026-8-30 16:26:42-debug:   Number of other assets: 318
2026-8-30 16:26:42-debug: // ---- build task 查询 Asset Bundle ---- (7ms)
2026-8-30 16:26:42-log: run build task 查询 Asset Bundle success in 7 ms√, progress: 5%
2026-8-30 16:26:42-debug: [Build Memory track]: 查询 Asset Bundle start:241.98MB, end 241.84MB, increase: -142.06KB
2026-8-30 16:26:42-debug: 查询 Asset Bundle start, progress: 5%
2026-8-30 16:26:42-debug: // ---- build task 查询 Asset Bundle ----
2026-8-30 16:26:42-debug: // ---- build task 查询 Asset Bundle ---- (2ms)
2026-8-30 16:26:42-log: run build task 查询 Asset Bundle success in 2 ms√, progress: 10%
2026-8-30 16:26:42-debug: // ---- build task 整理部分构建选项内数据到 settings.json ----
2026-8-30 16:26:42-debug: [Build Memory track]: 查询 Asset Bundle start:241.87MB, end 241.97MB, increase: 102.12KB
2026-8-30 16:26:42-debug: 整理部分构建选项内数据到 settings.json start, progress: 10%
2026-8-30 16:26:42-debug: // ---- build task 整理部分构建选项内数据到 settings.json ---- (2ms)
2026-8-30 16:26:42-log: run build task 整理部分构建选项内数据到 settings.json success in 2 ms√, progress: 12%
2026-8-30 16:26:42-debug: [Build Memory track]: 整理部分构建选项内数据到 settings.json start:242.00MB, end 241.26MB, increase: -755.02KB
2026-8-30 16:26:42-debug: 填充脚本数据到 settings.json start, progress: 12%
2026-8-30 16:26:42-debug: // ---- build task 填充脚本数据到 settings.json ----
2026-8-30 16:26:42-debug: // ---- build task 填充脚本数据到 settings.json ---- (1ms)
2026-8-30 16:26:42-log: run build task 填充脚本数据到 settings.json success in 1 ms√, progress: 13%
2026-8-30 16:26:42-debug: 整理部分构建选项内数据到 settings.json start, progress: 13%
2026-8-30 16:26:42-debug: [Build Memory track]: 填充脚本数据到 settings.json start:241.29MB, end 241.32MB, increase: 25.74KB
2026-8-30 16:26:42-debug: // ---- build task 整理部分构建选项内数据到 settings.json ----
2026-8-30 16:26:42-log: run build task 整理部分构建选项内数据到 settings.json success in 8 ms√, progress: 15%
2026-8-30 16:26:42-debug: [Build Memory track]: 整理部分构建选项内数据到 settings.json start:241.35MB, end 241.48MB, increase: 136.48KB
2026-8-30 16:26:42-debug: // ---- build task 整理部分构建选项内数据到 settings.json ---- (8ms)
2026-8-30 16:26:50-debug: %cImport%c: D:\GameByself\Cocos\Project1\assets\Scenes\scene.scenebackground: #aaff85; color: #000;color: #000;
2026-8-30 16:26:50-debug: asset-db:reimport-assetcb02e093-8bba-4046-8e6e-d0462e7be5da (13ms)
2026-8-30 16:26:51-debug: Query all assets info in project
2026-8-30 16:26:51-debug: init custom config: keepNodeUuid: false, useCache: true
2026-8-30 16:26:51-debug: Skip compress image, progress: 0%
2026-8-30 16:26:51-debug: Init all bundles start..., progress: 0%
2026-8-30 16:26:51-debug: // ---- build task 查询 Asset Bundle ----
2026-8-30 16:26:51-debug: Init bundle root assets start..., progress: 0%
2026-8-30 16:26:51-debug: Num of bundles: 3..., progress: 0%
2026-8-30 16:26:51-debug: 查询 Asset Bundle start, progress: 0%
2026-8-30 16:26:51-debug: Query preload assets/scripts from cc.config.json: 60f7195c-ec2a-45eb-ba94-8955f60e81d0,1c02ae6f-4492-4915-b8f8-7492a3b1e4cd,810e96e4-e456-4468-9b59-f4e8f39732c0,efe8e2a3-eace-427b-b4f1-cb8a937ec77d,e9aa9a3e-5b2b-4ac7-a2c7-073de2b2b24f,8bbdbcdd-5cd4-4100-b6d5-b7c9625b6107,50f4348b-c883-4e2f-8f11-ce233b859fa1,fda095cb-831d-4601-ad94-846013963de8,f92806d7-1768-443f-afe8-12bcde84d0f0,dd3a144d-ab7f-41f0-82b8-2e43a090d496,f0416e68-0200-4b77-a926-4f9d16e494da,511d2633-09a7-4bdd-ac42-f778032124b3,5d45aa00-e064-4938-b314-4265f0c2258c,9361fd90-ba52-4f84-aa93-6e878fd576ca,970b0598-bcb0-4714-91fb-2e81440dccd8,bcd64cc6-2dd9-43f6-abbe-66318d332032,d930590d-bb92-4cc8-8bd1-23cd027f9edf,a3cd009f-0ab0-420d-9278-b9fdab939bbc,6a2d0734-bd9e-4ddf-946e-caa52498cb75,c27215d8-6835-4b68-bfbb-bdeac6100c04,b5d6115f-0370-4d7c-aad3-c194cc71cf98,d1346436-ac96-4271-b863-1f4fdead95b0,971bdb23-3ff6-43eb-b422-1c30165a3663,17debcc3-0a6b-4b8a-b00b-dc58b885581e,711ebe11-f673-4cd9-9a83-63c60ba54c5b,c0143906-9aed-447e-9436-2ae8512d1b6e,14da1725-c4c2-42b4-ab08-ee0aeb6898b3,081cab31-dccd-428e-8652-f2404cc81c47,78e0584a-4343-4727-8f37-e14e65c2a2db,ba21476f-2866-4f81-9c4d-6e359316e448,871c3b6c-7379-419d-bda3-794b239ab90d,1d08ef62-a503-4ce2-8b9a-46c90873f7d3,ff9b0199-ce04-4cfe-86cc-6c719f08d6e4,de1c2107-70c8-4021-8459-6399f24d01c6,cbf30902-517f-40dc-af90-a550bac27cf1,5c601d96-e4c7-4698-991b-7ee674b11079
2026-8-30 16:26:51-debug:   Number of all scenes: 1
2026-8-30 16:26:51-debug:   Number of other assets: 318
2026-8-30 16:26:51-debug: Init bundle root assets success..., progress: 0%
2026-8-30 16:26:51-debug: // ---- build task 查询 Asset Bundle ---- (9ms)
2026-8-30 16:26:51-log: run build task 查询 Asset Bundle success in 9 ms√, progress: 5%
2026-8-30 16:26:51-debug: 查询 Asset Bundle start, progress: 5%
2026-8-30 16:26:51-debug: [Build Memory track]: 查询 Asset Bundle start:241.46MB, end 241.34MB, increase: -121.14KB
2026-8-30 16:26:51-debug: // ---- build task 查询 Asset Bundle ----
2026-8-30 16:26:51-debug:   Number of all scripts: 7
2026-8-30 16:26:51-debug: // ---- build task 查询 Asset Bundle ---- (3ms)
2026-8-30 16:26:51-log: run build task 查询 Asset Bundle success in 3 ms√, progress: 10%
2026-8-30 16:26:51-debug: [Build Memory track]: 查询 Asset Bundle start:241.37MB, end 241.48MB, increase: 105.17KB
2026-8-30 16:26:51-debug: 整理部分构建选项内数据到 settings.json start, progress: 10%
2026-8-30 16:26:51-debug: // ---- build task 整理部分构建选项内数据到 settings.json ----
2026-8-30 16:26:51-log: run build task 整理部分构建选项内数据到 settings.json success in √, progress: 12%
2026-8-30 16:26:51-debug: [Build Memory track]: 整理部分构建选项内数据到 settings.json start:241.51MB, end 241.52MB, increase: 16.21KB
2026-8-30 16:26:51-debug: 填充脚本数据到 settings.json start, progress: 12%
2026-8-30 16:26:51-debug: // ---- build task 填充脚本数据到 settings.json ----
2026-8-30 16:26:51-debug: // ---- build task 填充脚本数据到 settings.json ---- (3ms)
2026-8-30 16:26:51-log: run build task 填充脚本数据到 settings.json success in 3 ms√, progress: 13%
2026-8-30 16:26:51-debug: [Build Memory track]: 填充脚本数据到 settings.json start:241.55MB, end 241.58MB, increase: 25.39KB
2026-8-30 16:26:51-debug: 整理部分构建选项内数据到 settings.json start, progress: 13%
2026-8-30 16:26:51-debug: // ---- build task 整理部分构建选项内数据到 settings.json ----
2026-8-30 16:26:51-debug: // ---- build task 整理部分构建选项内数据到 settings.json ---- (5ms)
2026-8-30 16:26:51-debug: [Build Memory track]: 整理部分构建选项内数据到 settings.json start:241.61MB, end 241.73MB, increase: 125.55KB
2026-8-30 16:26:51-log: run build task 整理部分构建选项内数据到 settings.json success in 5 ms√, progress: 15%
2026-8-30 16:26:59-debug: %cImport%c: D:\GameByself\Cocos\Project1\assets\Scenes\scene.scenebackground: #aaff85; color: #000;color: #000;
2026-8-30 16:26:59-debug: asset-db:reimport-assetcb02e093-8bba-4046-8e6e-d0462e7be5da (14ms)
2026-8-30 16:27:00-debug: Query all assets info in project
2026-8-30 16:27:00-debug: init custom config: keepNodeUuid: false, useCache: true
2026-8-30 16:27:00-debug: Skip compress image, progress: 0%
2026-8-30 16:27:00-debug: Init all bundles start..., progress: 0%
2026-8-30 16:27:00-debug: // ---- build task 查询 Asset Bundle ----
2026-8-30 16:27:00-debug: 查询 Asset Bundle start, progress: 0%
2026-8-30 16:27:00-debug: Num of bundles: 3..., progress: 0%
2026-8-30 16:27:00-debug: Init bundle root assets start..., progress: 0%
2026-8-30 16:27:00-debug: Query preload assets/scripts from cc.config.json: 60f7195c-ec2a-45eb-ba94-8955f60e81d0,1c02ae6f-4492-4915-b8f8-7492a3b1e4cd,810e96e4-e456-4468-9b59-f4e8f39732c0,efe8e2a3-eace-427b-b4f1-cb8a937ec77d,e9aa9a3e-5b2b-4ac7-a2c7-073de2b2b24f,8bbdbcdd-5cd4-4100-b6d5-b7c9625b6107,50f4348b-c883-4e2f-8f11-ce233b859fa1,fda095cb-831d-4601-ad94-846013963de8,f92806d7-1768-443f-afe8-12bcde84d0f0,dd3a144d-ab7f-41f0-82b8-2e43a090d496,f0416e68-0200-4b77-a926-4f9d16e494da,511d2633-09a7-4bdd-ac42-f778032124b3,5d45aa00-e064-4938-b314-4265f0c2258c,9361fd90-ba52-4f84-aa93-6e878fd576ca,970b0598-bcb0-4714-91fb-2e81440dccd8,bcd64cc6-2dd9-43f6-abbe-66318d332032,d930590d-bb92-4cc8-8bd1-23cd027f9edf,a3cd009f-0ab0-420d-9278-b9fdab939bbc,6a2d0734-bd9e-4ddf-946e-caa52498cb75,c27215d8-6835-4b68-bfbb-bdeac6100c04,b5d6115f-0370-4d7c-aad3-c194cc71cf98,d1346436-ac96-4271-b863-1f4fdead95b0,971bdb23-3ff6-43eb-b422-1c30165a3663,17debcc3-0a6b-4b8a-b00b-dc58b885581e,711ebe11-f673-4cd9-9a83-63c60ba54c5b,c0143906-9aed-447e-9436-2ae8512d1b6e,14da1725-c4c2-42b4-ab08-ee0aeb6898b3,081cab31-dccd-428e-8652-f2404cc81c47,78e0584a-4343-4727-8f37-e14e65c2a2db,ba21476f-2866-4f81-9c4d-6e359316e448,871c3b6c-7379-419d-bda3-794b239ab90d,1d08ef62-a503-4ce2-8b9a-46c90873f7d3,ff9b0199-ce04-4cfe-86cc-6c719f08d6e4,de1c2107-70c8-4021-8459-6399f24d01c6,cbf30902-517f-40dc-af90-a550bac27cf1,5c601d96-e4c7-4698-991b-7ee674b11079
2026-8-30 16:27:00-debug:   Number of all scenes: 1
2026-8-30 16:27:00-debug:   Number of all scripts: 7
2026-8-30 16:27:00-debug: Init bundle root assets success..., progress: 0%
2026-8-30 16:27:00-debug:   Number of other assets: 318
2026-8-30 16:27:00-debug: // ---- build task 查询 Asset Bundle ---- (8ms)
2026-8-30 16:27:00-log: run build task 查询 Asset Bundle success in 8 ms√, progress: 5%
2026-8-30 16:27:00-debug: // ---- build task 查询 Asset Bundle ----
2026-8-30 16:27:00-debug: [Build Memory track]: 查询 Asset Bundle start:241.83MB, end 241.55MB, increase: -291.07KB
2026-8-30 16:27:00-debug: 查询 Asset Bundle start, progress: 5%
2026-8-30 16:27:00-debug: // ---- build task 查询 Asset Bundle ---- (5ms)
2026-8-30 16:27:00-log: run build task 查询 Asset Bundle success in 5 ms√, progress: 10%
2026-8-30 16:27:00-debug: [Build Memory track]: 查询 Asset Bundle start:241.58MB, end 241.68MB, increase: 102.09KB
2026-8-30 16:27:00-debug: 整理部分构建选项内数据到 settings.json start, progress: 10%
2026-8-30 16:27:00-debug: // ---- build task 整理部分构建选项内数据到 settings.json ----
2026-8-30 16:27:00-debug: // ---- build task 整理部分构建选项内数据到 settings.json ---- (2ms)
2026-8-30 16:27:00-debug: [Build Memory track]: 整理部分构建选项内数据到 settings.json start:241.71MB, end 241.73MB, increase: 26.37KB
2026-8-30 16:27:00-log: run build task 整理部分构建选项内数据到 settings.json success in 2 ms√, progress: 12%
2026-8-30 16:27:00-debug: // ---- build task 填充脚本数据到 settings.json ----
2026-8-30 16:27:00-debug: 填充脚本数据到 settings.json start, progress: 12%
2026-8-30 16:27:00-debug: [Build Memory track]: 填充脚本数据到 settings.json start:241.76MB, end 241.79MB, increase: 25.74KB
2026-8-30 16:27:00-debug: // ---- build task 填充脚本数据到 settings.json ---- (2ms)
2026-8-30 16:27:00-log: run build task 填充脚本数据到 settings.json success in 2 ms√, progress: 13%
2026-8-30 16:27:00-debug: // ---- build task 整理部分构建选项内数据到 settings.json ----
2026-8-30 16:27:00-debug: 整理部分构建选项内数据到 settings.json start, progress: 13%
2026-8-30 16:27:00-debug: // ---- build task 整理部分构建选项内数据到 settings.json ---- (18ms)
2026-8-30 16:27:00-log: run build task 整理部分构建选项内数据到 settings.json success in 18 ms√, progress: 15%
2026-8-30 16:27:00-debug: [Build Memory track]: 整理部分构建选项内数据到 settings.json start:241.82MB, end 242.00MB, increase: 187.96KB
2026-8-30 16:28:27-debug: refresh db internal success
2026-8-30 16:28:27-debug: refresh db assets success
2026-8-30 16:28:27-debug: Run asset db hook engine-extends:afterRefresh ...
2026-8-30 16:28:27-debug: Run asset db hook engine-extends:afterRefresh success!
2026-8-30 16:28:27-debug: asset-db:worker-effect-data-processing (1ms)
2026-8-30 16:28:27-debug: asset-db:refresh-all-database (101ms)
2026-8-30 16:28:27-debug: asset-db-hook-engine-extends-afterRefresh (1ms)
2026-8-30 16:28:31-debug: Query all assets info in project
2026-8-30 16:28:31-debug: init custom config: keepNodeUuid: false, useCache: true
2026-8-30 16:28:31-debug: Skip compress image, progress: 0%
2026-8-30 16:28:31-debug: Init all bundles start..., progress: 0%
2026-8-30 16:28:31-debug: // ---- build task 查询 Asset Bundle ----
2026-8-30 16:28:31-debug: Num of bundles: 3..., progress: 0%
2026-8-30 16:28:31-debug: 查询 Asset Bundle start, progress: 0%
2026-8-30 16:28:31-debug: Init bundle root assets start..., progress: 0%
2026-8-30 16:28:31-debug:   Number of all scenes: 1
2026-8-30 16:28:31-debug:   Number of all scripts: 7
2026-8-30 16:28:31-debug: Query preload assets/scripts from cc.config.json: 60f7195c-ec2a-45eb-ba94-8955f60e81d0,1c02ae6f-4492-4915-b8f8-7492a3b1e4cd,810e96e4-e456-4468-9b59-f4e8f39732c0,efe8e2a3-eace-427b-b4f1-cb8a937ec77d,e9aa9a3e-5b2b-4ac7-a2c7-073de2b2b24f,8bbdbcdd-5cd4-4100-b6d5-b7c9625b6107,50f4348b-c883-4e2f-8f11-ce233b859fa1,fda095cb-831d-4601-ad94-846013963de8,f92806d7-1768-443f-afe8-12bcde84d0f0,dd3a144d-ab7f-41f0-82b8-2e43a090d496,f0416e68-0200-4b77-a926-4f9d16e494da,511d2633-09a7-4bdd-ac42-f778032124b3,5d45aa00-e064-4938-b314-4265f0c2258c,9361fd90-ba52-4f84-aa93-6e878fd576ca,970b0598-bcb0-4714-91fb-2e81440dccd8,bcd64cc6-2dd9-43f6-abbe-66318d332032,d930590d-bb92-4cc8-8bd1-23cd027f9edf,a3cd009f-0ab0-420d-9278-b9fdab939bbc,6a2d0734-bd9e-4ddf-946e-caa52498cb75,c27215d8-6835-4b68-bfbb-bdeac6100c04,b5d6115f-0370-4d7c-aad3-c194cc71cf98,d1346436-ac96-4271-b863-1f4fdead95b0,971bdb23-3ff6-43eb-b422-1c30165a3663,17debcc3-0a6b-4b8a-b00b-dc58b885581e,711ebe11-f673-4cd9-9a83-63c60ba54c5b,c0143906-9aed-447e-9436-2ae8512d1b6e,14da1725-c4c2-42b4-ab08-ee0aeb6898b3,081cab31-dccd-428e-8652-f2404cc81c47,78e0584a-4343-4727-8f37-e14e65c2a2db,ba21476f-2866-4f81-9c4d-6e359316e448,871c3b6c-7379-419d-bda3-794b239ab90d,1d08ef62-a503-4ce2-8b9a-46c90873f7d3,ff9b0199-ce04-4cfe-86cc-6c719f08d6e4,de1c2107-70c8-4021-8459-6399f24d01c6,cbf30902-517f-40dc-af90-a550bac27cf1,5c601d96-e4c7-4698-991b-7ee674b11079
2026-8-30 16:28:31-debug: Init bundle root assets success..., progress: 0%
2026-8-30 16:28:31-debug:   Number of other assets: 318
2026-8-30 16:28:31-log: run build task 查询 Asset Bundle success in 8 ms√, progress: 5%
2026-8-30 16:28:31-debug: [Build Memory track]: 查询 Asset Bundle start:242.61MB, end 242.52MB, increase: -92.13KB
2026-8-30 16:28:31-debug: // ---- build task 查询 Asset Bundle ---- (8ms)
2026-8-30 16:28:31-debug: 查询 Asset Bundle start, progress: 5%
2026-8-30 16:28:31-debug: // ---- build task 查询 Asset Bundle ----
2026-8-30 16:28:31-debug: // ---- build task 查询 Asset Bundle ---- (3ms)
2026-8-30 16:28:31-debug: [Build Memory track]: 查询 Asset Bundle start:242.55MB, end 242.66MB, increase: 103.29KB
2026-8-30 16:28:31-log: run build task 查询 Asset Bundle success in 3 ms√, progress: 10%
2026-8-30 16:28:31-debug: 整理部分构建选项内数据到 settings.json start, progress: 10%
2026-8-30 16:28:31-debug: // ---- build task 整理部分构建选项内数据到 settings.json ----
2026-8-30 16:28:31-debug: // ---- build task 整理部分构建选项内数据到 settings.json ---- (1ms)
2026-8-30 16:28:31-log: run build task 整理部分构建选项内数据到 settings.json success in 1 ms√, progress: 12%
2026-8-30 16:28:31-debug: [Build Memory track]: 整理部分构建选项内数据到 settings.json start:242.69MB, end 242.71MB, increase: 26.31KB
2026-8-30 16:28:31-debug: 填充脚本数据到 settings.json start, progress: 12%
2026-8-30 16:28:31-debug: // ---- build task 填充脚本数据到 settings.json ----
2026-8-30 16:28:31-debug: // ---- build task 填充脚本数据到 settings.json ---- (1ms)
2026-8-30 16:28:31-debug: [Build Memory track]: 填充脚本数据到 settings.json start:242.74MB, end 242.77MB, increase: 25.09KB
2026-8-30 16:28:31-debug: // ---- build task 整理部分构建选项内数据到 settings.json ----
2026-8-30 16:28:31-log: run build task 填充脚本数据到 settings.json success in 1 ms√, progress: 13%
2026-8-30 16:28:31-debug: 整理部分构建选项内数据到 settings.json start, progress: 13%
2026-8-30 16:28:31-debug: // ---- build task 整理部分构建选项内数据到 settings.json ---- (5ms)
2026-8-30 16:28:31-log: run build task 整理部分构建选项内数据到 settings.json success in 5 ms√, progress: 15%
2026-8-30 16:28:31-debug: [Build Memory track]: 整理部分构建选项内数据到 settings.json start:242.80MB, end 242.92MB, increase: 126.22KB
2026-8-30 16:28:33-debug: refresh db internal success
2026-8-30 16:28:33-debug: refresh db assets success
2026-8-30 16:28:33-debug: Run asset db hook engine-extends:afterRefresh ...
2026-8-30 16:28:33-debug: Run asset db hook engine-extends:afterRefresh success!
2026-8-30 16:28:33-debug: asset-db:refresh-all-database (99ms)
2026-8-30 16:28:33-debug: %cImport%c: D:\GameByself\Cocos\Project1\assets\Scenes\scene.scenebackground: #aaff85; color: #000;color: #000;
2026-8-30 16:28:33-debug: asset-db:reimport-assetcb02e093-8bba-4046-8e6e-d0462e7be5da (13ms)
2026-8-30 16:28:34-debug: Query all assets info in project
2026-8-30 16:28:34-debug: init custom config: keepNodeUuid: false, useCache: true
2026-8-30 16:28:34-debug: Skip compress image, progress: 0%
2026-8-30 16:28:34-debug: Init all bundles start..., progress: 0%
2026-8-30 16:28:34-debug: // ---- build task 查询 Asset Bundle ----
2026-8-30 16:28:34-debug: Init bundle root assets start..., progress: 0%
2026-8-30 16:28:34-debug: Num of bundles: 3..., progress: 0%
2026-8-30 16:28:34-debug: 查询 Asset Bundle start, progress: 0%
2026-8-30 16:28:34-debug:   Number of all scripts: 7
2026-8-30 16:28:34-debug:   Number of other assets: 318
2026-8-30 16:28:34-debug: Query preload assets/scripts from cc.config.json: 60f7195c-ec2a-45eb-ba94-8955f60e81d0,1c02ae6f-4492-4915-b8f8-7492a3b1e4cd,810e96e4-e456-4468-9b59-f4e8f39732c0,efe8e2a3-eace-427b-b4f1-cb8a937ec77d,e9aa9a3e-5b2b-4ac7-a2c7-073de2b2b24f,8bbdbcdd-5cd4-4100-b6d5-b7c9625b6107,50f4348b-c883-4e2f-8f11-ce233b859fa1,fda095cb-831d-4601-ad94-846013963de8,f92806d7-1768-443f-afe8-12bcde84d0f0,dd3a144d-ab7f-41f0-82b8-2e43a090d496,f0416e68-0200-4b77-a926-4f9d16e494da,511d2633-09a7-4bdd-ac42-f778032124b3,5d45aa00-e064-4938-b314-4265f0c2258c,9361fd90-ba52-4f84-aa93-6e878fd576ca,970b0598-bcb0-4714-91fb-2e81440dccd8,bcd64cc6-2dd9-43f6-abbe-66318d332032,d930590d-bb92-4cc8-8bd1-23cd027f9edf,a3cd009f-0ab0-420d-9278-b9fdab939bbc,6a2d0734-bd9e-4ddf-946e-caa52498cb75,c27215d8-6835-4b68-bfbb-bdeac6100c04,b5d6115f-0370-4d7c-aad3-c194cc71cf98,d1346436-ac96-4271-b863-1f4fdead95b0,971bdb23-3ff6-43eb-b422-1c30165a3663,17debcc3-0a6b-4b8a-b00b-dc58b885581e,711ebe11-f673-4cd9-9a83-63c60ba54c5b,c0143906-9aed-447e-9436-2ae8512d1b6e,14da1725-c4c2-42b4-ab08-ee0aeb6898b3,081cab31-dccd-428e-8652-f2404cc81c47,78e0584a-4343-4727-8f37-e14e65c2a2db,ba21476f-2866-4f81-9c4d-6e359316e448,871c3b6c-7379-419d-bda3-794b239ab90d,1d08ef62-a503-4ce2-8b9a-46c90873f7d3,ff9b0199-ce04-4cfe-86cc-6c719f08d6e4,de1c2107-70c8-4021-8459-6399f24d01c6,cbf30902-517f-40dc-af90-a550bac27cf1,5c601d96-e4c7-4698-991b-7ee674b11079
2026-8-30 16:28:34-debug: Init bundle root assets success..., progress: 0%
2026-8-30 16:28:34-debug:   Number of all scenes: 1
2026-8-30 16:28:34-debug: // ---- build task 查询 Asset Bundle ---- (8ms)
2026-8-30 16:28:34-log: run build task 查询 Asset Bundle success in 8 ms√, progress: 5%
2026-8-30 16:28:34-debug: [Build Memory track]: 查询 Asset Bundle start:244.78MB, end 243.61MB, increase: -1192.14KB
2026-8-30 16:28:34-debug: // ---- build task 查询 Asset Bundle ----
2026-8-30 16:28:34-debug: 查询 Asset Bundle start, progress: 5%
2026-8-30 16:28:34-debug: // ---- build task 查询 Asset Bundle ---- (2ms)
2026-8-30 16:28:34-log: run build task 查询 Asset Bundle success in 2 ms√, progress: 10%
2026-8-30 16:28:34-debug: // ---- build task 整理部分构建选项内数据到 settings.json ----
2026-8-30 16:28:34-debug: [Build Memory track]: 查询 Asset Bundle start:243.64MB, end 243.75MB, increase: 105.75KB
2026-8-30 16:28:34-debug: 整理部分构建选项内数据到 settings.json start, progress: 10%
2026-8-30 16:28:34-debug: // ---- build task 整理部分构建选项内数据到 settings.json ---- (1ms)
2026-8-30 16:28:34-log: run build task 整理部分构建选项内数据到 settings.json success in 1 ms√, progress: 12%
2026-8-30 16:28:34-debug: [Build Memory track]: 整理部分构建选项内数据到 settings.json start:243.78MB, end 243.80MB, increase: 26.36KB
2026-8-30 16:28:34-debug: 填充脚本数据到 settings.json start, progress: 12%
2026-8-30 16:28:34-debug: // ---- build task 填充脚本数据到 settings.json ----
2026-8-30 16:28:34-debug: // ---- build task 填充脚本数据到 settings.json ---- (2ms)
2026-8-30 16:28:34-log: run build task 填充脚本数据到 settings.json success in 2 ms√, progress: 13%
2026-8-30 16:28:34-debug: [Build Memory track]: 填充脚本数据到 settings.json start:243.83MB, end 243.86MB, increase: 25.71KB
2026-8-30 16:28:34-debug: 整理部分构建选项内数据到 settings.json start, progress: 13%
2026-8-30 16:28:34-debug: // ---- build task 整理部分构建选项内数据到 settings.json ----
2026-8-30 16:28:34-debug: // ---- build task 整理部分构建选项内数据到 settings.json ---- (4ms)
2026-8-30 16:28:34-log: run build task 整理部分构建选项内数据到 settings.json success in 4 ms√, progress: 15%
2026-8-30 16:28:34-debug: [Build Memory track]: 整理部分构建选项内数据到 settings.json start:243.89MB, end 244.03MB, increase: 146.11KB
2026-8-30 16:28:40-debug: Query all assets info in project
2026-8-30 16:28:41-debug: init custom config: keepNodeUuid: false, useCache: true
2026-8-30 16:28:41-debug: Skip compress image, progress: 0%
2026-8-30 16:28:41-debug: Init all bundles start..., progress: 0%
2026-8-30 16:28:41-debug: 查询 Asset Bundle start, progress: 0%
2026-8-30 16:28:41-debug: // ---- build task 查询 Asset Bundle ----
2026-8-30 16:28:41-debug: Num of bundles: 3..., progress: 0%
2026-8-30 16:28:41-debug: Init bundle root assets start..., progress: 0%
2026-8-30 16:28:41-debug: Query preload assets/scripts from cc.config.json: 60f7195c-ec2a-45eb-ba94-8955f60e81d0,1c02ae6f-4492-4915-b8f8-7492a3b1e4cd,810e96e4-e456-4468-9b59-f4e8f39732c0,efe8e2a3-eace-427b-b4f1-cb8a937ec77d,e9aa9a3e-5b2b-4ac7-a2c7-073de2b2b24f,8bbdbcdd-5cd4-4100-b6d5-b7c9625b6107,50f4348b-c883-4e2f-8f11-ce233b859fa1,fda095cb-831d-4601-ad94-846013963de8,f92806d7-1768-443f-afe8-12bcde84d0f0,dd3a144d-ab7f-41f0-82b8-2e43a090d496,f0416e68-0200-4b77-a926-4f9d16e494da,511d2633-09a7-4bdd-ac42-f778032124b3,5d45aa00-e064-4938-b314-4265f0c2258c,9361fd90-ba52-4f84-aa93-6e878fd576ca,970b0598-bcb0-4714-91fb-2e81440dccd8,bcd64cc6-2dd9-43f6-abbe-66318d332032,d930590d-bb92-4cc8-8bd1-23cd027f9edf,a3cd009f-0ab0-420d-9278-b9fdab939bbc,6a2d0734-bd9e-4ddf-946e-caa52498cb75,c27215d8-6835-4b68-bfbb-bdeac6100c04,b5d6115f-0370-4d7c-aad3-c194cc71cf98,d1346436-ac96-4271-b863-1f4fdead95b0,971bdb23-3ff6-43eb-b422-1c30165a3663,17debcc3-0a6b-4b8a-b00b-dc58b885581e,711ebe11-f673-4cd9-9a83-63c60ba54c5b,c0143906-9aed-447e-9436-2ae8512d1b6e,14da1725-c4c2-42b4-ab08-ee0aeb6898b3,081cab31-dccd-428e-8652-f2404cc81c47,78e0584a-4343-4727-8f37-e14e65c2a2db,ba21476f-2866-4f81-9c4d-6e359316e448,871c3b6c-7379-419d-bda3-794b239ab90d,1d08ef62-a503-4ce2-8b9a-46c90873f7d3,ff9b0199-ce04-4cfe-86cc-6c719f08d6e4,de1c2107-70c8-4021-8459-6399f24d01c6,cbf30902-517f-40dc-af90-a550bac27cf1,5c601d96-e4c7-4698-991b-7ee674b11079
2026-8-30 16:28:41-debug:   Number of all scripts: 7
2026-8-30 16:28:41-debug:   Number of other assets: 318
2026-8-30 16:28:41-debug: Init bundle root assets success..., progress: 0%
2026-8-30 16:28:41-debug: // ---- build task 查询 Asset Bundle ---- (13ms)
2026-8-30 16:28:41-debug: [Build Memory track]: 查询 Asset Bundle start:244.80MB, end 243.66MB, increase: -1166.43KB
2026-8-30 16:28:41-log: run build task 查询 Asset Bundle success in 13 ms√, progress: 5%
2026-8-30 16:28:41-debug:   Number of all scenes: 1
2026-8-30 16:28:41-debug: // ---- build task 查询 Asset Bundle ----
2026-8-30 16:28:41-debug: 查询 Asset Bundle start, progress: 5%
2026-8-30 16:28:41-log: run build task 查询 Asset Bundle success in 5 ms√, progress: 10%
2026-8-30 16:28:41-debug: [Build Memory track]: 查询 Asset Bundle start:243.69MB, end 243.80MB, increase: 104.95KB
2026-8-30 16:28:41-debug: 整理部分构建选项内数据到 settings.json start, progress: 10%
2026-8-30 16:28:41-debug: // ---- build task 整理部分构建选项内数据到 settings.json ----
2026-8-30 16:28:41-debug: // ---- build task 查询 Asset Bundle ---- (5ms)
2026-8-30 16:28:41-debug: // ---- build task 整理部分构建选项内数据到 settings.json ---- (3ms)
2026-8-30 16:28:41-log: run build task 整理部分构建选项内数据到 settings.json success in 3 ms√, progress: 12%
2026-8-30 16:28:41-debug: 填充脚本数据到 settings.json start, progress: 12%
2026-8-30 16:28:41-debug: [Build Memory track]: 整理部分构建选项内数据到 settings.json start:243.83MB, end 243.85MB, increase: 26.30KB
2026-8-30 16:28:41-debug: // ---- build task 填充脚本数据到 settings.json ----
2026-8-30 16:28:41-debug: // ---- build task 填充脚本数据到 settings.json ---- (2ms)
2026-8-30 16:28:41-log: run build task 填充脚本数据到 settings.json success in 2 ms√, progress: 13%
2026-8-30 16:28:41-debug: [Build Memory track]: 填充脚本数据到 settings.json start:243.88MB, end 243.91MB, increase: 25.76KB
2026-8-30 16:28:41-debug: 整理部分构建选项内数据到 settings.json start, progress: 13%
2026-8-30 16:28:41-debug: // ---- build task 整理部分构建选项内数据到 settings.json ----
2026-8-30 16:28:41-debug: // ---- build task 整理部分构建选项内数据到 settings.json ---- (10ms)
2026-8-30 16:28:41-log: run build task 整理部分构建选项内数据到 settings.json success in 10 ms√, progress: 15%
2026-8-30 16:28:41-debug: [Build Memory track]: 整理部分构建选项内数据到 settings.json start:243.94MB, end 244.06MB, increase: 125.53KB
2026-8-30 16:28:44-debug: refresh db internal success
2026-8-30 16:28:44-debug: refresh db assets success
2026-8-30 16:28:44-debug: Run asset db hook engine-extends:afterRefresh ...
2026-8-30 16:28:44-debug: Run asset db hook engine-extends:afterRefresh success!
2026-8-30 16:28:44-debug: asset-db:refresh-all-database (100ms)
2026-8-30 16:28:44-debug: asset-db:worker-effect-data-processing (1ms)
2026-8-30 16:28:44-debug: asset-db-hook-engine-extends-afterRefresh (2ms)
2026-8-30 16:28:44-debug: %cImport%c: D:\GameByself\Cocos\Project1\assets\Scenes\scene.scenebackground: #aaff85; color: #000;color: #000;
2026-8-30 16:28:44-debug: asset-db:reimport-assetcb02e093-8bba-4046-8e6e-d0462e7be5da (13ms)
2026-8-30 16:28:45-debug: Query all assets info in project
2026-8-30 16:28:45-debug: init custom config: keepNodeUuid: false, useCache: true
2026-8-30 16:28:45-debug: Skip compress image, progress: 0%
2026-8-30 16:28:45-debug: Init all bundles start..., progress: 0%
2026-8-30 16:28:45-debug: // ---- build task 查询 Asset Bundle ----
2026-8-30 16:28:45-debug: Init bundle root assets start..., progress: 0%
2026-8-30 16:28:45-debug: Num of bundles: 3..., progress: 0%
2026-8-30 16:28:45-debug: 查询 Asset Bundle start, progress: 0%
2026-8-30 16:28:45-debug: Query preload assets/scripts from cc.config.json: 60f7195c-ec2a-45eb-ba94-8955f60e81d0,1c02ae6f-4492-4915-b8f8-7492a3b1e4cd,810e96e4-e456-4468-9b59-f4e8f39732c0,efe8e2a3-eace-427b-b4f1-cb8a937ec77d,e9aa9a3e-5b2b-4ac7-a2c7-073de2b2b24f,8bbdbcdd-5cd4-4100-b6d5-b7c9625b6107,50f4348b-c883-4e2f-8f11-ce233b859fa1,fda095cb-831d-4601-ad94-846013963de8,f92806d7-1768-443f-afe8-12bcde84d0f0,dd3a144d-ab7f-41f0-82b8-2e43a090d496,f0416e68-0200-4b77-a926-4f9d16e494da,511d2633-09a7-4bdd-ac42-f778032124b3,5d45aa00-e064-4938-b314-4265f0c2258c,9361fd90-ba52-4f84-aa93-6e878fd576ca,970b0598-bcb0-4714-91fb-2e81440dccd8,bcd64cc6-2dd9-43f6-abbe-66318d332032,d930590d-bb92-4cc8-8bd1-23cd027f9edf,a3cd009f-0ab0-420d-9278-b9fdab939bbc,6a2d0734-bd9e-4ddf-946e-caa52498cb75,c27215d8-6835-4b68-bfbb-bdeac6100c04,b5d6115f-0370-4d7c-aad3-c194cc71cf98,d1346436-ac96-4271-b863-1f4fdead95b0,971bdb23-3ff6-43eb-b422-1c30165a3663,17debcc3-0a6b-4b8a-b00b-dc58b885581e,711ebe11-f673-4cd9-9a83-63c60ba54c5b,c0143906-9aed-447e-9436-2ae8512d1b6e,14da1725-c4c2-42b4-ab08-ee0aeb6898b3,081cab31-dccd-428e-8652-f2404cc81c47,78e0584a-4343-4727-8f37-e14e65c2a2db,ba21476f-2866-4f81-9c4d-6e359316e448,871c3b6c-7379-419d-bda3-794b239ab90d,1d08ef62-a503-4ce2-8b9a-46c90873f7d3,ff9b0199-ce04-4cfe-86cc-6c719f08d6e4,de1c2107-70c8-4021-8459-6399f24d01c6,cbf30902-517f-40dc-af90-a550bac27cf1,5c601d96-e4c7-4698-991b-7ee674b11079
2026-8-30 16:28:45-debug:   Number of all scripts: 7
2026-8-30 16:28:45-debug:   Number of other assets: 318
2026-8-30 16:28:45-debug: Init bundle root assets success..., progress: 0%
2026-8-30 16:28:45-debug:   Number of all scenes: 1
2026-8-30 16:28:45-log: run build task 查询 Asset Bundle success in 8 ms√, progress: 5%
2026-8-30 16:28:45-debug: [Build Memory track]: 查询 Asset Bundle start:245.49MB, end 245.37MB, increase: -122.64KB
2026-8-30 16:28:45-debug: // ---- build task 查询 Asset Bundle ---- (8ms)
2026-8-30 16:28:45-debug: 查询 Asset Bundle start, progress: 5%
2026-8-30 16:28:45-debug: // ---- build task 查询 Asset Bundle ----
2026-8-30 16:28:45-debug: // ---- build task 查询 Asset Bundle ---- (3ms)
2026-8-30 16:28:45-log: run build task 查询 Asset Bundle success in 3 ms√, progress: 10%
2026-8-30 16:28:45-debug: // ---- build task 整理部分构建选项内数据到 settings.json ----
2026-8-30 16:28:45-debug: [Build Memory track]: 查询 Asset Bundle start:245.40MB, end 245.50MB, increase: 102.87KB
2026-8-30 16:28:45-debug: 整理部分构建选项内数据到 settings.json start, progress: 10%
2026-8-30 16:28:45-debug: // ---- build task 整理部分构建选项内数据到 settings.json ---- (1ms)
2026-8-30 16:28:45-log: run build task 整理部分构建选项内数据到 settings.json success in 1 ms√, progress: 12%
2026-8-30 16:28:45-debug: [Build Memory track]: 整理部分构建选项内数据到 settings.json start:245.53MB, end 244.81MB, increase: -736.92KB
2026-8-30 16:28:45-debug: 填充脚本数据到 settings.json start, progress: 12%
2026-8-30 16:28:45-debug: // ---- build task 填充脚本数据到 settings.json ----
2026-8-30 16:28:45-debug: // ---- build task 填充脚本数据到 settings.json ---- (2ms)
2026-8-30 16:28:45-log: run build task 填充脚本数据到 settings.json success in 2 ms√, progress: 13%
2026-8-30 16:28:45-debug: 整理部分构建选项内数据到 settings.json start, progress: 13%
2026-8-30 16:28:45-debug: [Build Memory track]: 填充脚本数据到 settings.json start:244.84MB, end 244.87MB, increase: 28.24KB
2026-8-30 16:28:45-debug: // ---- build task 整理部分构建选项内数据到 settings.json ----
2026-8-30 16:28:45-debug: // ---- build task 整理部分构建选项内数据到 settings.json ---- (3ms)
2026-8-30 16:28:45-log: run build task 整理部分构建选项内数据到 settings.json success in 3 ms√, progress: 15%
2026-8-30 16:28:45-debug: [Build Memory track]: 整理部分构建选项内数据到 settings.json start:244.91MB, end 245.04MB, increase: 137.57KB
2026-8-30 16:30:04-debug: refresh db internal success
2026-8-30 16:30:04-debug: refresh db assets success
2026-8-30 16:30:04-debug: Run asset db hook engine-extends:afterRefresh ...
2026-8-30 16:30:04-debug: Run asset db hook engine-extends:afterRefresh success!
2026-8-30 16:30:04-debug: asset-db:refresh-all-database (100ms)
2026-8-30 16:30:04-debug: asset-db:worker-effect-data-processing (1ms)
2026-8-30 16:30:04-debug: asset-db-hook-engine-extends-afterRefresh (2ms)
2026-8-30 16:30:28-debug: refresh db internal success
2026-8-30 16:30:28-debug: %cImport%c: D:\GameByself\Cocos\Project1\assets\Scripts\Car.tsbackground: #aaff85; color: #000;color: #000;
2026-8-30 16:30:28-debug: refresh db assets success
2026-8-30 16:30:28-debug: Run asset db hook engine-extends:afterRefresh ...
2026-8-30 16:30:28-debug: Run asset db hook engine-extends:afterRefresh success!
2026-8-30 16:30:28-debug: asset-db:refresh-all-database (110ms)
2026-8-30 16:30:28-debug: asset-db:worker-effect-data-processing (3ms)
2026-8-30 16:30:28-debug: asset-db-hook-engine-extends-afterRefresh (4ms)
2026-8-30 16:30:30-debug: %cImport%c: D:\GameByself\Cocos\Project1\assets\Scenes\scene.scenebackground: #aaff85; color: #000;color: #000;
2026-8-30 16:30:30-debug: asset-db:reimport-assetcb02e093-8bba-4046-8e6e-d0462e7be5da (16ms)
2026-8-30 16:30:31-debug: Query all assets info in project
2026-8-30 16:30:31-debug: init custom config: keepNodeUuid: false, useCache: true
2026-8-30 16:30:31-debug: Skip compress image, progress: 0%
2026-8-30 16:30:31-debug: Init all bundles start..., progress: 0%
2026-8-30 16:30:31-debug: // ---- build task 查询 Asset Bundle ----
2026-8-30 16:30:31-debug: Init bundle root assets start..., progress: 0%
2026-8-30 16:30:31-debug: Num of bundles: 3..., progress: 0%
2026-8-30 16:30:31-debug: 查询 Asset Bundle start, progress: 0%
2026-8-30 16:30:31-debug: Query preload assets/scripts from cc.config.json: 60f7195c-ec2a-45eb-ba94-8955f60e81d0,1c02ae6f-4492-4915-b8f8-7492a3b1e4cd,810e96e4-e456-4468-9b59-f4e8f39732c0,efe8e2a3-eace-427b-b4f1-cb8a937ec77d,e9aa9a3e-5b2b-4ac7-a2c7-073de2b2b24f,8bbdbcdd-5cd4-4100-b6d5-b7c9625b6107,50f4348b-c883-4e2f-8f11-ce233b859fa1,fda095cb-831d-4601-ad94-846013963de8,f92806d7-1768-443f-afe8-12bcde84d0f0,dd3a144d-ab7f-41f0-82b8-2e43a090d496,f0416e68-0200-4b77-a926-4f9d16e494da,511d2633-09a7-4bdd-ac42-f778032124b3,5d45aa00-e064-4938-b314-4265f0c2258c,9361fd90-ba52-4f84-aa93-6e878fd576ca,970b0598-bcb0-4714-91fb-2e81440dccd8,bcd64cc6-2dd9-43f6-abbe-66318d332032,d930590d-bb92-4cc8-8bd1-23cd027f9edf,a3cd009f-0ab0-420d-9278-b9fdab939bbc,6a2d0734-bd9e-4ddf-946e-caa52498cb75,c27215d8-6835-4b68-bfbb-bdeac6100c04,b5d6115f-0370-4d7c-aad3-c194cc71cf98,d1346436-ac96-4271-b863-1f4fdead95b0,971bdb23-3ff6-43eb-b422-1c30165a3663,17debcc3-0a6b-4b8a-b00b-dc58b885581e,711ebe11-f673-4cd9-9a83-63c60ba54c5b,c0143906-9aed-447e-9436-2ae8512d1b6e,14da1725-c4c2-42b4-ab08-ee0aeb6898b3,081cab31-dccd-428e-8652-f2404cc81c47,78e0584a-4343-4727-8f37-e14e65c2a2db,ba21476f-2866-4f81-9c4d-6e359316e448,871c3b6c-7379-419d-bda3-794b239ab90d,1d08ef62-a503-4ce2-8b9a-46c90873f7d3,ff9b0199-ce04-4cfe-86cc-6c719f08d6e4,de1c2107-70c8-4021-8459-6399f24d01c6,cbf30902-517f-40dc-af90-a550bac27cf1,5c601d96-e4c7-4698-991b-7ee674b11079
2026-8-30 16:30:31-debug:   Number of all scenes: 1
2026-8-30 16:30:31-debug:   Number of all scripts: 7
2026-8-30 16:30:31-debug:   Number of other assets: 318
2026-8-30 16:30:31-debug: Init bundle root assets success..., progress: 0%
2026-8-30 16:30:31-debug: // ---- build task 查询 Asset Bundle ---- (13ms)
2026-8-30 16:30:31-log: run build task 查询 Asset Bundle success in 13 ms√, progress: 5%
2026-8-30 16:30:31-debug: [Build Memory track]: 查询 Asset Bundle start:247.75MB, end 247.59MB, increase: -161.59KB
2026-8-30 16:30:31-debug: 查询 Asset Bundle start, progress: 5%
2026-8-30 16:30:31-debug: // ---- build task 查询 Asset Bundle ----
2026-8-30 16:30:31-log: run build task 查询 Asset Bundle success in 9 ms√, progress: 10%
2026-8-30 16:30:31-debug: [Build Memory track]: 查询 Asset Bundle start:247.62MB, end 247.72MB, increase: 101.99KB
2026-8-30 16:30:31-debug: 整理部分构建选项内数据到 settings.json start, progress: 10%
2026-8-30 16:30:31-debug: // ---- build task 查询 Asset Bundle ---- (9ms)
2026-8-30 16:30:31-debug: // ---- build task 整理部分构建选项内数据到 settings.json ----
2026-8-30 16:30:31-debug: // ---- build task 整理部分构建选项内数据到 settings.json ---- (5ms)
2026-8-30 16:30:31-debug: [Build Memory track]: 整理部分构建选项内数据到 settings.json start:247.75MB, end 247.02MB, increase: -753.45KB
2026-8-30 16:30:31-log: run build task 整理部分构建选项内数据到 settings.json success in 5 ms√, progress: 12%
2026-8-30 16:30:31-debug: 填充脚本数据到 settings.json start, progress: 12%
2026-8-30 16:30:31-debug: // ---- build task 填充脚本数据到 settings.json ----
2026-8-30 16:30:31-log: run build task 填充脚本数据到 settings.json success in 11 ms√, progress: 13%
2026-8-30 16:30:31-debug: [Build Memory track]: 填充脚本数据到 settings.json start:247.05MB, end 247.07MB, increase: 25.70KB
2026-8-30 16:30:31-debug: 整理部分构建选项内数据到 settings.json start, progress: 13%
2026-8-30 16:30:31-debug: // ---- build task 整理部分构建选项内数据到 settings.json ----
2026-8-30 16:30:31-debug: // ---- build task 填充脚本数据到 settings.json ---- (11ms)
2026-8-30 16:30:31-debug: // ---- build task 整理部分构建选项内数据到 settings.json ---- (33ms)
2026-8-30 16:30:31-log: run build task 整理部分构建选项内数据到 settings.json success in 33 ms√, progress: 15%
2026-8-30 16:30:31-debug: [Build Memory track]: 整理部分构建选项内数据到 settings.json start:247.10MB, end 247.23MB, increase: 125.64KB
2026-8-30 16:30:46-debug: refresh db internal success
2026-8-30 16:30:46-debug: refresh db assets success
2026-8-30 16:30:46-debug: Run asset db hook engine-extends:afterRefresh ...
2026-8-30 16:30:46-debug: Run asset db hook engine-extends:afterRefresh success!
2026-8-30 16:30:46-debug: asset-db:refresh-all-database (101ms)
2026-8-30 16:30:46-debug: asset-db-hook-engine-extends-afterRefresh (2ms)
2026-8-30 16:30:46-debug: asset-db:worker-effect-data-processing (2ms)
2026-8-30 16:30:48-debug: %cImport%c: D:\GameByself\Cocos\Project1\assets\Scenes\scene.scenebackground: #aaff85; color: #000;color: #000;
2026-8-30 16:30:48-debug: asset-db:reimport-assetcb02e093-8bba-4046-8e6e-d0462e7be5da (13ms)
2026-8-30 16:30:49-debug: Query all assets info in project
2026-8-30 16:30:49-debug: init custom config: keepNodeUuid: false, useCache: true
2026-8-30 16:30:49-debug: Skip compress image, progress: 0%
2026-8-30 16:30:49-debug: Init all bundles start..., progress: 0%
2026-8-30 16:30:49-debug: Num of bundles: 3..., progress: 0%
2026-8-30 16:30:49-debug: 查询 Asset Bundle start, progress: 0%
2026-8-30 16:30:49-debug: // ---- build task 查询 Asset Bundle ----
2026-8-30 16:30:49-debug: Init bundle root assets start..., progress: 0%
2026-8-30 16:30:49-debug: Query preload assets/scripts from cc.config.json: 60f7195c-ec2a-45eb-ba94-8955f60e81d0,1c02ae6f-4492-4915-b8f8-7492a3b1e4cd,810e96e4-e456-4468-9b59-f4e8f39732c0,efe8e2a3-eace-427b-b4f1-cb8a937ec77d,e9aa9a3e-5b2b-4ac7-a2c7-073de2b2b24f,8bbdbcdd-5cd4-4100-b6d5-b7c9625b6107,50f4348b-c883-4e2f-8f11-ce233b859fa1,fda095cb-831d-4601-ad94-846013963de8,f92806d7-1768-443f-afe8-12bcde84d0f0,dd3a144d-ab7f-41f0-82b8-2e43a090d496,f0416e68-0200-4b77-a926-4f9d16e494da,511d2633-09a7-4bdd-ac42-f778032124b3,5d45aa00-e064-4938-b314-4265f0c2258c,9361fd90-ba52-4f84-aa93-6e878fd576ca,970b0598-bcb0-4714-91fb-2e81440dccd8,bcd64cc6-2dd9-43f6-abbe-66318d332032,d930590d-bb92-4cc8-8bd1-23cd027f9edf,a3cd009f-0ab0-420d-9278-b9fdab939bbc,6a2d0734-bd9e-4ddf-946e-caa52498cb75,c27215d8-6835-4b68-bfbb-bdeac6100c04,b5d6115f-0370-4d7c-aad3-c194cc71cf98,d1346436-ac96-4271-b863-1f4fdead95b0,971bdb23-3ff6-43eb-b422-1c30165a3663,17debcc3-0a6b-4b8a-b00b-dc58b885581e,711ebe11-f673-4cd9-9a83-63c60ba54c5b,c0143906-9aed-447e-9436-2ae8512d1b6e,14da1725-c4c2-42b4-ab08-ee0aeb6898b3,081cab31-dccd-428e-8652-f2404cc81c47,78e0584a-4343-4727-8f37-e14e65c2a2db,ba21476f-2866-4f81-9c4d-6e359316e448,871c3b6c-7379-419d-bda3-794b239ab90d,1d08ef62-a503-4ce2-8b9a-46c90873f7d3,ff9b0199-ce04-4cfe-86cc-6c719f08d6e4,de1c2107-70c8-4021-8459-6399f24d01c6,cbf30902-517f-40dc-af90-a550bac27cf1,5c601d96-e4c7-4698-991b-7ee674b11079
2026-8-30 16:30:49-debug:   Number of all scenes: 1
2026-8-30 16:30:49-debug:   Number of all scripts: 7
2026-8-30 16:30:49-debug: Init bundle root assets success..., progress: 0%
2026-8-30 16:30:49-debug:   Number of other assets: 318
2026-8-30 16:30:49-debug: // ---- build task 查询 Asset Bundle ---- (19ms)
2026-8-30 16:30:49-log: run build task 查询 Asset Bundle success in 19 ms√, progress: 5%
2026-8-30 16:30:49-debug: 查询 Asset Bundle start, progress: 5%
2026-8-30 16:30:49-debug: [Build Memory track]: 查询 Asset Bundle start:248.99MB, end 248.86MB, increase: -133.36KB
2026-8-30 16:30:49-debug: // ---- build task 查询 Asset Bundle ----
2026-8-30 16:30:49-log: run build task 查询 Asset Bundle success in 16 ms√, progress: 10%
2026-8-30 16:30:49-debug: [Build Memory track]: 查询 Asset Bundle start:248.89MB, end 248.99MB, increase: 102.07KB
2026-8-30 16:30:49-debug: // ---- build task 查询 Asset Bundle ---- (16ms)
2026-8-30 16:30:49-debug: // ---- build task 整理部分构建选项内数据到 settings.json ----
2026-8-30 16:30:49-debug: 整理部分构建选项内数据到 settings.json start, progress: 10%
2026-8-30 16:30:49-debug: // ---- build task 整理部分构建选项内数据到 settings.json ---- (4ms)
2026-8-30 16:30:49-debug: [Build Memory track]: 整理部分构建选项内数据到 settings.json start:249.02MB, end 248.28MB, increase: -754.97KB
2026-8-30 16:30:49-debug: 填充脚本数据到 settings.json start, progress: 12%
2026-8-30 16:30:49-log: run build task 整理部分构建选项内数据到 settings.json success in 4 ms√, progress: 12%
2026-8-30 16:30:49-debug: // ---- build task 填充脚本数据到 settings.json ----
2026-8-30 16:30:49-debug: // ---- build task 填充脚本数据到 settings.json ---- (5ms)
2026-8-30 16:30:49-log: run build task 填充脚本数据到 settings.json success in 5 ms√, progress: 13%
2026-8-30 16:30:49-debug: // ---- build task 整理部分构建选项内数据到 settings.json ----
2026-8-30 16:30:49-debug: [Build Memory track]: 填充脚本数据到 settings.json start:248.31MB, end 248.34MB, increase: 25.71KB
2026-8-30 16:30:49-debug: 整理部分构建选项内数据到 settings.json start, progress: 13%
2026-8-30 16:30:49-debug: // ---- build task 整理部分构建选项内数据到 settings.json ---- (11ms)
2026-8-30 16:30:49-log: run build task 整理部分构建选项内数据到 settings.json success in 11 ms√, progress: 15%
2026-8-30 16:30:49-debug: [Build Memory track]: 整理部分构建选项内数据到 settings.json start:248.37MB, end 248.50MB, increase: 136.61KB
2026-8-30 16:31:13-debug: Query all assets info in project
2026-8-30 16:31:13-debug: init custom config: keepNodeUuid: false, useCache: true
2026-8-30 16:31:13-debug: Skip compress image, progress: 0%
2026-8-30 16:31:13-debug: Init all bundles start..., progress: 0%
2026-8-30 16:31:13-debug: // ---- build task 查询 Asset Bundle ----
2026-8-30 16:31:13-debug: 查询 Asset Bundle start, progress: 0%
2026-8-30 16:31:13-debug: Num of bundles: 3..., progress: 0%
2026-8-30 16:31:13-debug: Init bundle root assets start..., progress: 0%
2026-8-30 16:31:13-debug: Query preload assets/scripts from cc.config.json: 60f7195c-ec2a-45eb-ba94-8955f60e81d0,1c02ae6f-4492-4915-b8f8-7492a3b1e4cd,810e96e4-e456-4468-9b59-f4e8f39732c0,efe8e2a3-eace-427b-b4f1-cb8a937ec77d,e9aa9a3e-5b2b-4ac7-a2c7-073de2b2b24f,8bbdbcdd-5cd4-4100-b6d5-b7c9625b6107,50f4348b-c883-4e2f-8f11-ce233b859fa1,fda095cb-831d-4601-ad94-846013963de8,f92806d7-1768-443f-afe8-12bcde84d0f0,dd3a144d-ab7f-41f0-82b8-2e43a090d496,f0416e68-0200-4b77-a926-4f9d16e494da,511d2633-09a7-4bdd-ac42-f778032124b3,5d45aa00-e064-4938-b314-4265f0c2258c,9361fd90-ba52-4f84-aa93-6e878fd576ca,970b0598-bcb0-4714-91fb-2e81440dccd8,bcd64cc6-2dd9-43f6-abbe-66318d332032,d930590d-bb92-4cc8-8bd1-23cd027f9edf,a3cd009f-0ab0-420d-9278-b9fdab939bbc,6a2d0734-bd9e-4ddf-946e-caa52498cb75,c27215d8-6835-4b68-bfbb-bdeac6100c04,b5d6115f-0370-4d7c-aad3-c194cc71cf98,d1346436-ac96-4271-b863-1f4fdead95b0,971bdb23-3ff6-43eb-b422-1c30165a3663,17debcc3-0a6b-4b8a-b00b-dc58b885581e,711ebe11-f673-4cd9-9a83-63c60ba54c5b,c0143906-9aed-447e-9436-2ae8512d1b6e,14da1725-c4c2-42b4-ab08-ee0aeb6898b3,081cab31-dccd-428e-8652-f2404cc81c47,78e0584a-4343-4727-8f37-e14e65c2a2db,ba21476f-2866-4f81-9c4d-6e359316e448,871c3b6c-7379-419d-bda3-794b239ab90d,1d08ef62-a503-4ce2-8b9a-46c90873f7d3,ff9b0199-ce04-4cfe-86cc-6c719f08d6e4,de1c2107-70c8-4021-8459-6399f24d01c6,cbf30902-517f-40dc-af90-a550bac27cf1,5c601d96-e4c7-4698-991b-7ee674b11079
2026-8-30 16:31:13-debug:   Number of all scenes: 1
2026-8-30 16:31:13-debug:   Number of all scripts: 7
2026-8-30 16:31:13-debug:   Number of other assets: 318
2026-8-30 16:31:13-debug: Init bundle root assets success..., progress: 0%
2026-8-30 16:31:13-log: run build task 查询 Asset Bundle success in 10 ms√, progress: 5%
2026-8-30 16:31:13-debug: // ---- build task 查询 Asset Bundle ---- (10ms)
2026-8-30 16:31:13-debug: // ---- build task 查询 Asset Bundle ----
2026-8-30 16:31:13-debug: [Build Memory track]: 查询 Asset Bundle start:226.60MB, end 226.53MB, increase: -67.49KB
2026-8-30 16:31:13-debug: 查询 Asset Bundle start, progress: 5%
2026-8-30 16:31:13-debug: // ---- build task 查询 Asset Bundle ---- (5ms)
2026-8-30 16:31:13-log: run build task 查询 Asset Bundle success in 5 ms√, progress: 10%
2026-8-30 16:31:13-debug: [Build Memory track]: 查询 Asset Bundle start:226.56MB, end 226.79MB, increase: 234.05KB
2026-8-30 16:31:13-debug: 整理部分构建选项内数据到 settings.json start, progress: 10%
2026-8-30 16:31:13-debug: // ---- build task 整理部分构建选项内数据到 settings.json ----
2026-8-30 16:31:13-debug: // ---- build task 整理部分构建选项内数据到 settings.json ---- (3ms)
2026-8-30 16:31:13-log: run build task 整理部分构建选项内数据到 settings.json success in 3 ms√, progress: 12%
2026-8-30 16:31:13-debug: [Build Memory track]: 整理部分构建选项内数据到 settings.json start:226.82MB, end 226.68MB, increase: -143.04KB
2026-8-30 16:31:13-debug: 填充脚本数据到 settings.json start, progress: 12%
2026-8-30 16:31:13-debug: // ---- build task 填充脚本数据到 settings.json ----
2026-8-30 16:31:13-debug: refresh db internal success
2026-8-30 16:31:13-debug: // ---- build task 填充脚本数据到 settings.json ---- (2ms)
2026-8-30 16:31:13-log: run build task 填充脚本数据到 settings.json success in 2 ms√, progress: 13%
2026-8-30 16:31:13-debug: [Build Memory track]: 填充脚本数据到 settings.json start:226.71MB, end 226.81MB, increase: 108.27KB
2026-8-30 16:31:13-debug: 整理部分构建选项内数据到 settings.json start, progress: 13%
2026-8-30 16:31:13-debug: // ---- build task 整理部分构建选项内数据到 settings.json ----
2026-8-30 16:31:13-debug: %cImport%c: D:\GameByself\Cocos\Project1\assets\Scripts\Car.tsbackground: #aaff85; color: #000;color: #000;
2026-8-30 16:31:13-debug: refresh db assets success
2026-8-30 16:31:13-debug: Run asset db hook engine-extends:afterRefresh ...
2026-8-30 16:31:13-debug: Run asset db hook engine-extends:afterRefresh success!
2026-8-30 16:31:13-debug: asset-db:refresh-all-database (237ms)
2026-8-30 16:31:13-debug: asset-db:worker-effect-data-processing (4ms)
2026-8-30 16:31:13-debug: asset-db-hook-engine-extends-afterRefresh (5ms)
2026-8-30 16:31:13-log: run build task 整理部分构建选项内数据到 settings.json success in 21 ms√, progress: 15%
2026-8-30 16:31:13-debug: [Build Memory track]: 整理部分构建选项内数据到 settings.json start:226.84MB, end 227.25MB, increase: 414.17KB
2026-8-30 16:31:13-debug: // ---- build task 整理部分构建选项内数据到 settings.json ---- (21ms)
2026-8-30 16:31:14-debug: Query all assets info in project
2026-8-30 16:31:14-debug: init custom config: keepNodeUuid: false, useCache: true
2026-8-30 16:31:14-debug: Skip compress image, progress: 0%
2026-8-30 16:31:14-debug: Num of bundles: 3..., progress: 0%
2026-8-30 16:31:14-debug: Init all bundles start..., progress: 0%
2026-8-30 16:31:14-debug: // ---- build task 查询 Asset Bundle ----
2026-8-30 16:31:14-debug: 查询 Asset Bundle start, progress: 0%
2026-8-30 16:31:14-debug: Init bundle root assets start..., progress: 0%
2026-8-30 16:31:14-debug: Query preload assets/scripts from cc.config.json: 60f7195c-ec2a-45eb-ba94-8955f60e81d0,1c02ae6f-4492-4915-b8f8-7492a3b1e4cd,810e96e4-e456-4468-9b59-f4e8f39732c0,efe8e2a3-eace-427b-b4f1-cb8a937ec77d,e9aa9a3e-5b2b-4ac7-a2c7-073de2b2b24f,8bbdbcdd-5cd4-4100-b6d5-b7c9625b6107,50f4348b-c883-4e2f-8f11-ce233b859fa1,fda095cb-831d-4601-ad94-846013963de8,f92806d7-1768-443f-afe8-12bcde84d0f0,dd3a144d-ab7f-41f0-82b8-2e43a090d496,f0416e68-0200-4b77-a926-4f9d16e494da,511d2633-09a7-4bdd-ac42-f778032124b3,5d45aa00-e064-4938-b314-4265f0c2258c,9361fd90-ba52-4f84-aa93-6e878fd576ca,970b0598-bcb0-4714-91fb-2e81440dccd8,bcd64cc6-2dd9-43f6-abbe-66318d332032,d930590d-bb92-4cc8-8bd1-23cd027f9edf,a3cd009f-0ab0-420d-9278-b9fdab939bbc,6a2d0734-bd9e-4ddf-946e-caa52498cb75,c27215d8-6835-4b68-bfbb-bdeac6100c04,b5d6115f-0370-4d7c-aad3-c194cc71cf98,d1346436-ac96-4271-b863-1f4fdead95b0,971bdb23-3ff6-43eb-b422-1c30165a3663,17debcc3-0a6b-4b8a-b00b-dc58b885581e,711ebe11-f673-4cd9-9a83-63c60ba54c5b,c0143906-9aed-447e-9436-2ae8512d1b6e,14da1725-c4c2-42b4-ab08-ee0aeb6898b3,081cab31-dccd-428e-8652-f2404cc81c47,78e0584a-4343-4727-8f37-e14e65c2a2db,ba21476f-2866-4f81-9c4d-6e359316e448,871c3b6c-7379-419d-bda3-794b239ab90d,1d08ef62-a503-4ce2-8b9a-46c90873f7d3,ff9b0199-ce04-4cfe-86cc-6c719f08d6e4,de1c2107-70c8-4021-8459-6399f24d01c6,cbf30902-517f-40dc-af90-a550bac27cf1,5c601d96-e4c7-4698-991b-7ee674b11079
2026-8-30 16:31:14-debug:   Number of all scenes: 1
2026-8-30 16:31:14-debug:   Number of all scripts: 7
2026-8-30 16:31:14-debug:   Number of other assets: 318
2026-8-30 16:31:14-debug: Init bundle root assets success..., progress: 0%
2026-8-30 16:31:14-debug: // ---- build task 查询 Asset Bundle ---- (9ms)
2026-8-30 16:31:14-debug: [Build Memory track]: 查询 Asset Bundle start:227.02MB, end 226.74MB, increase: -291.93KB
2026-8-30 16:31:14-log: run build task 查询 Asset Bundle success in 9 ms√, progress: 5%
2026-8-30 16:31:14-debug: 查询 Asset Bundle start, progress: 5%
2026-8-30 16:31:14-debug: // ---- build task 查询 Asset Bundle ----
2026-8-30 16:31:14-debug: // ---- build task 查询 Asset Bundle ---- (4ms)
2026-8-30 16:31:14-log: run build task 查询 Asset Bundle success in 4 ms√, progress: 10%
2026-8-30 16:31:14-debug: [Build Memory track]: 查询 Asset Bundle start:226.77MB, end 226.87MB, increase: 103.60KB
2026-8-30 16:31:14-debug: 整理部分构建选项内数据到 settings.json start, progress: 10%
2026-8-30 16:31:14-debug: // ---- build task 整理部分构建选项内数据到 settings.json ----
2026-8-30 16:31:14-debug: // ---- build task 整理部分构建选项内数据到 settings.json ---- (2ms)
2026-8-30 16:31:14-log: run build task 整理部分构建选项内数据到 settings.json success in 2 ms√, progress: 12%
2026-8-30 16:31:14-debug: 填充脚本数据到 settings.json start, progress: 12%
2026-8-30 16:31:14-debug: [Build Memory track]: 整理部分构建选项内数据到 settings.json start:226.90MB, end 226.93MB, increase: 26.33KB
2026-8-30 16:31:14-debug: // ---- build task 填充脚本数据到 settings.json ----
2026-8-30 16:31:14-debug: // ---- build task 填充脚本数据到 settings.json ---- (1ms)
2026-8-30 16:31:14-log: run build task 填充脚本数据到 settings.json success in 1 ms√, progress: 13%
2026-8-30 16:31:14-debug: [Build Memory track]: 填充脚本数据到 settings.json start:226.96MB, end 226.98MB, increase: 25.22KB
2026-8-30 16:31:14-debug: 整理部分构建选项内数据到 settings.json start, progress: 13%
2026-8-30 16:31:14-debug: // ---- build task 整理部分构建选项内数据到 settings.json ----
2026-8-30 16:31:14-debug: // ---- build task 整理部分构建选项内数据到 settings.json ---- (5ms)
2026-8-30 16:31:14-log: run build task 整理部分构建选项内数据到 settings.json success in 5 ms√, progress: 15%
2026-8-30 16:31:14-debug: [Build Memory track]: 整理部分构建选项内数据到 settings.json start:227.01MB, end 227.13MB, increase: 125.95KB
2026-8-30 16:32:22-debug: refresh db internal success
2026-8-30 16:32:22-debug: %cImport%c: D:\GameByself\Cocos\Project1\assets\Scripts\Car.tsbackground: #aaff85; color: #000;color: #000;
2026-8-30 16:32:22-debug: refresh db assets success
2026-8-30 16:32:22-debug: Run asset db hook engine-extends:afterRefresh ...
2026-8-30 16:32:22-debug: Run asset db hook engine-extends:afterRefresh success!
2026-8-30 16:32:22-debug: asset-db:refresh-all-database (122ms)
2026-8-30 16:32:22-debug: asset-db:worker-effect-data-processing (1ms)
2026-8-30 16:32:22-debug: asset-db-hook-engine-extends-afterRefresh (1ms)
2026-8-30 16:32:23-debug: Query all assets info in project
2026-8-30 16:32:23-debug: init custom config: keepNodeUuid: false, useCache: true
2026-8-30 16:32:23-debug: Skip compress image, progress: 0%
2026-8-30 16:32:23-debug: Init all bundles start..., progress: 0%
2026-8-30 16:32:23-debug: Num of bundles: 3..., progress: 0%
2026-8-30 16:32:23-debug: 查询 Asset Bundle start, progress: 0%
2026-8-30 16:32:23-debug: // ---- build task 查询 Asset Bundle ----
2026-8-30 16:32:23-debug: Init bundle root assets start..., progress: 0%
2026-8-30 16:32:23-debug:   Number of all scenes: 1
2026-8-30 16:32:23-debug:   Number of all scripts: 7
2026-8-30 16:32:23-debug: Query preload assets/scripts from cc.config.json: 60f7195c-ec2a-45eb-ba94-8955f60e81d0,1c02ae6f-4492-4915-b8f8-7492a3b1e4cd,810e96e4-e456-4468-9b59-f4e8f39732c0,efe8e2a3-eace-427b-b4f1-cb8a937ec77d,e9aa9a3e-5b2b-4ac7-a2c7-073de2b2b24f,8bbdbcdd-5cd4-4100-b6d5-b7c9625b6107,50f4348b-c883-4e2f-8f11-ce233b859fa1,fda095cb-831d-4601-ad94-846013963de8,f92806d7-1768-443f-afe8-12bcde84d0f0,dd3a144d-ab7f-41f0-82b8-2e43a090d496,f0416e68-0200-4b77-a926-4f9d16e494da,511d2633-09a7-4bdd-ac42-f778032124b3,5d45aa00-e064-4938-b314-4265f0c2258c,9361fd90-ba52-4f84-aa93-6e878fd576ca,970b0598-bcb0-4714-91fb-2e81440dccd8,bcd64cc6-2dd9-43f6-abbe-66318d332032,d930590d-bb92-4cc8-8bd1-23cd027f9edf,a3cd009f-0ab0-420d-9278-b9fdab939bbc,6a2d0734-bd9e-4ddf-946e-caa52498cb75,c27215d8-6835-4b68-bfbb-bdeac6100c04,b5d6115f-0370-4d7c-aad3-c194cc71cf98,d1346436-ac96-4271-b863-1f4fdead95b0,971bdb23-3ff6-43eb-b422-1c30165a3663,17debcc3-0a6b-4b8a-b00b-dc58b885581e,711ebe11-f673-4cd9-9a83-63c60ba54c5b,c0143906-9aed-447e-9436-2ae8512d1b6e,14da1725-c4c2-42b4-ab08-ee0aeb6898b3,081cab31-dccd-428e-8652-f2404cc81c47,78e0584a-4343-4727-8f37-e14e65c2a2db,ba21476f-2866-4f81-9c4d-6e359316e448,871c3b6c-7379-419d-bda3-794b239ab90d,1d08ef62-a503-4ce2-8b9a-46c90873f7d3,ff9b0199-ce04-4cfe-86cc-6c719f08d6e4,de1c2107-70c8-4021-8459-6399f24d01c6,cbf30902-517f-40dc-af90-a550bac27cf1,5c601d96-e4c7-4698-991b-7ee674b11079
2026-8-30 16:32:23-debug:   Number of other assets: 318
2026-8-30 16:32:23-debug: Init bundle root assets success..., progress: 0%
2026-8-30 16:32:23-debug: // ---- build task 查询 Asset Bundle ---- (26ms)
2026-8-30 16:32:23-log: run build task 查询 Asset Bundle success in 26 ms√, progress: 5%
2026-8-30 16:32:23-debug: [Build Memory track]: 查询 Asset Bundle start:227.39MB, end 227.18MB, increase: -217.13KB
2026-8-30 16:32:23-debug: 查询 Asset Bundle start, progress: 5%
2026-8-30 16:32:23-debug: // ---- build task 查询 Asset Bundle ----
2026-8-30 16:32:23-debug: // ---- build task 查询 Asset Bundle ---- (13ms)
2026-8-30 16:32:23-log: run build task 查询 Asset Bundle success in 13 ms√, progress: 10%
2026-8-30 16:32:23-debug: [Build Memory track]: 查询 Asset Bundle start:227.21MB, end 227.31MB, increase: 102.68KB
2026-8-30 16:32:23-debug: 整理部分构建选项内数据到 settings.json start, progress: 10%
2026-8-30 16:32:23-debug: // ---- build task 整理部分构建选项内数据到 settings.json ----
2026-8-30 16:32:23-debug: // ---- build task 整理部分构建选项内数据到 settings.json ---- (8ms)
2026-8-30 16:32:23-log: run build task 整理部分构建选项内数据到 settings.json success in 8 ms√, progress: 12%
2026-8-30 16:32:23-debug: [Build Memory track]: 整理部分构建选项内数据到 settings.json start:227.34MB, end 227.37MB, increase: 26.89KB
2026-8-30 16:32:23-debug: // ---- build task 填充脚本数据到 settings.json ----
2026-8-30 16:32:23-debug: 填充脚本数据到 settings.json start, progress: 12%
2026-8-30 16:32:23-debug: // ---- build task 填充脚本数据到 settings.json ---- (9ms)
2026-8-30 16:32:23-log: run build task 填充脚本数据到 settings.json success in 9 ms√, progress: 13%
2026-8-30 16:32:23-debug: 整理部分构建选项内数据到 settings.json start, progress: 13%
2026-8-30 16:32:23-debug: [Build Memory track]: 填充脚本数据到 settings.json start:227.40MB, end 227.44MB, increase: 37.49KB
2026-8-30 16:32:23-debug: // ---- build task 整理部分构建选项内数据到 settings.json ----
2026-8-30 16:32:23-debug: // ---- build task 整理部分构建选项内数据到 settings.json ---- (15ms)
2026-8-30 16:32:23-log: run build task 整理部分构建选项内数据到 settings.json success in 15 ms√, progress: 15%
2026-8-30 16:32:23-debug: [Build Memory track]: 整理部分构建选项内数据到 settings.json start:227.47MB, end 227.59MB, increase: 130.61KB
2026-8-30 16:32:39-debug: refresh db internal success
2026-8-30 16:32:39-debug: refresh db assets success
2026-8-30 16:32:39-debug: Run asset db hook engine-extends:afterRefresh ...
2026-8-30 16:32:39-debug: Run asset db hook engine-extends:afterRefresh success!
2026-8-30 16:32:39-debug: asset-db:refresh-all-database (107ms)
2026-8-30 16:32:39-debug: asset-db:worker-effect-data-processing (2ms)
2026-8-30 16:32:39-debug: asset-db-hook-engine-extends-afterRefresh (2ms)
2026-8-30 16:32:40-debug: %cImport%c: D:\GameByself\Cocos\Project1\assets\Scenes\scene.scenebackground: #aaff85; color: #000;color: #000;
2026-8-30 16:32:40-debug: asset-db:reimport-assetcb02e093-8bba-4046-8e6e-d0462e7be5da (12ms)
2026-8-30 16:32:41-debug: Query all assets info in project
2026-8-30 16:32:41-debug: init custom config: keepNodeUuid: false, useCache: true
2026-8-30 16:32:41-debug: Skip compress image, progress: 0%
2026-8-30 16:32:41-debug: Init all bundles start..., progress: 0%
2026-8-30 16:32:41-debug: Num of bundles: 3..., progress: 0%
2026-8-30 16:32:41-debug: 查询 Asset Bundle start, progress: 0%
2026-8-30 16:32:41-debug: // ---- build task 查询 Asset Bundle ----
2026-8-30 16:32:41-debug: Init bundle root assets start..., progress: 0%
2026-8-30 16:32:41-debug: Query preload assets/scripts from cc.config.json: 60f7195c-ec2a-45eb-ba94-8955f60e81d0,1c02ae6f-4492-4915-b8f8-7492a3b1e4cd,810e96e4-e456-4468-9b59-f4e8f39732c0,efe8e2a3-eace-427b-b4f1-cb8a937ec77d,e9aa9a3e-5b2b-4ac7-a2c7-073de2b2b24f,8bbdbcdd-5cd4-4100-b6d5-b7c9625b6107,50f4348b-c883-4e2f-8f11-ce233b859fa1,fda095cb-831d-4601-ad94-846013963de8,f92806d7-1768-443f-afe8-12bcde84d0f0,dd3a144d-ab7f-41f0-82b8-2e43a090d496,f0416e68-0200-4b77-a926-4f9d16e494da,511d2633-09a7-4bdd-ac42-f778032124b3,5d45aa00-e064-4938-b314-4265f0c2258c,9361fd90-ba52-4f84-aa93-6e878fd576ca,970b0598-bcb0-4714-91fb-2e81440dccd8,bcd64cc6-2dd9-43f6-abbe-66318d332032,d930590d-bb92-4cc8-8bd1-23cd027f9edf,a3cd009f-0ab0-420d-9278-b9fdab939bbc,6a2d0734-bd9e-4ddf-946e-caa52498cb75,c27215d8-6835-4b68-bfbb-bdeac6100c04,b5d6115f-0370-4d7c-aad3-c194cc71cf98,d1346436-ac96-4271-b863-1f4fdead95b0,971bdb23-3ff6-43eb-b422-1c30165a3663,17debcc3-0a6b-4b8a-b00b-dc58b885581e,711ebe11-f673-4cd9-9a83-63c60ba54c5b,c0143906-9aed-447e-9436-2ae8512d1b6e,14da1725-c4c2-42b4-ab08-ee0aeb6898b3,081cab31-dccd-428e-8652-f2404cc81c47,78e0584a-4343-4727-8f37-e14e65c2a2db,ba21476f-2866-4f81-9c4d-6e359316e448,871c3b6c-7379-419d-bda3-794b239ab90d,1d08ef62-a503-4ce2-8b9a-46c90873f7d3,ff9b0199-ce04-4cfe-86cc-6c719f08d6e4,de1c2107-70c8-4021-8459-6399f24d01c6,cbf30902-517f-40dc-af90-a550bac27cf1,5c601d96-e4c7-4698-991b-7ee674b11079
2026-8-30 16:32:41-debug:   Number of all scripts: 7
2026-8-30 16:32:41-debug:   Number of other assets: 318
2026-8-30 16:32:41-debug: Init bundle root assets success..., progress: 0%
2026-8-30 16:32:41-debug:   Number of all scenes: 1
2026-8-30 16:32:41-debug: // ---- build task 查询 Asset Bundle ---- (9ms)
2026-8-30 16:32:41-log: run build task 查询 Asset Bundle success in 9 ms√, progress: 5%
2026-8-30 16:32:41-debug: [Build Memory track]: 查询 Asset Bundle start:228.74MB, end 228.65MB, increase: -90.51KB
2026-8-30 16:32:41-debug: // ---- build task 查询 Asset Bundle ----
2026-8-30 16:32:41-debug: 查询 Asset Bundle start, progress: 5%
2026-8-30 16:32:41-debug: // ---- build task 查询 Asset Bundle ---- (6ms)
2026-8-30 16:32:41-log: run build task 查询 Asset Bundle success in 6 ms√, progress: 10%
2026-8-30 16:32:41-debug: [Build Memory track]: 查询 Asset Bundle start:228.68MB, end 228.78MB, increase: 104.32KB
2026-8-30 16:32:41-debug: 整理部分构建选项内数据到 settings.json start, progress: 10%
2026-8-30 16:32:41-debug: // ---- build task 整理部分构建选项内数据到 settings.json ----
2026-8-30 16:32:41-debug: // ---- build task 整理部分构建选项内数据到 settings.json ---- (2ms)
2026-8-30 16:32:41-log: run build task 整理部分构建选项内数据到 settings.json success in 2 ms√, progress: 12%
2026-8-30 16:32:41-debug: [Build Memory track]: 整理部分构建选项内数据到 settings.json start:228.81MB, end 228.84MB, increase: 26.46KB
2026-8-30 16:32:41-debug: // ---- build task 填充脚本数据到 settings.json ----
2026-8-30 16:32:41-debug: 填充脚本数据到 settings.json start, progress: 12%
2026-8-30 16:32:41-debug: // ---- build task 填充脚本数据到 settings.json ---- (2ms)
2026-8-30 16:32:41-log: run build task 填充脚本数据到 settings.json success in 2 ms√, progress: 13%
2026-8-30 16:32:41-debug: [Build Memory track]: 填充脚本数据到 settings.json start:228.87MB, end 228.90MB, increase: 27.13KB
2026-8-30 16:32:41-debug: // ---- build task 整理部分构建选项内数据到 settings.json ----
2026-8-30 16:32:41-debug: 整理部分构建选项内数据到 settings.json start, progress: 13%
2026-8-30 16:32:41-debug: // ---- build task 整理部分构建选项内数据到 settings.json ---- (6ms)
2026-8-30 16:32:41-log: run build task 整理部分构建选项内数据到 settings.json success in 6 ms√, progress: 15%
2026-8-30 16:32:41-debug: [Build Memory track]: 整理部分构建选项内数据到 settings.json start:228.93MB, end 229.05MB, increase: 126.54KB
2026-8-30 16:33:16-debug: refresh db internal success
2026-8-30 16:33:16-debug: %cImport%c: D:\GameByself\Cocos\Project1\assets\Scripts\Car.tsbackground: #aaff85; color: #000;color: #000;
2026-8-30 16:33:16-debug: refresh db assets success
2026-8-30 16:33:16-debug: Run asset db hook engine-extends:afterRefresh ...
2026-8-30 16:33:16-debug: Run asset db hook engine-extends:afterRefresh success!
2026-8-30 16:33:16-debug: asset-db:refresh-all-database (106ms)
2026-8-30 16:33:16-debug: asset-db:worker-effect-data-processing (1ms)
2026-8-30 16:33:16-debug: asset-db-hook-engine-extends-afterRefresh (1ms)
2026-8-30 16:33:16-debug: %cImport%c: D:\GameByself\Cocos\Project1\assets\Scenes\scene.scenebackground: #aaff85; color: #000;color: #000;
2026-8-30 16:33:16-debug: asset-db:reimport-assetcb02e093-8bba-4046-8e6e-d0462e7be5da (11ms)
2026-8-30 16:33:18-debug: refresh db internal success
2026-8-30 16:33:18-debug: refresh db assets success
2026-8-30 16:33:18-debug: Run asset db hook engine-extends:afterRefresh ...
2026-8-30 16:33:18-debug: Run asset db hook engine-extends:afterRefresh success!
2026-8-30 16:33:18-debug: asset-db:refresh-all-database (107ms)
2026-8-30 16:33:18-debug: asset-db:worker-effect-data-processing (1ms)
2026-8-30 16:33:18-debug: asset-db-hook-engine-extends-afterRefresh (1ms)
2026-8-30 16:33:19-debug: Query all assets info in project
2026-8-30 16:33:19-debug: Skip compress image, progress: 0%
2026-8-30 16:33:19-debug: init custom config: keepNodeUuid: false, useCache: true
2026-8-30 16:33:19-debug: Init all bundles start..., progress: 0%
2026-8-30 16:33:19-debug: // ---- build task 查询 Asset Bundle ----
2026-8-30 16:33:19-debug: Num of bundles: 3..., progress: 0%
2026-8-30 16:33:19-debug: 查询 Asset Bundle start, progress: 0%
2026-8-30 16:33:19-debug: Init bundle root assets start..., progress: 0%
2026-8-30 16:33:19-debug: Query preload assets/scripts from cc.config.json: 60f7195c-ec2a-45eb-ba94-8955f60e81d0,1c02ae6f-4492-4915-b8f8-7492a3b1e4cd,810e96e4-e456-4468-9b59-f4e8f39732c0,efe8e2a3-eace-427b-b4f1-cb8a937ec77d,e9aa9a3e-5b2b-4ac7-a2c7-073de2b2b24f,8bbdbcdd-5cd4-4100-b6d5-b7c9625b6107,50f4348b-c883-4e2f-8f11-ce233b859fa1,fda095cb-831d-4601-ad94-846013963de8,f92806d7-1768-443f-afe8-12bcde84d0f0,dd3a144d-ab7f-41f0-82b8-2e43a090d496,f0416e68-0200-4b77-a926-4f9d16e494da,511d2633-09a7-4bdd-ac42-f778032124b3,5d45aa00-e064-4938-b314-4265f0c2258c,9361fd90-ba52-4f84-aa93-6e878fd576ca,970b0598-bcb0-4714-91fb-2e81440dccd8,bcd64cc6-2dd9-43f6-abbe-66318d332032,d930590d-bb92-4cc8-8bd1-23cd027f9edf,a3cd009f-0ab0-420d-9278-b9fdab939bbc,6a2d0734-bd9e-4ddf-946e-caa52498cb75,c27215d8-6835-4b68-bfbb-bdeac6100c04,b5d6115f-0370-4d7c-aad3-c194cc71cf98,d1346436-ac96-4271-b863-1f4fdead95b0,971bdb23-3ff6-43eb-b422-1c30165a3663,17debcc3-0a6b-4b8a-b00b-dc58b885581e,711ebe11-f673-4cd9-9a83-63c60ba54c5b,c0143906-9aed-447e-9436-2ae8512d1b6e,14da1725-c4c2-42b4-ab08-ee0aeb6898b3,081cab31-dccd-428e-8652-f2404cc81c47,78e0584a-4343-4727-8f37-e14e65c2a2db,ba21476f-2866-4f81-9c4d-6e359316e448,871c3b6c-7379-419d-bda3-794b239ab90d,1d08ef62-a503-4ce2-8b9a-46c90873f7d3,ff9b0199-ce04-4cfe-86cc-6c719f08d6e4,de1c2107-70c8-4021-8459-6399f24d01c6,cbf30902-517f-40dc-af90-a550bac27cf1,5c601d96-e4c7-4698-991b-7ee674b11079
2026-8-30 16:33:19-debug:   Number of all scenes: 1
2026-8-30 16:33:19-debug:   Number of all scripts: 7
2026-8-30 16:33:19-debug: Init bundle root assets success..., progress: 0%
2026-8-30 16:33:19-debug:   Number of other assets: 318
2026-8-30 16:33:19-debug: // ---- build task 查询 Asset Bundle ---- (21ms)
2026-8-30 16:33:19-log: run build task 查询 Asset Bundle success in 21 ms√, progress: 5%
2026-8-30 16:33:19-debug: [Build Memory track]: 查询 Asset Bundle start:232.60MB, end 233.25MB, increase: 662.35KB
2026-8-30 16:33:19-debug: 查询 Asset Bundle start, progress: 5%
2026-8-30 16:33:19-debug: // ---- build task 查询 Asset Bundle ----
2026-8-30 16:33:19-debug: // ---- build task 查询 Asset Bundle ---- (21ms)
2026-8-30 16:33:19-log: run build task 查询 Asset Bundle success in 21 ms√, progress: 10%
2026-8-30 16:33:19-debug: [Build Memory track]: 查询 Asset Bundle start:233.28MB, end 233.38MB, increase: 102.72KB
2026-8-30 16:33:19-debug: 整理部分构建选项内数据到 settings.json start, progress: 10%
2026-8-30 16:33:19-debug: // ---- build task 整理部分构建选项内数据到 settings.json ----
2026-8-30 16:33:19-log: run build task 整理部分构建选项内数据到 settings.json success in 6 ms√, progress: 12%
2026-8-30 16:33:19-debug: [Build Memory track]: 整理部分构建选项内数据到 settings.json start:233.41MB, end 233.44MB, increase: 26.82KB
2026-8-30 16:33:19-debug: // ---- build task 整理部分构建选项内数据到 settings.json ---- (6ms)
2026-8-30 16:33:19-debug: // ---- build task 填充脚本数据到 settings.json ----
2026-8-30 16:33:19-debug: 填充脚本数据到 settings.json start, progress: 12%
2026-8-30 16:33:19-log: run build task 填充脚本数据到 settings.json success in 5 ms√, progress: 13%
2026-8-30 16:33:19-debug: [Build Memory track]: 填充脚本数据到 settings.json start:233.47MB, end 233.49MB, increase: 26.36KB
2026-8-30 16:33:19-debug: 整理部分构建选项内数据到 settings.json start, progress: 13%
2026-8-30 16:33:19-debug: // ---- build task 填充脚本数据到 settings.json ---- (5ms)
2026-8-30 16:33:19-debug: // ---- build task 整理部分构建选项内数据到 settings.json ----
2026-8-30 16:33:19-log: run build task 整理部分构建选项内数据到 settings.json success in 15 ms√, progress: 15%
2026-8-30 16:33:19-debug: [Build Memory track]: 整理部分构建选项内数据到 settings.json start:233.52MB, end 233.66MB, increase: 139.29KB
2026-8-30 16:33:19-debug: // ---- build task 整理部分构建选项内数据到 settings.json ---- (15ms)
2026-8-30 16:34:42-debug: Query all assets info in project
2026-8-30 16:34:42-debug: init custom config: keepNodeUuid: false, useCache: true
2026-8-30 16:34:42-debug: Skip compress image, progress: 0%
2026-8-30 16:34:42-debug: Init all bundles start..., progress: 0%
2026-8-30 16:34:42-debug: // ---- build task 查询 Asset Bundle ----
2026-8-30 16:34:42-debug: 查询 Asset Bundle start, progress: 0%
2026-8-30 16:34:42-debug: Num of bundles: 3..., progress: 0%
2026-8-30 16:34:42-debug: Init bundle root assets start..., progress: 0%
2026-8-30 16:34:42-debug: refresh db internal success
2026-8-30 16:34:42-debug: Query preload assets/scripts from cc.config.json: 60f7195c-ec2a-45eb-ba94-8955f60e81d0,1c02ae6f-4492-4915-b8f8-7492a3b1e4cd,810e96e4-e456-4468-9b59-f4e8f39732c0,efe8e2a3-eace-427b-b4f1-cb8a937ec77d,e9aa9a3e-5b2b-4ac7-a2c7-073de2b2b24f,8bbdbcdd-5cd4-4100-b6d5-b7c9625b6107,50f4348b-c883-4e2f-8f11-ce233b859fa1,fda095cb-831d-4601-ad94-846013963de8,f92806d7-1768-443f-afe8-12bcde84d0f0,dd3a144d-ab7f-41f0-82b8-2e43a090d496,f0416e68-0200-4b77-a926-4f9d16e494da,511d2633-09a7-4bdd-ac42-f778032124b3,5d45aa00-e064-4938-b314-4265f0c2258c,9361fd90-ba52-4f84-aa93-6e878fd576ca,970b0598-bcb0-4714-91fb-2e81440dccd8,bcd64cc6-2dd9-43f6-abbe-66318d332032,d930590d-bb92-4cc8-8bd1-23cd027f9edf,a3cd009f-0ab0-420d-9278-b9fdab939bbc,6a2d0734-bd9e-4ddf-946e-caa52498cb75,c27215d8-6835-4b68-bfbb-bdeac6100c04,b5d6115f-0370-4d7c-aad3-c194cc71cf98,d1346436-ac96-4271-b863-1f4fdead95b0,971bdb23-3ff6-43eb-b422-1c30165a3663,17debcc3-0a6b-4b8a-b00b-dc58b885581e,711ebe11-f673-4cd9-9a83-63c60ba54c5b,c0143906-9aed-447e-9436-2ae8512d1b6e,14da1725-c4c2-42b4-ab08-ee0aeb6898b3,081cab31-dccd-428e-8652-f2404cc81c47,78e0584a-4343-4727-8f37-e14e65c2a2db,ba21476f-2866-4f81-9c4d-6e359316e448,871c3b6c-7379-419d-bda3-794b239ab90d,1d08ef62-a503-4ce2-8b9a-46c90873f7d3,ff9b0199-ce04-4cfe-86cc-6c719f08d6e4,de1c2107-70c8-4021-8459-6399f24d01c6,cbf30902-517f-40dc-af90-a550bac27cf1,5c601d96-e4c7-4698-991b-7ee674b11079
2026-8-30 16:34:42-debug:   Number of all scenes: 1
2026-8-30 16:34:42-debug:   Number of all scripts: 7
2026-8-30 16:34:42-debug:   Number of other assets: 318
2026-8-30 16:34:42-debug: Init bundle root assets success..., progress: 0%
2026-8-30 16:34:42-debug: %cImport%c: D:\GameByself\Cocos\Project1\assets\Scripts\Car.tsbackground: #aaff85; color: #000;color: #000;
2026-8-30 16:34:42-debug: // ---- build task 查询 Asset Bundle ---- (25ms)
2026-8-30 16:34:42-log: run build task 查询 Asset Bundle success in 25 ms√, progress: 5%
2026-8-30 16:34:42-debug: [Build Memory track]: 查询 Asset Bundle start:233.34MB, end 233.37MB, increase: 28.92KB
2026-8-30 16:34:42-debug: 查询 Asset Bundle start, progress: 5%
2026-8-30 16:34:42-debug: // ---- build task 查询 Asset Bundle ----
2026-8-30 16:34:42-debug: refresh db assets success
2026-8-30 16:34:42-debug: Run asset db hook engine-extends:afterRefresh ...
2026-8-30 16:34:42-debug: Run asset db hook engine-extends:afterRefresh success!
2026-8-30 16:34:42-debug: asset-db:refresh-all-database (215ms)
2026-8-30 16:34:42-debug: asset-db:worker-effect-data-processing (3ms)
2026-8-30 16:34:42-debug: asset-db-hook-engine-extends-afterRefresh (5ms)
2026-8-30 16:34:42-debug: // ---- build task 查询 Asset Bundle ---- (13ms)
2026-8-30 16:34:42-log: run build task 查询 Asset Bundle success in 13 ms√, progress: 10%
2026-8-30 16:34:42-debug: // ---- build task 整理部分构建选项内数据到 settings.json ----
2026-8-30 16:34:42-debug: [Build Memory track]: 查询 Asset Bundle start:233.40MB, end 232.91MB, increase: -497.14KB
2026-8-30 16:34:42-debug: 整理部分构建选项内数据到 settings.json start, progress: 10%
2026-8-30 16:34:42-debug: // ---- build task 整理部分构建选项内数据到 settings.json ---- (3ms)
2026-8-30 16:34:42-log: run build task 整理部分构建选项内数据到 settings.json success in 3 ms√, progress: 12%
2026-8-30 16:34:42-debug: [Build Memory track]: 整理部分构建选项内数据到 settings.json start:232.95MB, end 233.05MB, increase: 105.77KB
2026-8-30 16:34:42-debug: 填充脚本数据到 settings.json start, progress: 12%
2026-8-30 16:34:42-debug: // ---- build task 填充脚本数据到 settings.json ----
2026-8-30 16:34:42-debug: // ---- build task 填充脚本数据到 settings.json ---- (3ms)
2026-8-30 16:34:42-log: run build task 填充脚本数据到 settings.json success in 3 ms√, progress: 13%
2026-8-30 16:34:42-debug: [Build Memory track]: 填充脚本数据到 settings.json start:233.08MB, end 233.11MB, increase: 26.41KB
2026-8-30 16:34:42-debug: 整理部分构建选项内数据到 settings.json start, progress: 13%
2026-8-30 16:34:42-debug: // ---- build task 整理部分构建选项内数据到 settings.json ----
2026-8-30 16:34:42-debug: // ---- build task 整理部分构建选项内数据到 settings.json ---- (15ms)
2026-8-30 16:34:42-log: run build task 整理部分构建选项内数据到 settings.json success in 15 ms√, progress: 15%
2026-8-30 16:34:42-debug: [Build Memory track]: 整理部分构建选项内数据到 settings.json start:233.14MB, end 233.26MB, increase: 127.03KB
2026-8-30 16:34:43-debug: Query all assets info in project
2026-8-30 16:34:43-debug: init custom config: keepNodeUuid: false, useCache: true
2026-8-30 16:34:43-debug: Skip compress image, progress: 0%
2026-8-30 16:34:43-debug: Init all bundles start..., progress: 0%
2026-8-30 16:34:43-debug: // ---- build task 查询 Asset Bundle ----
2026-8-30 16:34:43-debug: Num of bundles: 3..., progress: 0%
2026-8-30 16:34:43-debug: 查询 Asset Bundle start, progress: 0%
2026-8-30 16:34:43-debug: Init bundle root assets start..., progress: 0%
2026-8-30 16:34:43-debug: Query preload assets/scripts from cc.config.json: 60f7195c-ec2a-45eb-ba94-8955f60e81d0,1c02ae6f-4492-4915-b8f8-7492a3b1e4cd,810e96e4-e456-4468-9b59-f4e8f39732c0,efe8e2a3-eace-427b-b4f1-cb8a937ec77d,e9aa9a3e-5b2b-4ac7-a2c7-073de2b2b24f,8bbdbcdd-5cd4-4100-b6d5-b7c9625b6107,50f4348b-c883-4e2f-8f11-ce233b859fa1,fda095cb-831d-4601-ad94-846013963de8,f92806d7-1768-443f-afe8-12bcde84d0f0,dd3a144d-ab7f-41f0-82b8-2e43a090d496,f0416e68-0200-4b77-a926-4f9d16e494da,511d2633-09a7-4bdd-ac42-f778032124b3,5d45aa00-e064-4938-b314-4265f0c2258c,9361fd90-ba52-4f84-aa93-6e878fd576ca,970b0598-bcb0-4714-91fb-2e81440dccd8,bcd64cc6-2dd9-43f6-abbe-66318d332032,d930590d-bb92-4cc8-8bd1-23cd027f9edf,a3cd009f-0ab0-420d-9278-b9fdab939bbc,6a2d0734-bd9e-4ddf-946e-caa52498cb75,c27215d8-6835-4b68-bfbb-bdeac6100c04,b5d6115f-0370-4d7c-aad3-c194cc71cf98,d1346436-ac96-4271-b863-1f4fdead95b0,971bdb23-3ff6-43eb-b422-1c30165a3663,17debcc3-0a6b-4b8a-b00b-dc58b885581e,711ebe11-f673-4cd9-9a83-63c60ba54c5b,c0143906-9aed-447e-9436-2ae8512d1b6e,14da1725-c4c2-42b4-ab08-ee0aeb6898b3,081cab31-dccd-428e-8652-f2404cc81c47,78e0584a-4343-4727-8f37-e14e65c2a2db,ba21476f-2866-4f81-9c4d-6e359316e448,871c3b6c-7379-419d-bda3-794b239ab90d,1d08ef62-a503-4ce2-8b9a-46c90873f7d3,ff9b0199-ce04-4cfe-86cc-6c719f08d6e4,de1c2107-70c8-4021-8459-6399f24d01c6,cbf30902-517f-40dc-af90-a550bac27cf1,5c601d96-e4c7-4698-991b-7ee674b11079
2026-8-30 16:34:43-debug:   Number of all scenes: 1
2026-8-30 16:34:43-debug:   Number of other assets: 318
2026-8-30 16:34:43-debug: Init bundle root assets success..., progress: 0%
2026-8-30 16:34:43-debug:   Number of all scripts: 7
2026-8-30 16:34:43-debug: // ---- build task 查询 Asset Bundle ---- (7ms)
2026-8-30 16:34:43-debug: 查询 Asset Bundle start, progress: 5%
2026-8-30 16:34:43-debug: [Build Memory track]: 查询 Asset Bundle start:233.10MB, end 232.84MB, increase: -271.26KB
2026-8-30 16:34:43-debug: // ---- build task 查询 Asset Bundle ----
2026-8-30 16:34:43-log: run build task 查询 Asset Bundle success in 7 ms√, progress: 5%
2026-8-30 16:34:43-debug: // ---- build task 查询 Asset Bundle ---- (4ms)
2026-8-30 16:34:43-debug: [Build Memory track]: 查询 Asset Bundle start:232.87MB, end 232.98MB, increase: 110.45KB
2026-8-30 16:34:43-log: run build task 查询 Asset Bundle success in 4 ms√, progress: 10%
2026-8-30 16:34:43-debug: 整理部分构建选项内数据到 settings.json start, progress: 10%
2026-8-30 16:34:43-debug: // ---- build task 整理部分构建选项内数据到 settings.json ----
2026-8-30 16:34:43-debug: // ---- build task 整理部分构建选项内数据到 settings.json ---- (2ms)
2026-8-30 16:34:43-log: run build task 整理部分构建选项内数据到 settings.json success in 2 ms√, progress: 12%
2026-8-30 16:34:43-debug: [Build Memory track]: 整理部分构建选项内数据到 settings.json start:233.01MB, end 233.03MB, increase: 26.84KB
2026-8-30 16:34:43-debug: 填充脚本数据到 settings.json start, progress: 12%
2026-8-30 16:34:43-debug: // ---- build task 填充脚本数据到 settings.json ----
2026-8-30 16:34:43-debug: [Build Memory track]: 填充脚本数据到 settings.json start:233.06MB, end 233.09MB, increase: 26.48KB
2026-8-30 16:34:43-log: run build task 填充脚本数据到 settings.json success in 3 ms√, progress: 13%
2026-8-30 16:34:43-debug: 整理部分构建选项内数据到 settings.json start, progress: 13%
2026-8-30 16:34:43-debug: // ---- build task 填充脚本数据到 settings.json ---- (3ms)
2026-8-30 16:34:43-debug: // ---- build task 整理部分构建选项内数据到 settings.json ----
2026-8-30 16:34:43-debug: // ---- build task 整理部分构建选项内数据到 settings.json ---- (5ms)
2026-8-30 16:34:43-log: run build task 整理部分构建选项内数据到 settings.json success in 5 ms√, progress: 15%
2026-8-30 16:34:43-debug: [Build Memory track]: 整理部分构建选项内数据到 settings.json start:233.12MB, end 233.24MB, increase: 126.46KB
2026-8-30 16:34:52-debug: refresh db internal success
2026-8-30 16:34:52-debug: refresh db assets success
2026-8-30 16:34:52-debug: Run asset db hook engine-extends:afterRefresh ...
2026-8-30 16:34:52-debug: Run asset db hook engine-extends:afterRefresh success!
2026-8-30 16:34:52-debug: asset-db:refresh-all-database (106ms)
2026-8-30 16:34:52-debug: asset-db:worker-effect-data-processing (2ms)
2026-8-30 16:34:52-debug: asset-db-hook-engine-extends-afterRefresh (2ms)
2026-8-30 16:34:54-debug: Query all assets info in project
2026-8-30 16:34:54-debug: init custom config: keepNodeUuid: false, useCache: true
2026-8-30 16:34:54-debug: Skip compress image, progress: 0%
2026-8-30 16:34:54-debug: Init all bundles start..., progress: 0%
2026-8-30 16:34:54-debug: Num of bundles: 3..., progress: 0%
2026-8-30 16:34:54-debug: // ---- build task 查询 Asset Bundle ----
2026-8-30 16:34:54-debug: 查询 Asset Bundle start, progress: 0%
2026-8-30 16:34:54-debug: Init bundle root assets start..., progress: 0%
2026-8-30 16:34:54-debug: Query preload assets/scripts from cc.config.json: 60f7195c-ec2a-45eb-ba94-8955f60e81d0,1c02ae6f-4492-4915-b8f8-7492a3b1e4cd,810e96e4-e456-4468-9b59-f4e8f39732c0,efe8e2a3-eace-427b-b4f1-cb8a937ec77d,e9aa9a3e-5b2b-4ac7-a2c7-073de2b2b24f,8bbdbcdd-5cd4-4100-b6d5-b7c9625b6107,50f4348b-c883-4e2f-8f11-ce233b859fa1,fda095cb-831d-4601-ad94-846013963de8,f92806d7-1768-443f-afe8-12bcde84d0f0,dd3a144d-ab7f-41f0-82b8-2e43a090d496,f0416e68-0200-4b77-a926-4f9d16e494da,511d2633-09a7-4bdd-ac42-f778032124b3,5d45aa00-e064-4938-b314-4265f0c2258c,9361fd90-ba52-4f84-aa93-6e878fd576ca,970b0598-bcb0-4714-91fb-2e81440dccd8,bcd64cc6-2dd9-43f6-abbe-66318d332032,d930590d-bb92-4cc8-8bd1-23cd027f9edf,a3cd009f-0ab0-420d-9278-b9fdab939bbc,6a2d0734-bd9e-4ddf-946e-caa52498cb75,c27215d8-6835-4b68-bfbb-bdeac6100c04,b5d6115f-0370-4d7c-aad3-c194cc71cf98,d1346436-ac96-4271-b863-1f4fdead95b0,971bdb23-3ff6-43eb-b422-1c30165a3663,17debcc3-0a6b-4b8a-b00b-dc58b885581e,711ebe11-f673-4cd9-9a83-63c60ba54c5b,c0143906-9aed-447e-9436-2ae8512d1b6e,14da1725-c4c2-42b4-ab08-ee0aeb6898b3,081cab31-dccd-428e-8652-f2404cc81c47,78e0584a-4343-4727-8f37-e14e65c2a2db,ba21476f-2866-4f81-9c4d-6e359316e448,871c3b6c-7379-419d-bda3-794b239ab90d,1d08ef62-a503-4ce2-8b9a-46c90873f7d3,ff9b0199-ce04-4cfe-86cc-6c719f08d6e4,de1c2107-70c8-4021-8459-6399f24d01c6,cbf30902-517f-40dc-af90-a550bac27cf1,5c601d96-e4c7-4698-991b-7ee674b11079
2026-8-30 16:34:54-debug: Init bundle root assets success..., progress: 0%
2026-8-30 16:34:54-debug:   Number of other assets: 318
2026-8-30 16:34:54-debug:   Number of all scripts: 7
2026-8-30 16:34:54-debug:   Number of all scenes: 1
2026-8-30 16:34:54-debug: // ---- build task 查询 Asset Bundle ---- (15ms)
2026-8-30 16:34:54-log: run build task 查询 Asset Bundle success in 15 ms√, progress: 5%
2026-8-30 16:34:54-debug: [Build Memory track]: 查询 Asset Bundle start:234.80MB, end 234.57MB, increase: -236.69KB
2026-8-30 16:34:54-debug: 查询 Asset Bundle start, progress: 5%
2026-8-30 16:34:54-debug: // ---- build task 查询 Asset Bundle ----
2026-8-30 16:34:54-debug: // ---- build task 查询 Asset Bundle ---- (4ms)
2026-8-30 16:34:54-log: run build task 查询 Asset Bundle success in 4 ms√, progress: 10%
2026-8-30 16:34:54-debug: 整理部分构建选项内数据到 settings.json start, progress: 10%
2026-8-30 16:34:54-debug: [Build Memory track]: 查询 Asset Bundle start:234.60MB, end 234.70MB, increase: 102.75KB
2026-8-30 16:34:54-debug: // ---- build task 整理部分构建选项内数据到 settings.json ----
2026-8-30 16:34:54-debug: // ---- build task 整理部分构建选项内数据到 settings.json ---- (2ms)
2026-8-30 16:34:54-log: run build task 整理部分构建选项内数据到 settings.json success in 2 ms√, progress: 12%
2026-8-30 16:34:54-debug: 填充脚本数据到 settings.json start, progress: 12%
2026-8-30 16:34:54-debug: [Build Memory track]: 整理部分构建选项内数据到 settings.json start:234.73MB, end 234.75MB, increase: 25.79KB
2026-8-30 16:34:54-debug: // ---- build task 填充脚本数据到 settings.json ----
2026-8-30 16:34:54-debug: // ---- build task 填充脚本数据到 settings.json ---- (1ms)
2026-8-30 16:34:54-log: run build task 填充脚本数据到 settings.json success in 1 ms√, progress: 13%
2026-8-30 16:34:54-debug: [Build Memory track]: 填充脚本数据到 settings.json start:234.78MB, end 234.81MB, increase: 27.16KB
2026-8-30 16:34:54-debug: 整理部分构建选项内数据到 settings.json start, progress: 13%
2026-8-30 16:34:54-debug: // ---- build task 整理部分构建选项内数据到 settings.json ----
2026-8-30 16:34:54-debug: // ---- build task 整理部分构建选项内数据到 settings.json ---- (8ms)
2026-8-30 16:34:54-log: run build task 整理部分构建选项内数据到 settings.json success in 8 ms√, progress: 15%
2026-8-30 16:34:54-debug: [Build Memory track]: 整理部分构建选项内数据到 settings.json start:234.84MB, end 234.97MB, increase: 129.27KB
2026-8-30 16:35:10-debug: refresh db internal success
2026-8-30 16:35:10-debug: %cImport%c: D:\GameByself\Cocos\Project1\assets\Scripts\Car.tsbackground: #aaff85; color: #000;color: #000;
2026-8-30 16:35:10-debug: refresh db assets success
2026-8-30 16:35:10-debug: Run asset db hook engine-extends:afterRefresh ...
2026-8-30 16:35:10-debug: Run asset db hook engine-extends:afterRefresh success!
2026-8-30 16:35:10-debug: asset-db:refresh-all-database (104ms)
2026-8-30 16:35:10-debug: asset-db:worker-effect-data-processing (2ms)
2026-8-30 16:35:10-debug: asset-db-hook-engine-extends-afterRefresh (2ms)
2026-8-30 16:35:10-debug: %cImport%c: D:\GameByself\Cocos\Project1\assets\Scenes\scene.scenebackground: #aaff85; color: #000;color: #000;
2026-8-30 16:35:10-debug: asset-db:reimport-assetcb02e093-8bba-4046-8e6e-d0462e7be5da (19ms)
2026-8-30 16:35:11-debug: Query all assets info in project
2026-8-30 16:35:11-debug: init custom config: keepNodeUuid: false, useCache: true
2026-8-30 16:35:11-debug: Skip compress image, progress: 0%
2026-8-30 16:35:11-debug: Init all bundles start..., progress: 0%
2026-8-30 16:35:11-debug: // ---- build task 查询 Asset Bundle ----
2026-8-30 16:35:11-debug: Init bundle root assets start..., progress: 0%
2026-8-30 16:35:11-debug: 查询 Asset Bundle start, progress: 0%
2026-8-30 16:35:11-debug: Num of bundles: 3..., progress: 0%
2026-8-30 16:35:11-debug:   Number of all scenes: 1
2026-8-30 16:35:11-debug: Query preload assets/scripts from cc.config.json: 60f7195c-ec2a-45eb-ba94-8955f60e81d0,1c02ae6f-4492-4915-b8f8-7492a3b1e4cd,810e96e4-e456-4468-9b59-f4e8f39732c0,efe8e2a3-eace-427b-b4f1-cb8a937ec77d,e9aa9a3e-5b2b-4ac7-a2c7-073de2b2b24f,8bbdbcdd-5cd4-4100-b6d5-b7c9625b6107,50f4348b-c883-4e2f-8f11-ce233b859fa1,fda095cb-831d-4601-ad94-846013963de8,f92806d7-1768-443f-afe8-12bcde84d0f0,dd3a144d-ab7f-41f0-82b8-2e43a090d496,f0416e68-0200-4b77-a926-4f9d16e494da,511d2633-09a7-4bdd-ac42-f778032124b3,5d45aa00-e064-4938-b314-4265f0c2258c,9361fd90-ba52-4f84-aa93-6e878fd576ca,970b0598-bcb0-4714-91fb-2e81440dccd8,bcd64cc6-2dd9-43f6-abbe-66318d332032,d930590d-bb92-4cc8-8bd1-23cd027f9edf,a3cd009f-0ab0-420d-9278-b9fdab939bbc,6a2d0734-bd9e-4ddf-946e-caa52498cb75,c27215d8-6835-4b68-bfbb-bdeac6100c04,b5d6115f-0370-4d7c-aad3-c194cc71cf98,d1346436-ac96-4271-b863-1f4fdead95b0,971bdb23-3ff6-43eb-b422-1c30165a3663,17debcc3-0a6b-4b8a-b00b-dc58b885581e,711ebe11-f673-4cd9-9a83-63c60ba54c5b,c0143906-9aed-447e-9436-2ae8512d1b6e,14da1725-c4c2-42b4-ab08-ee0aeb6898b3,081cab31-dccd-428e-8652-f2404cc81c47,78e0584a-4343-4727-8f37-e14e65c2a2db,ba21476f-2866-4f81-9c4d-6e359316e448,871c3b6c-7379-419d-bda3-794b239ab90d,1d08ef62-a503-4ce2-8b9a-46c90873f7d3,ff9b0199-ce04-4cfe-86cc-6c719f08d6e4,de1c2107-70c8-4021-8459-6399f24d01c6,cbf30902-517f-40dc-af90-a550bac27cf1,5c601d96-e4c7-4698-991b-7ee674b11079
2026-8-30 16:35:11-debug:   Number of other assets: 318
2026-8-30 16:35:11-debug: Init bundle root assets success..., progress: 0%
2026-8-30 16:35:11-debug:   Number of all scripts: 7
2026-8-30 16:35:11-debug: // ---- build task 查询 Asset Bundle ---- (30ms)
2026-8-30 16:35:11-log: run build task 查询 Asset Bundle success in 30 ms√, progress: 5%
2026-8-30 16:35:11-debug: [Build Memory track]: 查询 Asset Bundle start:236.38MB, end 236.15MB, increase: -238.80KB
2026-8-30 16:35:11-debug: 查询 Asset Bundle start, progress: 5%
2026-8-30 16:35:11-debug: // ---- build task 查询 Asset Bundle ----
2026-8-30 16:35:11-debug: // ---- build task 查询 Asset Bundle ---- (12ms)
2026-8-30 16:35:11-log: run build task 查询 Asset Bundle success in 12 ms√, progress: 10%
2026-8-30 16:35:11-debug: [Build Memory track]: 查询 Asset Bundle start:236.18MB, end 236.28MB, increase: 102.79KB
2026-8-30 16:35:11-debug: 整理部分构建选项内数据到 settings.json start, progress: 10%
2026-8-30 16:35:11-debug: // ---- build task 整理部分构建选项内数据到 settings.json ----
2026-8-30 16:35:11-debug: // ---- build task 整理部分构建选项内数据到 settings.json ---- (4ms)
2026-8-30 16:35:11-log: run build task 整理部分构建选项内数据到 settings.json success in 4 ms√, progress: 12%
2026-8-30 16:35:11-debug: [Build Memory track]: 整理部分构建选项内数据到 settings.json start:236.31MB, end 235.57MB, increase: -757.61KB
2026-8-30 16:35:11-debug: 填充脚本数据到 settings.json start, progress: 12%
2026-8-30 16:35:11-debug: // ---- build task 填充脚本数据到 settings.json ----
2026-8-30 16:35:11-debug: // ---- build task 填充脚本数据到 settings.json ---- (3ms)
2026-8-30 16:35:11-log: run build task 填充脚本数据到 settings.json success in 3 ms√, progress: 13%
2026-8-30 16:35:11-debug: [Build Memory track]: 填充脚本数据到 settings.json start:235.60MB, end 235.63MB, increase: 26.31KB
2026-8-30 16:35:11-debug: 整理部分构建选项内数据到 settings.json start, progress: 13%
2026-8-30 16:35:11-debug: // ---- build task 整理部分构建选项内数据到 settings.json ----
2026-8-30 16:35:11-debug: // ---- build task 整理部分构建选项内数据到 settings.json ---- (15ms)
2026-8-30 16:35:11-log: run build task 整理部分构建选项内数据到 settings.json success in 15 ms√, progress: 15%
2026-8-30 16:35:11-debug: [Build Memory track]: 整理部分构建选项内数据到 settings.json start:235.66MB, end 235.79MB, increase: 134.83KB
2026-8-30 16:35:38-debug: Query all assets info in project
2026-8-30 16:35:38-debug: init custom config: keepNodeUuid: false, useCache: true
2026-8-30 16:35:38-debug: Skip compress image, progress: 0%
2026-8-30 16:35:38-debug: Init all bundles start..., progress: 0%
2026-8-30 16:35:38-debug: Num of bundles: 3..., progress: 0%
2026-8-30 16:35:38-debug: 查询 Asset Bundle start, progress: 0%
2026-8-30 16:35:38-debug: // ---- build task 查询 Asset Bundle ----
2026-8-30 16:35:38-debug: Init bundle root assets start..., progress: 0%
2026-8-30 16:35:38-debug: Query preload assets/scripts from cc.config.json: 60f7195c-ec2a-45eb-ba94-8955f60e81d0,1c02ae6f-4492-4915-b8f8-7492a3b1e4cd,810e96e4-e456-4468-9b59-f4e8f39732c0,efe8e2a3-eace-427b-b4f1-cb8a937ec77d,e9aa9a3e-5b2b-4ac7-a2c7-073de2b2b24f,8bbdbcdd-5cd4-4100-b6d5-b7c9625b6107,50f4348b-c883-4e2f-8f11-ce233b859fa1,fda095cb-831d-4601-ad94-846013963de8,f92806d7-1768-443f-afe8-12bcde84d0f0,dd3a144d-ab7f-41f0-82b8-2e43a090d496,f0416e68-0200-4b77-a926-4f9d16e494da,511d2633-09a7-4bdd-ac42-f778032124b3,5d45aa00-e064-4938-b314-4265f0c2258c,9361fd90-ba52-4f84-aa93-6e878fd576ca,970b0598-bcb0-4714-91fb-2e81440dccd8,bcd64cc6-2dd9-43f6-abbe-66318d332032,d930590d-bb92-4cc8-8bd1-23cd027f9edf,a3cd009f-0ab0-420d-9278-b9fdab939bbc,6a2d0734-bd9e-4ddf-946e-caa52498cb75,c27215d8-6835-4b68-bfbb-bdeac6100c04,b5d6115f-0370-4d7c-aad3-c194cc71cf98,d1346436-ac96-4271-b863-1f4fdead95b0,971bdb23-3ff6-43eb-b422-1c30165a3663,17debcc3-0a6b-4b8a-b00b-dc58b885581e,711ebe11-f673-4cd9-9a83-63c60ba54c5b,c0143906-9aed-447e-9436-2ae8512d1b6e,14da1725-c4c2-42b4-ab08-ee0aeb6898b3,081cab31-dccd-428e-8652-f2404cc81c47,78e0584a-4343-4727-8f37-e14e65c2a2db,ba21476f-2866-4f81-9c4d-6e359316e448,871c3b6c-7379-419d-bda3-794b239ab90d,1d08ef62-a503-4ce2-8b9a-46c90873f7d3,ff9b0199-ce04-4cfe-86cc-6c719f08d6e4,de1c2107-70c8-4021-8459-6399f24d01c6,cbf30902-517f-40dc-af90-a550bac27cf1,5c601d96-e4c7-4698-991b-7ee674b11079
2026-8-30 16:35:38-debug:   Number of all scenes: 1
2026-8-30 16:35:38-debug: Init bundle root assets success..., progress: 0%
2026-8-30 16:35:38-debug:   Number of other assets: 318
2026-8-30 16:35:38-debug:   Number of all scripts: 7
2026-8-30 16:35:38-debug: // ---- build task 查询 Asset Bundle ---- (16ms)
2026-8-30 16:35:38-log: run build task 查询 Asset Bundle success in 16 ms√, progress: 5%
2026-8-30 16:35:38-debug: [Build Memory track]: 查询 Asset Bundle start:237.38MB, end 237.39MB, increase: 17.88KB
2026-8-30 16:35:38-debug: 查询 Asset Bundle start, progress: 5%
2026-8-30 16:35:38-debug: // ---- build task 查询 Asset Bundle ----
2026-8-30 16:35:38-debug: refresh db internal success
2026-8-30 16:35:38-debug: // ---- build task 查询 Asset Bundle ---- (17ms)
2026-8-30 16:35:38-log: run build task 查询 Asset Bundle success in 17 ms√, progress: 10%
2026-8-30 16:35:38-debug: [Build Memory track]: 查询 Asset Bundle start:237.43MB, end 237.51MB, increase: 85.33KB
2026-8-30 16:35:38-debug: 整理部分构建选项内数据到 settings.json start, progress: 10%
2026-8-30 16:35:38-debug: // ---- build task 整理部分构建选项内数据到 settings.json ----
2026-8-30 16:35:38-debug: %cImport%c: D:\GameByself\Cocos\Project1\assets\Scripts\Car.tsbackground: #aaff85; color: #000;color: #000;
2026-8-30 16:35:38-debug: // ---- build task 整理部分构建选项内数据到 settings.json ---- (2ms)
2026-8-30 16:35:38-log: run build task 整理部分构建选项内数据到 settings.json success in 2 ms√, progress: 12%
2026-8-30 16:35:38-debug: [Build Memory track]: 整理部分构建选项内数据到 settings.json start:237.54MB, end 237.62MB, increase: 85.54KB
2026-8-30 16:35:38-debug: 填充脚本数据到 settings.json start, progress: 12%
2026-8-30 16:35:38-debug: // ---- build task 填充脚本数据到 settings.json ----
2026-8-30 16:35:38-debug: // ---- build task 填充脚本数据到 settings.json ---- (3ms)
2026-8-30 16:35:38-log: run build task 填充脚本数据到 settings.json success in 3 ms√, progress: 13%
2026-8-30 16:35:38-debug: [Build Memory track]: 填充脚本数据到 settings.json start:237.65MB, end 236.90MB, increase: -768.73KB
2026-8-30 16:35:38-debug: 整理部分构建选项内数据到 settings.json start, progress: 13%
2026-8-30 16:35:38-debug: // ---- build task 整理部分构建选项内数据到 settings.json ----
2026-8-30 16:35:38-debug: refresh db assets success
2026-8-30 16:35:38-debug: Run asset db hook engine-extends:afterRefresh ...
2026-8-30 16:35:38-debug: Run asset db hook engine-extends:afterRefresh success!
2026-8-30 16:35:38-debug: asset-db:refresh-all-database (237ms)
2026-8-30 16:35:38-debug: asset-db:worker-effect-data-processing (8ms)
2026-8-30 16:35:38-debug: asset-db-hook-engine-extends-afterRefresh (8ms)
2026-8-30 16:35:38-debug: // ---- build task 整理部分构建选项内数据到 settings.json ---- (22ms)
2026-8-30 16:35:38-log: run build task 整理部分构建选项内数据到 settings.json success in 22 ms√, progress: 15%
2026-8-30 16:35:38-debug: [Build Memory track]: 整理部分构建选项内数据到 settings.json start:236.93MB, end 237.24MB, increase: 314.90KB
2026-8-30 16:35:39-debug: Query all assets info in project
2026-8-30 16:35:39-debug: init custom config: keepNodeUuid: false, useCache: true
2026-8-30 16:35:39-debug: Skip compress image, progress: 0%
2026-8-30 16:35:39-debug: Init all bundles start..., progress: 0%
2026-8-30 16:35:39-debug: // ---- build task 查询 Asset Bundle ----
2026-8-30 16:35:39-debug: Num of bundles: 3..., progress: 0%
2026-8-30 16:35:39-debug: Init bundle root assets start..., progress: 0%
2026-8-30 16:35:39-debug: 查询 Asset Bundle start, progress: 0%
2026-8-30 16:35:39-debug:   Number of all scenes: 1
2026-8-30 16:35:39-debug: Query preload assets/scripts from cc.config.json: 60f7195c-ec2a-45eb-ba94-8955f60e81d0,1c02ae6f-4492-4915-b8f8-7492a3b1e4cd,810e96e4-e456-4468-9b59-f4e8f39732c0,efe8e2a3-eace-427b-b4f1-cb8a937ec77d,e9aa9a3e-5b2b-4ac7-a2c7-073de2b2b24f,8bbdbcdd-5cd4-4100-b6d5-b7c9625b6107,50f4348b-c883-4e2f-8f11-ce233b859fa1,fda095cb-831d-4601-ad94-846013963de8,f92806d7-1768-443f-afe8-12bcde84d0f0,dd3a144d-ab7f-41f0-82b8-2e43a090d496,f0416e68-0200-4b77-a926-4f9d16e494da,511d2633-09a7-4bdd-ac42-f778032124b3,5d45aa00-e064-4938-b314-4265f0c2258c,9361fd90-ba52-4f84-aa93-6e878fd576ca,970b0598-bcb0-4714-91fb-2e81440dccd8,bcd64cc6-2dd9-43f6-abbe-66318d332032,d930590d-bb92-4cc8-8bd1-23cd027f9edf,a3cd009f-0ab0-420d-9278-b9fdab939bbc,6a2d0734-bd9e-4ddf-946e-caa52498cb75,c27215d8-6835-4b68-bfbb-bdeac6100c04,b5d6115f-0370-4d7c-aad3-c194cc71cf98,d1346436-ac96-4271-b863-1f4fdead95b0,971bdb23-3ff6-43eb-b422-1c30165a3663,17debcc3-0a6b-4b8a-b00b-dc58b885581e,711ebe11-f673-4cd9-9a83-63c60ba54c5b,c0143906-9aed-447e-9436-2ae8512d1b6e,14da1725-c4c2-42b4-ab08-ee0aeb6898b3,081cab31-dccd-428e-8652-f2404cc81c47,78e0584a-4343-4727-8f37-e14e65c2a2db,ba21476f-2866-4f81-9c4d-6e359316e448,871c3b6c-7379-419d-bda3-794b239ab90d,1d08ef62-a503-4ce2-8b9a-46c90873f7d3,ff9b0199-ce04-4cfe-86cc-6c719f08d6e4,de1c2107-70c8-4021-8459-6399f24d01c6,cbf30902-517f-40dc-af90-a550bac27cf1,5c601d96-e4c7-4698-991b-7ee674b11079
2026-8-30 16:35:39-debug: Init bundle root assets success..., progress: 0%
2026-8-30 16:35:39-debug:   Number of all scripts: 7
2026-8-30 16:35:39-debug:   Number of other assets: 318
2026-8-30 16:35:39-debug: // ---- build task 查询 Asset Bundle ---- (10ms)
2026-8-30 16:35:39-log: run build task 查询 Asset Bundle success in 10 ms√, progress: 5%
2026-8-30 16:35:39-debug: [Build Memory track]: 查询 Asset Bundle start:237.69MB, end 237.57MB, increase: -120.10KB
2026-8-30 16:35:39-debug: 查询 Asset Bundle start, progress: 5%
2026-8-30 16:35:39-debug: // ---- build task 查询 Asset Bundle ----
2026-8-30 16:35:39-debug: // ---- build task 查询 Asset Bundle ---- (3ms)
2026-8-30 16:35:39-log: run build task 查询 Asset Bundle success in 3 ms√, progress: 10%
2026-8-30 16:35:39-debug: // ---- build task 整理部分构建选项内数据到 settings.json ----
2026-8-30 16:35:39-debug: [Build Memory track]: 查询 Asset Bundle start:237.60MB, end 237.70MB, increase: 102.71KB
2026-8-30 16:35:39-debug: 整理部分构建选项内数据到 settings.json start, progress: 10%
2026-8-30 16:35:39-debug: // ---- build task 整理部分构建选项内数据到 settings.json ---- (3ms)
2026-8-30 16:35:39-log: run build task 整理部分构建选项内数据到 settings.json success in 3 ms√, progress: 12%
2026-8-30 16:35:39-debug: [Build Memory track]: 整理部分构建选项内数据到 settings.json start:237.73MB, end 237.03MB, increase: -723.49KB
2026-8-30 16:35:39-debug: 填充脚本数据到 settings.json start, progress: 12%
2026-8-30 16:35:39-debug: // ---- build task 填充脚本数据到 settings.json ----
2026-8-30 16:35:39-debug: // ---- build task 填充脚本数据到 settings.json ---- (1ms)
2026-8-30 16:35:39-log: run build task 填充脚本数据到 settings.json success in 1 ms√, progress: 13%
2026-8-30 16:35:39-debug: [Build Memory track]: 填充脚本数据到 settings.json start:237.06MB, end 237.08MB, increase: 26.05KB
2026-8-30 16:35:39-debug: 整理部分构建选项内数据到 settings.json start, progress: 13%
2026-8-30 16:35:39-debug: // ---- build task 整理部分构建选项内数据到 settings.json ----
2026-8-30 16:35:39-debug: // ---- build task 整理部分构建选项内数据到 settings.json ---- (6ms)
2026-8-30 16:35:39-log: run build task 整理部分构建选项内数据到 settings.json success in 6 ms√, progress: 15%
2026-8-30 16:35:39-debug: [Build Memory track]: 整理部分构建选项内数据到 settings.json start:237.11MB, end 237.25MB, increase: 136.67KB
2026-8-30 16:35:44-debug: Query all assets info in project
2026-8-30 16:35:44-debug: init custom config: keepNodeUuid: false, useCache: true
2026-8-30 16:35:44-debug: Skip compress image, progress: 0%
2026-8-30 16:35:44-debug: Init all bundles start..., progress: 0%
2026-8-30 16:35:44-debug: // ---- build task 查询 Asset Bundle ----
2026-8-30 16:35:44-debug: Num of bundles: 3..., progress: 0%
2026-8-30 16:35:44-debug: 查询 Asset Bundle start, progress: 0%
2026-8-30 16:35:44-debug: Init bundle root assets start..., progress: 0%
2026-8-30 16:35:44-debug: Query preload assets/scripts from cc.config.json: 60f7195c-ec2a-45eb-ba94-8955f60e81d0,1c02ae6f-4492-4915-b8f8-7492a3b1e4cd,810e96e4-e456-4468-9b59-f4e8f39732c0,efe8e2a3-eace-427b-b4f1-cb8a937ec77d,e9aa9a3e-5b2b-4ac7-a2c7-073de2b2b24f,8bbdbcdd-5cd4-4100-b6d5-b7c9625b6107,50f4348b-c883-4e2f-8f11-ce233b859fa1,fda095cb-831d-4601-ad94-846013963de8,f92806d7-1768-443f-afe8-12bcde84d0f0,dd3a144d-ab7f-41f0-82b8-2e43a090d496,f0416e68-0200-4b77-a926-4f9d16e494da,511d2633-09a7-4bdd-ac42-f778032124b3,5d45aa00-e064-4938-b314-4265f0c2258c,9361fd90-ba52-4f84-aa93-6e878fd576ca,970b0598-bcb0-4714-91fb-2e81440dccd8,bcd64cc6-2dd9-43f6-abbe-66318d332032,d930590d-bb92-4cc8-8bd1-23cd027f9edf,a3cd009f-0ab0-420d-9278-b9fdab939bbc,6a2d0734-bd9e-4ddf-946e-caa52498cb75,c27215d8-6835-4b68-bfbb-bdeac6100c04,b5d6115f-0370-4d7c-aad3-c194cc71cf98,d1346436-ac96-4271-b863-1f4fdead95b0,971bdb23-3ff6-43eb-b422-1c30165a3663,17debcc3-0a6b-4b8a-b00b-dc58b885581e,711ebe11-f673-4cd9-9a83-63c60ba54c5b,c0143906-9aed-447e-9436-2ae8512d1b6e,14da1725-c4c2-42b4-ab08-ee0aeb6898b3,081cab31-dccd-428e-8652-f2404cc81c47,78e0584a-4343-4727-8f37-e14e65c2a2db,ba21476f-2866-4f81-9c4d-6e359316e448,871c3b6c-7379-419d-bda3-794b239ab90d,1d08ef62-a503-4ce2-8b9a-46c90873f7d3,ff9b0199-ce04-4cfe-86cc-6c719f08d6e4,de1c2107-70c8-4021-8459-6399f24d01c6,cbf30902-517f-40dc-af90-a550bac27cf1,5c601d96-e4c7-4698-991b-7ee674b11079
2026-8-30 16:35:44-debug:   Number of all scripts: 7
2026-8-30 16:35:44-debug:   Number of other assets: 318
2026-8-30 16:35:44-debug: Init bundle root assets success..., progress: 0%
2026-8-30 16:35:44-debug:   Number of all scenes: 1
2026-8-30 16:35:44-debug: // ---- build task 查询 Asset Bundle ---- (7ms)
2026-8-30 16:35:44-debug: [Build Memory track]: 查询 Asset Bundle start:238.01MB, end 237.17MB, increase: -857.24KB
2026-8-30 16:35:44-log: run build task 查询 Asset Bundle success in 7 ms√, progress: 5%
2026-8-30 16:35:44-debug: // ---- build task 查询 Asset Bundle ----
2026-8-30 16:35:44-debug: 查询 Asset Bundle start, progress: 5%
2026-8-30 16:35:44-debug: // ---- build task 查询 Asset Bundle ---- (3ms)
2026-8-30 16:35:44-log: run build task 查询 Asset Bundle success in 3 ms√, progress: 10%
2026-8-30 16:35:44-debug: // ---- build task 整理部分构建选项内数据到 settings.json ----
2026-8-30 16:35:44-debug: [Build Memory track]: 查询 Asset Bundle start:237.20MB, end 237.30MB, increase: 104.79KB
2026-8-30 16:35:44-debug: 整理部分构建选项内数据到 settings.json start, progress: 10%
2026-8-30 16:35:44-debug: // ---- build task 整理部分构建选项内数据到 settings.json ---- (2ms)
2026-8-30 16:35:44-log: run build task 整理部分构建选项内数据到 settings.json success in 2 ms√, progress: 12%
2026-8-30 16:35:44-debug: [Build Memory track]: 整理部分构建选项内数据到 settings.json start:237.33MB, end 237.36MB, increase: 26.93KB
2026-8-30 16:35:44-debug: 填充脚本数据到 settings.json start, progress: 12%
2026-8-30 16:35:44-debug: // ---- build task 填充脚本数据到 settings.json ----
2026-8-30 16:35:44-log: run build task 填充脚本数据到 settings.json success in √, progress: 13%
2026-8-30 16:35:44-debug: [Build Memory track]: 填充脚本数据到 settings.json start:237.39MB, end 237.40MB, increase: 15.42KB
2026-8-30 16:35:44-debug: // ---- build task 整理部分构建选项内数据到 settings.json ----
2026-8-30 16:35:44-debug: 整理部分构建选项内数据到 settings.json start, progress: 13%
2026-8-30 16:35:44-debug: // ---- build task 整理部分构建选项内数据到 settings.json ---- (6ms)
2026-8-30 16:35:44-log: run build task 整理部分构建选项内数据到 settings.json success in 6 ms√, progress: 15%
2026-8-30 16:35:44-debug: [Build Memory track]: 整理部分构建选项内数据到 settings.json start:237.43MB, end 237.57MB, increase: 136.36KB
2026-8-30 16:36:18-debug: refresh db internal success
2026-8-30 16:36:18-debug: %cImport%c: D:\GameByself\Cocos\Project1\assets\Scripts\Car.tsbackground: #aaff85; color: #000;color: #000;
2026-8-30 16:36:18-debug: refresh db assets success
2026-8-30 16:36:18-debug: Run asset db hook engine-extends:afterRefresh ...
2026-8-30 16:36:18-debug: Run asset db hook engine-extends:afterRefresh success!
2026-8-30 16:36:18-debug: asset-db:refresh-all-database (106ms)
2026-8-30 16:36:18-debug: asset-db:worker-effect-data-processing (1ms)
2026-8-30 16:36:18-debug: asset-db-hook-engine-extends-afterRefresh (1ms)
2026-8-30 16:36:22-debug: refresh db internal success
2026-8-30 16:36:22-debug: %cImport%c: D:\GameByself\Cocos\Project1\assets\Scripts\Car.tsbackground: #aaff85; color: #000;color: #000;
2026-8-30 16:36:22-debug: refresh db assets success
2026-8-30 16:36:22-debug: Run asset db hook engine-extends:afterRefresh ...
2026-8-30 16:36:22-debug: Run asset db hook engine-extends:afterRefresh success!
2026-8-30 16:36:22-debug: asset-db:refresh-all-database (111ms)
2026-8-30 16:36:22-debug: asset-db:worker-effect-data-processing (3ms)
2026-8-30 16:36:22-debug: asset-db-hook-engine-extends-afterRefresh (3ms)
2026-8-30 16:36:26-debug: refresh db internal success
2026-8-30 16:36:26-debug: refresh db assets success
2026-8-30 16:36:26-debug: Run asset db hook engine-extends:afterRefresh ...
2026-8-30 16:36:26-debug: Run asset db hook engine-extends:afterRefresh success!
2026-8-30 16:36:26-debug: asset-db:refresh-all-database (105ms)
2026-8-30 16:36:26-debug: asset-db:worker-effect-data-processing (1ms)
2026-8-30 16:36:26-debug: asset-db-hook-engine-extends-afterRefresh (1ms)
2026-8-30 16:36:30-debug: refresh db internal success
2026-8-30 16:36:30-debug: refresh db assets success
2026-8-30 16:36:30-debug: Run asset db hook engine-extends:afterRefresh ...
2026-8-30 16:36:30-debug: Run asset db hook engine-extends:afterRefresh success!
2026-8-30 16:36:30-debug: asset-db:refresh-all-database (106ms)
2026-8-30 16:36:30-debug: asset-db:worker-effect-data-processing (1ms)
2026-8-30 16:36:30-debug: asset-db-hook-engine-extends-afterRefresh (1ms)
2026-8-30 16:36:32-debug: %cImport%c: D:\GameByself\Cocos\Project1\assets\Scenes\scene.scenebackground: #aaff85; color: #000;color: #000;
2026-8-30 16:36:32-debug: asset-db:reimport-assetcb02e093-8bba-4046-8e6e-d0462e7be5da (15ms)
2026-8-30 16:36:32-debug: Query all assets info in project
2026-8-30 16:36:32-debug: init custom config: keepNodeUuid: false, useCache: true
2026-8-30 16:36:32-debug: Skip compress image, progress: 0%
2026-8-30 16:36:32-debug: Init all bundles start..., progress: 0%
2026-8-30 16:36:32-debug: // ---- build task 查询 Asset Bundle ----
2026-8-30 16:36:32-debug: 查询 Asset Bundle start, progress: 0%
2026-8-30 16:36:32-debug: Init bundle root assets start..., progress: 0%
2026-8-30 16:36:32-debug: Num of bundles: 3..., progress: 0%
2026-8-30 16:36:32-debug: Query preload assets/scripts from cc.config.json: 60f7195c-ec2a-45eb-ba94-8955f60e81d0,1c02ae6f-4492-4915-b8f8-7492a3b1e4cd,810e96e4-e456-4468-9b59-f4e8f39732c0,efe8e2a3-eace-427b-b4f1-cb8a937ec77d,e9aa9a3e-5b2b-4ac7-a2c7-073de2b2b24f,8bbdbcdd-5cd4-4100-b6d5-b7c9625b6107,50f4348b-c883-4e2f-8f11-ce233b859fa1,fda095cb-831d-4601-ad94-846013963de8,f92806d7-1768-443f-afe8-12bcde84d0f0,dd3a144d-ab7f-41f0-82b8-2e43a090d496,f0416e68-0200-4b77-a926-4f9d16e494da,511d2633-09a7-4bdd-ac42-f778032124b3,5d45aa00-e064-4938-b314-4265f0c2258c,9361fd90-ba52-4f84-aa93-6e878fd576ca,970b0598-bcb0-4714-91fb-2e81440dccd8,bcd64cc6-2dd9-43f6-abbe-66318d332032,d930590d-bb92-4cc8-8bd1-23cd027f9edf,a3cd009f-0ab0-420d-9278-b9fdab939bbc,6a2d0734-bd9e-4ddf-946e-caa52498cb75,c27215d8-6835-4b68-bfbb-bdeac6100c04,b5d6115f-0370-4d7c-aad3-c194cc71cf98,d1346436-ac96-4271-b863-1f4fdead95b0,971bdb23-3ff6-43eb-b422-1c30165a3663,17debcc3-0a6b-4b8a-b00b-dc58b885581e,711ebe11-f673-4cd9-9a83-63c60ba54c5b,c0143906-9aed-447e-9436-2ae8512d1b6e,14da1725-c4c2-42b4-ab08-ee0aeb6898b3,081cab31-dccd-428e-8652-f2404cc81c47,78e0584a-4343-4727-8f37-e14e65c2a2db,ba21476f-2866-4f81-9c4d-6e359316e448,871c3b6c-7379-419d-bda3-794b239ab90d,1d08ef62-a503-4ce2-8b9a-46c90873f7d3,ff9b0199-ce04-4cfe-86cc-6c719f08d6e4,de1c2107-70c8-4021-8459-6399f24d01c6,cbf30902-517f-40dc-af90-a550bac27cf1,5c601d96-e4c7-4698-991b-7ee674b11079
2026-8-30 16:36:32-debug:   Number of all scenes: 1
2026-8-30 16:36:32-debug:   Number of all scripts: 7
2026-8-30 16:36:32-debug:   Number of other assets: 318
2026-8-30 16:36:32-debug: Init bundle root assets success..., progress: 0%
2026-8-30 16:36:33-log: run build task 查询 Asset Bundle success in 15 ms√, progress: 5%
2026-8-30 16:36:33-debug: [Build Memory track]: 查询 Asset Bundle start:242.70MB, end 239.85MB, increase: -2919.93KB
2026-8-30 16:36:33-debug: 查询 Asset Bundle start, progress: 5%
2026-8-30 16:36:33-debug: // ---- build task 查询 Asset Bundle ----
2026-8-30 16:36:33-debug: // ---- build task 查询 Asset Bundle ---- (15ms)
2026-8-30 16:36:33-debug: // ---- build task 查询 Asset Bundle ---- (16ms)
2026-8-30 16:36:33-debug: [Build Memory track]: 查询 Asset Bundle start:239.88MB, end 239.99MB, increase: 111.96KB
2026-8-30 16:36:33-log: run build task 查询 Asset Bundle success in 16 ms√, progress: 10%
2026-8-30 16:36:33-debug: // ---- build task 整理部分构建选项内数据到 settings.json ----
2026-8-30 16:36:33-debug: 整理部分构建选项内数据到 settings.json start, progress: 10%
2026-8-30 16:36:33-debug: // ---- build task 整理部分构建选项内数据到 settings.json ---- (7ms)
2026-8-30 16:36:33-log: run build task 整理部分构建选项内数据到 settings.json success in 7 ms√, progress: 12%
2026-8-30 16:36:33-debug: [Build Memory track]: 整理部分构建选项内数据到 settings.json start:240.02MB, end 240.05MB, increase: 26.61KB
2026-8-30 16:36:33-debug: 填充脚本数据到 settings.json start, progress: 12%
2026-8-30 16:36:33-debug: // ---- build task 填充脚本数据到 settings.json ----
2026-8-30 16:36:33-debug: // ---- build task 填充脚本数据到 settings.json ---- (4ms)
2026-8-30 16:36:33-log: run build task 填充脚本数据到 settings.json success in 4 ms√, progress: 13%
2026-8-30 16:36:33-debug: [Build Memory track]: 填充脚本数据到 settings.json start:240.08MB, end 240.10MB, increase: 25.91KB
2026-8-30 16:36:33-debug: 整理部分构建选项内数据到 settings.json start, progress: 13%
2026-8-30 16:36:33-debug: // ---- build task 整理部分构建选项内数据到 settings.json ----
2026-8-30 16:36:33-debug: // ---- build task 整理部分构建选项内数据到 settings.json ---- (18ms)
2026-8-30 16:36:33-log: run build task 整理部分构建选项内数据到 settings.json success in 18 ms√, progress: 15%
2026-8-30 16:36:33-debug: [Build Memory track]: 整理部分构建选项内数据到 settings.json start:240.13MB, end 240.26MB, increase: 136.71KB
2026-8-30 16:36:57-debug: Query all assets info in project
2026-8-30 16:36:57-debug: init custom config: keepNodeUuid: false, useCache: true
2026-8-30 16:36:57-debug: Skip compress image, progress: 0%
2026-8-30 16:36:57-debug: Init all bundles start..., progress: 0%
2026-8-30 16:36:57-debug: Num of bundles: 3..., progress: 0%
2026-8-30 16:36:57-debug: 查询 Asset Bundle start, progress: 0%
2026-8-30 16:36:57-debug: // ---- build task 查询 Asset Bundle ----
2026-8-30 16:36:57-debug: Init bundle root assets start..., progress: 0%
2026-8-30 16:36:57-debug: Query preload assets/scripts from cc.config.json: 60f7195c-ec2a-45eb-ba94-8955f60e81d0,1c02ae6f-4492-4915-b8f8-7492a3b1e4cd,810e96e4-e456-4468-9b59-f4e8f39732c0,efe8e2a3-eace-427b-b4f1-cb8a937ec77d,e9aa9a3e-5b2b-4ac7-a2c7-073de2b2b24f,8bbdbcdd-5cd4-4100-b6d5-b7c9625b6107,50f4348b-c883-4e2f-8f11-ce233b859fa1,fda095cb-831d-4601-ad94-846013963de8,f92806d7-1768-443f-afe8-12bcde84d0f0,dd3a144d-ab7f-41f0-82b8-2e43a090d496,f0416e68-0200-4b77-a926-4f9d16e494da,511d2633-09a7-4bdd-ac42-f778032124b3,5d45aa00-e064-4938-b314-4265f0c2258c,9361fd90-ba52-4f84-aa93-6e878fd576ca,970b0598-bcb0-4714-91fb-2e81440dccd8,bcd64cc6-2dd9-43f6-abbe-66318d332032,d930590d-bb92-4cc8-8bd1-23cd027f9edf,a3cd009f-0ab0-420d-9278-b9fdab939bbc,6a2d0734-bd9e-4ddf-946e-caa52498cb75,c27215d8-6835-4b68-bfbb-bdeac6100c04,b5d6115f-0370-4d7c-aad3-c194cc71cf98,d1346436-ac96-4271-b863-1f4fdead95b0,971bdb23-3ff6-43eb-b422-1c30165a3663,17debcc3-0a6b-4b8a-b00b-dc58b885581e,711ebe11-f673-4cd9-9a83-63c60ba54c5b,c0143906-9aed-447e-9436-2ae8512d1b6e,14da1725-c4c2-42b4-ab08-ee0aeb6898b3,081cab31-dccd-428e-8652-f2404cc81c47,78e0584a-4343-4727-8f37-e14e65c2a2db,ba21476f-2866-4f81-9c4d-6e359316e448,871c3b6c-7379-419d-bda3-794b239ab90d,1d08ef62-a503-4ce2-8b9a-46c90873f7d3,ff9b0199-ce04-4cfe-86cc-6c719f08d6e4,de1c2107-70c8-4021-8459-6399f24d01c6,cbf30902-517f-40dc-af90-a550bac27cf1,5c601d96-e4c7-4698-991b-7ee674b11079
2026-8-30 16:36:57-debug:   Number of all scenes: 1
2026-8-30 16:36:57-debug:   Number of other assets: 318
2026-8-30 16:36:57-debug: Init bundle root assets success..., progress: 0%
2026-8-30 16:36:57-debug:   Number of all scripts: 7
2026-8-30 16:36:57-debug: // ---- build task 查询 Asset Bundle ---- (18ms)
2026-8-30 16:36:57-log: run build task 查询 Asset Bundle success in 18 ms√, progress: 5%
2026-8-30 16:36:57-debug: [Build Memory track]: 查询 Asset Bundle start:241.20MB, end 241.30MB, increase: 107.69KB
2026-8-30 16:36:57-debug: 查询 Asset Bundle start, progress: 5%
2026-8-30 16:36:57-debug: // ---- build task 查询 Asset Bundle ----
2026-8-30 16:36:57-debug: refresh db internal success
2026-8-30 16:36:57-debug: // ---- build task 查询 Asset Bundle ---- (15ms)
2026-8-30 16:36:57-log: run build task 查询 Asset Bundle success in 15 ms√, progress: 10%
2026-8-30 16:36:57-debug: // ---- build task 整理部分构建选项内数据到 settings.json ----
2026-8-30 16:36:57-debug: 整理部分构建选项内数据到 settings.json start, progress: 10%
2026-8-30 16:36:57-debug: [Build Memory track]: 查询 Asset Bundle start:241.33MB, end 241.17MB, increase: -168.02KB
2026-8-30 16:36:57-debug: %cImport%c: D:\GameByself\Cocos\Project1\assets\Scripts\Car.tsbackground: #aaff85; color: #000;color: #000;
2026-8-30 16:36:57-debug: // ---- build task 整理部分构建选项内数据到 settings.json ---- (4ms)
2026-8-30 16:36:57-log: run build task 整理部分构建选项内数据到 settings.json success in 4 ms√, progress: 12%
2026-8-30 16:36:57-debug: [Build Memory track]: 整理部分构建选项内数据到 settings.json start:241.20MB, end 241.30MB, increase: 100.13KB
2026-8-30 16:36:57-debug: 填充脚本数据到 settings.json start, progress: 12%
2026-8-30 16:36:57-debug: // ---- build task 填充脚本数据到 settings.json ----
2026-8-30 16:36:57-debug: // ---- build task 填充脚本数据到 settings.json ---- (6ms)
2026-8-30 16:36:57-log: run build task 填充脚本数据到 settings.json success in 6 ms√, progress: 13%
2026-8-30 16:36:57-debug: 整理部分构建选项内数据到 settings.json start, progress: 13%
2026-8-30 16:36:57-debug: [Build Memory track]: 填充脚本数据到 settings.json start:241.33MB, end 241.39MB, increase: 64.61KB
2026-8-30 16:36:57-debug: // ---- build task 整理部分构建选项内数据到 settings.json ----
2026-8-30 16:36:57-debug: refresh db assets success
2026-8-30 16:36:57-debug: Run asset db hook engine-extends:afterRefresh ...
2026-8-30 16:36:57-debug: Run asset db hook engine-extends:afterRefresh success!
2026-8-30 16:36:57-debug: asset-db:refresh-all-database (213ms)
2026-8-30 16:36:57-debug: asset-db:worker-effect-data-processing (6ms)
2026-8-30 16:36:57-debug: asset-db-hook-engine-extends-afterRefresh (6ms)
2026-8-30 16:36:57-debug: // ---- build task 整理部分构建选项内数据到 settings.json ---- (20ms)
2026-8-30 16:36:57-log: run build task 整理部分构建选项内数据到 settings.json success in 20 ms√, progress: 15%
2026-8-30 16:36:57-debug: [Build Memory track]: 整理部分构建选项内数据到 settings.json start:241.42MB, end 240.99MB, increase: -436.09KB
2026-8-30 16:36:58-debug: Query all assets info in project
2026-8-30 16:36:58-debug: init custom config: keepNodeUuid: false, useCache: true
2026-8-30 16:36:58-debug: Skip compress image, progress: 0%
2026-8-30 16:36:58-debug: Init all bundles start..., progress: 0%
2026-8-30 16:36:58-debug: 查询 Asset Bundle start, progress: 0%
2026-8-30 16:36:58-debug: // ---- build task 查询 Asset Bundle ----
2026-8-30 16:36:58-debug: Num of bundles: 3..., progress: 0%
2026-8-30 16:36:58-debug: Init bundle root assets start..., progress: 0%
2026-8-30 16:36:58-debug: Query preload assets/scripts from cc.config.json: 60f7195c-ec2a-45eb-ba94-8955f60e81d0,1c02ae6f-4492-4915-b8f8-7492a3b1e4cd,810e96e4-e456-4468-9b59-f4e8f39732c0,efe8e2a3-eace-427b-b4f1-cb8a937ec77d,e9aa9a3e-5b2b-4ac7-a2c7-073de2b2b24f,8bbdbcdd-5cd4-4100-b6d5-b7c9625b6107,50f4348b-c883-4e2f-8f11-ce233b859fa1,fda095cb-831d-4601-ad94-846013963de8,f92806d7-1768-443f-afe8-12bcde84d0f0,dd3a144d-ab7f-41f0-82b8-2e43a090d496,f0416e68-0200-4b77-a926-4f9d16e494da,511d2633-09a7-4bdd-ac42-f778032124b3,5d45aa00-e064-4938-b314-4265f0c2258c,9361fd90-ba52-4f84-aa93-6e878fd576ca,970b0598-bcb0-4714-91fb-2e81440dccd8,bcd64cc6-2dd9-43f6-abbe-66318d332032,d930590d-bb92-4cc8-8bd1-23cd027f9edf,a3cd009f-0ab0-420d-9278-b9fdab939bbc,6a2d0734-bd9e-4ddf-946e-caa52498cb75,c27215d8-6835-4b68-bfbb-bdeac6100c04,b5d6115f-0370-4d7c-aad3-c194cc71cf98,d1346436-ac96-4271-b863-1f4fdead95b0,971bdb23-3ff6-43eb-b422-1c30165a3663,17debcc3-0a6b-4b8a-b00b-dc58b885581e,711ebe11-f673-4cd9-9a83-63c60ba54c5b,c0143906-9aed-447e-9436-2ae8512d1b6e,14da1725-c4c2-42b4-ab08-ee0aeb6898b3,081cab31-dccd-428e-8652-f2404cc81c47,78e0584a-4343-4727-8f37-e14e65c2a2db,ba21476f-2866-4f81-9c4d-6e359316e448,871c3b6c-7379-419d-bda3-794b239ab90d,1d08ef62-a503-4ce2-8b9a-46c90873f7d3,ff9b0199-ce04-4cfe-86cc-6c719f08d6e4,de1c2107-70c8-4021-8459-6399f24d01c6,cbf30902-517f-40dc-af90-a550bac27cf1,5c601d96-e4c7-4698-991b-7ee674b11079
2026-8-30 16:36:58-debug:   Number of all scenes: 1
2026-8-30 16:36:58-debug:   Number of all scripts: 7
2026-8-30 16:36:58-debug:   Number of other assets: 318
2026-8-30 16:36:58-debug: Init bundle root assets success..., progress: 0%
2026-8-30 16:36:58-debug: // ---- build task 查询 Asset Bundle ---- (9ms)
2026-8-30 16:36:58-log: run build task 查询 Asset Bundle success in 9 ms√, progress: 5%
2026-8-30 16:36:58-debug: [Build Memory track]: 查询 Asset Bundle start:241.40MB, end 241.14MB, increase: -272.55KB
2026-8-30 16:36:58-debug: 查询 Asset Bundle start, progress: 5%
2026-8-30 16:36:58-debug: // ---- build task 查询 Asset Bundle ----
2026-8-30 16:36:58-debug: // ---- build task 查询 Asset Bundle ---- (3ms)
2026-8-30 16:36:58-log: run build task 查询 Asset Bundle success in 3 ms√, progress: 10%
2026-8-30 16:36:58-debug: 整理部分构建选项内数据到 settings.json start, progress: 10%
2026-8-30 16:36:58-debug: [Build Memory track]: 查询 Asset Bundle start:241.17MB, end 241.27MB, increase: 102.33KB
2026-8-30 16:36:58-debug: // ---- build task 整理部分构建选项内数据到 settings.json ----
2026-8-30 16:36:58-debug: // ---- build task 整理部分构建选项内数据到 settings.json ---- (1ms)
2026-8-30 16:36:58-log: run build task 整理部分构建选项内数据到 settings.json success in 1 ms√, progress: 12%
2026-8-30 16:36:58-debug: [Build Memory track]: 整理部分构建选项内数据到 settings.json start:241.30MB, end 241.32MB, increase: 26.58KB
2026-8-30 16:36:58-debug: 填充脚本数据到 settings.json start, progress: 12%
2026-8-30 16:36:58-debug: // ---- build task 填充脚本数据到 settings.json ----
2026-8-30 16:36:58-log: run build task 填充脚本数据到 settings.json success in √, progress: 13%
2026-8-30 16:36:58-debug: [Build Memory track]: 填充脚本数据到 settings.json start:241.35MB, end 241.37MB, increase: 15.61KB
2026-8-30 16:36:58-debug: 整理部分构建选项内数据到 settings.json start, progress: 13%
2026-8-30 16:36:58-debug: // ---- build task 整理部分构建选项内数据到 settings.json ----
2026-8-30 16:36:58-debug: // ---- build task 整理部分构建选项内数据到 settings.json ---- (5ms)
2026-8-30 16:36:58-log: run build task 整理部分构建选项内数据到 settings.json success in 5 ms√, progress: 15%
2026-8-30 16:36:58-debug: [Build Memory track]: 整理部分构建选项内数据到 settings.json start:241.40MB, end 241.52MB, increase: 125.67KB
2026-8-30 16:37:02-debug: refresh db internal success
2026-8-30 16:37:02-debug: refresh db assets success
2026-8-30 16:37:02-debug: Run asset db hook engine-extends:afterRefresh ...
2026-8-30 16:37:02-debug: Run asset db hook engine-extends:afterRefresh success!
2026-8-30 16:37:02-debug: asset-db:refresh-all-database (102ms)
2026-8-30 16:37:02-debug: asset-db:worker-effect-data-processing (1ms)
2026-8-30 16:37:02-debug: asset-db-hook-engine-extends-afterRefresh (1ms)
