2026-8-30 16:37:20-log: Cannot access game frame or container.
2026-8-30 16:37:21-debug: asset-db:require-engine-code (815ms)
2026-8-30 16:37:21-log: meshopt wasm decoder initialized
2026-8-30 16:37:21-log: [bullet]:bullet wasm lib loaded.
2026-8-30 16:37:21-log: [box2d]:box2d wasm lib loaded.
2026-8-30 16:37:21-log: Cocos Creator v3.8.8
2026-8-30 16:37:21-log: Using legacy pipeline
2026-8-30 16:37:21-log: Forward render pipeline initialized.
2026-8-30 16:37:21-debug: [Assets Memory track]: asset-db:worker-init: initEngine start:31.26MB, end 79.08MB, increase: 47.81MB
2026-8-30 16:37:23-debug: [Assets Memory track]: asset-db:worker-init: initPlugin start:79.15MB, end 274.12MB, increase: 194.97MB
2026-8-30 16:37:23-debug: run package(placeholder) handler(enable) start
2026-8-30 16:37:23-debug: run package(placeholder) handler(enable) success!
2026-8-30 16:37:23-debug: asset-db:worker-init: initPlugin (1962ms)
2026-8-30 16:37:23-debug: [Assets Memory track]: asset-db:worker-init start:31.25MB, end 274.28MB, increase: 243.03MB
2026-8-30 16:37:23-debug: Run asset db hook programming:beforePreStart ...
2026-8-30 16:37:23-debug: Run asset db hook programming:beforePreStart success!
2026-8-30 16:37:23-debug: Run asset db hook engine-extends:beforePreStart ...
2026-8-30 16:37:23-debug: Run asset db hook engine-extends:beforePreStart success!
2026-8-30 16:37:23-debug: asset-db:worker-init (3443ms)
2026-8-30 16:37:23-debug: asset-db-hook-programming-beforePreStart (138ms)
2026-8-30 16:37:23-debug: asset-db-hook-engine-extends-beforePreStart (137ms)
2026-8-30 16:37:23-debug: Preimport db internal success
2026-8-30 16:37:23-debug: Run asset db hook programming:afterPreStart ...
2026-8-30 16:37:23-debug: Preimport db assets success
2026-8-30 16:37:23-debug: starting packer-driver...
2026-8-30 16:37:24-debug: initialize scripting environment...
2026-8-30 16:37:24-debug: [[Executor]] prepare before lock
2026-8-30 16:37:24-debug: Set detail map pack:///resolution-detail-map.json: {}
2026-8-30 16:37:24-debug: [[Executor]] prepare after unlock
2026-8-30 16:37:24-debug: Run asset db hook programming:afterPreStart success!
2026-8-30 16:37:24-debug: Run asset db hook engine-extends:afterPreStart success!
2026-8-30 16:37:24-debug: Run asset db hook engine-extends:afterPreStart ...
2026-8-30 16:37:24-debug: Start up the 'internal' database...
2026-8-30 16:37:24-debug: asset-db:worker-effect-data-processing (343ms)
2026-8-30 16:37:24-debug: asset-db-hook-programming-afterPreStart (694ms)
2026-8-30 16:37:24-debug: asset-db-hook-engine-extends-afterPreStart (344ms)
2026-8-30 16:37:24-debug: Run asset db hook engine-extends:afterStartDB ...
2026-8-30 16:37:24-debug: recompile effect.bin success
2026-8-30 16:37:24-debug: Run asset db hook engine-extends:afterStartDB success!
2026-8-30 16:37:24-debug: Start up the 'assets' database...
2026-8-30 16:37:24-debug: asset-db:worker-effect-data-processing (317ms)
2026-8-30 16:37:24-debug: asset-db-hook-engine-extends-afterStartDB (318ms)
2026-8-30 16:37:24-debug: Run asset db hook engine-extends:afterStartDB ...
2026-8-30 16:37:25-debug: recompile effect.bin success
2026-8-30 16:37:25-debug: Run asset db hook engine-extends:afterStartDB success!
2026-8-30 16:37:25-debug: lazy register asset handler text
2026-8-30 16:37:25-debug: lazy register asset handler directory
2026-8-30 16:37:25-debug: lazy register asset handler spine-data
2026-8-30 16:37:25-debug: lazy register asset handler *
2026-8-30 16:37:25-debug: lazy register asset handler dragonbones
2026-8-30 16:37:25-debug: lazy register asset handler dragonbones-atlas
2026-8-30 16:37:25-debug: lazy register asset handler javascript
2026-8-30 16:37:25-debug: lazy register asset handler terrain
2026-8-30 16:37:25-debug: lazy register asset handler typescript
2026-8-30 16:37:25-debug: lazy register asset handler prefab
2026-8-30 16:37:25-debug: lazy register asset handler json
2026-8-30 16:37:25-debug: lazy register asset handler sprite-frame
2026-8-30 16:37:25-debug: lazy register asset handler scene
2026-8-30 16:37:25-debug: lazy register asset handler buffer
2026-8-30 16:37:25-debug: lazy register asset handler tiled-map
2026-8-30 16:37:25-debug: lazy register asset handler sign-image
2026-8-30 16:37:25-debug: lazy register asset handler alpha-image
2026-8-30 16:37:25-debug: lazy register asset handler texture
2026-8-30 16:37:25-debug: lazy register asset handler texture-cube
2026-8-30 16:37:25-debug: lazy register asset handler erp-texture-cube
2026-8-30 16:37:25-debug: lazy register asset handler image
2026-8-30 16:37:25-debug: lazy register asset handler render-texture
2026-8-30 16:37:25-debug: lazy register asset handler texture-cube-face
2026-8-30 16:37:25-debug: lazy register asset handler rt-sprite-frame
2026-8-30 16:37:25-debug: lazy register asset handler gltf
2026-8-30 16:37:25-debug: lazy register asset handler gltf-animation
2026-8-30 16:37:25-debug: lazy register asset handler gltf-skeleton
2026-8-30 16:37:25-debug: lazy register asset handler gltf-scene
2026-8-30 16:37:25-debug: lazy register asset handler gltf-material
2026-8-30 16:37:25-debug: lazy register asset handler gltf-embeded-image
2026-8-30 16:37:25-debug: lazy register asset handler material
2026-8-30 16:37:25-debug: lazy register asset handler gltf-mesh
2026-8-30 16:37:25-debug: lazy register asset handler physics-material
2026-8-30 16:37:25-debug: lazy register asset handler effect
2026-8-30 16:37:25-debug: lazy register asset handler fbx
2026-8-30 16:37:25-debug: lazy register asset handler audio-clip
2026-8-30 16:37:25-debug: lazy register asset handler effect-header
2026-8-30 16:37:25-debug: lazy register asset handler animation-clip
2026-8-30 16:37:25-debug: lazy register asset handler animation-graph-variant
2026-8-30 16:37:25-debug: lazy register asset handler ttf-font
2026-8-30 16:37:25-debug: lazy register asset handler animation-graph
2026-8-30 16:37:25-debug: lazy register asset handler bitmap-font
2026-8-30 16:37:25-debug: lazy register asset handler animation-mask
2026-8-30 16:37:25-debug: lazy register asset handler sprite-atlas
2026-8-30 16:37:25-debug: lazy register asset handler particle
2026-8-30 16:37:25-debug: lazy register asset handler auto-atlas
2026-8-30 16:37:25-debug: lazy register asset handler label-atlas
2026-8-30 16:37:25-debug: lazy register asset handler render-pipeline
2026-8-30 16:37:25-debug: lazy register asset handler render-flow
2026-8-30 16:37:25-debug: lazy register asset handler instantiation-material
2026-8-30 16:37:25-debug: lazy register asset handler instantiation-mesh
2026-8-30 16:37:25-debug: lazy register asset handler instantiation-skeleton
2026-8-30 16:37:25-debug: lazy register asset handler instantiation-animation
2026-8-30 16:37:25-debug: lazy register asset handler video-clip
2026-8-30 16:37:25-debug: lazy register asset handler render-stage
2026-8-30 16:37:25-debug: asset-db:worker-effect-data-processing (295ms)
2026-8-30 16:37:25-debug: asset-db-hook-engine-extends-afterStartDB (295ms)
2026-8-30 16:37:25-debug: asset-db:start-database (1602ms)
2026-8-30 16:37:25-debug: asset-db:ready (7559ms)
2026-8-30 16:37:25-debug: init worker message success
2026-8-30 16:37:25-debug: programming:execute-script (4ms)
2026-8-30 16:37:25-debug: [Build Memory track]: builder:worker-init start:225.03MB, end 233.86MB, increase: 8.83MB
2026-8-30 16:37:25-debug: builder:worker-init (346ms)
2026-8-30 16:37:34-debug: Query all assets info in project
2026-8-30 16:37:35-debug: init custom config: keepNodeUuid: false, useCache: true
2026-8-30 16:37:35-debug: Skip compress image, progress: 0%
2026-8-30 16:37:35-debug: Init all bundles start..., progress: 0%
2026-8-30 16:37:35-debug: // ---- build task 查询 Asset Bundle ----
2026-8-30 16:37:35-debug: 查询 Asset Bundle start, progress: 0%
2026-8-30 16:37:35-debug: Num of bundles: 3..., progress: 0%
2026-8-30 16:37:35-debug: Init bundle root assets start..., progress: 0%
2026-8-30 16:37:35-debug: Query preload assets/scripts from cc.config.json: 60f7195c-ec2a-45eb-ba94-8955f60e81d0,1c02ae6f-4492-4915-b8f8-7492a3b1e4cd,810e96e4-e456-4468-9b59-f4e8f39732c0,efe8e2a3-eace-427b-b4f1-cb8a937ec77d,e9aa9a3e-5b2b-4ac7-a2c7-073de2b2b24f,8bbdbcdd-5cd4-4100-b6d5-b7c9625b6107,50f4348b-c883-4e2f-8f11-ce233b859fa1,fda095cb-831d-4601-ad94-846013963de8,f92806d7-1768-443f-afe8-12bcde84d0f0,dd3a144d-ab7f-41f0-82b8-2e43a090d496,f0416e68-0200-4b77-a926-4f9d16e494da,511d2633-09a7-4bdd-ac42-f778032124b3,5d45aa00-e064-4938-b314-4265f0c2258c,9361fd90-ba52-4f84-aa93-6e878fd576ca,970b0598-bcb0-4714-91fb-2e81440dccd8,bcd64cc6-2dd9-43f6-abbe-66318d332032,d930590d-bb92-4cc8-8bd1-23cd027f9edf,a3cd009f-0ab0-420d-9278-b9fdab939bbc,6a2d0734-bd9e-4ddf-946e-caa52498cb75,c27215d8-6835-4b68-bfbb-bdeac6100c04,b5d6115f-0370-4d7c-aad3-c194cc71cf98,d1346436-ac96-4271-b863-1f4fdead95b0,971bdb23-3ff6-43eb-b422-1c30165a3663,17debcc3-0a6b-4b8a-b00b-dc58b885581e,711ebe11-f673-4cd9-9a83-63c60ba54c5b,c0143906-9aed-447e-9436-2ae8512d1b6e,14da1725-c4c2-42b4-ab08-ee0aeb6898b3,081cab31-dccd-428e-8652-f2404cc81c47,78e0584a-4343-4727-8f37-e14e65c2a2db,ba21476f-2866-4f81-9c4d-6e359316e448,871c3b6c-7379-419d-bda3-794b239ab90d,1d08ef62-a503-4ce2-8b9a-46c90873f7d3,ff9b0199-ce04-4cfe-86cc-6c719f08d6e4,de1c2107-70c8-4021-8459-6399f24d01c6,cbf30902-517f-40dc-af90-a550bac27cf1,5c601d96-e4c7-4698-991b-7ee674b11079
2026-8-30 16:37:35-debug:   Number of all scenes: 1
2026-8-30 16:37:35-debug:   Number of all scripts: 7
2026-8-30 16:37:35-debug: Init bundle root assets success..., progress: 0%
2026-8-30 16:37:35-debug:   Number of other assets: 318
2026-8-30 16:37:35-debug: // ---- build task 查询 Asset Bundle ---- (11ms)
2026-8-30 16:37:35-log: run build task 查询 Asset Bundle success in 11 ms√, progress: 5%
2026-8-30 16:37:35-debug: 查询 Asset Bundle start, progress: 5%
2026-8-30 16:37:35-debug: // ---- build task 查询 Asset Bundle ----
2026-8-30 16:37:35-debug: [Build Memory track]: 查询 Asset Bundle start:233.66MB, end 234.44MB, increase: 806.00KB
2026-8-30 16:37:35-debug: // ---- build task 查询 Asset Bundle ---- (3ms)
2026-8-30 16:37:35-log: run build task 查询 Asset Bundle success in 3 ms√, progress: 10%
2026-8-30 16:37:35-debug: // ---- build task 整理部分构建选项内数据到 settings.json ----
2026-8-30 16:37:35-debug: [Build Memory track]: 查询 Asset Bundle start:234.49MB, end 234.60MB, increase: 113.16KB
2026-8-30 16:37:35-debug: 整理部分构建选项内数据到 settings.json start, progress: 10%
2026-8-30 16:37:35-debug: // ---- build task 整理部分构建选项内数据到 settings.json ---- (2ms)
2026-8-30 16:37:35-log: run build task 整理部分构建选项内数据到 settings.json success in 2 ms√, progress: 12%
2026-8-30 16:37:35-debug: // ---- build task 填充脚本数据到 settings.json ----
2026-8-30 16:37:35-debug: [Build Memory track]: 整理部分构建选项内数据到 settings.json start:234.64MB, end 234.68MB, increase: 35.32KB
2026-8-30 16:37:35-debug: 填充脚本数据到 settings.json start, progress: 12%
2026-8-30 16:37:35-debug: // ---- build task 填充脚本数据到 settings.json ---- (2ms)
2026-8-30 16:37:35-debug: [Build Memory track]: 填充脚本数据到 settings.json start:234.72MB, end 234.76MB, increase: 34.71KB
2026-8-30 16:37:35-debug: 整理部分构建选项内数据到 settings.json start, progress: 13%
2026-8-30 16:37:35-log: run build task 填充脚本数据到 settings.json success in 2 ms√, progress: 13%
2026-8-30 16:37:35-debug: // ---- build task 整理部分构建选项内数据到 settings.json ----
2026-8-30 16:37:35-debug: // ---- build task 整理部分构建选项内数据到 settings.json ---- (4ms)
2026-8-30 16:37:35-log: run build task 整理部分构建选项内数据到 settings.json success in 4 ms√, progress: 15%
2026-8-30 16:37:35-debug: [Build Memory track]: 整理部分构建选项内数据到 settings.json start:234.80MB, end 234.96MB, increase: 163.39KB
2026-8-30 16:37:41-debug: refresh db internal success
2026-8-30 16:37:41-debug: refresh db assets success
2026-8-30 16:37:41-debug: Run asset db hook engine-extends:afterRefresh ...
2026-8-30 16:37:41-debug: Run asset db hook engine-extends:afterRefresh success!
2026-8-30 16:37:41-debug: asset-db:refresh-all-database (129ms)
2026-8-30 16:37:41-debug: asset-db:worker-effect-data-processing (1ms)
2026-8-30 16:37:41-debug: asset-db-hook-engine-extends-afterRefresh (1ms)
2026-8-30 16:37:45-debug: Query all assets info in project
2026-8-30 16:37:45-debug: init custom config: keepNodeUuid: false, useCache: true
2026-8-30 16:37:45-debug: Skip compress image, progress: 0%
2026-8-30 16:37:45-debug: Init all bundles start..., progress: 0%
2026-8-30 16:37:45-debug: Num of bundles: 3..., progress: 0%
2026-8-30 16:37:45-debug: // ---- build task 查询 Asset Bundle ----
2026-8-30 16:37:45-debug: Init bundle root assets start..., progress: 0%
2026-8-30 16:37:45-debug: 查询 Asset Bundle start, progress: 0%
2026-8-30 16:37:45-debug: Query preload assets/scripts from cc.config.json: 60f7195c-ec2a-45eb-ba94-8955f60e81d0,1c02ae6f-4492-4915-b8f8-7492a3b1e4cd,810e96e4-e456-4468-9b59-f4e8f39732c0,efe8e2a3-eace-427b-b4f1-cb8a937ec77d,e9aa9a3e-5b2b-4ac7-a2c7-073de2b2b24f,8bbdbcdd-5cd4-4100-b6d5-b7c9625b6107,50f4348b-c883-4e2f-8f11-ce233b859fa1,fda095cb-831d-4601-ad94-846013963de8,f92806d7-1768-443f-afe8-12bcde84d0f0,dd3a144d-ab7f-41f0-82b8-2e43a090d496,f0416e68-0200-4b77-a926-4f9d16e494da,511d2633-09a7-4bdd-ac42-f778032124b3,5d45aa00-e064-4938-b314-4265f0c2258c,9361fd90-ba52-4f84-aa93-6e878fd576ca,970b0598-bcb0-4714-91fb-2e81440dccd8,bcd64cc6-2dd9-43f6-abbe-66318d332032,d930590d-bb92-4cc8-8bd1-23cd027f9edf,a3cd009f-0ab0-420d-9278-b9fdab939bbc,6a2d0734-bd9e-4ddf-946e-caa52498cb75,c27215d8-6835-4b68-bfbb-bdeac6100c04,b5d6115f-0370-4d7c-aad3-c194cc71cf98,d1346436-ac96-4271-b863-1f4fdead95b0,971bdb23-3ff6-43eb-b422-1c30165a3663,17debcc3-0a6b-4b8a-b00b-dc58b885581e,711ebe11-f673-4cd9-9a83-63c60ba54c5b,c0143906-9aed-447e-9436-2ae8512d1b6e,14da1725-c4c2-42b4-ab08-ee0aeb6898b3,081cab31-dccd-428e-8652-f2404cc81c47,78e0584a-4343-4727-8f37-e14e65c2a2db,ba21476f-2866-4f81-9c4d-6e359316e448,871c3b6c-7379-419d-bda3-794b239ab90d,1d08ef62-a503-4ce2-8b9a-46c90873f7d3,ff9b0199-ce04-4cfe-86cc-6c719f08d6e4,de1c2107-70c8-4021-8459-6399f24d01c6,cbf30902-517f-40dc-af90-a550bac27cf1,5c601d96-e4c7-4698-991b-7ee674b11079
2026-8-30 16:37:45-debug:   Number of all scenes: 1
2026-8-30 16:37:45-debug:   Number of all scripts: 7
2026-8-30 16:37:45-debug:   Number of other assets: 318
2026-8-30 16:37:45-debug: Init bundle root assets success..., progress: 0%
2026-8-30 16:37:45-debug: // ---- build task 查询 Asset Bundle ---- (15ms)
2026-8-30 16:37:45-log: run build task 查询 Asset Bundle success in 15 ms√, progress: 5%
2026-8-30 16:37:45-debug: // ---- build task 查询 Asset Bundle ----
2026-8-30 16:37:45-debug: 查询 Asset Bundle start, progress: 5%
2026-8-30 16:37:45-debug: [Build Memory track]: 查询 Asset Bundle start:233.33MB, end 233.22MB, increase: -109.23KB
2026-8-30 16:37:45-debug: // ---- build task 查询 Asset Bundle ---- (17ms)
2026-8-30 16:37:45-log: run build task 查询 Asset Bundle success in 17 ms√, progress: 10%
2026-8-30 16:37:45-debug: // ---- build task 整理部分构建选项内数据到 settings.json ----
2026-8-30 16:37:45-debug: 整理部分构建选项内数据到 settings.json start, progress: 10%
2026-8-30 16:37:45-debug: [Build Memory track]: 查询 Asset Bundle start:233.27MB, end 232.62MB, increase: -660.75KB
2026-8-30 16:37:45-debug: // ---- build task 整理部分构建选项内数据到 settings.json ---- (3ms)
2026-8-30 16:37:45-log: run build task 整理部分构建选项内数据到 settings.json success in 3 ms√, progress: 12%
2026-8-30 16:37:45-debug: [Build Memory track]: 整理部分构建选项内数据到 settings.json start:232.67MB, end 232.71MB, increase: 34.91KB
2026-8-30 16:37:45-debug: 填充脚本数据到 settings.json start, progress: 12%
2026-8-30 16:37:45-debug: // ---- build task 填充脚本数据到 settings.json ----
2026-8-30 16:37:45-debug: // ---- build task 填充脚本数据到 settings.json ---- (11ms)
2026-8-30 16:37:45-log: run build task 填充脚本数据到 settings.json success in 11 ms√, progress: 13%
2026-8-30 16:37:45-debug: // ---- build task 整理部分构建选项内数据到 settings.json ----
2026-8-30 16:37:45-debug: [Build Memory track]: 填充脚本数据到 settings.json start:232.75MB, end 232.79MB, increase: 39.20KB
2026-8-30 16:37:45-debug: 整理部分构建选项内数据到 settings.json start, progress: 13%
2026-8-30 16:37:45-debug: // ---- build task 整理部分构建选项内数据到 settings.json ---- (19ms)
2026-8-30 16:37:45-log: run build task 整理部分构建选项内数据到 settings.json success in 19 ms√, progress: 15%
2026-8-30 16:37:45-debug: [Build Memory track]: 整理部分构建选项内数据到 settings.json start:232.83MB, end 232.97MB, increase: 135.80KB
2026-8-30 16:37:50-debug: refresh db internal success
2026-8-30 16:37:50-debug: refresh db assets success
2026-8-30 16:37:50-debug: Run asset db hook engine-extends:afterRefresh ...
2026-8-30 16:37:50-debug: Run asset db hook engine-extends:afterRefresh success!
2026-8-30 16:37:50-debug: asset-db:refresh-all-database (115ms)
2026-8-30 16:37:50-debug: asset-db:worker-effect-data-processing (1ms)
2026-8-30 16:37:50-debug: asset-db-hook-engine-extends-afterRefresh (2ms)
2026-8-30 16:37:56-debug: refresh db internal success
2026-8-30 16:37:56-debug: %cImport%c: D:\GameByself\Cocos\Project1\assets\Scripts\Car.tsbackground: #aaff85; color: #000;color: #000;
2026-8-30 16:37:56-debug: refresh db assets success
2026-8-30 16:37:56-debug: Run asset db hook engine-extends:afterRefresh ...
2026-8-30 16:37:56-debug: Run asset db hook engine-extends:afterRefresh success!
2026-8-30 16:37:56-debug: asset-db:refresh-all-database (123ms)
2026-8-30 16:37:56-debug: asset-db:worker-effect-data-processing (2ms)
2026-8-30 16:37:56-debug: asset-db-hook-engine-extends-afterRefresh (3ms)
2026-8-30 16:37:57-debug: Query all assets info in project
2026-8-30 16:37:57-debug: init custom config: keepNodeUuid: false, useCache: true
2026-8-30 16:37:57-debug: Skip compress image, progress: 0%
2026-8-30 16:37:57-debug: Init all bundles start..., progress: 0%
2026-8-30 16:37:57-debug: Num of bundles: 3..., progress: 0%
2026-8-30 16:37:57-debug: 查询 Asset Bundle start, progress: 0%
2026-8-30 16:37:57-debug: // ---- build task 查询 Asset Bundle ----
2026-8-30 16:37:57-debug: Init bundle root assets start..., progress: 0%
2026-8-30 16:37:57-debug:   Number of all scenes: 1
2026-8-30 16:37:57-debug: Query preload assets/scripts from cc.config.json: 60f7195c-ec2a-45eb-ba94-8955f60e81d0,1c02ae6f-4492-4915-b8f8-7492a3b1e4cd,810e96e4-e456-4468-9b59-f4e8f39732c0,efe8e2a3-eace-427b-b4f1-cb8a937ec77d,e9aa9a3e-5b2b-4ac7-a2c7-073de2b2b24f,8bbdbcdd-5cd4-4100-b6d5-b7c9625b6107,50f4348b-c883-4e2f-8f11-ce233b859fa1,fda095cb-831d-4601-ad94-846013963de8,f92806d7-1768-443f-afe8-12bcde84d0f0,dd3a144d-ab7f-41f0-82b8-2e43a090d496,f0416e68-0200-4b77-a926-4f9d16e494da,511d2633-09a7-4bdd-ac42-f778032124b3,5d45aa00-e064-4938-b314-4265f0c2258c,9361fd90-ba52-4f84-aa93-6e878fd576ca,970b0598-bcb0-4714-91fb-2e81440dccd8,bcd64cc6-2dd9-43f6-abbe-66318d332032,d930590d-bb92-4cc8-8bd1-23cd027f9edf,a3cd009f-0ab0-420d-9278-b9fdab939bbc,6a2d0734-bd9e-4ddf-946e-caa52498cb75,c27215d8-6835-4b68-bfbb-bdeac6100c04,b5d6115f-0370-4d7c-aad3-c194cc71cf98,d1346436-ac96-4271-b863-1f4fdead95b0,971bdb23-3ff6-43eb-b422-1c30165a3663,17debcc3-0a6b-4b8a-b00b-dc58b885581e,711ebe11-f673-4cd9-9a83-63c60ba54c5b,c0143906-9aed-447e-9436-2ae8512d1b6e,14da1725-c4c2-42b4-ab08-ee0aeb6898b3,081cab31-dccd-428e-8652-f2404cc81c47,78e0584a-4343-4727-8f37-e14e65c2a2db,ba21476f-2866-4f81-9c4d-6e359316e448,871c3b6c-7379-419d-bda3-794b239ab90d,1d08ef62-a503-4ce2-8b9a-46c90873f7d3,ff9b0199-ce04-4cfe-86cc-6c719f08d6e4,de1c2107-70c8-4021-8459-6399f24d01c6,cbf30902-517f-40dc-af90-a550bac27cf1,5c601d96-e4c7-4698-991b-7ee674b11079
2026-8-30 16:37:57-debug:   Number of all scripts: 7
2026-8-30 16:37:57-debug:   Number of other assets: 318
2026-8-30 16:37:57-debug: Init bundle root assets success..., progress: 0%
2026-8-30 16:37:57-log: run build task 查询 Asset Bundle success in 27 ms√, progress: 5%
2026-8-30 16:37:57-debug: [Build Memory track]: 查询 Asset Bundle start:225.03MB, end 223.86MB, increase: -1197.96KB
2026-8-30 16:37:57-debug: // ---- build task 查询 Asset Bundle ---- (27ms)
2026-8-30 16:37:57-debug: 查询 Asset Bundle start, progress: 5%
2026-8-30 16:37:57-debug: // ---- build task 查询 Asset Bundle ----
2026-8-30 16:37:57-debug: // ---- build task 查询 Asset Bundle ---- (20ms)
2026-8-30 16:37:57-log: run build task 查询 Asset Bundle success in 20 ms√, progress: 10%
2026-8-30 16:37:57-debug: // ---- build task 整理部分构建选项内数据到 settings.json ----
2026-8-30 16:37:57-debug: [Build Memory track]: 查询 Asset Bundle start:223.90MB, end 224.01MB, increase: 111.43KB
2026-8-30 16:37:57-debug: 整理部分构建选项内数据到 settings.json start, progress: 10%
2026-8-30 16:37:57-debug: // ---- build task 整理部分构建选项内数据到 settings.json ---- (4ms)
2026-8-30 16:37:57-log: run build task 整理部分构建选项内数据到 settings.json success in 4 ms√, progress: 12%
2026-8-30 16:37:57-debug: 填充脚本数据到 settings.json start, progress: 12%
2026-8-30 16:37:57-debug: [Build Memory track]: 整理部分构建选项内数据到 settings.json start:224.06MB, end 224.09MB, increase: 34.57KB
2026-8-30 16:37:57-debug: // ---- build task 填充脚本数据到 settings.json ----
2026-8-30 16:37:57-debug: // ---- build task 填充脚本数据到 settings.json ---- (5ms)
2026-8-30 16:37:57-log: run build task 填充脚本数据到 settings.json success in 5 ms√, progress: 13%
2026-8-30 16:37:57-debug: [Build Memory track]: 填充脚本数据到 settings.json start:224.13MB, end 224.16MB, increase: 33.96KB
2026-8-30 16:37:57-debug: 整理部分构建选项内数据到 settings.json start, progress: 13%
2026-8-30 16:37:57-debug: // ---- build task 整理部分构建选项内数据到 settings.json ----
2026-8-30 16:37:57-debug: // ---- build task 整理部分构建选项内数据到 settings.json ---- (13ms)
2026-8-30 16:37:57-log: run build task 整理部分构建选项内数据到 settings.json success in 13 ms√, progress: 15%
2026-8-30 16:37:57-debug: [Build Memory track]: 整理部分构建选项内数据到 settings.json start:224.20MB, end 224.35MB, increase: 143.87KB
2026-8-30 16:39:35-debug: Query all assets info in project
2026-8-30 16:39:35-debug: init custom config: keepNodeUuid: false, useCache: true
2026-8-30 16:39:35-debug: Skip compress image, progress: 0%
2026-8-30 16:39:35-debug: Init all bundles start..., progress: 0%
2026-8-30 16:39:35-debug: Num of bundles: 3..., progress: 0%
2026-8-30 16:39:35-debug: 查询 Asset Bundle start, progress: 0%
2026-8-30 16:39:35-debug: // ---- build task 查询 Asset Bundle ----
2026-8-30 16:39:35-debug: Init bundle root assets start..., progress: 0%
2026-8-30 16:39:35-debug: Query preload assets/scripts from cc.config.json: 60f7195c-ec2a-45eb-ba94-8955f60e81d0,1c02ae6f-4492-4915-b8f8-7492a3b1e4cd,810e96e4-e456-4468-9b59-f4e8f39732c0,efe8e2a3-eace-427b-b4f1-cb8a937ec77d,e9aa9a3e-5b2b-4ac7-a2c7-073de2b2b24f,8bbdbcdd-5cd4-4100-b6d5-b7c9625b6107,50f4348b-c883-4e2f-8f11-ce233b859fa1,fda095cb-831d-4601-ad94-846013963de8,f92806d7-1768-443f-afe8-12bcde84d0f0,dd3a144d-ab7f-41f0-82b8-2e43a090d496,f0416e68-0200-4b77-a926-4f9d16e494da,511d2633-09a7-4bdd-ac42-f778032124b3,5d45aa00-e064-4938-b314-4265f0c2258c,9361fd90-ba52-4f84-aa93-6e878fd576ca,970b0598-bcb0-4714-91fb-2e81440dccd8,bcd64cc6-2dd9-43f6-abbe-66318d332032,d930590d-bb92-4cc8-8bd1-23cd027f9edf,a3cd009f-0ab0-420d-9278-b9fdab939bbc,6a2d0734-bd9e-4ddf-946e-caa52498cb75,c27215d8-6835-4b68-bfbb-bdeac6100c04,b5d6115f-0370-4d7c-aad3-c194cc71cf98,d1346436-ac96-4271-b863-1f4fdead95b0,971bdb23-3ff6-43eb-b422-1c30165a3663,17debcc3-0a6b-4b8a-b00b-dc58b885581e,711ebe11-f673-4cd9-9a83-63c60ba54c5b,c0143906-9aed-447e-9436-2ae8512d1b6e,14da1725-c4c2-42b4-ab08-ee0aeb6898b3,081cab31-dccd-428e-8652-f2404cc81c47,78e0584a-4343-4727-8f37-e14e65c2a2db,ba21476f-2866-4f81-9c4d-6e359316e448,871c3b6c-7379-419d-bda3-794b239ab90d,1d08ef62-a503-4ce2-8b9a-46c90873f7d3,ff9b0199-ce04-4cfe-86cc-6c719f08d6e4,de1c2107-70c8-4021-8459-6399f24d01c6,cbf30902-517f-40dc-af90-a550bac27cf1,5c601d96-e4c7-4698-991b-7ee674b11079
2026-8-30 16:39:35-debug:   Number of all scripts: 7
2026-8-30 16:39:35-debug: Init bundle root assets success..., progress: 0%
2026-8-30 16:39:35-debug:   Number of all scenes: 1
2026-8-30 16:39:35-debug:   Number of other assets: 318
2026-8-30 16:39:35-debug: // ---- build task 查询 Asset Bundle ---- (24ms)
2026-8-30 16:39:35-log: run build task 查询 Asset Bundle success in 24 ms√, progress: 5%
2026-8-30 16:39:35-debug: 查询 Asset Bundle start, progress: 5%
2026-8-30 16:39:35-debug: [Build Memory track]: 查询 Asset Bundle start:225.22MB, end 225.22MB, increase: -1.17KB
2026-8-30 16:39:35-debug: // ---- build task 查询 Asset Bundle ----
2026-8-30 16:39:35-debug: refresh db internal success
2026-8-30 16:39:35-debug: // ---- build task 查询 Asset Bundle ---- (9ms)
2026-8-30 16:39:35-log: run build task 查询 Asset Bundle success in 9 ms√, progress: 10%
2026-8-30 16:39:35-debug: // ---- build task 整理部分构建选项内数据到 settings.json ----
2026-8-30 16:39:35-debug: [Build Memory track]: 查询 Asset Bundle start:225.26MB, end 225.54MB, increase: 283.52KB
2026-8-30 16:39:35-debug: 整理部分构建选项内数据到 settings.json start, progress: 10%
2026-8-30 16:39:35-debug: %cImport%c: D:\GameByself\Cocos\Project1\assets\Scripts\Car.tsbackground: #aaff85; color: #000;color: #000;
2026-8-30 16:39:35-debug: // ---- build task 整理部分构建选项内数据到 settings.json ---- (6ms)
2026-8-30 16:39:35-log: run build task 整理部分构建选项内数据到 settings.json success in 6 ms√, progress: 12%
2026-8-30 16:39:35-debug: [Build Memory track]: 整理部分构建选项内数据到 settings.json start:225.58MB, end 225.68MB, increase: 106.36KB
2026-8-30 16:39:35-debug: 填充脚本数据到 settings.json start, progress: 12%
2026-8-30 16:39:35-debug: // ---- build task 填充脚本数据到 settings.json ----
2026-8-30 16:39:35-debug: // ---- build task 填充脚本数据到 settings.json ---- (3ms)
2026-8-30 16:39:35-log: run build task 填充脚本数据到 settings.json success in 3 ms√, progress: 13%
2026-8-30 16:39:35-debug: [Build Memory track]: 填充脚本数据到 settings.json start:225.72MB, end 225.79MB, increase: 70.13KB
2026-8-30 16:39:35-debug: 整理部分构建选项内数据到 settings.json start, progress: 13%
2026-8-30 16:39:35-debug: // ---- build task 整理部分构建选项内数据到 settings.json ----
2026-8-30 16:39:35-debug: refresh db assets success
2026-8-30 16:39:35-debug: Run asset db hook engine-extends:afterRefresh ...
2026-8-30 16:39:35-debug: Run asset db hook engine-extends:afterRefresh success!
2026-8-30 16:39:35-debug: asset-db:refresh-all-database (252ms)
2026-8-30 16:39:35-debug: asset-db:worker-effect-data-processing (4ms)
2026-8-30 16:39:35-debug: asset-db-hook-engine-extends-afterRefresh (4ms)
2026-8-30 16:39:35-debug: // ---- build task 整理部分构建选项内数据到 settings.json ---- (11ms)
2026-8-30 16:39:35-log: run build task 整理部分构建选项内数据到 settings.json success in 11 ms√, progress: 15%
2026-8-30 16:39:35-debug: [Build Memory track]: 整理部分构建选项内数据到 settings.json start:225.83MB, end 225.44MB, increase: -398.54KB
2026-8-30 16:39:36-debug: Query all assets info in project
2026-8-30 16:39:36-debug: init custom config: keepNodeUuid: false, useCache: true
2026-8-30 16:39:36-debug: Skip compress image, progress: 0%
2026-8-30 16:39:36-debug: Init all bundles start..., progress: 0%
2026-8-30 16:39:36-debug: // ---- build task 查询 Asset Bundle ----
2026-8-30 16:39:36-debug: Init bundle root assets start..., progress: 0%
2026-8-30 16:39:36-debug: Num of bundles: 3..., progress: 0%
2026-8-30 16:39:36-debug: 查询 Asset Bundle start, progress: 0%
2026-8-30 16:39:36-debug: Query preload assets/scripts from cc.config.json: 60f7195c-ec2a-45eb-ba94-8955f60e81d0,1c02ae6f-4492-4915-b8f8-7492a3b1e4cd,810e96e4-e456-4468-9b59-f4e8f39732c0,efe8e2a3-eace-427b-b4f1-cb8a937ec77d,e9aa9a3e-5b2b-4ac7-a2c7-073de2b2b24f,8bbdbcdd-5cd4-4100-b6d5-b7c9625b6107,50f4348b-c883-4e2f-8f11-ce233b859fa1,fda095cb-831d-4601-ad94-846013963de8,f92806d7-1768-443f-afe8-12bcde84d0f0,dd3a144d-ab7f-41f0-82b8-2e43a090d496,f0416e68-0200-4b77-a926-4f9d16e494da,511d2633-09a7-4bdd-ac42-f778032124b3,5d45aa00-e064-4938-b314-4265f0c2258c,9361fd90-ba52-4f84-aa93-6e878fd576ca,970b0598-bcb0-4714-91fb-2e81440dccd8,bcd64cc6-2dd9-43f6-abbe-66318d332032,d930590d-bb92-4cc8-8bd1-23cd027f9edf,a3cd009f-0ab0-420d-9278-b9fdab939bbc,6a2d0734-bd9e-4ddf-946e-caa52498cb75,c27215d8-6835-4b68-bfbb-bdeac6100c04,b5d6115f-0370-4d7c-aad3-c194cc71cf98,d1346436-ac96-4271-b863-1f4fdead95b0,971bdb23-3ff6-43eb-b422-1c30165a3663,17debcc3-0a6b-4b8a-b00b-dc58b885581e,711ebe11-f673-4cd9-9a83-63c60ba54c5b,c0143906-9aed-447e-9436-2ae8512d1b6e,14da1725-c4c2-42b4-ab08-ee0aeb6898b3,081cab31-dccd-428e-8652-f2404cc81c47,78e0584a-4343-4727-8f37-e14e65c2a2db,ba21476f-2866-4f81-9c4d-6e359316e448,871c3b6c-7379-419d-bda3-794b239ab90d,1d08ef62-a503-4ce2-8b9a-46c90873f7d3,ff9b0199-ce04-4cfe-86cc-6c719f08d6e4,de1c2107-70c8-4021-8459-6399f24d01c6,cbf30902-517f-40dc-af90-a550bac27cf1,5c601d96-e4c7-4698-991b-7ee674b11079
2026-8-30 16:39:36-debug:   Number of all scripts: 7
2026-8-30 16:39:36-debug:   Number of other assets: 318
2026-8-30 16:39:36-debug: Init bundle root assets success..., progress: 0%
2026-8-30 16:39:36-debug:   Number of all scenes: 1
2026-8-30 16:39:36-debug: // ---- build task 查询 Asset Bundle ---- (9ms)
2026-8-30 16:39:36-log: run build task 查询 Asset Bundle success in 9 ms√, progress: 5%
2026-8-30 16:39:36-debug: 查询 Asset Bundle start, progress: 5%
2026-8-30 16:39:36-debug: [Build Memory track]: 查询 Asset Bundle start:226.84MB, end 225.97MB, increase: -884.01KB
2026-8-30 16:39:36-debug: // ---- build task 查询 Asset Bundle ----
2026-8-30 16:39:36-debug: // ---- build task 查询 Asset Bundle ---- (4ms)
2026-8-30 16:39:36-log: run build task 查询 Asset Bundle success in 4 ms√, progress: 10%
2026-8-30 16:39:36-debug: 整理部分构建选项内数据到 settings.json start, progress: 10%
2026-8-30 16:39:36-debug: [Build Memory track]: 查询 Asset Bundle start:226.01MB, end 226.12MB, increase: 111.44KB
2026-8-30 16:39:36-debug: // ---- build task 整理部分构建选项内数据到 settings.json ----
2026-8-30 16:39:36-debug: // ---- build task 整理部分构建选项内数据到 settings.json ---- (2ms)
2026-8-30 16:39:36-log: run build task 整理部分构建选项内数据到 settings.json success in 2 ms√, progress: 12%
2026-8-30 16:39:36-debug: [Build Memory track]: 整理部分构建选项内数据到 settings.json start:226.17MB, end 226.20MB, increase: 34.54KB
2026-8-30 16:39:36-debug: 填充脚本数据到 settings.json start, progress: 12%
2026-8-30 16:39:36-debug: // ---- build task 填充脚本数据到 settings.json ----
2026-8-30 16:39:36-debug: // ---- build task 填充脚本数据到 settings.json ---- (2ms)
2026-8-30 16:39:36-log: run build task 填充脚本数据到 settings.json success in 2 ms√, progress: 13%
2026-8-30 16:39:36-debug: // ---- build task 整理部分构建选项内数据到 settings.json ----
2026-8-30 16:39:36-debug: [Build Memory track]: 填充脚本数据到 settings.json start:226.24MB, end 226.27MB, increase: 33.96KB
2026-8-30 16:39:36-debug: 整理部分构建选项内数据到 settings.json start, progress: 13%
2026-8-30 16:39:36-debug: // ---- build task 整理部分构建选项内数据到 settings.json ---- (6ms)
2026-8-30 16:39:36-log: run build task 整理部分构建选项内数据到 settings.json success in 6 ms√, progress: 15%
2026-8-30 16:39:36-debug: [Build Memory track]: 整理部分构建选项内数据到 settings.json start:226.32MB, end 226.45MB, increase: 141.77KB
2026-8-30 16:41:16-debug: refresh db internal success
2026-8-30 16:41:16-debug: refresh db assets success
2026-8-30 16:41:16-debug: Run asset db hook engine-extends:afterRefresh ...
2026-8-30 16:41:16-debug: Run asset db hook engine-extends:afterRefresh success!
2026-8-30 16:41:16-debug: asset-db:refresh-all-database (134ms)
2026-8-30 16:41:16-debug: asset-db:worker-effect-data-processing (2ms)
2026-8-30 16:41:16-debug: asset-db-hook-engine-extends-afterRefresh (2ms)
2026-8-30 16:41:40-debug: Query all assets info in project
2026-8-30 16:41:40-debug: init custom config: keepNodeUuid: false, useCache: true
2026-8-30 16:41:40-debug: Skip compress image, progress: 0%
2026-8-30 16:41:40-debug: Init all bundles start..., progress: 0%
2026-8-30 16:41:40-debug: Num of bundles: 3..., progress: 0%
2026-8-30 16:41:40-debug: 查询 Asset Bundle start, progress: 0%
2026-8-30 16:41:40-debug: // ---- build task 查询 Asset Bundle ----
2026-8-30 16:41:40-debug: Init bundle root assets start..., progress: 0%
2026-8-30 16:41:40-debug: Query preload assets/scripts from cc.config.json: 60f7195c-ec2a-45eb-ba94-8955f60e81d0,1c02ae6f-4492-4915-b8f8-7492a3b1e4cd,810e96e4-e456-4468-9b59-f4e8f39732c0,efe8e2a3-eace-427b-b4f1-cb8a937ec77d,e9aa9a3e-5b2b-4ac7-a2c7-073de2b2b24f,8bbdbcdd-5cd4-4100-b6d5-b7c9625b6107,50f4348b-c883-4e2f-8f11-ce233b859fa1,fda095cb-831d-4601-ad94-846013963de8,f92806d7-1768-443f-afe8-12bcde84d0f0,dd3a144d-ab7f-41f0-82b8-2e43a090d496,f0416e68-0200-4b77-a926-4f9d16e494da,511d2633-09a7-4bdd-ac42-f778032124b3,5d45aa00-e064-4938-b314-4265f0c2258c,9361fd90-ba52-4f84-aa93-6e878fd576ca,970b0598-bcb0-4714-91fb-2e81440dccd8,bcd64cc6-2dd9-43f6-abbe-66318d332032,d930590d-bb92-4cc8-8bd1-23cd027f9edf,a3cd009f-0ab0-420d-9278-b9fdab939bbc,6a2d0734-bd9e-4ddf-946e-caa52498cb75,c27215d8-6835-4b68-bfbb-bdeac6100c04,b5d6115f-0370-4d7c-aad3-c194cc71cf98,d1346436-ac96-4271-b863-1f4fdead95b0,971bdb23-3ff6-43eb-b422-1c30165a3663,17debcc3-0a6b-4b8a-b00b-dc58b885581e,711ebe11-f673-4cd9-9a83-63c60ba54c5b,c0143906-9aed-447e-9436-2ae8512d1b6e,14da1725-c4c2-42b4-ab08-ee0aeb6898b3,081cab31-dccd-428e-8652-f2404cc81c47,78e0584a-4343-4727-8f37-e14e65c2a2db,ba21476f-2866-4f81-9c4d-6e359316e448,871c3b6c-7379-419d-bda3-794b239ab90d,1d08ef62-a503-4ce2-8b9a-46c90873f7d3,ff9b0199-ce04-4cfe-86cc-6c719f08d6e4,de1c2107-70c8-4021-8459-6399f24d01c6,cbf30902-517f-40dc-af90-a550bac27cf1,5c601d96-e4c7-4698-991b-7ee674b11079
2026-8-30 16:41:40-debug:   Number of all scripts: 7
2026-8-30 16:41:40-debug:   Number of all scenes: 1
2026-8-30 16:41:40-debug:   Number of other assets: 318
2026-8-30 16:41:40-debug: Init bundle root assets success..., progress: 0%
2026-8-30 16:41:40-log: run build task 查询 Asset Bundle success in 18 ms√, progress: 5%
2026-8-30 16:41:40-debug: [Build Memory track]: 查询 Asset Bundle start:227.34MB, end 227.13MB, increase: -215.56KB
2026-8-30 16:41:40-debug: 查询 Asset Bundle start, progress: 5%
2026-8-30 16:41:40-debug: // ---- build task 查询 Asset Bundle ----
2026-8-30 16:41:40-debug: // ---- build task 查询 Asset Bundle ---- (18ms)
2026-8-30 16:41:40-debug: // ---- build task 查询 Asset Bundle ---- (14ms)
2026-8-30 16:41:40-log: run build task 查询 Asset Bundle success in 14 ms√, progress: 10%
2026-8-30 16:41:40-debug: // ---- build task 整理部分构建选项内数据到 settings.json ----
2026-8-30 16:41:40-debug: [Build Memory track]: 查询 Asset Bundle start:227.17MB, end 227.28MB, increase: 110.41KB
2026-8-30 16:41:40-debug: 整理部分构建选项内数据到 settings.json start, progress: 10%
2026-8-30 16:41:40-log: run build task 整理部分构建选项内数据到 settings.json success in 3 ms√, progress: 12%
2026-8-30 16:41:40-debug: [Build Memory track]: 整理部分构建选项内数据到 settings.json start:227.32MB, end 227.36MB, increase: 40.91KB
2026-8-30 16:41:40-debug: 填充脚本数据到 settings.json start, progress: 12%
2026-8-30 16:41:40-debug: // ---- build task 整理部分构建选项内数据到 settings.json ---- (3ms)
2026-8-30 16:41:40-debug: // ---- build task 填充脚本数据到 settings.json ----
2026-8-30 16:41:40-log: run build task 填充脚本数据到 settings.json success in 9 ms√, progress: 13%
2026-8-30 16:41:40-debug: [Build Memory track]: 填充脚本数据到 settings.json start:227.40MB, end 227.44MB, increase: 33.91KB
2026-8-30 16:41:40-debug: // ---- build task 整理部分构建选项内数据到 settings.json ----
2026-8-30 16:41:40-debug: 整理部分构建选项内数据到 settings.json start, progress: 13%
2026-8-30 16:41:40-debug: // ---- build task 填充脚本数据到 settings.json ---- (9ms)
2026-8-30 16:41:40-debug: // ---- build task 整理部分构建选项内数据到 settings.json ---- (26ms)
2026-8-30 16:41:40-log: run build task 整理部分构建选项内数据到 settings.json success in 26 ms√, progress: 15%
2026-8-30 16:41:40-debug: [Build Memory track]: 整理部分构建选项内数据到 settings.json start:227.48MB, end 226.87MB, increase: -622.73KB
2026-8-30 16:41:44-debug: refresh db internal success
2026-8-30 16:41:44-debug: refresh db assets success
2026-8-30 16:41:44-debug: Run asset db hook engine-extends:afterRefresh ...
2026-8-30 16:41:44-debug: Run asset db hook engine-extends:afterRefresh success!
2026-8-30 16:41:44-debug: asset-db:refresh-all-database (133ms)
2026-8-30 16:41:44-debug: asset-db:worker-effect-data-processing (2ms)
2026-8-30 16:41:44-debug: asset-db-hook-engine-extends-afterRefresh (2ms)
2026-8-30 16:42:24-debug: refresh db internal success
2026-8-30 16:42:24-debug: Run asset db hook engine-extends:afterRefresh ...
2026-8-30 16:42:24-debug: Run asset db hook engine-extends:afterRefresh success!
2026-8-30 16:42:24-debug: refresh db assets success
2026-8-30 16:42:24-debug: asset-db:refresh-all-database (107ms)
2026-8-30 16:42:24-debug: asset-db:worker-effect-data-processing (2ms)
2026-8-30 16:42:24-debug: asset-db-hook-engine-extends-afterRefresh (2ms)
2026-8-30 16:43:00-debug: Query all assets info in project
2026-8-30 16:43:00-debug: init custom config: keepNodeUuid: false, useCache: true
2026-8-30 16:43:00-debug: Skip compress image, progress: 0%
2026-8-30 16:43:00-debug: Init all bundles start..., progress: 0%
2026-8-30 16:43:00-debug: // ---- build task 查询 Asset Bundle ----
2026-8-30 16:43:00-debug: 查询 Asset Bundle start, progress: 0%
2026-8-30 16:43:00-debug: Num of bundles: 3..., progress: 0%
2026-8-30 16:43:00-debug: Init bundle root assets start..., progress: 0%
2026-8-30 16:43:00-debug: Query preload assets/scripts from cc.config.json: 60f7195c-ec2a-45eb-ba94-8955f60e81d0,1c02ae6f-4492-4915-b8f8-7492a3b1e4cd,810e96e4-e456-4468-9b59-f4e8f39732c0,efe8e2a3-eace-427b-b4f1-cb8a937ec77d,e9aa9a3e-5b2b-4ac7-a2c7-073de2b2b24f,8bbdbcdd-5cd4-4100-b6d5-b7c9625b6107,50f4348b-c883-4e2f-8f11-ce233b859fa1,fda095cb-831d-4601-ad94-846013963de8,f92806d7-1768-443f-afe8-12bcde84d0f0,dd3a144d-ab7f-41f0-82b8-2e43a090d496,f0416e68-0200-4b77-a926-4f9d16e494da,511d2633-09a7-4bdd-ac42-f778032124b3,5d45aa00-e064-4938-b314-4265f0c2258c,9361fd90-ba52-4f84-aa93-6e878fd576ca,970b0598-bcb0-4714-91fb-2e81440dccd8,bcd64cc6-2dd9-43f6-abbe-66318d332032,d930590d-bb92-4cc8-8bd1-23cd027f9edf,a3cd009f-0ab0-420d-9278-b9fdab939bbc,6a2d0734-bd9e-4ddf-946e-caa52498cb75,c27215d8-6835-4b68-bfbb-bdeac6100c04,b5d6115f-0370-4d7c-aad3-c194cc71cf98,d1346436-ac96-4271-b863-1f4fdead95b0,971bdb23-3ff6-43eb-b422-1c30165a3663,17debcc3-0a6b-4b8a-b00b-dc58b885581e,711ebe11-f673-4cd9-9a83-63c60ba54c5b,c0143906-9aed-447e-9436-2ae8512d1b6e,14da1725-c4c2-42b4-ab08-ee0aeb6898b3,081cab31-dccd-428e-8652-f2404cc81c47,78e0584a-4343-4727-8f37-e14e65c2a2db,ba21476f-2866-4f81-9c4d-6e359316e448,871c3b6c-7379-419d-bda3-794b239ab90d,1d08ef62-a503-4ce2-8b9a-46c90873f7d3,ff9b0199-ce04-4cfe-86cc-6c719f08d6e4,de1c2107-70c8-4021-8459-6399f24d01c6,cbf30902-517f-40dc-af90-a550bac27cf1,5c601d96-e4c7-4698-991b-7ee674b11079
2026-8-30 16:43:00-debug:   Number of other assets: 318
2026-8-30 16:43:00-debug: Init bundle root assets success..., progress: 0%
2026-8-30 16:43:00-debug:   Number of all scripts: 7
2026-8-30 16:43:00-debug:   Number of all scenes: 1
2026-8-30 16:43:00-debug: // ---- build task 查询 Asset Bundle ---- (15ms)
2026-8-30 16:43:00-log: run build task 查询 Asset Bundle success in 15 ms√, progress: 5%
2026-8-30 16:43:00-debug: [Build Memory track]: 查询 Asset Bundle start:230.80MB, end 230.85MB, increase: 50.73KB
2026-8-30 16:43:00-debug: 查询 Asset Bundle start, progress: 5%
2026-8-30 16:43:00-debug: // ---- build task 查询 Asset Bundle ----
2026-8-30 16:43:00-debug: refresh db internal success
2026-8-30 16:43:00-debug: // ---- build task 查询 Asset Bundle ---- (19ms)
2026-8-30 16:43:00-log: run build task 查询 Asset Bundle success in 19 ms√, progress: 10%
2026-8-30 16:43:00-debug: 整理部分构建选项内数据到 settings.json start, progress: 10%
2026-8-30 16:43:00-debug: [Build Memory track]: 查询 Asset Bundle start:230.88MB, end 231.01MB, increase: 136.20KB
2026-8-30 16:43:00-debug: // ---- build task 整理部分构建选项内数据到 settings.json ----
2026-8-30 16:43:00-log: run build task 整理部分构建选项内数据到 settings.json success in 4 ms√, progress: 12%
2026-8-30 16:43:00-debug: %cImport%c: D:\GameByself\Cocos\Project1\assets\Scripts\Car.tsbackground: #aaff85; color: #000;color: #000;
2026-8-30 16:43:00-debug: [Build Memory track]: 整理部分构建选项内数据到 settings.json start:231.05MB, end 231.14MB, increase: 93.40KB
2026-8-30 16:43:00-debug: 填充脚本数据到 settings.json start, progress: 12%
2026-8-30 16:43:00-debug: // ---- build task 整理部分构建选项内数据到 settings.json ---- (4ms)
2026-8-30 16:43:00-debug: // ---- build task 填充脚本数据到 settings.json ----
2026-8-30 16:43:00-debug: // ---- build task 填充脚本数据到 settings.json ---- (3ms)
2026-8-30 16:43:00-log: run build task 填充脚本数据到 settings.json success in 3 ms√, progress: 13%
2026-8-30 16:43:00-debug: // ---- build task 整理部分构建选项内数据到 settings.json ----
2026-8-30 16:43:00-debug: 整理部分构建选项内数据到 settings.json start, progress: 13%
2026-8-30 16:43:00-debug: [Build Memory track]: 填充脚本数据到 settings.json start:231.17MB, end 231.21MB, increase: 42.65KB
2026-8-30 16:43:00-debug: Run asset db hook engine-extends:afterRefresh ...
2026-8-30 16:43:00-debug: Run asset db hook engine-extends:afterRefresh success!
2026-8-30 16:43:00-debug: refresh db assets success
2026-8-30 16:43:00-debug: asset-db:refresh-all-database (249ms)
2026-8-30 16:43:00-debug: asset-db:worker-effect-data-processing (2ms)
2026-8-30 16:43:00-debug: asset-db-hook-engine-extends-afterRefresh (2ms)
2026-8-30 16:43:00-debug: // ---- build task 整理部分构建选项内数据到 settings.json ---- (15ms)
2026-8-30 16:43:00-log: run build task 整理部分构建选项内数据到 settings.json success in 15 ms√, progress: 15%
2026-8-30 16:43:00-debug: [Build Memory track]: 整理部分构建选项内数据到 settings.json start:231.24MB, end 230.80MB, increase: -448.46KB
2026-8-30 16:43:01-debug: Query all assets info in project
2026-8-30 16:43:01-debug: init custom config: keepNodeUuid: false, useCache: true
2026-8-30 16:43:01-debug: Skip compress image, progress: 0%
2026-8-30 16:43:01-debug: Init all bundles start..., progress: 0%
2026-8-30 16:43:01-debug: // ---- build task 查询 Asset Bundle ----
2026-8-30 16:43:01-debug: 查询 Asset Bundle start, progress: 0%
2026-8-30 16:43:01-debug: Init bundle root assets start..., progress: 0%
2026-8-30 16:43:01-debug: Num of bundles: 3..., progress: 0%
2026-8-30 16:43:01-debug: Query preload assets/scripts from cc.config.json: 60f7195c-ec2a-45eb-ba94-8955f60e81d0,1c02ae6f-4492-4915-b8f8-7492a3b1e4cd,810e96e4-e456-4468-9b59-f4e8f39732c0,efe8e2a3-eace-427b-b4f1-cb8a937ec77d,e9aa9a3e-5b2b-4ac7-a2c7-073de2b2b24f,8bbdbcdd-5cd4-4100-b6d5-b7c9625b6107,50f4348b-c883-4e2f-8f11-ce233b859fa1,fda095cb-831d-4601-ad94-846013963de8,f92806d7-1768-443f-afe8-12bcde84d0f0,dd3a144d-ab7f-41f0-82b8-2e43a090d496,f0416e68-0200-4b77-a926-4f9d16e494da,511d2633-09a7-4bdd-ac42-f778032124b3,5d45aa00-e064-4938-b314-4265f0c2258c,9361fd90-ba52-4f84-aa93-6e878fd576ca,970b0598-bcb0-4714-91fb-2e81440dccd8,bcd64cc6-2dd9-43f6-abbe-66318d332032,d930590d-bb92-4cc8-8bd1-23cd027f9edf,a3cd009f-0ab0-420d-9278-b9fdab939bbc,6a2d0734-bd9e-4ddf-946e-caa52498cb75,c27215d8-6835-4b68-bfbb-bdeac6100c04,b5d6115f-0370-4d7c-aad3-c194cc71cf98,d1346436-ac96-4271-b863-1f4fdead95b0,971bdb23-3ff6-43eb-b422-1c30165a3663,17debcc3-0a6b-4b8a-b00b-dc58b885581e,711ebe11-f673-4cd9-9a83-63c60ba54c5b,c0143906-9aed-447e-9436-2ae8512d1b6e,14da1725-c4c2-42b4-ab08-ee0aeb6898b3,081cab31-dccd-428e-8652-f2404cc81c47,78e0584a-4343-4727-8f37-e14e65c2a2db,ba21476f-2866-4f81-9c4d-6e359316e448,871c3b6c-7379-419d-bda3-794b239ab90d,1d08ef62-a503-4ce2-8b9a-46c90873f7d3,ff9b0199-ce04-4cfe-86cc-6c719f08d6e4,de1c2107-70c8-4021-8459-6399f24d01c6,cbf30902-517f-40dc-af90-a550bac27cf1,5c601d96-e4c7-4698-991b-7ee674b11079
2026-8-30 16:43:01-debug:   Number of all scenes: 1
2026-8-30 16:43:01-debug:   Number of all scripts: 7
2026-8-30 16:43:01-debug:   Number of other assets: 318
2026-8-30 16:43:01-debug: Init bundle root assets success..., progress: 0%
2026-8-30 16:43:01-debug: // ---- build task 查询 Asset Bundle ---- (10ms)
2026-8-30 16:43:01-log: run build task 查询 Asset Bundle success in 10 ms√, progress: 5%
2026-8-30 16:43:01-debug: [Build Memory track]: 查询 Asset Bundle start:231.32MB, end 231.21MB, increase: -115.02KB
2026-8-30 16:43:01-debug: 查询 Asset Bundle start, progress: 5%
2026-8-30 16:43:01-debug: // ---- build task 查询 Asset Bundle ----
2026-8-30 16:43:01-debug: // ---- build task 查询 Asset Bundle ---- (3ms)
2026-8-30 16:43:01-log: run build task 查询 Asset Bundle success in 3 ms√, progress: 10%
2026-8-30 16:43:01-debug: // ---- build task 整理部分构建选项内数据到 settings.json ----
2026-8-30 16:43:01-debug: 整理部分构建选项内数据到 settings.json start, progress: 10%
2026-8-30 16:43:01-debug: [Build Memory track]: 查询 Asset Bundle start:231.24MB, end 231.34MB, increase: 104.89KB
2026-8-30 16:43:01-log: run build task 整理部分构建选项内数据到 settings.json success in 2 ms√, progress: 12%
2026-8-30 16:43:01-debug: [Build Memory track]: 整理部分构建选项内数据到 settings.json start:231.37MB, end 230.64MB, increase: -755.87KB
2026-8-30 16:43:01-debug: // ---- build task 整理部分构建选项内数据到 settings.json ---- (2ms)
2026-8-30 16:43:01-debug: 填充脚本数据到 settings.json start, progress: 12%
2026-8-30 16:43:01-debug: // ---- build task 填充脚本数据到 settings.json ----
2026-8-30 16:43:01-debug: // ---- build task 填充脚本数据到 settings.json ---- (1ms)
2026-8-30 16:43:01-log: run build task 填充脚本数据到 settings.json success in 1 ms√, progress: 13%
2026-8-30 16:43:01-debug: [Build Memory track]: 填充脚本数据到 settings.json start:230.67MB, end 230.69MB, increase: 26.83KB
2026-8-30 16:43:01-debug: 整理部分构建选项内数据到 settings.json start, progress: 13%
2026-8-30 16:43:01-debug: // ---- build task 整理部分构建选项内数据到 settings.json ----
2026-8-30 16:43:01-debug: // ---- build task 整理部分构建选项内数据到 settings.json ---- (5ms)
2026-8-30 16:43:01-log: run build task 整理部分构建选项内数据到 settings.json success in 5 ms√, progress: 15%
2026-8-30 16:43:01-debug: [Build Memory track]: 整理部分构建选项内数据到 settings.json start:230.72MB, end 230.86MB, increase: 135.04KB
2026-8-30 16:44:05-debug: Query all assets info in project
2026-8-30 16:44:05-debug: init custom config: keepNodeUuid: false, useCache: true
2026-8-30 16:44:05-debug: Skip compress image, progress: 0%
2026-8-30 16:44:05-debug: Init all bundles start..., progress: 0%
2026-8-30 16:44:05-debug: 查询 Asset Bundle start, progress: 0%
2026-8-30 16:44:05-debug: // ---- build task 查询 Asset Bundle ----
2026-8-30 16:44:05-debug: Num of bundles: 3..., progress: 0%
2026-8-30 16:44:05-debug: Init bundle root assets start..., progress: 0%
2026-8-30 16:44:05-debug: Query preload assets/scripts from cc.config.json: 60f7195c-ec2a-45eb-ba94-8955f60e81d0,1c02ae6f-4492-4915-b8f8-7492a3b1e4cd,810e96e4-e456-4468-9b59-f4e8f39732c0,efe8e2a3-eace-427b-b4f1-cb8a937ec77d,e9aa9a3e-5b2b-4ac7-a2c7-073de2b2b24f,8bbdbcdd-5cd4-4100-b6d5-b7c9625b6107,50f4348b-c883-4e2f-8f11-ce233b859fa1,fda095cb-831d-4601-ad94-846013963de8,f92806d7-1768-443f-afe8-12bcde84d0f0,dd3a144d-ab7f-41f0-82b8-2e43a090d496,f0416e68-0200-4b77-a926-4f9d16e494da,511d2633-09a7-4bdd-ac42-f778032124b3,5d45aa00-e064-4938-b314-4265f0c2258c,9361fd90-ba52-4f84-aa93-6e878fd576ca,970b0598-bcb0-4714-91fb-2e81440dccd8,bcd64cc6-2dd9-43f6-abbe-66318d332032,d930590d-bb92-4cc8-8bd1-23cd027f9edf,a3cd009f-0ab0-420d-9278-b9fdab939bbc,6a2d0734-bd9e-4ddf-946e-caa52498cb75,c27215d8-6835-4b68-bfbb-bdeac6100c04,b5d6115f-0370-4d7c-aad3-c194cc71cf98,d1346436-ac96-4271-b863-1f4fdead95b0,971bdb23-3ff6-43eb-b422-1c30165a3663,17debcc3-0a6b-4b8a-b00b-dc58b885581e,711ebe11-f673-4cd9-9a83-63c60ba54c5b,c0143906-9aed-447e-9436-2ae8512d1b6e,14da1725-c4c2-42b4-ab08-ee0aeb6898b3,081cab31-dccd-428e-8652-f2404cc81c47,78e0584a-4343-4727-8f37-e14e65c2a2db,ba21476f-2866-4f81-9c4d-6e359316e448,871c3b6c-7379-419d-bda3-794b239ab90d,1d08ef62-a503-4ce2-8b9a-46c90873f7d3,ff9b0199-ce04-4cfe-86cc-6c719f08d6e4,de1c2107-70c8-4021-8459-6399f24d01c6,cbf30902-517f-40dc-af90-a550bac27cf1,5c601d96-e4c7-4698-991b-7ee674b11079
2026-8-30 16:44:05-debug:   Number of all scenes: 1
2026-8-30 16:44:05-debug:   Number of other assets: 318
2026-8-30 16:44:05-debug: Init bundle root assets success..., progress: 0%
2026-8-30 16:44:05-debug:   Number of all scripts: 7
2026-8-30 16:44:05-log: run build task 查询 Asset Bundle success in 24 ms√, progress: 5%
2026-8-30 16:44:05-debug: [Build Memory track]: 查询 Asset Bundle start:232.52MB, end 232.62MB, increase: 104.97KB
2026-8-30 16:44:05-debug: 查询 Asset Bundle start, progress: 5%
2026-8-30 16:44:05-debug: // ---- build task 查询 Asset Bundle ---- (24ms)
2026-8-30 16:44:05-debug: // ---- build task 查询 Asset Bundle ----
2026-8-30 16:44:05-debug: refresh db internal success
2026-8-30 16:44:05-debug: %cImport%c: D:\GameByself\Cocos\Project1\assets\Scripts\Car.tsbackground: #aaff85; color: #000;color: #000;
2026-8-30 16:44:05-debug: // ---- build task 查询 Asset Bundle ---- (14ms)
2026-8-30 16:44:05-log: run build task 查询 Asset Bundle success in 14 ms√, progress: 10%
2026-8-30 16:44:05-debug: 整理部分构建选项内数据到 settings.json start, progress: 10%
2026-8-30 16:44:05-debug: [Build Memory track]: 查询 Asset Bundle start:232.65MB, end 232.28MB, increase: -385.69KB
2026-8-30 16:44:05-debug: // ---- build task 整理部分构建选项内数据到 settings.json ----
2026-8-30 16:44:05-debug: refresh db assets success
2026-8-30 16:44:05-debug: Run asset db hook engine-extends:afterRefresh ...
2026-8-30 16:44:05-log: run build task 整理部分构建选项内数据到 settings.json success in 2 ms√, progress: 12%
2026-8-30 16:44:05-debug: Run asset db hook engine-extends:afterRefresh success!
2026-8-30 16:44:05-debug: [Build Memory track]: 整理部分构建选项内数据到 settings.json start:232.31MB, end 232.38MB, increase: 77.04KB
2026-8-30 16:44:05-debug: 填充脚本数据到 settings.json start, progress: 12%
2026-8-30 16:44:05-debug: // ---- build task 整理部分构建选项内数据到 settings.json ---- (2ms)
2026-8-30 16:44:05-debug: // ---- build task 填充脚本数据到 settings.json ----
2026-8-30 16:44:05-debug: asset-db:refresh-all-database (231ms)
2026-8-30 16:44:05-debug: asset-db:worker-effect-data-processing (8ms)
2026-8-30 16:44:05-debug: asset-db-hook-engine-extends-afterRefresh (9ms)
2026-8-30 16:44:05-debug: // ---- build task 填充脚本数据到 settings.json ---- (10ms)
2026-8-30 16:44:05-log: run build task 填充脚本数据到 settings.json success in 10 ms√, progress: 13%
2026-8-30 16:44:05-debug: [Build Memory track]: 填充脚本数据到 settings.json start:232.42MB, end 232.48MB, increase: 66.87KB
2026-8-30 16:44:05-debug: 整理部分构建选项内数据到 settings.json start, progress: 13%
2026-8-30 16:44:05-debug: // ---- build task 整理部分构建选项内数据到 settings.json ----
2026-8-30 16:44:05-debug: // ---- build task 整理部分构建选项内数据到 settings.json ---- (20ms)
2026-8-30 16:44:05-log: run build task 整理部分构建选项内数据到 settings.json success in 20 ms√, progress: 15%
2026-8-30 16:44:05-debug: [Build Memory track]: 整理部分构建选项内数据到 settings.json start:232.51MB, end 232.00MB, increase: -522.07KB
2026-8-30 16:44:06-debug: Query all assets info in project
2026-8-30 16:44:06-debug: init custom config: keepNodeUuid: false, useCache: true
2026-8-30 16:44:06-debug: Skip compress image, progress: 0%
2026-8-30 16:44:06-debug: Num of bundles: 3..., progress: 0%
2026-8-30 16:44:06-debug: Init all bundles start..., progress: 0%
2026-8-30 16:44:06-debug: 查询 Asset Bundle start, progress: 0%
2026-8-30 16:44:06-debug: // ---- build task 查询 Asset Bundle ----
2026-8-30 16:44:06-debug: Init bundle root assets start..., progress: 0%
2026-8-30 16:44:06-debug: Query preload assets/scripts from cc.config.json: 60f7195c-ec2a-45eb-ba94-8955f60e81d0,1c02ae6f-4492-4915-b8f8-7492a3b1e4cd,810e96e4-e456-4468-9b59-f4e8f39732c0,efe8e2a3-eace-427b-b4f1-cb8a937ec77d,e9aa9a3e-5b2b-4ac7-a2c7-073de2b2b24f,8bbdbcdd-5cd4-4100-b6d5-b7c9625b6107,50f4348b-c883-4e2f-8f11-ce233b859fa1,fda095cb-831d-4601-ad94-846013963de8,f92806d7-1768-443f-afe8-12bcde84d0f0,dd3a144d-ab7f-41f0-82b8-2e43a090d496,f0416e68-0200-4b77-a926-4f9d16e494da,511d2633-09a7-4bdd-ac42-f778032124b3,5d45aa00-e064-4938-b314-4265f0c2258c,9361fd90-ba52-4f84-aa93-6e878fd576ca,970b0598-bcb0-4714-91fb-2e81440dccd8,bcd64cc6-2dd9-43f6-abbe-66318d332032,d930590d-bb92-4cc8-8bd1-23cd027f9edf,a3cd009f-0ab0-420d-9278-b9fdab939bbc,6a2d0734-bd9e-4ddf-946e-caa52498cb75,c27215d8-6835-4b68-bfbb-bdeac6100c04,b5d6115f-0370-4d7c-aad3-c194cc71cf98,d1346436-ac96-4271-b863-1f4fdead95b0,971bdb23-3ff6-43eb-b422-1c30165a3663,17debcc3-0a6b-4b8a-b00b-dc58b885581e,711ebe11-f673-4cd9-9a83-63c60ba54c5b,c0143906-9aed-447e-9436-2ae8512d1b6e,14da1725-c4c2-42b4-ab08-ee0aeb6898b3,081cab31-dccd-428e-8652-f2404cc81c47,78e0584a-4343-4727-8f37-e14e65c2a2db,ba21476f-2866-4f81-9c4d-6e359316e448,871c3b6c-7379-419d-bda3-794b239ab90d,1d08ef62-a503-4ce2-8b9a-46c90873f7d3,ff9b0199-ce04-4cfe-86cc-6c719f08d6e4,de1c2107-70c8-4021-8459-6399f24d01c6,cbf30902-517f-40dc-af90-a550bac27cf1,5c601d96-e4c7-4698-991b-7ee674b11079
2026-8-30 16:44:06-debug:   Number of all scenes: 1
2026-8-30 16:44:06-debug:   Number of all scripts: 7
2026-8-30 16:44:06-debug:   Number of other assets: 318
2026-8-30 16:44:06-debug: Init bundle root assets success..., progress: 0%
2026-8-30 16:44:06-debug: // ---- build task 查询 Asset Bundle ---- (8ms)
2026-8-30 16:44:06-debug: [Build Memory track]: 查询 Asset Bundle start:232.55MB, end 232.30MB, increase: -257.24KB
2026-8-30 16:44:06-log: run build task 查询 Asset Bundle success in 8 ms√, progress: 5%
2026-8-30 16:44:06-debug: 查询 Asset Bundle start, progress: 5%
2026-8-30 16:44:06-debug: // ---- build task 查询 Asset Bundle ----
2026-8-30 16:44:06-debug: // ---- build task 查询 Asset Bundle ---- (3ms)
2026-8-30 16:44:06-log: run build task 查询 Asset Bundle success in 3 ms√, progress: 10%
2026-8-30 16:44:06-debug: // ---- build task 整理部分构建选项内数据到 settings.json ----
2026-8-30 16:44:06-debug: 整理部分构建选项内数据到 settings.json start, progress: 10%
2026-8-30 16:44:06-debug: [Build Memory track]: 查询 Asset Bundle start:232.33MB, end 232.43MB, increase: 106.39KB
2026-8-30 16:44:06-debug: // ---- build task 整理部分构建选项内数据到 settings.json ---- (2ms)
2026-8-30 16:44:06-log: run build task 整理部分构建选项内数据到 settings.json success in 2 ms√, progress: 12%
2026-8-30 16:44:06-debug: [Build Memory track]: 整理部分构建选项内数据到 settings.json start:232.46MB, end 232.49MB, increase: 27.47KB
2026-8-30 16:44:06-debug: 填充脚本数据到 settings.json start, progress: 12%
2026-8-30 16:44:06-debug: // ---- build task 填充脚本数据到 settings.json ----
2026-8-30 16:44:06-debug: // ---- build task 填充脚本数据到 settings.json ---- (1ms)
2026-8-30 16:44:06-log: run build task 填充脚本数据到 settings.json success in 1 ms√, progress: 13%
2026-8-30 16:44:06-debug: [Build Memory track]: 填充脚本数据到 settings.json start:232.52MB, end 232.55MB, increase: 26.96KB
2026-8-30 16:44:06-debug: 整理部分构建选项内数据到 settings.json start, progress: 13%
2026-8-30 16:44:06-debug: // ---- build task 整理部分构建选项内数据到 settings.json ----
2026-8-30 16:44:06-debug: // ---- build task 整理部分构建选项内数据到 settings.json ---- (4ms)
2026-8-30 16:44:06-log: run build task 整理部分构建选项内数据到 settings.json success in 4 ms√, progress: 15%
2026-8-30 16:44:06-debug: [Build Memory track]: 整理部分构建选项内数据到 settings.json start:232.58MB, end 232.71MB, increase: 133.12KB
2026-8-30 16:45:33-debug: Query all assets info in project
2026-8-30 16:45:33-debug: init custom config: keepNodeUuid: false, useCache: true
2026-8-30 16:45:33-debug: Skip compress image, progress: 0%
2026-8-30 16:45:33-debug: Init all bundles start..., progress: 0%
2026-8-30 16:45:33-debug: // ---- build task 查询 Asset Bundle ----
2026-8-30 16:45:33-debug: Num of bundles: 3..., progress: 0%
2026-8-30 16:45:33-debug: 查询 Asset Bundle start, progress: 0%
2026-8-30 16:45:33-debug: Init bundle root assets start..., progress: 0%
2026-8-30 16:45:33-debug: Query preload assets/scripts from cc.config.json: 60f7195c-ec2a-45eb-ba94-8955f60e81d0,1c02ae6f-4492-4915-b8f8-7492a3b1e4cd,810e96e4-e456-4468-9b59-f4e8f39732c0,efe8e2a3-eace-427b-b4f1-cb8a937ec77d,e9aa9a3e-5b2b-4ac7-a2c7-073de2b2b24f,8bbdbcdd-5cd4-4100-b6d5-b7c9625b6107,50f4348b-c883-4e2f-8f11-ce233b859fa1,fda095cb-831d-4601-ad94-846013963de8,f92806d7-1768-443f-afe8-12bcde84d0f0,dd3a144d-ab7f-41f0-82b8-2e43a090d496,f0416e68-0200-4b77-a926-4f9d16e494da,511d2633-09a7-4bdd-ac42-f778032124b3,5d45aa00-e064-4938-b314-4265f0c2258c,9361fd90-ba52-4f84-aa93-6e878fd576ca,970b0598-bcb0-4714-91fb-2e81440dccd8,bcd64cc6-2dd9-43f6-abbe-66318d332032,d930590d-bb92-4cc8-8bd1-23cd027f9edf,a3cd009f-0ab0-420d-9278-b9fdab939bbc,6a2d0734-bd9e-4ddf-946e-caa52498cb75,c27215d8-6835-4b68-bfbb-bdeac6100c04,b5d6115f-0370-4d7c-aad3-c194cc71cf98,d1346436-ac96-4271-b863-1f4fdead95b0,971bdb23-3ff6-43eb-b422-1c30165a3663,17debcc3-0a6b-4b8a-b00b-dc58b885581e,711ebe11-f673-4cd9-9a83-63c60ba54c5b,c0143906-9aed-447e-9436-2ae8512d1b6e,14da1725-c4c2-42b4-ab08-ee0aeb6898b3,081cab31-dccd-428e-8652-f2404cc81c47,78e0584a-4343-4727-8f37-e14e65c2a2db,ba21476f-2866-4f81-9c4d-6e359316e448,871c3b6c-7379-419d-bda3-794b239ab90d,1d08ef62-a503-4ce2-8b9a-46c90873f7d3,ff9b0199-ce04-4cfe-86cc-6c719f08d6e4,de1c2107-70c8-4021-8459-6399f24d01c6,cbf30902-517f-40dc-af90-a550bac27cf1,5c601d96-e4c7-4698-991b-7ee674b11079
2026-8-30 16:45:33-debug:   Number of all scenes: 1
2026-8-30 16:45:33-debug: Init bundle root assets success..., progress: 0%
2026-8-30 16:45:33-debug:   Number of all scripts: 7
2026-8-30 16:45:33-debug:   Number of other assets: 318
2026-8-30 16:45:33-debug: // ---- build task 查询 Asset Bundle ---- (20ms)
2026-8-30 16:45:33-log: run build task 查询 Asset Bundle success in 20 ms√, progress: 5%
2026-8-30 16:45:33-debug: // ---- build task 查询 Asset Bundle ----
2026-8-30 16:45:33-debug: [Build Memory track]: 查询 Asset Bundle start:233.33MB, end 234.12MB, increase: 818.23KB
2026-8-30 16:45:33-debug: 查询 Asset Bundle start, progress: 5%
2026-8-30 16:45:33-debug: refresh db internal success
2026-8-30 16:45:33-debug: %cImport%c: D:\GameByself\Cocos\Project1\assets\Scripts\Car.tsbackground: #aaff85; color: #000;color: #000;
2026-8-30 16:45:33-debug: // ---- build task 查询 Asset Bundle ---- (10ms)
2026-8-30 16:45:33-log: run build task 查询 Asset Bundle success in 10 ms√, progress: 10%
2026-8-30 16:45:33-debug: [Build Memory track]: 查询 Asset Bundle start:234.16MB, end 233.61MB, increase: -556.11KB
2026-8-30 16:45:33-debug: 整理部分构建选项内数据到 settings.json start, progress: 10%
2026-8-30 16:45:33-debug: // ---- build task 整理部分构建选项内数据到 settings.json ----
2026-8-30 16:45:33-debug: // ---- build task 整理部分构建选项内数据到 settings.json ---- (8ms)
2026-8-30 16:45:33-log: run build task 整理部分构建选项内数据到 settings.json success in 8 ms√, progress: 12%
2026-8-30 16:45:33-debug: 填充脚本数据到 settings.json start, progress: 12%
2026-8-30 16:45:33-debug: [Build Memory track]: 整理部分构建选项内数据到 settings.json start:233.64MB, end 233.71MB, increase: 65.68KB
2026-8-30 16:45:33-debug: // ---- build task 填充脚本数据到 settings.json ----
2026-8-30 16:45:33-debug: refresh db assets success
2026-8-30 16:45:33-debug: Run asset db hook engine-extends:afterRefresh success!
2026-8-30 16:45:33-debug: // ---- build task 填充脚本数据到 settings.json ---- (3ms)
2026-8-30 16:45:33-log: run build task 填充脚本数据到 settings.json success in 3 ms√, progress: 13%
2026-8-30 16:45:33-debug: [Build Memory track]: 填充脚本数据到 settings.json start:233.74MB, end 233.82MB, increase: 81.95KB
2026-8-30 16:45:33-debug: 整理部分构建选项内数据到 settings.json start, progress: 13%
2026-8-30 16:45:33-debug: Run asset db hook engine-extends:afterRefresh ...
2026-8-30 16:45:33-debug: // ---- build task 整理部分构建选项内数据到 settings.json ----
2026-8-30 16:45:33-debug: asset-db:refresh-all-database (247ms)
2026-8-30 16:45:33-debug: asset-db:worker-effect-data-processing (7ms)
2026-8-30 16:45:33-debug: asset-db-hook-engine-extends-afterRefresh (7ms)
2026-8-30 16:45:33-debug: // ---- build task 整理部分构建选项内数据到 settings.json ---- (19ms)
2026-8-30 16:45:33-log: run build task 整理部分构建选项内数据到 settings.json success in 19 ms√, progress: 15%
2026-8-30 16:45:33-debug: [Build Memory track]: 整理部分构建选项内数据到 settings.json start:233.85MB, end 233.37MB, increase: -494.42KB
2026-8-30 16:45:34-debug: Query all assets info in project
2026-8-30 16:45:34-debug: init custom config: keepNodeUuid: false, useCache: true
2026-8-30 16:45:34-debug: Skip compress image, progress: 0%
2026-8-30 16:45:34-debug: Init all bundles start..., progress: 0%
2026-8-30 16:45:34-debug: Num of bundles: 3..., progress: 0%
2026-8-30 16:45:34-debug: 查询 Asset Bundle start, progress: 0%
2026-8-30 16:45:34-debug: // ---- build task 查询 Asset Bundle ----
2026-8-30 16:45:34-debug: Init bundle root assets start..., progress: 0%
2026-8-30 16:45:34-debug: Query preload assets/scripts from cc.config.json: 60f7195c-ec2a-45eb-ba94-8955f60e81d0,1c02ae6f-4492-4915-b8f8-7492a3b1e4cd,810e96e4-e456-4468-9b59-f4e8f39732c0,efe8e2a3-eace-427b-b4f1-cb8a937ec77d,e9aa9a3e-5b2b-4ac7-a2c7-073de2b2b24f,8bbdbcdd-5cd4-4100-b6d5-b7c9625b6107,50f4348b-c883-4e2f-8f11-ce233b859fa1,fda095cb-831d-4601-ad94-846013963de8,f92806d7-1768-443f-afe8-12bcde84d0f0,dd3a144d-ab7f-41f0-82b8-2e43a090d496,f0416e68-0200-4b77-a926-4f9d16e494da,511d2633-09a7-4bdd-ac42-f778032124b3,5d45aa00-e064-4938-b314-4265f0c2258c,9361fd90-ba52-4f84-aa93-6e878fd576ca,970b0598-bcb0-4714-91fb-2e81440dccd8,bcd64cc6-2dd9-43f6-abbe-66318d332032,d930590d-bb92-4cc8-8bd1-23cd027f9edf,a3cd009f-0ab0-420d-9278-b9fdab939bbc,6a2d0734-bd9e-4ddf-946e-caa52498cb75,c27215d8-6835-4b68-bfbb-bdeac6100c04,b5d6115f-0370-4d7c-aad3-c194cc71cf98,d1346436-ac96-4271-b863-1f4fdead95b0,971bdb23-3ff6-43eb-b422-1c30165a3663,17debcc3-0a6b-4b8a-b00b-dc58b885581e,711ebe11-f673-4cd9-9a83-63c60ba54c5b,c0143906-9aed-447e-9436-2ae8512d1b6e,14da1725-c4c2-42b4-ab08-ee0aeb6898b3,081cab31-dccd-428e-8652-f2404cc81c47,78e0584a-4343-4727-8f37-e14e65c2a2db,ba21476f-2866-4f81-9c4d-6e359316e448,871c3b6c-7379-419d-bda3-794b239ab90d,1d08ef62-a503-4ce2-8b9a-46c90873f7d3,ff9b0199-ce04-4cfe-86cc-6c719f08d6e4,de1c2107-70c8-4021-8459-6399f24d01c6,cbf30902-517f-40dc-af90-a550bac27cf1,5c601d96-e4c7-4698-991b-7ee674b11079
2026-8-30 16:45:34-debug:   Number of all scenes: 1
2026-8-30 16:45:34-debug:   Number of other assets: 318
2026-8-30 16:45:34-debug: Init bundle root assets success..., progress: 0%
2026-8-30 16:45:34-debug:   Number of all scripts: 7
2026-8-30 16:45:34-log: run build task 查询 Asset Bundle success in 11 ms√, progress: 5%
2026-8-30 16:45:34-debug: [Build Memory track]: 查询 Asset Bundle start:233.88MB, end 233.64MB, increase: -248.84KB
2026-8-30 16:45:34-debug: // ---- build task 查询 Asset Bundle ---- (11ms)
2026-8-30 16:45:34-debug: 查询 Asset Bundle start, progress: 5%
2026-8-30 16:45:34-debug: // ---- build task 查询 Asset Bundle ----
2026-8-30 16:45:34-debug: // ---- build task 查询 Asset Bundle ---- (3ms)
2026-8-30 16:45:34-log: run build task 查询 Asset Bundle success in 3 ms√, progress: 10%
2026-8-30 16:45:34-debug: 整理部分构建选项内数据到 settings.json start, progress: 10%
2026-8-30 16:45:34-debug: [Build Memory track]: 查询 Asset Bundle start:233.67MB, end 233.78MB, increase: 110.18KB
2026-8-30 16:45:34-debug: // ---- build task 整理部分构建选项内数据到 settings.json ----
2026-8-30 16:45:34-debug: // ---- build task 整理部分构建选项内数据到 settings.json ---- (1ms)
2026-8-30 16:45:34-log: run build task 整理部分构建选项内数据到 settings.json success in 1 ms√, progress: 12%
2026-8-30 16:45:34-debug: [Build Memory track]: 整理部分构建选项内数据到 settings.json start:233.82MB, end 233.84MB, increase: 27.24KB
2026-8-30 16:45:34-debug: 填充脚本数据到 settings.json start, progress: 12%
2026-8-30 16:45:34-debug: // ---- build task 填充脚本数据到 settings.json ----
2026-8-30 16:45:34-debug: // ---- build task 填充脚本数据到 settings.json ---- (1ms)
2026-8-30 16:45:34-log: run build task 填充脚本数据到 settings.json success in 1 ms√, progress: 13%
2026-8-30 16:45:34-debug: 整理部分构建选项内数据到 settings.json start, progress: 13%
2026-8-30 16:45:34-debug: [Build Memory track]: 填充脚本数据到 settings.json start:233.87MB, end 233.91MB, increase: 33.87KB
2026-8-30 16:45:34-debug: // ---- build task 整理部分构建选项内数据到 settings.json ----
2026-8-30 16:45:34-debug: // ---- build task 整理部分构建选项内数据到 settings.json ---- (5ms)
2026-8-30 16:45:34-log: run build task 整理部分构建选项内数据到 settings.json success in 5 ms√, progress: 15%
2026-8-30 16:45:34-debug: [Build Memory track]: 整理部分构建选项内数据到 settings.json start:233.94MB, end 234.06MB, increase: 129.39KB
2026-8-30 16:45:57-debug: Query all assets info in project
2026-8-30 16:45:57-debug: init custom config: keepNodeUuid: false, useCache: true
2026-8-30 16:45:57-debug: Skip compress image, progress: 0%
2026-8-30 16:45:57-debug: Init all bundles start..., progress: 0%
2026-8-30 16:45:57-debug: Num of bundles: 3..., progress: 0%
2026-8-30 16:45:57-debug: 查询 Asset Bundle start, progress: 0%
2026-8-30 16:45:57-debug: // ---- build task 查询 Asset Bundle ----
2026-8-30 16:45:57-debug: Init bundle root assets start..., progress: 0%
2026-8-30 16:45:57-debug: Query preload assets/scripts from cc.config.json: 60f7195c-ec2a-45eb-ba94-8955f60e81d0,1c02ae6f-4492-4915-b8f8-7492a3b1e4cd,810e96e4-e456-4468-9b59-f4e8f39732c0,efe8e2a3-eace-427b-b4f1-cb8a937ec77d,e9aa9a3e-5b2b-4ac7-a2c7-073de2b2b24f,8bbdbcdd-5cd4-4100-b6d5-b7c9625b6107,50f4348b-c883-4e2f-8f11-ce233b859fa1,fda095cb-831d-4601-ad94-846013963de8,f92806d7-1768-443f-afe8-12bcde84d0f0,dd3a144d-ab7f-41f0-82b8-2e43a090d496,f0416e68-0200-4b77-a926-4f9d16e494da,511d2633-09a7-4bdd-ac42-f778032124b3,5d45aa00-e064-4938-b314-4265f0c2258c,9361fd90-ba52-4f84-aa93-6e878fd576ca,970b0598-bcb0-4714-91fb-2e81440dccd8,bcd64cc6-2dd9-43f6-abbe-66318d332032,d930590d-bb92-4cc8-8bd1-23cd027f9edf,a3cd009f-0ab0-420d-9278-b9fdab939bbc,6a2d0734-bd9e-4ddf-946e-caa52498cb75,c27215d8-6835-4b68-bfbb-bdeac6100c04,b5d6115f-0370-4d7c-aad3-c194cc71cf98,d1346436-ac96-4271-b863-1f4fdead95b0,971bdb23-3ff6-43eb-b422-1c30165a3663,17debcc3-0a6b-4b8a-b00b-dc58b885581e,711ebe11-f673-4cd9-9a83-63c60ba54c5b,c0143906-9aed-447e-9436-2ae8512d1b6e,14da1725-c4c2-42b4-ab08-ee0aeb6898b3,081cab31-dccd-428e-8652-f2404cc81c47,78e0584a-4343-4727-8f37-e14e65c2a2db,ba21476f-2866-4f81-9c4d-6e359316e448,871c3b6c-7379-419d-bda3-794b239ab90d,1d08ef62-a503-4ce2-8b9a-46c90873f7d3,ff9b0199-ce04-4cfe-86cc-6c719f08d6e4,de1c2107-70c8-4021-8459-6399f24d01c6,cbf30902-517f-40dc-af90-a550bac27cf1,5c601d96-e4c7-4698-991b-7ee674b11079
2026-8-30 16:45:57-debug:   Number of all scripts: 7
2026-8-30 16:45:57-debug:   Number of other assets: 318
2026-8-30 16:45:57-debug: Init bundle root assets success..., progress: 0%
2026-8-30 16:45:57-debug:   Number of all scenes: 1
2026-8-30 16:45:57-debug: // ---- build task 查询 Asset Bundle ---- (24ms)
2026-8-30 16:45:57-log: run build task 查询 Asset Bundle success in 24 ms√, progress: 5%
2026-8-30 16:45:57-debug: 查询 Asset Bundle start, progress: 5%
2026-8-30 16:45:57-debug: [Build Memory track]: 查询 Asset Bundle start:235.25MB, end 234.83MB, increase: -426.51KB
2026-8-30 16:45:57-debug: // ---- build task 查询 Asset Bundle ----
2026-8-30 16:45:57-debug: refresh db internal success
2026-8-30 16:45:57-debug: // ---- build task 查询 Asset Bundle ---- (17ms)
2026-8-30 16:45:57-log: run build task 查询 Asset Bundle success in 17 ms√, progress: 10%
2026-8-30 16:45:57-debug: 整理部分构建选项内数据到 settings.json start, progress: 10%
2026-8-30 16:45:57-debug: [Build Memory track]: 查询 Asset Bundle start:234.86MB, end 234.98MB, increase: 120.22KB
2026-8-30 16:45:57-debug: // ---- build task 整理部分构建选项内数据到 settings.json ----
2026-8-30 16:45:57-debug: %cImport%c: D:\GameByself\Cocos\Project1\assets\Scripts\Car.tsbackground: #aaff85; color: #000;color: #000;
2026-8-30 16:45:57-debug: // ---- build task 整理部分构建选项内数据到 settings.json ---- (6ms)
2026-8-30 16:45:57-log: run build task 整理部分构建选项内数据到 settings.json success in 6 ms√, progress: 12%
2026-8-30 16:45:57-debug: 填充脚本数据到 settings.json start, progress: 12%
2026-8-30 16:45:57-debug: [Build Memory track]: 整理部分构建选项内数据到 settings.json start:235.01MB, end 235.09MB, increase: 82.10KB
2026-8-30 16:45:57-debug: // ---- build task 填充脚本数据到 settings.json ----
2026-8-30 16:45:57-debug: // ---- build task 填充脚本数据到 settings.json ---- (4ms)
2026-8-30 16:45:57-log: run build task 填充脚本数据到 settings.json success in 4 ms√, progress: 13%
2026-8-30 16:45:57-debug: 整理部分构建选项内数据到 settings.json start, progress: 13%
2026-8-30 16:45:57-debug: [Build Memory track]: 填充脚本数据到 settings.json start:235.12MB, end 235.17MB, increase: 52.25KB
2026-8-30 16:45:57-debug: // ---- build task 整理部分构建选项内数据到 settings.json ----
2026-8-30 16:45:57-debug: refresh db assets success
2026-8-30 16:45:57-debug: Run asset db hook engine-extends:afterRefresh ...
2026-8-30 16:45:57-debug: Run asset db hook engine-extends:afterRefresh success!
2026-8-30 16:45:57-debug: asset-db:refresh-all-database (225ms)
2026-8-30 16:45:57-debug: asset-db:worker-effect-data-processing (11ms)
2026-8-30 16:45:57-debug: asset-db-hook-engine-extends-afterRefresh (12ms)
2026-8-30 16:45:57-debug: // ---- build task 整理部分构建选项内数据到 settings.json ---- (33ms)
2026-8-30 16:45:57-log: run build task 整理部分构建选项内数据到 settings.json success in 33 ms√, progress: 15%
2026-8-30 16:45:57-debug: [Build Memory track]: 整理部分构建选项内数据到 settings.json start:235.20MB, end 234.75MB, increase: -466.08KB
2026-8-30 16:45:58-debug: Query all assets info in project
2026-8-30 16:45:58-debug: init custom config: keepNodeUuid: false, useCache: true
2026-8-30 16:45:58-debug: Skip compress image, progress: 0%
2026-8-30 16:45:58-debug: Init all bundles start..., progress: 0%
2026-8-30 16:45:58-debug: Num of bundles: 3..., progress: 0%
2026-8-30 16:45:58-debug: 查询 Asset Bundle start, progress: 0%
2026-8-30 16:45:58-debug: // ---- build task 查询 Asset Bundle ----
2026-8-30 16:45:58-debug: Init bundle root assets start..., progress: 0%
2026-8-30 16:45:58-debug: Query preload assets/scripts from cc.config.json: 60f7195c-ec2a-45eb-ba94-8955f60e81d0,1c02ae6f-4492-4915-b8f8-7492a3b1e4cd,810e96e4-e456-4468-9b59-f4e8f39732c0,efe8e2a3-eace-427b-b4f1-cb8a937ec77d,e9aa9a3e-5b2b-4ac7-a2c7-073de2b2b24f,8bbdbcdd-5cd4-4100-b6d5-b7c9625b6107,50f4348b-c883-4e2f-8f11-ce233b859fa1,fda095cb-831d-4601-ad94-846013963de8,f92806d7-1768-443f-afe8-12bcde84d0f0,dd3a144d-ab7f-41f0-82b8-2e43a090d496,f0416e68-0200-4b77-a926-4f9d16e494da,511d2633-09a7-4bdd-ac42-f778032124b3,5d45aa00-e064-4938-b314-4265f0c2258c,9361fd90-ba52-4f84-aa93-6e878fd576ca,970b0598-bcb0-4714-91fb-2e81440dccd8,bcd64cc6-2dd9-43f6-abbe-66318d332032,d930590d-bb92-4cc8-8bd1-23cd027f9edf,a3cd009f-0ab0-420d-9278-b9fdab939bbc,6a2d0734-bd9e-4ddf-946e-caa52498cb75,c27215d8-6835-4b68-bfbb-bdeac6100c04,b5d6115f-0370-4d7c-aad3-c194cc71cf98,d1346436-ac96-4271-b863-1f4fdead95b0,971bdb23-3ff6-43eb-b422-1c30165a3663,17debcc3-0a6b-4b8a-b00b-dc58b885581e,711ebe11-f673-4cd9-9a83-63c60ba54c5b,c0143906-9aed-447e-9436-2ae8512d1b6e,14da1725-c4c2-42b4-ab08-ee0aeb6898b3,081cab31-dccd-428e-8652-f2404cc81c47,78e0584a-4343-4727-8f37-e14e65c2a2db,ba21476f-2866-4f81-9c4d-6e359316e448,871c3b6c-7379-419d-bda3-794b239ab90d,1d08ef62-a503-4ce2-8b9a-46c90873f7d3,ff9b0199-ce04-4cfe-86cc-6c719f08d6e4,de1c2107-70c8-4021-8459-6399f24d01c6,cbf30902-517f-40dc-af90-a550bac27cf1,5c601d96-e4c7-4698-991b-7ee674b11079
2026-8-30 16:45:58-debug:   Number of all scenes: 1
2026-8-30 16:45:58-debug:   Number of all scripts: 7
2026-8-30 16:45:58-debug:   Number of other assets: 318
2026-8-30 16:45:58-debug: Init bundle root assets success..., progress: 0%
2026-8-30 16:45:58-debug: // ---- build task 查询 Asset Bundle ---- (9ms)
2026-8-30 16:45:58-debug: [Build Memory track]: 查询 Asset Bundle start:235.28MB, end 235.05MB, increase: -234.21KB
2026-8-30 16:45:58-log: run build task 查询 Asset Bundle success in 9 ms√, progress: 5%
2026-8-30 16:45:58-debug: 查询 Asset Bundle start, progress: 5%
2026-8-30 16:45:58-debug: // ---- build task 查询 Asset Bundle ----
2026-8-30 16:45:58-debug: // ---- build task 查询 Asset Bundle ---- (3ms)
2026-8-30 16:45:58-log: run build task 查询 Asset Bundle success in 3 ms√, progress: 10%
2026-8-30 16:45:58-debug: 整理部分构建选项内数据到 settings.json start, progress: 10%
2026-8-30 16:45:58-debug: // ---- build task 整理部分构建选项内数据到 settings.json ----
2026-8-30 16:45:58-debug: [Build Memory track]: 查询 Asset Bundle start:235.08MB, end 235.19MB, increase: 108.14KB
2026-8-30 16:45:58-debug: // ---- build task 整理部分构建选项内数据到 settings.json ---- (1ms)
2026-8-30 16:45:58-log: run build task 整理部分构建选项内数据到 settings.json success in 1 ms√, progress: 12%
2026-8-30 16:45:58-debug: [Build Memory track]: 整理部分构建选项内数据到 settings.json start:235.22MB, end 235.24MB, increase: 26.77KB
2026-8-30 16:45:58-debug: // ---- build task 填充脚本数据到 settings.json ----
2026-8-30 16:45:58-debug: 填充脚本数据到 settings.json start, progress: 12%
2026-8-30 16:45:58-debug: // ---- build task 填充脚本数据到 settings.json ---- (1ms)
2026-8-30 16:45:58-debug: [Build Memory track]: 填充脚本数据到 settings.json start:235.28MB, end 235.30MB, increase: 25.68KB
2026-8-30 16:45:58-log: run build task 填充脚本数据到 settings.json success in 1 ms√, progress: 13%
2026-8-30 16:45:58-debug: // ---- build task 整理部分构建选项内数据到 settings.json ----
2026-8-30 16:45:58-debug: 整理部分构建选项内数据到 settings.json start, progress: 13%
2026-8-30 16:45:58-debug: // ---- build task 整理部分构建选项内数据到 settings.json ---- (5ms)
2026-8-30 16:45:58-log: run build task 整理部分构建选项内数据到 settings.json success in 5 ms√, progress: 15%
2026-8-30 16:45:58-debug: [Build Memory track]: 整理部分构建选项内数据到 settings.json start:235.34MB, end 235.46MB, increase: 129.68KB
2026-8-30 16:46:01-debug: refresh db internal success
2026-8-30 16:46:01-debug: refresh db assets success
2026-8-30 16:46:01-debug: Run asset db hook engine-extends:afterRefresh ...
2026-8-30 16:46:01-debug: Run asset db hook engine-extends:afterRefresh success!
2026-8-30 16:46:01-debug: asset-db:refresh-all-database (103ms)
2026-8-30 16:46:01-debug: asset-db:worker-effect-data-processing (2ms)
2026-8-30 16:46:01-debug: asset-db-hook-engine-extends-afterRefresh (2ms)
2026-8-30 16:47:54-debug: Query all assets info in project
2026-8-30 16:47:54-debug: init custom config: keepNodeUuid: false, useCache: true
2026-8-30 16:47:54-debug: Skip compress image, progress: 0%
2026-8-30 16:47:54-debug: refresh db internal success
2026-8-30 16:47:54-debug: %cImport%c: D:\GameByself\Cocos\Project1\assets\Scripts\Car.tsbackground: #aaff85; color: #000;color: #000;
2026-8-30 16:47:54-debug: Init all bundles start..., progress: 0%
2026-8-30 16:47:54-debug: // ---- build task 查询 Asset Bundle ----
2026-8-30 16:47:54-debug: 查询 Asset Bundle start, progress: 0%
2026-8-30 16:47:54-debug: Num of bundles: 3..., progress: 0%
2026-8-30 16:47:54-debug: Init bundle root assets start..., progress: 0%
2026-8-30 16:47:54-debug: refresh db assets success
2026-8-30 16:47:54-debug: Run asset db hook engine-extends:afterRefresh success!
2026-8-30 16:47:54-debug: Run asset db hook engine-extends:afterRefresh ...
2026-8-30 16:47:54-debug: Query preload assets/scripts from cc.config.json: 60f7195c-ec2a-45eb-ba94-8955f60e81d0,1c02ae6f-4492-4915-b8f8-7492a3b1e4cd,810e96e4-e456-4468-9b59-f4e8f39732c0,efe8e2a3-eace-427b-b4f1-cb8a937ec77d,e9aa9a3e-5b2b-4ac7-a2c7-073de2b2b24f,8bbdbcdd-5cd4-4100-b6d5-b7c9625b6107,50f4348b-c883-4e2f-8f11-ce233b859fa1,fda095cb-831d-4601-ad94-846013963de8,f92806d7-1768-443f-afe8-12bcde84d0f0,dd3a144d-ab7f-41f0-82b8-2e43a090d496,f0416e68-0200-4b77-a926-4f9d16e494da,511d2633-09a7-4bdd-ac42-f778032124b3,5d45aa00-e064-4938-b314-4265f0c2258c,9361fd90-ba52-4f84-aa93-6e878fd576ca,970b0598-bcb0-4714-91fb-2e81440dccd8,bcd64cc6-2dd9-43f6-abbe-66318d332032,d930590d-bb92-4cc8-8bd1-23cd027f9edf,a3cd009f-0ab0-420d-9278-b9fdab939bbc,6a2d0734-bd9e-4ddf-946e-caa52498cb75,c27215d8-6835-4b68-bfbb-bdeac6100c04,b5d6115f-0370-4d7c-aad3-c194cc71cf98,d1346436-ac96-4271-b863-1f4fdead95b0,971bdb23-3ff6-43eb-b422-1c30165a3663,17debcc3-0a6b-4b8a-b00b-dc58b885581e,711ebe11-f673-4cd9-9a83-63c60ba54c5b,c0143906-9aed-447e-9436-2ae8512d1b6e,14da1725-c4c2-42b4-ab08-ee0aeb6898b3,081cab31-dccd-428e-8652-f2404cc81c47,78e0584a-4343-4727-8f37-e14e65c2a2db,ba21476f-2866-4f81-9c4d-6e359316e448,871c3b6c-7379-419d-bda3-794b239ab90d,1d08ef62-a503-4ce2-8b9a-46c90873f7d3,ff9b0199-ce04-4cfe-86cc-6c719f08d6e4,de1c2107-70c8-4021-8459-6399f24d01c6,cbf30902-517f-40dc-af90-a550bac27cf1,5c601d96-e4c7-4698-991b-7ee674b11079
2026-8-30 16:47:54-debug:   Number of all scripts: 7
2026-8-30 16:47:54-debug: Init bundle root assets success..., progress: 0%
2026-8-30 16:47:54-debug:   Number of other assets: 318
2026-8-30 16:47:54-debug: asset-db:refresh-all-database (218ms)
2026-8-30 16:47:54-debug: asset-db:worker-effect-data-processing (7ms)
2026-8-30 16:47:54-debug:   Number of all scenes: 1
2026-8-30 16:47:54-debug: asset-db-hook-engine-extends-afterRefresh (8ms)
2026-8-30 16:47:54-debug: // ---- build task 查询 Asset Bundle ---- (24ms)
2026-8-30 16:47:54-log: run build task 查询 Asset Bundle success in 24 ms√, progress: 5%
2026-8-30 16:47:54-debug: [Build Memory track]: 查询 Asset Bundle start:236.94MB, end 236.83MB, increase: -107.63KB
2026-8-30 16:47:54-debug: // ---- build task 查询 Asset Bundle ----
2026-8-30 16:47:54-debug: 查询 Asset Bundle start, progress: 5%
2026-8-30 16:47:54-debug: // ---- build task 查询 Asset Bundle ---- (13ms)
2026-8-30 16:47:54-log: run build task 查询 Asset Bundle success in 13 ms√, progress: 10%
2026-8-30 16:47:54-debug: [Build Memory track]: 查询 Asset Bundle start:236.86MB, end 237.04MB, increase: 183.40KB
2026-8-30 16:47:54-debug: // ---- build task 整理部分构建选项内数据到 settings.json ----
2026-8-30 16:47:54-debug: 整理部分构建选项内数据到 settings.json start, progress: 10%
2026-8-30 16:47:54-debug: // ---- build task 整理部分构建选项内数据到 settings.json ---- (2ms)
2026-8-30 16:47:54-log: run build task 整理部分构建选项内数据到 settings.json success in 2 ms√, progress: 12%
2026-8-30 16:47:54-debug: [Build Memory track]: 整理部分构建选项内数据到 settings.json start:237.07MB, end 237.10MB, increase: 27.68KB
2026-8-30 16:47:54-debug: 填充脚本数据到 settings.json start, progress: 12%
2026-8-30 16:47:54-debug: // ---- build task 填充脚本数据到 settings.json ----
2026-8-30 16:47:54-log: run build task 填充脚本数据到 settings.json success in 2 ms√, progress: 13%
2026-8-30 16:47:54-debug: [Build Memory track]: 填充脚本数据到 settings.json start:237.13MB, end 237.16MB, increase: 27.05KB
2026-8-30 16:47:54-debug: 整理部分构建选项内数据到 settings.json start, progress: 13%
2026-8-30 16:47:54-debug: // ---- build task 填充脚本数据到 settings.json ---- (2ms)
2026-8-30 16:47:54-debug: // ---- build task 整理部分构建选项内数据到 settings.json ----
2026-8-30 16:47:54-debug: // ---- build task 整理部分构建选项内数据到 settings.json ---- (10ms)
2026-8-30 16:47:54-log: run build task 整理部分构建选项内数据到 settings.json success in 10 ms√, progress: 15%
2026-8-30 16:47:54-debug: [Build Memory track]: 整理部分构建选项内数据到 settings.json start:237.19MB, end 236.57MB, increase: -632.20KB
2026-8-30 16:47:55-debug: Query all assets info in project
2026-8-30 16:47:55-debug: init custom config: keepNodeUuid: false, useCache: true
2026-8-30 16:47:55-debug: Skip compress image, progress: 0%
2026-8-30 16:47:55-debug: Init all bundles start..., progress: 0%
2026-8-30 16:47:55-debug: 查询 Asset Bundle start, progress: 0%
2026-8-30 16:47:55-debug: // ---- build task 查询 Asset Bundle ----
2026-8-30 16:47:55-debug: Num of bundles: 3..., progress: 0%
2026-8-30 16:47:55-debug: Init bundle root assets start..., progress: 0%
2026-8-30 16:47:55-debug: Query preload assets/scripts from cc.config.json: 60f7195c-ec2a-45eb-ba94-8955f60e81d0,1c02ae6f-4492-4915-b8f8-7492a3b1e4cd,810e96e4-e456-4468-9b59-f4e8f39732c0,efe8e2a3-eace-427b-b4f1-cb8a937ec77d,e9aa9a3e-5b2b-4ac7-a2c7-073de2b2b24f,8bbdbcdd-5cd4-4100-b6d5-b7c9625b6107,50f4348b-c883-4e2f-8f11-ce233b859fa1,fda095cb-831d-4601-ad94-846013963de8,f92806d7-1768-443f-afe8-12bcde84d0f0,dd3a144d-ab7f-41f0-82b8-2e43a090d496,f0416e68-0200-4b77-a926-4f9d16e494da,511d2633-09a7-4bdd-ac42-f778032124b3,5d45aa00-e064-4938-b314-4265f0c2258c,9361fd90-ba52-4f84-aa93-6e878fd576ca,970b0598-bcb0-4714-91fb-2e81440dccd8,bcd64cc6-2dd9-43f6-abbe-66318d332032,d930590d-bb92-4cc8-8bd1-23cd027f9edf,a3cd009f-0ab0-420d-9278-b9fdab939bbc,6a2d0734-bd9e-4ddf-946e-caa52498cb75,c27215d8-6835-4b68-bfbb-bdeac6100c04,b5d6115f-0370-4d7c-aad3-c194cc71cf98,d1346436-ac96-4271-b863-1f4fdead95b0,971bdb23-3ff6-43eb-b422-1c30165a3663,17debcc3-0a6b-4b8a-b00b-dc58b885581e,711ebe11-f673-4cd9-9a83-63c60ba54c5b,c0143906-9aed-447e-9436-2ae8512d1b6e,14da1725-c4c2-42b4-ab08-ee0aeb6898b3,081cab31-dccd-428e-8652-f2404cc81c47,78e0584a-4343-4727-8f37-e14e65c2a2db,ba21476f-2866-4f81-9c4d-6e359316e448,871c3b6c-7379-419d-bda3-794b239ab90d,1d08ef62-a503-4ce2-8b9a-46c90873f7d3,ff9b0199-ce04-4cfe-86cc-6c719f08d6e4,de1c2107-70c8-4021-8459-6399f24d01c6,cbf30902-517f-40dc-af90-a550bac27cf1,5c601d96-e4c7-4698-991b-7ee674b11079
2026-8-30 16:47:55-debug:   Number of all scenes: 1
2026-8-30 16:47:55-debug:   Number of all scripts: 7
2026-8-30 16:47:55-debug:   Number of other assets: 318
2026-8-30 16:47:55-debug: Init bundle root assets success..., progress: 0%
2026-8-30 16:47:55-debug: // ---- build task 查询 Asset Bundle ---- (9ms)
2026-8-30 16:47:55-log: run build task 查询 Asset Bundle success in 9 ms√, progress: 5%
2026-8-30 16:47:55-debug: 查询 Asset Bundle start, progress: 5%
2026-8-30 16:47:55-debug: [Build Memory track]: 查询 Asset Bundle start:237.11MB, end 236.86MB, increase: -259.15KB
2026-8-30 16:47:55-debug: // ---- build task 查询 Asset Bundle ----
2026-8-30 16:47:55-log: run build task 查询 Asset Bundle success in 4 ms√, progress: 10%
2026-8-30 16:47:55-debug: [Build Memory track]: 查询 Asset Bundle start:236.89MB, end 236.99MB, increase: 103.59KB
2026-8-30 16:47:55-debug: 整理部分构建选项内数据到 settings.json start, progress: 10%
2026-8-30 16:47:55-debug: // ---- build task 查询 Asset Bundle ---- (4ms)
2026-8-30 16:47:55-debug: // ---- build task 整理部分构建选项内数据到 settings.json ----
2026-8-30 16:47:55-debug: // ---- build task 整理部分构建选项内数据到 settings.json ---- (2ms)
2026-8-30 16:47:55-debug: [Build Memory track]: 整理部分构建选项内数据到 settings.json start:237.02MB, end 237.05MB, increase: 27.68KB
2026-8-30 16:47:55-debug: 填充脚本数据到 settings.json start, progress: 12%
2026-8-30 16:47:55-log: run build task 整理部分构建选项内数据到 settings.json success in 2 ms√, progress: 12%
2026-8-30 16:47:55-debug: // ---- build task 填充脚本数据到 settings.json ----
2026-8-30 16:47:55-debug: // ---- build task 填充脚本数据到 settings.json ---- (3ms)
2026-8-30 16:47:55-log: run build task 填充脚本数据到 settings.json success in 3 ms√, progress: 13%
2026-8-30 16:47:55-debug: [Build Memory track]: 填充脚本数据到 settings.json start:237.08MB, end 237.10MB, increase: 27.00KB
2026-8-30 16:47:55-debug: 整理部分构建选项内数据到 settings.json start, progress: 13%
2026-8-30 16:47:55-debug: // ---- build task 整理部分构建选项内数据到 settings.json ----
2026-8-30 16:47:55-debug: // ---- build task 整理部分构建选项内数据到 settings.json ---- (5ms)
2026-8-30 16:47:55-log: run build task 整理部分构建选项内数据到 settings.json success in 5 ms√, progress: 15%
2026-8-30 16:47:55-debug: [Build Memory track]: 整理部分构建选项内数据到 settings.json start:237.14MB, end 237.26MB, increase: 128.84KB
2026-8-30 16:48:41-debug: refresh db internal success
2026-8-30 16:48:41-debug: %cImport%c: D:\GameByself\Cocos\Project1\assets\Scripts\Car.tsbackground: #aaff85; color: #000;color: #000;
2026-8-30 16:48:41-debug: refresh db assets success
2026-8-30 16:48:41-debug: Run asset db hook engine-extends:afterRefresh ...
2026-8-30 16:48:41-debug: Run asset db hook engine-extends:afterRefresh success!
2026-8-30 16:48:41-debug: asset-db:refresh-all-database (105ms)
2026-8-30 16:48:41-debug: asset-db:worker-effect-data-processing (1ms)
2026-8-30 16:48:41-debug: asset-db-hook-engine-extends-afterRefresh (2ms)
2026-8-30 16:48:43-debug: Query all assets info in project
2026-8-30 16:48:43-debug: init custom config: keepNodeUuid: false, useCache: true
2026-8-30 16:48:43-debug: Skip compress image, progress: 0%
2026-8-30 16:48:43-debug: Init all bundles start..., progress: 0%
2026-8-30 16:48:43-debug: Num of bundles: 3..., progress: 0%
2026-8-30 16:48:43-debug: 查询 Asset Bundle start, progress: 0%
2026-8-30 16:48:43-debug: // ---- build task 查询 Asset Bundle ----
2026-8-30 16:48:43-debug: Init bundle root assets start..., progress: 0%
2026-8-30 16:48:43-debug: Query preload assets/scripts from cc.config.json: 60f7195c-ec2a-45eb-ba94-8955f60e81d0,1c02ae6f-4492-4915-b8f8-7492a3b1e4cd,810e96e4-e456-4468-9b59-f4e8f39732c0,efe8e2a3-eace-427b-b4f1-cb8a937ec77d,e9aa9a3e-5b2b-4ac7-a2c7-073de2b2b24f,8bbdbcdd-5cd4-4100-b6d5-b7c9625b6107,50f4348b-c883-4e2f-8f11-ce233b859fa1,fda095cb-831d-4601-ad94-846013963de8,f92806d7-1768-443f-afe8-12bcde84d0f0,dd3a144d-ab7f-41f0-82b8-2e43a090d496,f0416e68-0200-4b77-a926-4f9d16e494da,511d2633-09a7-4bdd-ac42-f778032124b3,5d45aa00-e064-4938-b314-4265f0c2258c,9361fd90-ba52-4f84-aa93-6e878fd576ca,970b0598-bcb0-4714-91fb-2e81440dccd8,bcd64cc6-2dd9-43f6-abbe-66318d332032,d930590d-bb92-4cc8-8bd1-23cd027f9edf,a3cd009f-0ab0-420d-9278-b9fdab939bbc,6a2d0734-bd9e-4ddf-946e-caa52498cb75,c27215d8-6835-4b68-bfbb-bdeac6100c04,b5d6115f-0370-4d7c-aad3-c194cc71cf98,d1346436-ac96-4271-b863-1f4fdead95b0,971bdb23-3ff6-43eb-b422-1c30165a3663,17debcc3-0a6b-4b8a-b00b-dc58b885581e,711ebe11-f673-4cd9-9a83-63c60ba54c5b,c0143906-9aed-447e-9436-2ae8512d1b6e,14da1725-c4c2-42b4-ab08-ee0aeb6898b3,081cab31-dccd-428e-8652-f2404cc81c47,78e0584a-4343-4727-8f37-e14e65c2a2db,ba21476f-2866-4f81-9c4d-6e359316e448,871c3b6c-7379-419d-bda3-794b239ab90d,1d08ef62-a503-4ce2-8b9a-46c90873f7d3,ff9b0199-ce04-4cfe-86cc-6c719f08d6e4,de1c2107-70c8-4021-8459-6399f24d01c6,cbf30902-517f-40dc-af90-a550bac27cf1,5c601d96-e4c7-4698-991b-7ee674b11079
2026-8-30 16:48:43-debug:   Number of all scenes: 1
2026-8-30 16:48:43-debug:   Number of all scripts: 7
2026-8-30 16:48:43-debug:   Number of other assets: 318
2026-8-30 16:48:43-debug: Init bundle root assets success..., progress: 0%
2026-8-30 16:48:43-debug: // ---- build task 查询 Asset Bundle ---- (11ms)
2026-8-30 16:48:43-log: run build task 查询 Asset Bundle success in 11 ms√, progress: 5%
2026-8-30 16:48:43-debug: [Build Memory track]: 查询 Asset Bundle start:239.02MB, end 239.76MB, increase: 765.00KB
2026-8-30 16:48:43-debug: 查询 Asset Bundle start, progress: 5%
2026-8-30 16:48:43-debug: // ---- build task 查询 Asset Bundle ----
2026-8-30 16:48:43-log: run build task 查询 Asset Bundle success in 7 ms√, progress: 10%
2026-8-30 16:48:43-debug: 整理部分构建选项内数据到 settings.json start, progress: 10%
2026-8-30 16:48:43-debug: [Build Memory track]: 查询 Asset Bundle start:239.80MB, end 238.83MB, increase: -990.48KB
2026-8-30 16:48:43-debug: // ---- build task 查询 Asset Bundle ---- (7ms)
2026-8-30 16:48:43-debug: // ---- build task 整理部分构建选项内数据到 settings.json ----
2026-8-30 16:48:43-debug: // ---- build task 整理部分构建选项内数据到 settings.json ---- (3ms)
2026-8-30 16:48:43-log: run build task 整理部分构建选项内数据到 settings.json success in 3 ms√, progress: 12%
2026-8-30 16:48:43-debug: [Build Memory track]: 整理部分构建选项内数据到 settings.json start:238.86MB, end 238.96MB, increase: 101.53KB
2026-8-30 16:48:43-debug: 填充脚本数据到 settings.json start, progress: 12%
2026-8-30 16:48:43-debug: // ---- build task 填充脚本数据到 settings.json ----
2026-8-30 16:48:43-debug: // ---- build task 填充脚本数据到 settings.json ---- (4ms)
2026-8-30 16:48:43-log: run build task 填充脚本数据到 settings.json success in 4 ms√, progress: 13%
2026-8-30 16:48:43-debug: 整理部分构建选项内数据到 settings.json start, progress: 13%
2026-8-30 16:48:43-debug: // ---- build task 整理部分构建选项内数据到 settings.json ----
2026-8-30 16:48:43-debug: [Build Memory track]: 填充脚本数据到 settings.json start:238.99MB, end 238.94MB, increase: -47.00KB
2026-8-30 16:48:43-debug: refresh db internal success
2026-8-30 16:48:43-debug: refresh db assets success
2026-8-30 16:48:43-debug: Run asset db hook engine-extends:afterRefresh ...
2026-8-30 16:48:43-debug: Run asset db hook engine-extends:afterRefresh success!
2026-8-30 16:48:43-debug: asset-db:refresh-all-database (230ms)
2026-8-30 16:48:43-debug: asset-db:worker-effect-data-processing (2ms)
2026-8-30 16:48:43-debug: asset-db-hook-engine-extends-afterRefresh (2ms)
2026-8-30 16:48:44-debug: // ---- build task 整理部分构建选项内数据到 settings.json ---- (16ms)
2026-8-30 16:48:44-log: run build task 整理部分构建选项内数据到 settings.json success in 16 ms√, progress: 15%
2026-8-30 16:48:44-debug: [Build Memory track]: 整理部分构建选项内数据到 settings.json start:238.98MB, end 239.37MB, increase: 403.10KB
2026-8-30 16:48:47-debug: refresh db internal success
2026-8-30 16:48:47-debug: refresh db assets success
2026-8-30 16:48:47-debug: Run asset db hook engine-extends:afterRefresh ...
2026-8-30 16:48:47-debug: Run asset db hook engine-extends:afterRefresh success!
2026-8-30 16:48:47-debug: asset-db:refresh-all-database (98ms)
2026-8-30 16:48:47-debug: asset-db:worker-effect-data-processing (1ms)
2026-8-30 16:48:47-debug: asset-db-hook-engine-extends-afterRefresh (2ms)
2026-8-30 16:49:03-debug: refresh db internal success
2026-8-30 16:49:03-debug: refresh db assets success
2026-8-30 16:49:03-debug: Run asset db hook engine-extends:afterRefresh ...
2026-8-30 16:49:03-debug: Run asset db hook engine-extends:afterRefresh success!
2026-8-30 16:49:03-debug: asset-db:refresh-all-database (104ms)
2026-8-30 16:49:03-debug: asset-db:worker-effect-data-processing (3ms)
2026-8-30 16:49:03-debug: asset-db-hook-engine-extends-afterRefresh (3ms)
2026-8-30 16:50:11-debug: %cImport%c: D:\GameByself\Cocos\Project1\assets\Scenes\scene.scenebackground: #aaff85; color: #000;color: #000;
2026-8-30 16:50:11-debug: asset-db:reimport-assetcb02e093-8bba-4046-8e6e-d0462e7be5da (15ms)
2026-8-30 16:50:12-debug: Query all assets info in project
2026-8-30 16:50:12-debug: init custom config: keepNodeUuid: false, useCache: true
2026-8-30 16:50:12-debug: Skip compress image, progress: 0%
2026-8-30 16:50:12-debug: Init all bundles start..., progress: 0%
2026-8-30 16:50:12-debug: Num of bundles: 3..., progress: 0%
2026-8-30 16:50:12-debug: 查询 Asset Bundle start, progress: 0%
2026-8-30 16:50:12-debug: // ---- build task 查询 Asset Bundle ----
2026-8-30 16:50:12-debug: Init bundle root assets start..., progress: 0%
2026-8-30 16:50:12-debug: Query preload assets/scripts from cc.config.json: 60f7195c-ec2a-45eb-ba94-8955f60e81d0,1c02ae6f-4492-4915-b8f8-7492a3b1e4cd,810e96e4-e456-4468-9b59-f4e8f39732c0,efe8e2a3-eace-427b-b4f1-cb8a937ec77d,e9aa9a3e-5b2b-4ac7-a2c7-073de2b2b24f,8bbdbcdd-5cd4-4100-b6d5-b7c9625b6107,50f4348b-c883-4e2f-8f11-ce233b859fa1,fda095cb-831d-4601-ad94-846013963de8,f92806d7-1768-443f-afe8-12bcde84d0f0,dd3a144d-ab7f-41f0-82b8-2e43a090d496,f0416e68-0200-4b77-a926-4f9d16e494da,511d2633-09a7-4bdd-ac42-f778032124b3,5d45aa00-e064-4938-b314-4265f0c2258c,9361fd90-ba52-4f84-aa93-6e878fd576ca,970b0598-bcb0-4714-91fb-2e81440dccd8,bcd64cc6-2dd9-43f6-abbe-66318d332032,d930590d-bb92-4cc8-8bd1-23cd027f9edf,a3cd009f-0ab0-420d-9278-b9fdab939bbc,6a2d0734-bd9e-4ddf-946e-caa52498cb75,c27215d8-6835-4b68-bfbb-bdeac6100c04,b5d6115f-0370-4d7c-aad3-c194cc71cf98,d1346436-ac96-4271-b863-1f4fdead95b0,971bdb23-3ff6-43eb-b422-1c30165a3663,17debcc3-0a6b-4b8a-b00b-dc58b885581e,711ebe11-f673-4cd9-9a83-63c60ba54c5b,c0143906-9aed-447e-9436-2ae8512d1b6e,14da1725-c4c2-42b4-ab08-ee0aeb6898b3,081cab31-dccd-428e-8652-f2404cc81c47,78e0584a-4343-4727-8f37-e14e65c2a2db,ba21476f-2866-4f81-9c4d-6e359316e448,871c3b6c-7379-419d-bda3-794b239ab90d,1d08ef62-a503-4ce2-8b9a-46c90873f7d3,ff9b0199-ce04-4cfe-86cc-6c719f08d6e4,de1c2107-70c8-4021-8459-6399f24d01c6,cbf30902-517f-40dc-af90-a550bac27cf1,5c601d96-e4c7-4698-991b-7ee674b11079
2026-8-30 16:50:12-debug:   Number of all scenes: 1
2026-8-30 16:50:12-debug:   Number of all scripts: 7
2026-8-30 16:50:12-debug:   Number of other assets: 318
2026-8-30 16:50:12-debug: Init bundle root assets success..., progress: 0%
2026-8-30 16:50:12-log: run build task 查询 Asset Bundle success in 23 ms√, progress: 5%
2026-8-30 16:50:12-debug: [Build Memory track]: 查询 Asset Bundle start:240.56MB, end 240.43MB, increase: -129.51KB
2026-8-30 16:50:12-debug: 查询 Asset Bundle start, progress: 5%
2026-8-30 16:50:12-debug: // ---- build task 查询 Asset Bundle ---- (23ms)
2026-8-30 16:50:12-debug: // ---- build task 查询 Asset Bundle ----
2026-8-30 16:50:12-debug: [Build Memory track]: 查询 Asset Bundle start:240.46MB, end 240.56MB, increase: 103.54KB
2026-8-30 16:50:12-debug: 整理部分构建选项内数据到 settings.json start, progress: 10%
2026-8-30 16:50:12-debug: // ---- build task 查询 Asset Bundle ---- (22ms)
2026-8-30 16:50:12-log: run build task 查询 Asset Bundle success in 22 ms√, progress: 10%
2026-8-30 16:50:12-debug: // ---- build task 整理部分构建选项内数据到 settings.json ----
2026-8-30 16:50:12-debug: // ---- build task 整理部分构建选项内数据到 settings.json ---- (8ms)
2026-8-30 16:50:12-log: run build task 整理部分构建选项内数据到 settings.json success in 8 ms√, progress: 12%
2026-8-30 16:50:12-debug: [Build Memory track]: 整理部分构建选项内数据到 settings.json start:240.59MB, end 240.62MB, increase: 27.64KB
2026-8-30 16:50:12-debug: 填充脚本数据到 settings.json start, progress: 12%
2026-8-30 16:50:12-debug: // ---- build task 填充脚本数据到 settings.json ----
2026-8-30 16:50:12-debug: // ---- build task 填充脚本数据到 settings.json ---- (6ms)
2026-8-30 16:50:12-log: run build task 填充脚本数据到 settings.json success in 6 ms√, progress: 13%
2026-8-30 16:50:12-debug: 整理部分构建选项内数据到 settings.json start, progress: 13%
2026-8-30 16:50:12-debug: [Build Memory track]: 填充脚本数据到 settings.json start:240.65MB, end 240.68MB, increase: 26.82KB
2026-8-30 16:50:12-debug: // ---- build task 整理部分构建选项内数据到 settings.json ----
2026-8-30 16:50:12-debug: // ---- build task 整理部分构建选项内数据到 settings.json ---- (13ms)
2026-8-30 16:50:12-log: run build task 整理部分构建选项内数据到 settings.json success in 13 ms√, progress: 15%
2026-8-30 16:50:12-debug: [Build Memory track]: 整理部分构建选项内数据到 settings.json start:240.71MB, end 240.83MB, increase: 127.33KB
2026-8-30 16:50:20-debug: refresh db internal success
2026-8-30 16:50:20-debug: refresh db assets success
2026-8-30 16:50:20-debug: Run asset db hook engine-extends:afterRefresh ...
2026-8-30 16:50:20-debug: Run asset db hook engine-extends:afterRefresh success!
2026-8-30 16:50:20-debug: asset-db:refresh-all-database (108ms)
2026-8-30 16:50:20-debug: asset-db:worker-effect-data-processing (4ms)
2026-8-30 16:50:20-debug: asset-db-hook-engine-extends-afterRefresh (4ms)
2026-8-30 16:50:47-debug: Query all assets info in project
2026-8-30 16:50:47-debug: init custom config: keepNodeUuid: false, useCache: true
2026-8-30 16:50:47-debug: Skip compress image, progress: 0%
2026-8-30 16:50:47-debug: Init all bundles start..., progress: 0%
2026-8-30 16:50:47-debug: // ---- build task 查询 Asset Bundle ----
2026-8-30 16:50:47-debug: Num of bundles: 3..., progress: 0%
2026-8-30 16:50:47-debug: 查询 Asset Bundle start, progress: 0%
2026-8-30 16:50:47-debug: Init bundle root assets start..., progress: 0%
2026-8-30 16:50:47-debug: Query preload assets/scripts from cc.config.json: 60f7195c-ec2a-45eb-ba94-8955f60e81d0,1c02ae6f-4492-4915-b8f8-7492a3b1e4cd,810e96e4-e456-4468-9b59-f4e8f39732c0,efe8e2a3-eace-427b-b4f1-cb8a937ec77d,e9aa9a3e-5b2b-4ac7-a2c7-073de2b2b24f,8bbdbcdd-5cd4-4100-b6d5-b7c9625b6107,50f4348b-c883-4e2f-8f11-ce233b859fa1,fda095cb-831d-4601-ad94-846013963de8,f92806d7-1768-443f-afe8-12bcde84d0f0,dd3a144d-ab7f-41f0-82b8-2e43a090d496,f0416e68-0200-4b77-a926-4f9d16e494da,511d2633-09a7-4bdd-ac42-f778032124b3,5d45aa00-e064-4938-b314-4265f0c2258c,9361fd90-ba52-4f84-aa93-6e878fd576ca,970b0598-bcb0-4714-91fb-2e81440dccd8,bcd64cc6-2dd9-43f6-abbe-66318d332032,d930590d-bb92-4cc8-8bd1-23cd027f9edf,a3cd009f-0ab0-420d-9278-b9fdab939bbc,6a2d0734-bd9e-4ddf-946e-caa52498cb75,c27215d8-6835-4b68-bfbb-bdeac6100c04,b5d6115f-0370-4d7c-aad3-c194cc71cf98,d1346436-ac96-4271-b863-1f4fdead95b0,971bdb23-3ff6-43eb-b422-1c30165a3663,17debcc3-0a6b-4b8a-b00b-dc58b885581e,711ebe11-f673-4cd9-9a83-63c60ba54c5b,c0143906-9aed-447e-9436-2ae8512d1b6e,14da1725-c4c2-42b4-ab08-ee0aeb6898b3,081cab31-dccd-428e-8652-f2404cc81c47,78e0584a-4343-4727-8f37-e14e65c2a2db,ba21476f-2866-4f81-9c4d-6e359316e448,871c3b6c-7379-419d-bda3-794b239ab90d,1d08ef62-a503-4ce2-8b9a-46c90873f7d3,ff9b0199-ce04-4cfe-86cc-6c719f08d6e4,de1c2107-70c8-4021-8459-6399f24d01c6,cbf30902-517f-40dc-af90-a550bac27cf1,5c601d96-e4c7-4698-991b-7ee674b11079
2026-8-30 16:50:47-debug:   Number of all scenes: 1
2026-8-30 16:50:47-debug:   Number of other assets: 318
2026-8-30 16:50:47-debug: Init bundle root assets success..., progress: 0%
2026-8-30 16:50:47-debug: // ---- build task 查询 Asset Bundle ---- (7ms)
2026-8-30 16:50:47-debug: [Build Memory track]: 查询 Asset Bundle start:241.89MB, end 241.77MB, increase: -115.96KB
2026-8-30 16:50:47-debug: 查询 Asset Bundle start, progress: 5%
2026-8-30 16:50:47-log: run build task 查询 Asset Bundle success in 7 ms√, progress: 5%
2026-8-30 16:50:47-debug:   Number of all scripts: 7
2026-8-30 16:50:47-debug: // ---- build task 查询 Asset Bundle ----
2026-8-30 16:50:47-debug: // ---- build task 查询 Asset Bundle ---- (4ms)
2026-8-30 16:50:47-log: run build task 查询 Asset Bundle success in 4 ms√, progress: 10%
2026-8-30 16:50:47-debug: // ---- build task 整理部分构建选项内数据到 settings.json ----
2026-8-30 16:50:47-debug: [Build Memory track]: 查询 Asset Bundle start:241.80MB, end 241.91MB, increase: 108.02KB
2026-8-30 16:50:47-debug: 整理部分构建选项内数据到 settings.json start, progress: 10%
2026-8-30 16:50:47-debug: // ---- build task 整理部分构建选项内数据到 settings.json ---- (3ms)
2026-8-30 16:50:47-log: run build task 整理部分构建选项内数据到 settings.json success in 3 ms√, progress: 12%
2026-8-30 16:50:47-debug: [Build Memory track]: 整理部分构建选项内数据到 settings.json start:241.94MB, end 241.97MB, increase: 27.88KB
2026-8-30 16:50:47-debug: 填充脚本数据到 settings.json start, progress: 12%
2026-8-30 16:50:47-debug: // ---- build task 填充脚本数据到 settings.json ----
2026-8-30 16:50:47-debug: // ---- build task 填充脚本数据到 settings.json ---- (3ms)
2026-8-30 16:50:47-log: run build task 填充脚本数据到 settings.json success in 3 ms√, progress: 13%
2026-8-30 16:50:47-debug: [Build Memory track]: 填充脚本数据到 settings.json start:242.00MB, end 242.03MB, increase: 27.42KB
2026-8-30 16:50:47-debug: 整理部分构建选项内数据到 settings.json start, progress: 13%
2026-8-30 16:50:47-debug: // ---- build task 整理部分构建选项内数据到 settings.json ----
2026-8-30 16:50:47-debug: // ---- build task 整理部分构建选项内数据到 settings.json ---- (5ms)
2026-8-30 16:50:47-log: run build task 整理部分构建选项内数据到 settings.json success in 5 ms√, progress: 15%
2026-8-30 16:50:47-debug: [Build Memory track]: 整理部分构建选项内数据到 settings.json start:242.06MB, end 242.18MB, increase: 127.50KB
2026-8-30 16:50:56-debug: Query all assets info in project
2026-8-30 16:50:56-warn: 当前引擎模块配置内有部分模块 gfx-webgl 在当前平台 windows 不支持，将会自动移除或者回退成其他模块
2026-8-30 16:50:56-debug: init custom config: keepNodeUuid: false, useCache: true
2026-8-30 16:50:56-debug: Skip compress image, progress: 0%
2026-8-30 16:50:56-debug: Num of bundles: 3..., progress: 0%
2026-8-30 16:50:56-debug: Init all bundles start..., progress: 0%
2026-8-30 16:50:56-debug: 查询 Asset Bundle start, progress: 0%
2026-8-30 16:50:56-debug: // ---- build task 查询 Asset Bundle ----
2026-8-30 16:50:56-debug: Init bundle root assets start..., progress: 0%
2026-8-30 16:50:56-debug: Query preload assets/scripts from cc.config.json: 60f7195c-ec2a-45eb-ba94-8955f60e81d0,1c02ae6f-4492-4915-b8f8-7492a3b1e4cd,810e96e4-e456-4468-9b59-f4e8f39732c0,efe8e2a3-eace-427b-b4f1-cb8a937ec77d,e9aa9a3e-5b2b-4ac7-a2c7-073de2b2b24f,8bbdbcdd-5cd4-4100-b6d5-b7c9625b6107,50f4348b-c883-4e2f-8f11-ce233b859fa1,fda095cb-831d-4601-ad94-846013963de8,f92806d7-1768-443f-afe8-12bcde84d0f0,dd3a144d-ab7f-41f0-82b8-2e43a090d496,f0416e68-0200-4b77-a926-4f9d16e494da,511d2633-09a7-4bdd-ac42-f778032124b3,5d45aa00-e064-4938-b314-4265f0c2258c,9361fd90-ba52-4f84-aa93-6e878fd576ca,970b0598-bcb0-4714-91fb-2e81440dccd8,bcd64cc6-2dd9-43f6-abbe-66318d332032,d930590d-bb92-4cc8-8bd1-23cd027f9edf,a3cd009f-0ab0-420d-9278-b9fdab939bbc,6a2d0734-bd9e-4ddf-946e-caa52498cb75,c27215d8-6835-4b68-bfbb-bdeac6100c04,b5d6115f-0370-4d7c-aad3-c194cc71cf98,d1346436-ac96-4271-b863-1f4fdead95b0,971bdb23-3ff6-43eb-b422-1c30165a3663,17debcc3-0a6b-4b8a-b00b-dc58b885581e,711ebe11-f673-4cd9-9a83-63c60ba54c5b,c0143906-9aed-447e-9436-2ae8512d1b6e,14da1725-c4c2-42b4-ab08-ee0aeb6898b3,081cab31-dccd-428e-8652-f2404cc81c47,78e0584a-4343-4727-8f37-e14e65c2a2db,ba21476f-2866-4f81-9c4d-6e359316e448,871c3b6c-7379-419d-bda3-794b239ab90d,1d08ef62-a503-4ce2-8b9a-46c90873f7d3,ff9b0199-ce04-4cfe-86cc-6c719f08d6e4,de1c2107-70c8-4021-8459-6399f24d01c6,cbf30902-517f-40dc-af90-a550bac27cf1,5c601d96-e4c7-4698-991b-7ee674b11079
2026-8-30 16:50:56-debug:   Number of all scripts: 7
2026-8-30 16:50:56-debug:   Number of other assets: 318
2026-8-30 16:50:56-debug: Init bundle root assets success..., progress: 0%
2026-8-30 16:50:56-debug:   Number of all scenes: 1
2026-8-30 16:50:56-debug: // ---- build task 查询 Asset Bundle ---- (13ms)
2026-8-30 16:50:56-log: run build task 查询 Asset Bundle success in 13 ms√, progress: 5%
2026-8-30 16:50:56-debug: 查询 Asset Bundle start, progress: 5%
2026-8-30 16:50:56-debug: [Build Memory track]: 查询 Asset Bundle start:242.32MB, end 242.20MB, increase: -117.15KB
2026-8-30 16:50:56-debug: // ---- build task 查询 Asset Bundle ----
2026-8-30 16:50:56-log: run build task 查询 Asset Bundle success in 23 ms√, progress: 10%
2026-8-30 16:50:56-debug: [Build Memory track]: 查询 Asset Bundle start:242.23MB, end 242.34MB, increase: 102.80KB
2026-8-30 16:50:56-debug: 整理部分构建选项内数据到 settings.json start, progress: 10%
2026-8-30 16:50:56-debug: // ---- build task 查询 Asset Bundle ---- (23ms)
2026-8-30 16:50:56-debug: // ---- build task 整理部分构建选项内数据到 settings.json ----
2026-8-30 16:50:56-log: run build task 整理部分构建选项内数据到 settings.json success in 4 ms√, progress: 12%
2026-8-30 16:50:56-debug: // ---- build task 整理部分构建选项内数据到 settings.json ---- (4ms)
2026-8-30 16:50:56-debug: // ---- build task 填充脚本数据到 settings.json ----
2026-8-30 16:50:56-debug: [Build Memory track]: 整理部分构建选项内数据到 settings.json start:242.37MB, end 242.39MB, increase: 26.38KB
2026-8-30 16:50:56-debug: 填充脚本数据到 settings.json start, progress: 12%
2026-8-30 16:50:56-debug: // ---- build task 填充脚本数据到 settings.json ---- (10ms)
2026-8-30 16:50:56-log: run build task 填充脚本数据到 settings.json success in 10 ms√, progress: 13%
2026-8-30 16:50:56-debug: [Build Memory track]: 填充脚本数据到 settings.json start:242.42MB, end 222.40MB, increase: -20504.50KB
2026-8-30 16:50:56-debug: // ---- build task 整理部分构建选项内数据到 settings.json ----
2026-8-30 16:50:56-debug: 整理部分构建选项内数据到 settings.json start, progress: 13%
2026-8-30 16:50:56-debug: // ---- build task 整理部分构建选项内数据到 settings.json ---- (9ms)
2026-8-30 16:50:56-log: run build task 整理部分构建选项内数据到 settings.json success in 9 ms√, progress: 15%
2026-8-30 16:50:56-debug: [Build Memory track]: 整理部分构建选项内数据到 settings.json start:222.43MB, end 222.57MB, increase: 144.76KB
2026-8-30 16:50:56-debug: Query all assets info in project
2026-8-30 16:50:56-warn: 当前引擎模块配置内有部分模块 gfx-webgl 在当前平台 windows 不支持，将会自动移除或者回退成其他模块
2026-8-30 16:50:56-debug: init custom config: keepNodeUuid: false, useCache: true
2026-8-30 16:50:56-debug: Skip compress image, progress: 0%
2026-8-30 16:50:56-debug: Init all bundles start..., progress: 0%
2026-8-30 16:50:56-debug: // ---- build task 查询 Asset Bundle ----
2026-8-30 16:50:56-debug: Num of bundles: 3..., progress: 0%
2026-8-30 16:50:56-debug: 查询 Asset Bundle start, progress: 0%
2026-8-30 16:50:56-debug: Init bundle root assets start..., progress: 0%
2026-8-30 16:50:56-debug:   Number of all scenes: 1
2026-8-30 16:50:56-debug: Query preload assets/scripts from cc.config.json: 60f7195c-ec2a-45eb-ba94-8955f60e81d0,1c02ae6f-4492-4915-b8f8-7492a3b1e4cd,810e96e4-e456-4468-9b59-f4e8f39732c0,efe8e2a3-eace-427b-b4f1-cb8a937ec77d,e9aa9a3e-5b2b-4ac7-a2c7-073de2b2b24f,8bbdbcdd-5cd4-4100-b6d5-b7c9625b6107,50f4348b-c883-4e2f-8f11-ce233b859fa1,fda095cb-831d-4601-ad94-846013963de8,f92806d7-1768-443f-afe8-12bcde84d0f0,dd3a144d-ab7f-41f0-82b8-2e43a090d496,f0416e68-0200-4b77-a926-4f9d16e494da,511d2633-09a7-4bdd-ac42-f778032124b3,5d45aa00-e064-4938-b314-4265f0c2258c,9361fd90-ba52-4f84-aa93-6e878fd576ca,970b0598-bcb0-4714-91fb-2e81440dccd8,bcd64cc6-2dd9-43f6-abbe-66318d332032,d930590d-bb92-4cc8-8bd1-23cd027f9edf,a3cd009f-0ab0-420d-9278-b9fdab939bbc,6a2d0734-bd9e-4ddf-946e-caa52498cb75,c27215d8-6835-4b68-bfbb-bdeac6100c04,b5d6115f-0370-4d7c-aad3-c194cc71cf98,d1346436-ac96-4271-b863-1f4fdead95b0,971bdb23-3ff6-43eb-b422-1c30165a3663,17debcc3-0a6b-4b8a-b00b-dc58b885581e,711ebe11-f673-4cd9-9a83-63c60ba54c5b,c0143906-9aed-447e-9436-2ae8512d1b6e,14da1725-c4c2-42b4-ab08-ee0aeb6898b3,081cab31-dccd-428e-8652-f2404cc81c47,78e0584a-4343-4727-8f37-e14e65c2a2db,ba21476f-2866-4f81-9c4d-6e359316e448,871c3b6c-7379-419d-bda3-794b239ab90d,1d08ef62-a503-4ce2-8b9a-46c90873f7d3,ff9b0199-ce04-4cfe-86cc-6c719f08d6e4,de1c2107-70c8-4021-8459-6399f24d01c6,cbf30902-517f-40dc-af90-a550bac27cf1,5c601d96-e4c7-4698-991b-7ee674b11079
2026-8-30 16:50:56-debug:   Number of all scripts: 7
2026-8-30 16:50:56-debug:   Number of other assets: 318
2026-8-30 16:50:56-debug: Init bundle root assets success..., progress: 0%
2026-8-30 16:50:56-debug: // ---- build task 查询 Asset Bundle ---- (11ms)
2026-8-30 16:50:56-log: run build task 查询 Asset Bundle success in 11 ms√, progress: 5%
2026-8-30 16:50:56-debug: 查询 Asset Bundle start, progress: 5%
2026-8-30 16:50:56-debug: [Build Memory track]: 查询 Asset Bundle start:223.07MB, end 222.87MB, increase: -198.00KB
2026-8-30 16:50:56-debug: // ---- build task 查询 Asset Bundle ----
2026-8-30 16:50:56-debug: // ---- build task 查询 Asset Bundle ---- (6ms)
2026-8-30 16:50:56-log: run build task 查询 Asset Bundle success in 6 ms√, progress: 10%
2026-8-30 16:50:56-debug: [Build Memory track]: 查询 Asset Bundle start:222.90MB, end 223.00MB, increase: 104.02KB
2026-8-30 16:50:56-debug: 整理部分构建选项内数据到 settings.json start, progress: 10%
2026-8-30 16:50:56-debug: // ---- build task 整理部分构建选项内数据到 settings.json ----
2026-8-30 16:50:56-debug: // ---- build task 整理部分构建选项内数据到 settings.json ---- (3ms)
2026-8-30 16:50:56-log: run build task 整理部分构建选项内数据到 settings.json success in 3 ms√, progress: 12%
2026-8-30 16:50:56-debug: [Build Memory track]: 整理部分构建选项内数据到 settings.json start:223.04MB, end 223.06MB, increase: 27.93KB
2026-8-30 16:50:56-debug: 填充脚本数据到 settings.json start, progress: 12%
2026-8-30 16:50:56-debug: // ---- build task 填充脚本数据到 settings.json ----
2026-8-30 16:50:56-debug: // ---- build task 填充脚本数据到 settings.json ---- (3ms)
2026-8-30 16:50:56-log: run build task 填充脚本数据到 settings.json success in 3 ms√, progress: 13%
2026-8-30 16:50:56-debug: [Build Memory track]: 填充脚本数据到 settings.json start:223.09MB, end 223.12MB, increase: 27.55KB
2026-8-30 16:50:56-debug: 整理部分构建选项内数据到 settings.json start, progress: 13%
2026-8-30 16:50:56-debug: // ---- build task 整理部分构建选项内数据到 settings.json ----
2026-8-30 16:50:56-debug: // ---- build task 整理部分构建选项内数据到 settings.json ---- (7ms)
2026-8-30 16:50:56-debug: [Build Memory track]: 整理部分构建选项内数据到 settings.json start:223.15MB, end 222.60MB, increase: -561.69KB
2026-8-30 16:50:56-log: run build task 整理部分构建选项内数据到 settings.json success in 7 ms√, progress: 15%
2026-8-30 16:51:09-debug: refresh db internal success
2026-8-30 16:51:09-debug: refresh db assets success
2026-8-30 16:51:09-debug: Run asset db hook engine-extends:afterRefresh success!
2026-8-30 16:51:09-debug: Run asset db hook engine-extends:afterRefresh ...
2026-8-30 16:51:09-debug: asset-db:refresh-all-database (107ms)
2026-8-30 16:51:09-debug: asset-db:worker-effect-data-processing (1ms)
2026-8-30 16:51:09-debug: asset-db-hook-engine-extends-afterRefresh (3ms)
2026-8-30 16:51:24-debug: refresh db internal success
2026-8-30 16:51:24-debug: %cImport%c: D:\GameByself\Cocos\Project1\assets\Scripts\Car.tsbackground: #aaff85; color: #000;color: #000;
2026-8-30 16:51:24-debug: refresh db assets success
2026-8-30 16:51:24-debug: Run asset db hook engine-extends:afterRefresh ...
2026-8-30 16:51:24-debug: Run asset db hook engine-extends:afterRefresh success!
2026-8-30 16:51:24-debug: asset-db:refresh-all-database (112ms)
2026-8-30 16:51:24-debug: asset-db:worker-effect-data-processing (2ms)
2026-8-30 16:51:24-debug: asset-db-hook-engine-extends-afterRefresh (3ms)
2026-8-30 16:51:25-debug: Query all assets info in project
2026-8-30 16:51:25-debug: init custom config: keepNodeUuid: false, useCache: true
2026-8-30 16:51:25-debug: Skip compress image, progress: 0%
2026-8-30 16:51:25-debug: Init all bundles start..., progress: 0%
2026-8-30 16:51:25-debug: // ---- build task 查询 Asset Bundle ----
2026-8-30 16:51:25-debug: Init bundle root assets start..., progress: 0%
2026-8-30 16:51:25-debug: Num of bundles: 3..., progress: 0%
2026-8-30 16:51:25-debug: 查询 Asset Bundle start, progress: 0%
2026-8-30 16:51:25-debug: Query preload assets/scripts from cc.config.json: 60f7195c-ec2a-45eb-ba94-8955f60e81d0,1c02ae6f-4492-4915-b8f8-7492a3b1e4cd,810e96e4-e456-4468-9b59-f4e8f39732c0,efe8e2a3-eace-427b-b4f1-cb8a937ec77d,e9aa9a3e-5b2b-4ac7-a2c7-073de2b2b24f,8bbdbcdd-5cd4-4100-b6d5-b7c9625b6107,50f4348b-c883-4e2f-8f11-ce233b859fa1,fda095cb-831d-4601-ad94-846013963de8,f92806d7-1768-443f-afe8-12bcde84d0f0,dd3a144d-ab7f-41f0-82b8-2e43a090d496,f0416e68-0200-4b77-a926-4f9d16e494da,511d2633-09a7-4bdd-ac42-f778032124b3,5d45aa00-e064-4938-b314-4265f0c2258c,9361fd90-ba52-4f84-aa93-6e878fd576ca,970b0598-bcb0-4714-91fb-2e81440dccd8,bcd64cc6-2dd9-43f6-abbe-66318d332032,d930590d-bb92-4cc8-8bd1-23cd027f9edf,a3cd009f-0ab0-420d-9278-b9fdab939bbc,6a2d0734-bd9e-4ddf-946e-caa52498cb75,c27215d8-6835-4b68-bfbb-bdeac6100c04,b5d6115f-0370-4d7c-aad3-c194cc71cf98,d1346436-ac96-4271-b863-1f4fdead95b0,971bdb23-3ff6-43eb-b422-1c30165a3663,17debcc3-0a6b-4b8a-b00b-dc58b885581e,711ebe11-f673-4cd9-9a83-63c60ba54c5b,c0143906-9aed-447e-9436-2ae8512d1b6e,14da1725-c4c2-42b4-ab08-ee0aeb6898b3,081cab31-dccd-428e-8652-f2404cc81c47,78e0584a-4343-4727-8f37-e14e65c2a2db,ba21476f-2866-4f81-9c4d-6e359316e448,871c3b6c-7379-419d-bda3-794b239ab90d,1d08ef62-a503-4ce2-8b9a-46c90873f7d3,ff9b0199-ce04-4cfe-86cc-6c719f08d6e4,de1c2107-70c8-4021-8459-6399f24d01c6,cbf30902-517f-40dc-af90-a550bac27cf1,5c601d96-e4c7-4698-991b-7ee674b11079
2026-8-30 16:51:25-debug:   Number of all scripts: 7
2026-8-30 16:51:25-debug:   Number of other assets: 318
2026-8-30 16:51:25-debug: Init bundle root assets success..., progress: 0%
2026-8-30 16:51:25-debug: // ---- build task 查询 Asset Bundle ---- (12ms)
2026-8-30 16:51:25-debug:   Number of all scenes: 1
2026-8-30 16:51:25-log: run build task 查询 Asset Bundle success in 12 ms√, progress: 5%
2026-8-30 16:51:25-debug: [Build Memory track]: 查询 Asset Bundle start:225.32MB, end 225.23MB, increase: -97.50KB
2026-8-30 16:51:25-debug: // ---- build task 查询 Asset Bundle ----
2026-8-30 16:51:25-debug: 查询 Asset Bundle start, progress: 5%
2026-8-30 16:51:25-debug: // ---- build task 查询 Asset Bundle ---- (6ms)
2026-8-30 16:51:25-log: run build task 查询 Asset Bundle success in 6 ms√, progress: 10%
2026-8-30 16:51:25-debug: [Build Memory track]: 查询 Asset Bundle start:225.26MB, end 225.38MB, increase: 124.05KB
2026-8-30 16:51:25-debug: 整理部分构建选项内数据到 settings.json start, progress: 10%
2026-8-30 16:51:25-debug: // ---- build task 整理部分构建选项内数据到 settings.json ----
2026-8-30 16:51:25-debug: // ---- build task 整理部分构建选项内数据到 settings.json ---- (4ms)
2026-8-30 16:51:25-debug: [Build Memory track]: 整理部分构建选项内数据到 settings.json start:225.41MB, end 225.44MB, increase: 28.74KB
2026-8-30 16:51:25-log: run build task 整理部分构建选项内数据到 settings.json success in 4 ms√, progress: 12%
2026-8-30 16:51:25-debug: // ---- build task 填充脚本数据到 settings.json ----
2026-8-30 16:51:25-debug: 填充脚本数据到 settings.json start, progress: 12%
2026-8-30 16:51:25-debug: // ---- build task 填充脚本数据到 settings.json ---- (5ms)
2026-8-30 16:51:25-log: run build task 填充脚本数据到 settings.json success in 5 ms√, progress: 13%
2026-8-30 16:51:25-debug: 整理部分构建选项内数据到 settings.json start, progress: 13%
2026-8-30 16:51:25-debug: [Build Memory track]: 填充脚本数据到 settings.json start:225.47MB, end 225.50MB, increase: 27.39KB
2026-8-30 16:51:25-debug: // ---- build task 整理部分构建选项内数据到 settings.json ----
2026-8-30 16:51:25-debug: // ---- build task 整理部分构建选项内数据到 settings.json ---- (9ms)
2026-8-30 16:51:25-log: run build task 整理部分构建选项内数据到 settings.json success in 9 ms√, progress: 15%
2026-8-30 16:51:25-debug: [Build Memory track]: 整理部分构建选项内数据到 settings.json start:225.53MB, end 225.65MB, increase: 127.47KB
2026-8-30 16:52:14-debug: refresh db internal success
2026-8-30 16:52:14-debug: refresh db assets success
2026-8-30 16:52:14-debug: Run asset db hook engine-extends:afterRefresh success!
2026-8-30 16:52:14-debug: Run asset db hook engine-extends:afterRefresh ...
2026-8-30 16:52:14-debug: asset-db:refresh-all-database (104ms)
2026-8-30 16:52:14-debug: asset-db:worker-effect-data-processing (1ms)
2026-8-30 16:52:14-debug: asset-db-hook-engine-extends-afterRefresh (1ms)
2026-8-30 16:53:50-debug: %cImport%c: D:\GameByself\Cocos\Project1\assets\Scenes\scene.scenebackground: #aaff85; color: #000;color: #000;
2026-8-30 16:53:50-debug: asset-db:reimport-assetcb02e093-8bba-4046-8e6e-d0462e7be5da (15ms)
2026-8-30 16:54:18-debug: Query all assets info in project
2026-8-30 16:54:18-debug: init custom config: keepNodeUuid: false, useCache: true
2026-8-30 16:54:18-debug: Skip compress image, progress: 0%
2026-8-30 16:54:18-debug: Init all bundles start..., progress: 0%
2026-8-30 16:54:18-debug: // ---- build task 查询 Asset Bundle ----
2026-8-30 16:54:18-debug: Num of bundles: 3..., progress: 0%
2026-8-30 16:54:18-debug: 查询 Asset Bundle start, progress: 0%
2026-8-30 16:54:18-debug: Init bundle root assets start..., progress: 0%
2026-8-30 16:54:18-debug: Query preload assets/scripts from cc.config.json: 60f7195c-ec2a-45eb-ba94-8955f60e81d0,1c02ae6f-4492-4915-b8f8-7492a3b1e4cd,810e96e4-e456-4468-9b59-f4e8f39732c0,efe8e2a3-eace-427b-b4f1-cb8a937ec77d,e9aa9a3e-5b2b-4ac7-a2c7-073de2b2b24f,8bbdbcdd-5cd4-4100-b6d5-b7c9625b6107,50f4348b-c883-4e2f-8f11-ce233b859fa1,fda095cb-831d-4601-ad94-846013963de8,f92806d7-1768-443f-afe8-12bcde84d0f0,dd3a144d-ab7f-41f0-82b8-2e43a090d496,f0416e68-0200-4b77-a926-4f9d16e494da,511d2633-09a7-4bdd-ac42-f778032124b3,5d45aa00-e064-4938-b314-4265f0c2258c,9361fd90-ba52-4f84-aa93-6e878fd576ca,970b0598-bcb0-4714-91fb-2e81440dccd8,bcd64cc6-2dd9-43f6-abbe-66318d332032,d930590d-bb92-4cc8-8bd1-23cd027f9edf,a3cd009f-0ab0-420d-9278-b9fdab939bbc,6a2d0734-bd9e-4ddf-946e-caa52498cb75,c27215d8-6835-4b68-bfbb-bdeac6100c04,b5d6115f-0370-4d7c-aad3-c194cc71cf98,d1346436-ac96-4271-b863-1f4fdead95b0,971bdb23-3ff6-43eb-b422-1c30165a3663,17debcc3-0a6b-4b8a-b00b-dc58b885581e,711ebe11-f673-4cd9-9a83-63c60ba54c5b,c0143906-9aed-447e-9436-2ae8512d1b6e,14da1725-c4c2-42b4-ab08-ee0aeb6898b3,081cab31-dccd-428e-8652-f2404cc81c47,78e0584a-4343-4727-8f37-e14e65c2a2db,ba21476f-2866-4f81-9c4d-6e359316e448,871c3b6c-7379-419d-bda3-794b239ab90d,1d08ef62-a503-4ce2-8b9a-46c90873f7d3,ff9b0199-ce04-4cfe-86cc-6c719f08d6e4,de1c2107-70c8-4021-8459-6399f24d01c6,cbf30902-517f-40dc-af90-a550bac27cf1,5c601d96-e4c7-4698-991b-7ee674b11079
2026-8-30 16:54:18-debug:   Number of all scenes: 1
2026-8-30 16:54:18-debug:   Number of other assets: 318
2026-8-30 16:54:18-debug: Init bundle root assets success..., progress: 0%
2026-8-30 16:54:18-debug:   Number of all scripts: 7
2026-8-30 16:54:18-debug: // ---- build task 查询 Asset Bundle ---- (11ms)
2026-8-30 16:54:18-log: run build task 查询 Asset Bundle success in 11 ms√, progress: 5%
2026-8-30 16:54:18-debug: [Build Memory track]: 查询 Asset Bundle start:227.07MB, end 226.80MB, increase: -274.50KB
2026-8-30 16:54:18-debug: 查询 Asset Bundle start, progress: 5%
2026-8-30 16:54:18-debug: // ---- build task 查询 Asset Bundle ----
2026-8-30 16:54:18-debug: // ---- build task 查询 Asset Bundle ---- (6ms)
2026-8-30 16:54:18-log: run build task 查询 Asset Bundle success in 6 ms√, progress: 10%
2026-8-30 16:54:18-debug: [Build Memory track]: 查询 Asset Bundle start:226.83MB, end 226.93MB, increase: 103.92KB
2026-8-30 16:54:18-debug: 整理部分构建选项内数据到 settings.json start, progress: 10%
2026-8-30 16:54:18-debug: // ---- build task 整理部分构建选项内数据到 settings.json ----
2026-8-30 16:54:18-debug: // ---- build task 整理部分构建选项内数据到 settings.json ---- (3ms)
2026-8-30 16:54:18-log: run build task 整理部分构建选项内数据到 settings.json success in 3 ms√, progress: 12%
2026-8-30 16:54:18-debug: [Build Memory track]: 整理部分构建选项内数据到 settings.json start:226.96MB, end 226.99MB, increase: 28.03KB
2026-8-30 16:54:18-debug: 填充脚本数据到 settings.json start, progress: 12%
2026-8-30 16:54:18-debug: // ---- build task 填充脚本数据到 settings.json ----
2026-8-30 16:54:18-debug: // ---- build task 填充脚本数据到 settings.json ---- (4ms)
2026-8-30 16:54:18-log: run build task 填充脚本数据到 settings.json success in 4 ms√, progress: 13%
2026-8-30 16:54:18-debug: [Build Memory track]: 填充脚本数据到 settings.json start:227.02MB, end 227.05MB, increase: 27.35KB
2026-8-30 16:54:18-debug: 整理部分构建选项内数据到 settings.json start, progress: 13%
2026-8-30 16:54:18-debug: // ---- build task 整理部分构建选项内数据到 settings.json ----
2026-8-30 16:54:18-debug: // ---- build task 整理部分构建选项内数据到 settings.json ---- (9ms)
2026-8-30 16:54:18-log: run build task 整理部分构建选项内数据到 settings.json success in 9 ms√, progress: 15%
2026-8-30 16:54:18-debug: [Build Memory track]: 整理部分构建选项内数据到 settings.json start:227.08MB, end 227.20MB, increase: 127.52KB
2026-8-30 16:54:21-debug: Query all assets info in project
2026-8-30 16:54:21-debug: init custom config: keepNodeUuid: false, useCache: true
2026-8-30 16:54:21-debug: Skip compress image, progress: 0%
2026-8-30 16:54:21-debug: Init all bundles start..., progress: 0%
2026-8-30 16:54:21-debug: // ---- build task 查询 Asset Bundle ----
2026-8-30 16:54:21-debug: Num of bundles: 3..., progress: 0%
2026-8-30 16:54:21-debug: 查询 Asset Bundle start, progress: 0%
2026-8-30 16:54:21-debug: Init bundle root assets start..., progress: 0%
2026-8-30 16:54:21-debug: refresh db internal success
2026-8-30 16:54:21-debug: Query preload assets/scripts from cc.config.json: 60f7195c-ec2a-45eb-ba94-8955f60e81d0,1c02ae6f-4492-4915-b8f8-7492a3b1e4cd,810e96e4-e456-4468-9b59-f4e8f39732c0,efe8e2a3-eace-427b-b4f1-cb8a937ec77d,e9aa9a3e-5b2b-4ac7-a2c7-073de2b2b24f,8bbdbcdd-5cd4-4100-b6d5-b7c9625b6107,50f4348b-c883-4e2f-8f11-ce233b859fa1,fda095cb-831d-4601-ad94-846013963de8,f92806d7-1768-443f-afe8-12bcde84d0f0,dd3a144d-ab7f-41f0-82b8-2e43a090d496,f0416e68-0200-4b77-a926-4f9d16e494da,511d2633-09a7-4bdd-ac42-f778032124b3,5d45aa00-e064-4938-b314-4265f0c2258c,9361fd90-ba52-4f84-aa93-6e878fd576ca,970b0598-bcb0-4714-91fb-2e81440dccd8,bcd64cc6-2dd9-43f6-abbe-66318d332032,d930590d-bb92-4cc8-8bd1-23cd027f9edf,a3cd009f-0ab0-420d-9278-b9fdab939bbc,6a2d0734-bd9e-4ddf-946e-caa52498cb75,c27215d8-6835-4b68-bfbb-bdeac6100c04,b5d6115f-0370-4d7c-aad3-c194cc71cf98,d1346436-ac96-4271-b863-1f4fdead95b0,971bdb23-3ff6-43eb-b422-1c30165a3663,17debcc3-0a6b-4b8a-b00b-dc58b885581e,711ebe11-f673-4cd9-9a83-63c60ba54c5b,c0143906-9aed-447e-9436-2ae8512d1b6e,14da1725-c4c2-42b4-ab08-ee0aeb6898b3,081cab31-dccd-428e-8652-f2404cc81c47,78e0584a-4343-4727-8f37-e14e65c2a2db,ba21476f-2866-4f81-9c4d-6e359316e448,871c3b6c-7379-419d-bda3-794b239ab90d,1d08ef62-a503-4ce2-8b9a-46c90873f7d3,ff9b0199-ce04-4cfe-86cc-6c719f08d6e4,de1c2107-70c8-4021-8459-6399f24d01c6,cbf30902-517f-40dc-af90-a550bac27cf1,5c601d96-e4c7-4698-991b-7ee674b11079
2026-8-30 16:54:21-debug:   Number of all scenes: 1
2026-8-30 16:54:21-debug:   Number of all scripts: 7
2026-8-30 16:54:21-debug:   Number of other assets: 318
2026-8-30 16:54:21-debug: Init bundle root assets success..., progress: 0%
2026-8-30 16:54:21-debug: refresh db assets success
2026-8-30 16:54:21-debug: Run asset db hook engine-extends:afterRefresh ...
2026-8-30 16:54:21-debug: Run asset db hook engine-extends:afterRefresh success!
2026-8-30 16:54:21-log: run build task 查询 Asset Bundle success in 27 ms√, progress: 5%
2026-8-30 16:54:21-debug: [Build Memory track]: 查询 Asset Bundle start:228.30MB, end 228.99MB, increase: 711.07KB
2026-8-30 16:54:21-debug: // ---- build task 查询 Asset Bundle ---- (27ms)
2026-8-30 16:54:21-debug: 查询 Asset Bundle start, progress: 5%
2026-8-30 16:54:21-debug: // ---- build task 查询 Asset Bundle ----
2026-8-30 16:54:21-debug: asset-db:refresh-all-database (205ms)
2026-8-30 16:54:21-debug: asset-db:worker-effect-data-processing (8ms)
2026-8-30 16:54:21-debug: asset-db-hook-engine-extends-afterRefresh (9ms)
2026-8-30 16:54:21-debug: // ---- build task 查询 Asset Bundle ---- (22ms)
2026-8-30 16:54:21-debug: [Build Memory track]: 查询 Asset Bundle start:229.02MB, end 229.15MB, increase: 134.55KB
2026-8-30 16:54:21-debug: 整理部分构建选项内数据到 settings.json start, progress: 10%
2026-8-30 16:54:21-log: run build task 查询 Asset Bundle success in 22 ms√, progress: 10%
2026-8-30 16:54:21-debug: // ---- build task 整理部分构建选项内数据到 settings.json ----
2026-8-30 16:54:21-debug: // ---- build task 整理部分构建选项内数据到 settings.json ---- (5ms)
2026-8-30 16:54:21-log: run build task 整理部分构建选项内数据到 settings.json success in 5 ms√, progress: 12%
2026-8-30 16:54:21-debug: [Build Memory track]: 整理部分构建选项内数据到 settings.json start:229.19MB, end 229.21MB, increase: 27.93KB
2026-8-30 16:54:21-debug: 填充脚本数据到 settings.json start, progress: 12%
2026-8-30 16:54:21-debug: // ---- build task 填充脚本数据到 settings.json ----
2026-8-30 16:54:21-log: run build task 填充脚本数据到 settings.json success in 4 ms√, progress: 13%
2026-8-30 16:54:21-debug: [Build Memory track]: 填充脚本数据到 settings.json start:229.25MB, end 229.27MB, increase: 27.42KB
2026-8-30 16:54:21-debug: // ---- build task 整理部分构建选项内数据到 settings.json ----
2026-8-30 16:54:21-debug: 整理部分构建选项内数据到 settings.json start, progress: 13%
2026-8-30 16:54:21-debug: // ---- build task 填充脚本数据到 settings.json ---- (4ms)
2026-8-30 16:54:21-debug: // ---- build task 整理部分构建选项内数据到 settings.json ---- (14ms)
2026-8-30 16:54:21-log: run build task 整理部分构建选项内数据到 settings.json success in 14 ms√, progress: 15%
2026-8-30 16:54:21-debug: [Build Memory track]: 整理部分构建选项内数据到 settings.json start:229.30MB, end 229.43MB, increase: 130.10KB
2026-8-30 16:54:24-debug: refresh db internal success
2026-8-30 16:54:24-debug: refresh db assets success
2026-8-30 16:54:24-debug: Run asset db hook engine-extends:afterRefresh ...
2026-8-30 16:54:24-debug: Run asset db hook engine-extends:afterRefresh success!
2026-8-30 16:54:24-debug: asset-db:refresh-all-database (103ms)
2026-8-30 16:54:24-debug: asset-db:worker-effect-data-processing (3ms)
2026-8-30 16:54:24-debug: asset-db-hook-engine-extends-afterRefresh (3ms)
2026-8-30 16:54:24-debug: %cImport%c: D:\GameByself\Cocos\Project1\assets\Scenes\scene.scenebackground: #aaff85; color: #000;color: #000;
2026-8-30 16:54:24-debug: asset-db:reimport-assetcb02e093-8bba-4046-8e6e-d0462e7be5da (16ms)
2026-8-30 16:54:25-debug: Query all assets info in project
2026-8-30 16:54:25-debug: init custom config: keepNodeUuid: false, useCache: true
2026-8-30 16:54:25-debug: Skip compress image, progress: 0%
2026-8-30 16:54:25-debug: Init all bundles start..., progress: 0%
2026-8-30 16:54:25-debug: Num of bundles: 3..., progress: 0%
2026-8-30 16:54:25-debug: 查询 Asset Bundle start, progress: 0%
2026-8-30 16:54:25-debug: // ---- build task 查询 Asset Bundle ----
2026-8-30 16:54:25-debug: Init bundle root assets start..., progress: 0%
2026-8-30 16:54:25-debug: Query preload assets/scripts from cc.config.json: 60f7195c-ec2a-45eb-ba94-8955f60e81d0,1c02ae6f-4492-4915-b8f8-7492a3b1e4cd,810e96e4-e456-4468-9b59-f4e8f39732c0,efe8e2a3-eace-427b-b4f1-cb8a937ec77d,e9aa9a3e-5b2b-4ac7-a2c7-073de2b2b24f,8bbdbcdd-5cd4-4100-b6d5-b7c9625b6107,50f4348b-c883-4e2f-8f11-ce233b859fa1,fda095cb-831d-4601-ad94-846013963de8,f92806d7-1768-443f-afe8-12bcde84d0f0,dd3a144d-ab7f-41f0-82b8-2e43a090d496,f0416e68-0200-4b77-a926-4f9d16e494da,511d2633-09a7-4bdd-ac42-f778032124b3,5d45aa00-e064-4938-b314-4265f0c2258c,9361fd90-ba52-4f84-aa93-6e878fd576ca,970b0598-bcb0-4714-91fb-2e81440dccd8,bcd64cc6-2dd9-43f6-abbe-66318d332032,d930590d-bb92-4cc8-8bd1-23cd027f9edf,a3cd009f-0ab0-420d-9278-b9fdab939bbc,6a2d0734-bd9e-4ddf-946e-caa52498cb75,c27215d8-6835-4b68-bfbb-bdeac6100c04,b5d6115f-0370-4d7c-aad3-c194cc71cf98,d1346436-ac96-4271-b863-1f4fdead95b0,971bdb23-3ff6-43eb-b422-1c30165a3663,17debcc3-0a6b-4b8a-b00b-dc58b885581e,711ebe11-f673-4cd9-9a83-63c60ba54c5b,c0143906-9aed-447e-9436-2ae8512d1b6e,14da1725-c4c2-42b4-ab08-ee0aeb6898b3,081cab31-dccd-428e-8652-f2404cc81c47,78e0584a-4343-4727-8f37-e14e65c2a2db,ba21476f-2866-4f81-9c4d-6e359316e448,871c3b6c-7379-419d-bda3-794b239ab90d,1d08ef62-a503-4ce2-8b9a-46c90873f7d3,ff9b0199-ce04-4cfe-86cc-6c719f08d6e4,de1c2107-70c8-4021-8459-6399f24d01c6,cbf30902-517f-40dc-af90-a550bac27cf1,5c601d96-e4c7-4698-991b-7ee674b11079
2026-8-30 16:54:25-debug: Init bundle root assets success..., progress: 0%
2026-8-30 16:54:25-debug:   Number of all scenes: 1
2026-8-30 16:54:25-debug:   Number of all scripts: 7
2026-8-30 16:54:25-debug:   Number of other assets: 318
2026-8-30 16:54:25-debug: 查询 Asset Bundle start, progress: 5%
2026-8-30 16:54:25-debug: // ---- build task 查询 Asset Bundle ---- (10ms)
2026-8-30 16:54:25-debug: [Build Memory track]: 查询 Asset Bundle start:230.25MB, end 229.01MB, increase: -1271.15KB
2026-8-30 16:54:25-log: run build task 查询 Asset Bundle success in 10 ms√, progress: 5%
2026-8-30 16:54:25-debug: // ---- build task 查询 Asset Bundle ----
2026-8-30 16:54:25-debug: // ---- build task 查询 Asset Bundle ---- (3ms)
2026-8-30 16:54:25-debug: [Build Memory track]: 查询 Asset Bundle start:229.07MB, end 229.17MB, increase: 105.08KB
2026-8-30 16:54:25-log: run build task 查询 Asset Bundle success in 3 ms√, progress: 10%
2026-8-30 16:54:25-debug: // ---- build task 整理部分构建选项内数据到 settings.json ----
2026-8-30 16:54:25-debug: 整理部分构建选项内数据到 settings.json start, progress: 10%
2026-8-30 16:54:25-debug: // ---- build task 整理部分构建选项内数据到 settings.json ---- (3ms)
2026-8-30 16:54:25-log: run build task 整理部分构建选项内数据到 settings.json success in 3 ms√, progress: 12%
2026-8-30 16:54:25-debug: [Build Memory track]: 整理部分构建选项内数据到 settings.json start:229.21MB, end 229.23MB, increase: 28.00KB
2026-8-30 16:54:25-debug: 填充脚本数据到 settings.json start, progress: 12%
2026-8-30 16:54:25-debug: // ---- build task 填充脚本数据到 settings.json ----
2026-8-30 16:54:25-debug: // ---- build task 填充脚本数据到 settings.json ---- (3ms)
2026-8-30 16:54:25-log: run build task 填充脚本数据到 settings.json success in 3 ms√, progress: 13%
2026-8-30 16:54:25-debug: [Build Memory track]: 填充脚本数据到 settings.json start:229.26MB, end 229.29MB, increase: 27.12KB
2026-8-30 16:54:25-debug: // ---- build task 整理部分构建选项内数据到 settings.json ----
2026-8-30 16:54:25-debug: 整理部分构建选项内数据到 settings.json start, progress: 13%
2026-8-30 16:54:25-log: run build task 整理部分构建选项内数据到 settings.json success in 6 ms√, progress: 15%
2026-8-30 16:54:25-debug: [Build Memory track]: 整理部分构建选项内数据到 settings.json start:229.32MB, end 229.45MB, increase: 127.90KB
2026-8-30 16:54:25-debug: // ---- build task 整理部分构建选项内数据到 settings.json ---- (6ms)
2026-8-30 16:54:25-debug: Query all assets info in project
2026-8-30 16:54:25-debug: init custom config: keepNodeUuid: false, useCache: true
2026-8-30 16:54:25-debug: Skip compress image, progress: 0%
2026-8-30 16:54:25-debug: Init all bundles start..., progress: 0%
2026-8-30 16:54:25-debug: Num of bundles: 3..., progress: 0%
2026-8-30 16:54:25-debug: // ---- build task 查询 Asset Bundle ----
2026-8-30 16:54:25-debug: 查询 Asset Bundle start, progress: 0%
2026-8-30 16:54:25-debug: Init bundle root assets start..., progress: 0%
2026-8-30 16:54:25-debug: Query preload assets/scripts from cc.config.json: 60f7195c-ec2a-45eb-ba94-8955f60e81d0,1c02ae6f-4492-4915-b8f8-7492a3b1e4cd,810e96e4-e456-4468-9b59-f4e8f39732c0,efe8e2a3-eace-427b-b4f1-cb8a937ec77d,e9aa9a3e-5b2b-4ac7-a2c7-073de2b2b24f,8bbdbcdd-5cd4-4100-b6d5-b7c9625b6107,50f4348b-c883-4e2f-8f11-ce233b859fa1,fda095cb-831d-4601-ad94-846013963de8,f92806d7-1768-443f-afe8-12bcde84d0f0,dd3a144d-ab7f-41f0-82b8-2e43a090d496,f0416e68-0200-4b77-a926-4f9d16e494da,511d2633-09a7-4bdd-ac42-f778032124b3,5d45aa00-e064-4938-b314-4265f0c2258c,9361fd90-ba52-4f84-aa93-6e878fd576ca,970b0598-bcb0-4714-91fb-2e81440dccd8,bcd64cc6-2dd9-43f6-abbe-66318d332032,d930590d-bb92-4cc8-8bd1-23cd027f9edf,a3cd009f-0ab0-420d-9278-b9fdab939bbc,6a2d0734-bd9e-4ddf-946e-caa52498cb75,c27215d8-6835-4b68-bfbb-bdeac6100c04,b5d6115f-0370-4d7c-aad3-c194cc71cf98,d1346436-ac96-4271-b863-1f4fdead95b0,971bdb23-3ff6-43eb-b422-1c30165a3663,17debcc3-0a6b-4b8a-b00b-dc58b885581e,711ebe11-f673-4cd9-9a83-63c60ba54c5b,c0143906-9aed-447e-9436-2ae8512d1b6e,14da1725-c4c2-42b4-ab08-ee0aeb6898b3,081cab31-dccd-428e-8652-f2404cc81c47,78e0584a-4343-4727-8f37-e14e65c2a2db,ba21476f-2866-4f81-9c4d-6e359316e448,871c3b6c-7379-419d-bda3-794b239ab90d,1d08ef62-a503-4ce2-8b9a-46c90873f7d3,ff9b0199-ce04-4cfe-86cc-6c719f08d6e4,de1c2107-70c8-4021-8459-6399f24d01c6,cbf30902-517f-40dc-af90-a550bac27cf1,5c601d96-e4c7-4698-991b-7ee674b11079
2026-8-30 16:54:25-debug:   Number of all scenes: 1
2026-8-30 16:54:25-debug:   Number of all scripts: 7
2026-8-30 16:54:25-debug: Init bundle root assets success..., progress: 0%
2026-8-30 16:54:25-debug:   Number of other assets: 318
2026-8-30 16:54:25-debug: // ---- build task 查询 Asset Bundle ---- (11ms)
2026-8-30 16:54:25-log: run build task 查询 Asset Bundle success in 11 ms√, progress: 5%
2026-8-30 16:54:25-debug: 查询 Asset Bundle start, progress: 5%
2026-8-30 16:54:25-debug: [Build Memory track]: 查询 Asset Bundle start:229.87MB, end 229.01MB, increase: -883.97KB
2026-8-30 16:54:25-debug: // ---- build task 查询 Asset Bundle ----
2026-8-30 16:54:25-debug: // ---- build task 查询 Asset Bundle ---- (9ms)
2026-8-30 16:54:25-log: run build task 查询 Asset Bundle success in 9 ms√, progress: 10%
2026-8-30 16:54:25-debug: [Build Memory track]: 查询 Asset Bundle start:229.04MB, end 229.14MB, increase: 103.91KB
2026-8-30 16:54:25-debug: 整理部分构建选项内数据到 settings.json start, progress: 10%
2026-8-30 16:54:25-debug: // ---- build task 整理部分构建选项内数据到 settings.json ----
2026-8-30 16:54:25-debug: // ---- build task 整理部分构建选项内数据到 settings.json ---- (2ms)
2026-8-30 16:54:25-log: run build task 整理部分构建选项内数据到 settings.json success in 2 ms√, progress: 12%
2026-8-30 16:54:25-debug: 填充脚本数据到 settings.json start, progress: 12%
2026-8-30 16:54:25-debug: [Build Memory track]: 整理部分构建选项内数据到 settings.json start:229.17MB, end 229.20MB, increase: 27.98KB
2026-8-30 16:54:25-debug: // ---- build task 填充脚本数据到 settings.json ----
2026-8-30 16:54:25-debug: // ---- build task 填充脚本数据到 settings.json ---- (2ms)
2026-8-30 16:54:25-log: run build task 填充脚本数据到 settings.json success in 2 ms√, progress: 13%
2026-8-30 16:54:25-debug: // ---- build task 整理部分构建选项内数据到 settings.json ----
2026-8-30 16:54:25-debug: [Build Memory track]: 填充脚本数据到 settings.json start:229.23MB, end 229.26MB, increase: 27.35KB
2026-8-30 16:54:25-debug: 整理部分构建选项内数据到 settings.json start, progress: 13%
2026-8-30 16:54:25-debug: // ---- build task 整理部分构建选项内数据到 settings.json ---- (8ms)
2026-8-30 16:54:25-log: run build task 整理部分构建选项内数据到 settings.json success in 8 ms√, progress: 15%
2026-8-30 16:54:25-debug: [Build Memory track]: 整理部分构建选项内数据到 settings.json start:229.29MB, end 229.42MB, increase: 131.31KB
2026-8-30 16:54:42-debug: refresh db internal success
2026-8-30 16:54:42-debug: %cImport%c: D:\GameByself\Cocos\Project1\assets\Scripts\Car.tsbackground: #aaff85; color: #000;color: #000;
2026-8-30 16:54:42-debug: refresh db assets success
2026-8-30 16:54:42-debug: Run asset db hook engine-extends:afterRefresh ...
2026-8-30 16:54:42-debug: Run asset db hook engine-extends:afterRefresh success!
2026-8-30 16:54:42-debug: asset-db:refresh-all-database (112ms)
2026-8-30 16:54:42-debug: asset-db:worker-effect-data-processing (3ms)
2026-8-30 16:54:42-debug: asset-db-hook-engine-extends-afterRefresh (3ms)
2026-8-30 16:54:42-debug: %cImport%c: D:\GameByself\Cocos\Project1\assets\Scenes\scene.scenebackground: #aaff85; color: #000;color: #000;
2026-8-30 16:54:42-debug: asset-db:reimport-assetcb02e093-8bba-4046-8e6e-d0462e7be5da (16ms)
2026-8-30 16:54:43-debug: Query all assets info in project
2026-8-30 16:54:43-debug: init custom config: keepNodeUuid: false, useCache: true
2026-8-30 16:54:43-debug: Skip compress image, progress: 0%
2026-8-30 16:54:43-debug: Num of bundles: 3..., progress: 0%
2026-8-30 16:54:43-debug: Init all bundles start..., progress: 0%
2026-8-30 16:54:43-debug: 查询 Asset Bundle start, progress: 0%
2026-8-30 16:54:43-debug: // ---- build task 查询 Asset Bundle ----
2026-8-30 16:54:43-debug: Init bundle root assets start..., progress: 0%
2026-8-30 16:54:43-debug: Query preload assets/scripts from cc.config.json: 60f7195c-ec2a-45eb-ba94-8955f60e81d0,1c02ae6f-4492-4915-b8f8-7492a3b1e4cd,810e96e4-e456-4468-9b59-f4e8f39732c0,efe8e2a3-eace-427b-b4f1-cb8a937ec77d,e9aa9a3e-5b2b-4ac7-a2c7-073de2b2b24f,8bbdbcdd-5cd4-4100-b6d5-b7c9625b6107,50f4348b-c883-4e2f-8f11-ce233b859fa1,fda095cb-831d-4601-ad94-846013963de8,f92806d7-1768-443f-afe8-12bcde84d0f0,dd3a144d-ab7f-41f0-82b8-2e43a090d496,f0416e68-0200-4b77-a926-4f9d16e494da,511d2633-09a7-4bdd-ac42-f778032124b3,5d45aa00-e064-4938-b314-4265f0c2258c,9361fd90-ba52-4f84-aa93-6e878fd576ca,970b0598-bcb0-4714-91fb-2e81440dccd8,bcd64cc6-2dd9-43f6-abbe-66318d332032,d930590d-bb92-4cc8-8bd1-23cd027f9edf,a3cd009f-0ab0-420d-9278-b9fdab939bbc,6a2d0734-bd9e-4ddf-946e-caa52498cb75,c27215d8-6835-4b68-bfbb-bdeac6100c04,b5d6115f-0370-4d7c-aad3-c194cc71cf98,d1346436-ac96-4271-b863-1f4fdead95b0,971bdb23-3ff6-43eb-b422-1c30165a3663,17debcc3-0a6b-4b8a-b00b-dc58b885581e,711ebe11-f673-4cd9-9a83-63c60ba54c5b,c0143906-9aed-447e-9436-2ae8512d1b6e,14da1725-c4c2-42b4-ab08-ee0aeb6898b3,081cab31-dccd-428e-8652-f2404cc81c47,78e0584a-4343-4727-8f37-e14e65c2a2db,ba21476f-2866-4f81-9c4d-6e359316e448,871c3b6c-7379-419d-bda3-794b239ab90d,1d08ef62-a503-4ce2-8b9a-46c90873f7d3,ff9b0199-ce04-4cfe-86cc-6c719f08d6e4,de1c2107-70c8-4021-8459-6399f24d01c6,cbf30902-517f-40dc-af90-a550bac27cf1,5c601d96-e4c7-4698-991b-7ee674b11079
2026-8-30 16:54:43-debug:   Number of all scenes: 1
2026-8-30 16:54:43-debug:   Number of other assets: 318
2026-8-30 16:54:43-debug:   Number of all scripts: 7
2026-8-30 16:54:43-debug: Init bundle root assets success..., progress: 0%
2026-8-30 16:54:43-debug: // ---- build task 查询 Asset Bundle ---- (13ms)
2026-8-30 16:54:43-log: run build task 查询 Asset Bundle success in 13 ms√, progress: 5%
2026-8-30 16:54:43-debug: 查询 Asset Bundle start, progress: 5%
2026-8-30 16:54:43-debug: [Build Memory track]: 查询 Asset Bundle start:230.20MB, end 229.97MB, increase: -230.89KB
2026-8-30 16:54:43-debug: // ---- build task 查询 Asset Bundle ----
2026-8-30 16:54:43-debug: // ---- build task 查询 Asset Bundle ---- (5ms)
2026-8-30 16:54:43-log: run build task 查询 Asset Bundle success in 5 ms√, progress: 10%
2026-8-30 16:54:43-debug: [Build Memory track]: 查询 Asset Bundle start:230.00MB, end 230.11MB, increase: 106.22KB
2026-8-30 16:54:43-debug: 整理部分构建选项内数据到 settings.json start, progress: 10%
2026-8-30 16:54:43-debug: // ---- build task 整理部分构建选项内数据到 settings.json ----
2026-8-30 16:54:43-debug: // ---- build task 整理部分构建选项内数据到 settings.json ---- (3ms)
2026-8-30 16:54:43-log: run build task 整理部分构建选项内数据到 settings.json success in 3 ms√, progress: 12%
2026-8-30 16:54:43-debug: [Build Memory track]: 整理部分构建选项内数据到 settings.json start:230.14MB, end 230.16MB, increase: 28.00KB
2026-8-30 16:54:43-debug: 填充脚本数据到 settings.json start, progress: 12%
2026-8-30 16:54:43-debug: // ---- build task 填充脚本数据到 settings.json ----
2026-8-30 16:54:43-debug: // ---- build task 填充脚本数据到 settings.json ---- (2ms)
2026-8-30 16:54:43-log: run build task 填充脚本数据到 settings.json success in 2 ms√, progress: 13%
2026-8-30 16:54:43-debug: [Build Memory track]: 填充脚本数据到 settings.json start:230.20MB, end 230.22MB, increase: 27.35KB
2026-8-30 16:54:43-debug: 整理部分构建选项内数据到 settings.json start, progress: 13%
2026-8-30 16:54:43-debug: // ---- build task 整理部分构建选项内数据到 settings.json ----
2026-8-30 16:54:43-debug: // ---- build task 整理部分构建选项内数据到 settings.json ---- (6ms)
2026-8-30 16:54:43-log: run build task 整理部分构建选项内数据到 settings.json success in 6 ms√, progress: 15%
2026-8-30 16:54:43-debug: [Build Memory track]: 整理部分构建选项内数据到 settings.json start:230.25MB, end 230.39MB, increase: 145.12KB
2026-8-30 16:54:43-debug: Query all assets info in project
2026-8-30 16:54:43-debug: init custom config: keepNodeUuid: false, useCache: true
2026-8-30 16:54:43-debug: Skip compress image, progress: 0%
2026-8-30 16:54:43-debug: Init all bundles start..., progress: 0%
2026-8-30 16:54:43-debug: // ---- build task 查询 Asset Bundle ----
2026-8-30 16:54:43-debug: 查询 Asset Bundle start, progress: 0%
2026-8-30 16:54:43-debug: Num of bundles: 3..., progress: 0%
2026-8-30 16:54:43-debug: Init bundle root assets start..., progress: 0%
2026-8-30 16:54:43-debug: Query preload assets/scripts from cc.config.json: 60f7195c-ec2a-45eb-ba94-8955f60e81d0,1c02ae6f-4492-4915-b8f8-7492a3b1e4cd,810e96e4-e456-4468-9b59-f4e8f39732c0,efe8e2a3-eace-427b-b4f1-cb8a937ec77d,e9aa9a3e-5b2b-4ac7-a2c7-073de2b2b24f,8bbdbcdd-5cd4-4100-b6d5-b7c9625b6107,50f4348b-c883-4e2f-8f11-ce233b859fa1,fda095cb-831d-4601-ad94-846013963de8,f92806d7-1768-443f-afe8-12bcde84d0f0,dd3a144d-ab7f-41f0-82b8-2e43a090d496,f0416e68-0200-4b77-a926-4f9d16e494da,511d2633-09a7-4bdd-ac42-f778032124b3,5d45aa00-e064-4938-b314-4265f0c2258c,9361fd90-ba52-4f84-aa93-6e878fd576ca,970b0598-bcb0-4714-91fb-2e81440dccd8,bcd64cc6-2dd9-43f6-abbe-66318d332032,d930590d-bb92-4cc8-8bd1-23cd027f9edf,a3cd009f-0ab0-420d-9278-b9fdab939bbc,6a2d0734-bd9e-4ddf-946e-caa52498cb75,c27215d8-6835-4b68-bfbb-bdeac6100c04,b5d6115f-0370-4d7c-aad3-c194cc71cf98,d1346436-ac96-4271-b863-1f4fdead95b0,971bdb23-3ff6-43eb-b422-1c30165a3663,17debcc3-0a6b-4b8a-b00b-dc58b885581e,711ebe11-f673-4cd9-9a83-63c60ba54c5b,c0143906-9aed-447e-9436-2ae8512d1b6e,14da1725-c4c2-42b4-ab08-ee0aeb6898b3,081cab31-dccd-428e-8652-f2404cc81c47,78e0584a-4343-4727-8f37-e14e65c2a2db,ba21476f-2866-4f81-9c4d-6e359316e448,871c3b6c-7379-419d-bda3-794b239ab90d,1d08ef62-a503-4ce2-8b9a-46c90873f7d3,ff9b0199-ce04-4cfe-86cc-6c719f08d6e4,de1c2107-70c8-4021-8459-6399f24d01c6,cbf30902-517f-40dc-af90-a550bac27cf1,5c601d96-e4c7-4698-991b-7ee674b11079
2026-8-30 16:54:43-debug:   Number of all scenes: 1
2026-8-30 16:54:43-debug:   Number of other assets: 318
2026-8-30 16:54:43-debug:   Number of all scripts: 7
2026-8-30 16:54:43-debug: Init bundle root assets success..., progress: 0%
2026-8-30 16:54:43-debug: // ---- build task 查询 Asset Bundle ---- (11ms)
2026-8-30 16:54:43-log: run build task 查询 Asset Bundle success in 11 ms√, progress: 5%
2026-8-30 16:54:43-debug: // ---- build task 查询 Asset Bundle ----
2026-8-30 16:54:43-debug: 查询 Asset Bundle start, progress: 5%
2026-8-30 16:54:43-debug: [Build Memory track]: 查询 Asset Bundle start:230.01MB, end 230.66MB, increase: 668.54KB
2026-8-30 16:54:43-debug: // ---- build task 查询 Asset Bundle ---- (7ms)
2026-8-30 16:54:43-log: run build task 查询 Asset Bundle success in 7 ms√, progress: 10%
2026-8-30 16:54:43-debug: [Build Memory track]: 查询 Asset Bundle start:230.70MB, end 230.02MB, increase: -690.63KB
2026-8-30 16:54:43-debug: 整理部分构建选项内数据到 settings.json start, progress: 10%
2026-8-30 16:54:43-debug: // ---- build task 整理部分构建选项内数据到 settings.json ----
2026-8-30 16:54:43-debug: // ---- build task 整理部分构建选项内数据到 settings.json ---- (2ms)
2026-8-30 16:54:43-debug: [Build Memory track]: 整理部分构建选项内数据到 settings.json start:230.05MB, end 230.08MB, increase: 27.54KB
2026-8-30 16:54:43-debug: 填充脚本数据到 settings.json start, progress: 12%
2026-8-30 16:54:43-debug: // ---- build task 填充脚本数据到 settings.json ----
2026-8-30 16:54:43-log: run build task 整理部分构建选项内数据到 settings.json success in 2 ms√, progress: 12%
2026-8-30 16:54:43-debug: // ---- build task 填充脚本数据到 settings.json ---- (3ms)
2026-8-30 16:54:43-log: run build task 填充脚本数据到 settings.json success in 3 ms√, progress: 13%
2026-8-30 16:54:43-debug: 整理部分构建选项内数据到 settings.json start, progress: 13%
2026-8-30 16:54:43-debug: [Build Memory track]: 填充脚本数据到 settings.json start:230.11MB, end 230.14MB, increase: 27.10KB
2026-8-30 16:54:43-debug: // ---- build task 整理部分构建选项内数据到 settings.json ----
2026-8-30 16:54:43-debug: // ---- build task 整理部分构建选项内数据到 settings.json ---- (11ms)
2026-8-30 16:54:43-log: run build task 整理部分构建选项内数据到 settings.json success in 11 ms√, progress: 15%
2026-8-30 16:54:43-debug: [Build Memory track]: 整理部分构建选项内数据到 settings.json start:230.17MB, end 230.29MB, increase: 128.20KB
2026-8-30 16:55:02-debug: refresh db internal success
2026-8-30 16:55:02-debug: refresh db assets success
2026-8-30 16:55:02-debug: Run asset db hook engine-extends:afterRefresh ...
2026-8-30 16:55:02-debug: Run asset db hook engine-extends:afterRefresh success!
2026-8-30 16:55:02-debug: asset-db:refresh-all-database (109ms)
2026-8-30 16:55:02-debug: asset-db:worker-effect-data-processing (5ms)
2026-8-30 16:55:02-debug: asset-db-hook-engine-extends-afterRefresh (6ms)
2026-8-30 16:55:31-debug: %cImport%c: D:\GameByself\Cocos\Project1\assets\Scenes\scene.scenebackground: #aaff85; color: #000;color: #000;
2026-8-30 16:55:31-debug: asset-db:reimport-assetcb02e093-8bba-4046-8e6e-d0462e7be5da (12ms)
2026-8-30 16:55:31-debug: Query all assets info in project
2026-8-30 16:55:31-debug: init custom config: keepNodeUuid: false, useCache: true
2026-8-30 16:55:31-debug: Skip compress image, progress: 0%
2026-8-30 16:55:31-debug: Init all bundles start..., progress: 0%
2026-8-30 16:55:31-debug: Num of bundles: 3..., progress: 0%
2026-8-30 16:55:31-debug: 查询 Asset Bundle start, progress: 0%
2026-8-30 16:55:31-debug: Init bundle root assets start..., progress: 0%
2026-8-30 16:55:31-debug: // ---- build task 查询 Asset Bundle ----
2026-8-30 16:55:31-debug: Query preload assets/scripts from cc.config.json: 60f7195c-ec2a-45eb-ba94-8955f60e81d0,1c02ae6f-4492-4915-b8f8-7492a3b1e4cd,810e96e4-e456-4468-9b59-f4e8f39732c0,efe8e2a3-eace-427b-b4f1-cb8a937ec77d,e9aa9a3e-5b2b-4ac7-a2c7-073de2b2b24f,8bbdbcdd-5cd4-4100-b6d5-b7c9625b6107,50f4348b-c883-4e2f-8f11-ce233b859fa1,fda095cb-831d-4601-ad94-846013963de8,f92806d7-1768-443f-afe8-12bcde84d0f0,dd3a144d-ab7f-41f0-82b8-2e43a090d496,f0416e68-0200-4b77-a926-4f9d16e494da,511d2633-09a7-4bdd-ac42-f778032124b3,5d45aa00-e064-4938-b314-4265f0c2258c,9361fd90-ba52-4f84-aa93-6e878fd576ca,970b0598-bcb0-4714-91fb-2e81440dccd8,bcd64cc6-2dd9-43f6-abbe-66318d332032,d930590d-bb92-4cc8-8bd1-23cd027f9edf,a3cd009f-0ab0-420d-9278-b9fdab939bbc,6a2d0734-bd9e-4ddf-946e-caa52498cb75,c27215d8-6835-4b68-bfbb-bdeac6100c04,b5d6115f-0370-4d7c-aad3-c194cc71cf98,d1346436-ac96-4271-b863-1f4fdead95b0,971bdb23-3ff6-43eb-b422-1c30165a3663,17debcc3-0a6b-4b8a-b00b-dc58b885581e,711ebe11-f673-4cd9-9a83-63c60ba54c5b,c0143906-9aed-447e-9436-2ae8512d1b6e,14da1725-c4c2-42b4-ab08-ee0aeb6898b3,081cab31-dccd-428e-8652-f2404cc81c47,78e0584a-4343-4727-8f37-e14e65c2a2db,ba21476f-2866-4f81-9c4d-6e359316e448,871c3b6c-7379-419d-bda3-794b239ab90d,1d08ef62-a503-4ce2-8b9a-46c90873f7d3,ff9b0199-ce04-4cfe-86cc-6c719f08d6e4,de1c2107-70c8-4021-8459-6399f24d01c6,cbf30902-517f-40dc-af90-a550bac27cf1,5c601d96-e4c7-4698-991b-7ee674b11079
2026-8-30 16:55:31-debug:   Number of all scripts: 7
2026-8-30 16:55:31-debug:   Number of other assets: 318
2026-8-30 16:55:31-debug: Init bundle root assets success..., progress: 0%
2026-8-30 16:55:31-debug:   Number of all scenes: 1
2026-8-30 16:55:31-debug: // ---- build task 查询 Asset Bundle ---- (24ms)
2026-8-30 16:55:31-debug: [Build Memory track]: 查询 Asset Bundle start:232.06MB, end 231.93MB, increase: -129.85KB
2026-8-30 16:55:31-debug: 查询 Asset Bundle start, progress: 5%
2026-8-30 16:55:31-log: run build task 查询 Asset Bundle success in 24 ms√, progress: 5%
2026-8-30 16:55:31-debug: // ---- build task 查询 Asset Bundle ----
2026-8-30 16:55:31-debug: // ---- build task 查询 Asset Bundle ---- (15ms)
2026-8-30 16:55:31-log: run build task 查询 Asset Bundle success in 15 ms√, progress: 10%
2026-8-30 16:55:31-debug: 整理部分构建选项内数据到 settings.json start, progress: 10%
2026-8-30 16:55:31-debug: // ---- build task 整理部分构建选项内数据到 settings.json ----
2026-8-30 16:55:31-debug: [Build Memory track]: 查询 Asset Bundle start:231.96MB, end 232.06MB, increase: 104.10KB
2026-8-30 16:55:31-debug: // ---- build task 整理部分构建选项内数据到 settings.json ---- (7ms)
2026-8-30 16:55:31-log: run build task 整理部分构建选项内数据到 settings.json success in 7 ms√, progress: 12%
2026-8-30 16:55:31-debug: [Build Memory track]: 整理部分构建选项内数据到 settings.json start:232.09MB, end 231.36MB, increase: -745.18KB
2026-8-30 16:55:31-debug: 填充脚本数据到 settings.json start, progress: 12%
2026-8-30 16:55:31-debug: // ---- build task 填充脚本数据到 settings.json ----
2026-8-30 16:55:31-debug: // ---- build task 填充脚本数据到 settings.json ---- (8ms)
2026-8-30 16:55:31-log: run build task 填充脚本数据到 settings.json success in 8 ms√, progress: 13%
2026-8-30 16:55:31-debug: // ---- build task 整理部分构建选项内数据到 settings.json ----
2026-8-30 16:55:31-debug: [Build Memory track]: 填充脚本数据到 settings.json start:231.40MB, end 231.42MB, increase: 27.52KB
2026-8-30 16:55:31-debug: 整理部分构建选项内数据到 settings.json start, progress: 13%
2026-8-30 16:55:31-debug: // ---- build task 整理部分构建选项内数据到 settings.json ---- (21ms)
2026-8-30 16:55:31-log: run build task 整理部分构建选项内数据到 settings.json success in 21 ms√, progress: 15%
2026-8-30 16:55:31-debug: [Build Memory track]: 整理部分构建选项内数据到 settings.json start:231.45MB, end 231.58MB, increase: 132.70KB
2026-8-30 16:55:57-debug: Query all assets info in project
2026-8-30 16:55:57-debug: init custom config: keepNodeUuid: false, useCache: true
2026-8-30 16:55:57-debug: Skip compress image, progress: 0%
2026-8-30 16:55:57-debug: refresh db internal success
2026-8-30 16:55:57-debug: %cImport%c: D:\GameByself\Cocos\Project1\assets\Scripts\Car.tsbackground: #aaff85; color: #000;color: #000;
2026-8-30 16:55:57-debug: Init all bundles start..., progress: 0%
2026-8-30 16:55:57-debug: Num of bundles: 3..., progress: 0%
2026-8-30 16:55:57-debug: 查询 Asset Bundle start, progress: 0%
2026-8-30 16:55:57-debug: // ---- build task 查询 Asset Bundle ----
2026-8-30 16:55:57-debug: Init bundle root assets start..., progress: 0%
2026-8-30 16:55:57-debug: refresh db assets success
2026-8-30 16:55:57-debug: Run asset db hook engine-extends:afterRefresh ...
2026-8-30 16:55:57-debug: Run asset db hook engine-extends:afterRefresh success!
2026-8-30 16:55:57-debug: Query preload assets/scripts from cc.config.json: 60f7195c-ec2a-45eb-ba94-8955f60e81d0,1c02ae6f-4492-4915-b8f8-7492a3b1e4cd,810e96e4-e456-4468-9b59-f4e8f39732c0,efe8e2a3-eace-427b-b4f1-cb8a937ec77d,e9aa9a3e-5b2b-4ac7-a2c7-073de2b2b24f,8bbdbcdd-5cd4-4100-b6d5-b7c9625b6107,50f4348b-c883-4e2f-8f11-ce233b859fa1,fda095cb-831d-4601-ad94-846013963de8,f92806d7-1768-443f-afe8-12bcde84d0f0,dd3a144d-ab7f-41f0-82b8-2e43a090d496,f0416e68-0200-4b77-a926-4f9d16e494da,511d2633-09a7-4bdd-ac42-f778032124b3,5d45aa00-e064-4938-b314-4265f0c2258c,9361fd90-ba52-4f84-aa93-6e878fd576ca,970b0598-bcb0-4714-91fb-2e81440dccd8,bcd64cc6-2dd9-43f6-abbe-66318d332032,d930590d-bb92-4cc8-8bd1-23cd027f9edf,a3cd009f-0ab0-420d-9278-b9fdab939bbc,6a2d0734-bd9e-4ddf-946e-caa52498cb75,c27215d8-6835-4b68-bfbb-bdeac6100c04,b5d6115f-0370-4d7c-aad3-c194cc71cf98,d1346436-ac96-4271-b863-1f4fdead95b0,971bdb23-3ff6-43eb-b422-1c30165a3663,17debcc3-0a6b-4b8a-b00b-dc58b885581e,711ebe11-f673-4cd9-9a83-63c60ba54c5b,c0143906-9aed-447e-9436-2ae8512d1b6e,14da1725-c4c2-42b4-ab08-ee0aeb6898b3,081cab31-dccd-428e-8652-f2404cc81c47,78e0584a-4343-4727-8f37-e14e65c2a2db,ba21476f-2866-4f81-9c4d-6e359316e448,871c3b6c-7379-419d-bda3-794b239ab90d,1d08ef62-a503-4ce2-8b9a-46c90873f7d3,ff9b0199-ce04-4cfe-86cc-6c719f08d6e4,de1c2107-70c8-4021-8459-6399f24d01c6,cbf30902-517f-40dc-af90-a550bac27cf1,5c601d96-e4c7-4698-991b-7ee674b11079
2026-8-30 16:55:57-debug:   Number of all scripts: 7
2026-8-30 16:55:57-debug:   Number of other assets: 318
2026-8-30 16:55:57-debug: Init bundle root assets success..., progress: 0%
2026-8-30 16:55:57-debug: asset-db:worker-effect-data-processing (6ms)
2026-8-30 16:55:57-debug: asset-db:refresh-all-database (195ms)
2026-8-30 16:55:57-debug: asset-db-hook-engine-extends-afterRefresh (7ms)
2026-8-30 16:55:57-debug:   Number of all scenes: 1
2026-8-30 16:55:57-debug: // ---- build task 查询 Asset Bundle ---- (16ms)
2026-8-30 16:55:57-log: run build task 查询 Asset Bundle success in 16 ms√, progress: 5%
2026-8-30 16:55:57-debug: 查询 Asset Bundle start, progress: 5%
2026-8-30 16:55:57-debug: [Build Memory track]: 查询 Asset Bundle start:233.16MB, end 233.13MB, increase: -39.42KB
2026-8-30 16:55:57-debug: // ---- build task 查询 Asset Bundle ----
2026-8-30 16:55:57-debug: // ---- build task 查询 Asset Bundle ---- (17ms)
2026-8-30 16:55:57-log: run build task 查询 Asset Bundle success in 17 ms√, progress: 10%
2026-8-30 16:55:57-debug: [Build Memory track]: 查询 Asset Bundle start:233.16MB, end 232.57MB, increase: -598.09KB
2026-8-30 16:55:57-debug: 整理部分构建选项内数据到 settings.json start, progress: 10%
2026-8-30 16:55:57-debug: // ---- build task 整理部分构建选项内数据到 settings.json ----
2026-8-30 16:55:57-debug: // ---- build task 整理部分构建选项内数据到 settings.json ---- (3ms)
2026-8-30 16:55:57-log: run build task 整理部分构建选项内数据到 settings.json success in 3 ms√, progress: 12%
2026-8-30 16:55:57-debug: [Build Memory track]: 整理部分构建选项内数据到 settings.json start:232.61MB, end 232.64MB, increase: 28.18KB
2026-8-30 16:55:57-debug: 填充脚本数据到 settings.json start, progress: 12%
2026-8-30 16:55:57-debug: // ---- build task 填充脚本数据到 settings.json ----
2026-8-30 16:55:57-debug: // ---- build task 填充脚本数据到 settings.json ---- (8ms)
2026-8-30 16:55:57-log: run build task 填充脚本数据到 settings.json success in 8 ms√, progress: 13%
2026-8-30 16:55:57-debug: [Build Memory track]: 填充脚本数据到 settings.json start:232.67MB, end 232.70MB, increase: 27.48KB
2026-8-30 16:55:57-debug: // ---- build task 整理部分构建选项内数据到 settings.json ----
2026-8-30 16:55:57-debug: 整理部分构建选项内数据到 settings.json start, progress: 13%
2026-8-30 16:55:57-debug: [Build Memory track]: 整理部分构建选项内数据到 settings.json start:232.73MB, end 232.85MB, increase: 129.37KB
2026-8-30 16:55:57-debug: // ---- build task 整理部分构建选项内数据到 settings.json ---- (16ms)
2026-8-30 16:55:57-log: run build task 整理部分构建选项内数据到 settings.json success in 16 ms√, progress: 15%
2026-8-30 16:55:58-debug: Query all assets info in project
2026-8-30 16:55:58-debug: init custom config: keepNodeUuid: false, useCache: true
2026-8-30 16:55:58-debug: Skip compress image, progress: 0%
2026-8-30 16:55:58-debug: Init all bundles start..., progress: 0%
2026-8-30 16:55:58-debug: // ---- build task 查询 Asset Bundle ----
2026-8-30 16:55:58-debug: 查询 Asset Bundle start, progress: 0%
2026-8-30 16:55:58-debug: Num of bundles: 3..., progress: 0%
2026-8-30 16:55:58-debug: Init bundle root assets start..., progress: 0%
2026-8-30 16:55:58-debug: Query preload assets/scripts from cc.config.json: 60f7195c-ec2a-45eb-ba94-8955f60e81d0,1c02ae6f-4492-4915-b8f8-7492a3b1e4cd,810e96e4-e456-4468-9b59-f4e8f39732c0,efe8e2a3-eace-427b-b4f1-cb8a937ec77d,e9aa9a3e-5b2b-4ac7-a2c7-073de2b2b24f,8bbdbcdd-5cd4-4100-b6d5-b7c9625b6107,50f4348b-c883-4e2f-8f11-ce233b859fa1,fda095cb-831d-4601-ad94-846013963de8,f92806d7-1768-443f-afe8-12bcde84d0f0,dd3a144d-ab7f-41f0-82b8-2e43a090d496,f0416e68-0200-4b77-a926-4f9d16e494da,511d2633-09a7-4bdd-ac42-f778032124b3,5d45aa00-e064-4938-b314-4265f0c2258c,9361fd90-ba52-4f84-aa93-6e878fd576ca,970b0598-bcb0-4714-91fb-2e81440dccd8,bcd64cc6-2dd9-43f6-abbe-66318d332032,d930590d-bb92-4cc8-8bd1-23cd027f9edf,a3cd009f-0ab0-420d-9278-b9fdab939bbc,6a2d0734-bd9e-4ddf-946e-caa52498cb75,c27215d8-6835-4b68-bfbb-bdeac6100c04,b5d6115f-0370-4d7c-aad3-c194cc71cf98,d1346436-ac96-4271-b863-1f4fdead95b0,971bdb23-3ff6-43eb-b422-1c30165a3663,17debcc3-0a6b-4b8a-b00b-dc58b885581e,711ebe11-f673-4cd9-9a83-63c60ba54c5b,c0143906-9aed-447e-9436-2ae8512d1b6e,14da1725-c4c2-42b4-ab08-ee0aeb6898b3,081cab31-dccd-428e-8652-f2404cc81c47,78e0584a-4343-4727-8f37-e14e65c2a2db,ba21476f-2866-4f81-9c4d-6e359316e448,871c3b6c-7379-419d-bda3-794b239ab90d,1d08ef62-a503-4ce2-8b9a-46c90873f7d3,ff9b0199-ce04-4cfe-86cc-6c719f08d6e4,de1c2107-70c8-4021-8459-6399f24d01c6,cbf30902-517f-40dc-af90-a550bac27cf1,5c601d96-e4c7-4698-991b-7ee674b11079
2026-8-30 16:55:58-debug:   Number of all scenes: 1
2026-8-30 16:55:58-debug:   Number of all scripts: 7
2026-8-30 16:55:58-debug:   Number of other assets: 318
2026-8-30 16:55:58-debug: Init bundle root assets success..., progress: 0%
2026-8-30 16:55:58-debug: // ---- build task 查询 Asset Bundle ---- (9ms)
2026-8-30 16:55:58-log: run build task 查询 Asset Bundle success in 9 ms√, progress: 5%
2026-8-30 16:55:58-debug: [Build Memory track]: 查询 Asset Bundle start:233.17MB, end 232.90MB, increase: -275.07KB
2026-8-30 16:55:58-debug: 查询 Asset Bundle start, progress: 5%
2026-8-30 16:55:58-debug: // ---- build task 查询 Asset Bundle ----
2026-8-30 16:55:58-debug: // ---- build task 查询 Asset Bundle ---- (4ms)
2026-8-30 16:55:58-log: run build task 查询 Asset Bundle success in 4 ms√, progress: 10%
2026-8-30 16:55:58-debug: 整理部分构建选项内数据到 settings.json start, progress: 10%
2026-8-30 16:55:58-debug: [Build Memory track]: 查询 Asset Bundle start:232.93MB, end 233.03MB, increase: 104.07KB
2026-8-30 16:55:58-debug: // ---- build task 整理部分构建选项内数据到 settings.json ----
2026-8-30 16:55:58-debug: // ---- build task 整理部分构建选项内数据到 settings.json ---- (1ms)
2026-8-30 16:55:58-log: run build task 整理部分构建选项内数据到 settings.json success in 1 ms√, progress: 12%
2026-8-30 16:55:58-debug: // ---- build task 填充脚本数据到 settings.json ----
2026-8-30 16:55:58-debug: [Build Memory track]: 整理部分构建选项内数据到 settings.json start:233.06MB, end 233.09MB, increase: 28.15KB
2026-8-30 16:55:58-debug: 填充脚本数据到 settings.json start, progress: 12%
2026-8-30 16:55:58-debug: // ---- build task 填充脚本数据到 settings.json ---- (2ms)
2026-8-30 16:55:58-debug: [Build Memory track]: 填充脚本数据到 settings.json start:233.12MB, end 233.15MB, increase: 27.61KB
2026-8-30 16:55:58-log: run build task 填充脚本数据到 settings.json success in 2 ms√, progress: 13%
2026-8-30 16:55:58-debug: // ---- build task 整理部分构建选项内数据到 settings.json ----
2026-8-30 16:55:58-debug: 整理部分构建选项内数据到 settings.json start, progress: 13%
2026-8-30 16:55:58-debug: // ---- build task 整理部分构建选项内数据到 settings.json ---- (4ms)
2026-8-30 16:55:58-log: run build task 整理部分构建选项内数据到 settings.json success in 4 ms√, progress: 15%
2026-8-30 16:55:58-debug: [Build Memory track]: 整理部分构建选项内数据到 settings.json start:233.18MB, end 233.32MB, increase: 141.31KB
2026-8-30 16:56:05-debug: refresh db internal success
2026-8-30 16:56:05-debug: refresh db assets success
2026-8-30 16:56:05-debug: Run asset db hook engine-extends:afterRefresh ...
2026-8-30 16:56:05-debug: Run asset db hook engine-extends:afterRefresh success!
2026-8-30 16:56:05-debug: asset-db:refresh-all-database (100ms)
2026-8-30 16:56:05-debug: asset-db:worker-effect-data-processing (1ms)
2026-8-30 16:56:05-debug: asset-db-hook-engine-extends-afterRefresh (1ms)
2026-8-30 16:56:10-debug: Query all assets info in project
2026-8-30 16:56:10-debug: init custom config: keepNodeUuid: false, useCache: true
2026-8-30 16:56:10-debug: Skip compress image, progress: 0%
2026-8-30 16:56:10-debug: Init all bundles start..., progress: 0%
2026-8-30 16:56:10-debug: // ---- build task 查询 Asset Bundle ----
2026-8-30 16:56:10-debug: Init bundle root assets start..., progress: 0%
2026-8-30 16:56:10-debug: Num of bundles: 3..., progress: 0%
2026-8-30 16:56:10-debug: 查询 Asset Bundle start, progress: 0%
2026-8-30 16:56:11-debug: Query preload assets/scripts from cc.config.json: 60f7195c-ec2a-45eb-ba94-8955f60e81d0,1c02ae6f-4492-4915-b8f8-7492a3b1e4cd,810e96e4-e456-4468-9b59-f4e8f39732c0,efe8e2a3-eace-427b-b4f1-cb8a937ec77d,e9aa9a3e-5b2b-4ac7-a2c7-073de2b2b24f,8bbdbcdd-5cd4-4100-b6d5-b7c9625b6107,50f4348b-c883-4e2f-8f11-ce233b859fa1,fda095cb-831d-4601-ad94-846013963de8,f92806d7-1768-443f-afe8-12bcde84d0f0,dd3a144d-ab7f-41f0-82b8-2e43a090d496,f0416e68-0200-4b77-a926-4f9d16e494da,511d2633-09a7-4bdd-ac42-f778032124b3,5d45aa00-e064-4938-b314-4265f0c2258c,9361fd90-ba52-4f84-aa93-6e878fd576ca,970b0598-bcb0-4714-91fb-2e81440dccd8,bcd64cc6-2dd9-43f6-abbe-66318d332032,d930590d-bb92-4cc8-8bd1-23cd027f9edf,a3cd009f-0ab0-420d-9278-b9fdab939bbc,6a2d0734-bd9e-4ddf-946e-caa52498cb75,c27215d8-6835-4b68-bfbb-bdeac6100c04,b5d6115f-0370-4d7c-aad3-c194cc71cf98,d1346436-ac96-4271-b863-1f4fdead95b0,971bdb23-3ff6-43eb-b422-1c30165a3663,17debcc3-0a6b-4b8a-b00b-dc58b885581e,711ebe11-f673-4cd9-9a83-63c60ba54c5b,c0143906-9aed-447e-9436-2ae8512d1b6e,14da1725-c4c2-42b4-ab08-ee0aeb6898b3,081cab31-dccd-428e-8652-f2404cc81c47,78e0584a-4343-4727-8f37-e14e65c2a2db,ba21476f-2866-4f81-9c4d-6e359316e448,871c3b6c-7379-419d-bda3-794b239ab90d,1d08ef62-a503-4ce2-8b9a-46c90873f7d3,ff9b0199-ce04-4cfe-86cc-6c719f08d6e4,de1c2107-70c8-4021-8459-6399f24d01c6,cbf30902-517f-40dc-af90-a550bac27cf1,5c601d96-e4c7-4698-991b-7ee674b11079
2026-8-30 16:56:11-debug:   Number of all scenes: 1
2026-8-30 16:56:11-debug:   Number of all scripts: 7
2026-8-30 16:56:11-debug:   Number of other assets: 318
2026-8-30 16:56:11-debug: Init bundle root assets success..., progress: 0%
2026-8-30 16:56:11-debug: // ---- build task 查询 Asset Bundle ---- (12ms)
2026-8-30 16:56:11-log: run build task 查询 Asset Bundle success in 12 ms√, progress: 5%
2026-8-30 16:56:11-debug: [Build Memory track]: 查询 Asset Bundle start:234.28MB, end 234.03MB, increase: -258.58KB
2026-8-30 16:56:11-debug: 查询 Asset Bundle start, progress: 5%
2026-8-30 16:56:11-debug: // ---- build task 查询 Asset Bundle ----
2026-8-30 16:56:11-debug: // ---- build task 查询 Asset Bundle ---- (9ms)
2026-8-30 16:56:11-debug: [Build Memory track]: 查询 Asset Bundle start:234.06MB, end 234.16MB, increase: 104.82KB
2026-8-30 16:56:11-debug: 整理部分构建选项内数据到 settings.json start, progress: 10%
2026-8-30 16:56:11-debug: // ---- build task 整理部分构建选项内数据到 settings.json ----
2026-8-30 16:56:11-log: run build task 查询 Asset Bundle success in 9 ms√, progress: 10%
2026-8-30 16:56:11-debug: // ---- build task 整理部分构建选项内数据到 settings.json ---- (2ms)
2026-8-30 16:56:11-log: run build task 整理部分构建选项内数据到 settings.json success in 2 ms√, progress: 12%
2026-8-30 16:56:11-debug: [Build Memory track]: 整理部分构建选项内数据到 settings.json start:234.20MB, end 234.22MB, increase: 27.21KB
2026-8-30 16:56:11-debug: 填充脚本数据到 settings.json start, progress: 12%
2026-8-30 16:56:11-debug: // ---- build task 填充脚本数据到 settings.json ----
2026-8-30 16:56:11-debug: // ---- build task 填充脚本数据到 settings.json ---- (6ms)
2026-8-30 16:56:11-log: run build task 填充脚本数据到 settings.json success in 6 ms√, progress: 13%
2026-8-30 16:56:11-debug: [Build Memory track]: 填充脚本数据到 settings.json start:234.25MB, end 234.28MB, increase: 28.41KB
2026-8-30 16:56:11-debug: 整理部分构建选项内数据到 settings.json start, progress: 13%
2026-8-30 16:56:11-debug: // ---- build task 整理部分构建选项内数据到 settings.json ----
2026-8-30 16:56:11-log: run build task 整理部分构建选项内数据到 settings.json success in 29 ms√, progress: 15%
2026-8-30 16:56:11-debug: // ---- build task 整理部分构建选项内数据到 settings.json ---- (29ms)
2026-8-30 16:56:11-debug: [Build Memory track]: 整理部分构建选项内数据到 settings.json start:234.31MB, end 234.44MB, increase: 133.38KB
2026-8-30 16:56:35-debug: refresh db internal success
2026-8-30 16:56:35-debug: refresh db assets success
2026-8-30 16:56:35-debug: Run asset db hook engine-extends:afterRefresh ...
2026-8-30 16:56:35-debug: Run asset db hook engine-extends:afterRefresh success!
2026-8-30 16:56:35-debug: asset-db:refresh-all-database (113ms)
2026-8-30 16:56:35-debug: asset-db:worker-effect-data-processing (2ms)
2026-8-30 16:56:35-debug: asset-db-hook-engine-extends-afterRefresh (2ms)
2026-8-30 16:56:38-debug: %cImport%c: D:\GameByself\Cocos\Project1\assets\Scenes\scene.scenebackground: #aaff85; color: #000;color: #000;
2026-8-30 16:56:38-debug: asset-db:reimport-assetcb02e093-8bba-4046-8e6e-d0462e7be5da (13ms)
2026-8-30 17:02:08-debug: refresh db internal success
2026-8-30 17:02:08-debug: %cImport%c: D:\GameByself\Cocos\Project1\assets\Scripts\Car.tsbackground: #aaff85; color: #000;color: #000;
2026-8-30 17:02:08-debug: refresh db assets success
2026-8-30 17:02:08-debug: Run asset db hook engine-extends:afterRefresh ...
2026-8-30 17:02:08-debug: Run asset db hook engine-extends:afterRefresh success!
2026-8-30 17:02:08-debug: asset-db:refresh-all-database (109ms)
2026-8-30 17:02:08-debug: asset-db:worker-effect-data-processing (2ms)
2026-8-30 17:02:08-debug: asset-db-hook-engine-extends-afterRefresh (3ms)
2026-8-30 17:02:08-debug: %cImport%c: D:\GameByself\Cocos\Project1\assets\Scenes\scene.scenebackground: #aaff85; color: #000;color: #000;
2026-8-30 17:02:08-debug: asset-db:reimport-assetcb02e093-8bba-4046-8e6e-d0462e7be5da (14ms)
2026-8-30 17:02:10-debug: Query all assets info in project
2026-8-30 17:02:10-debug: init custom config: keepNodeUuid: false, useCache: true
2026-8-30 17:02:10-debug: Skip compress image, progress: 0%
2026-8-30 17:02:10-debug: Num of bundles: 3..., progress: 0%
2026-8-30 17:02:10-debug: 查询 Asset Bundle start, progress: 0%
2026-8-30 17:02:10-debug: // ---- build task 查询 Asset Bundle ----
2026-8-30 17:02:10-debug: Init all bundles start..., progress: 0%
2026-8-30 17:02:10-debug: Init bundle root assets start..., progress: 0%
2026-8-30 17:02:10-debug: Query preload assets/scripts from cc.config.json: 60f7195c-ec2a-45eb-ba94-8955f60e81d0,1c02ae6f-4492-4915-b8f8-7492a3b1e4cd,810e96e4-e456-4468-9b59-f4e8f39732c0,efe8e2a3-eace-427b-b4f1-cb8a937ec77d,e9aa9a3e-5b2b-4ac7-a2c7-073de2b2b24f,8bbdbcdd-5cd4-4100-b6d5-b7c9625b6107,50f4348b-c883-4e2f-8f11-ce233b859fa1,fda095cb-831d-4601-ad94-846013963de8,f92806d7-1768-443f-afe8-12bcde84d0f0,dd3a144d-ab7f-41f0-82b8-2e43a090d496,f0416e68-0200-4b77-a926-4f9d16e494da,511d2633-09a7-4bdd-ac42-f778032124b3,5d45aa00-e064-4938-b314-4265f0c2258c,9361fd90-ba52-4f84-aa93-6e878fd576ca,970b0598-bcb0-4714-91fb-2e81440dccd8,bcd64cc6-2dd9-43f6-abbe-66318d332032,d930590d-bb92-4cc8-8bd1-23cd027f9edf,a3cd009f-0ab0-420d-9278-b9fdab939bbc,6a2d0734-bd9e-4ddf-946e-caa52498cb75,c27215d8-6835-4b68-bfbb-bdeac6100c04,b5d6115f-0370-4d7c-aad3-c194cc71cf98,d1346436-ac96-4271-b863-1f4fdead95b0,971bdb23-3ff6-43eb-b422-1c30165a3663,17debcc3-0a6b-4b8a-b00b-dc58b885581e,711ebe11-f673-4cd9-9a83-63c60ba54c5b,c0143906-9aed-447e-9436-2ae8512d1b6e,14da1725-c4c2-42b4-ab08-ee0aeb6898b3,081cab31-dccd-428e-8652-f2404cc81c47,78e0584a-4343-4727-8f37-e14e65c2a2db,ba21476f-2866-4f81-9c4d-6e359316e448,871c3b6c-7379-419d-bda3-794b239ab90d,1d08ef62-a503-4ce2-8b9a-46c90873f7d3,ff9b0199-ce04-4cfe-86cc-6c719f08d6e4,de1c2107-70c8-4021-8459-6399f24d01c6,cbf30902-517f-40dc-af90-a550bac27cf1,5c601d96-e4c7-4698-991b-7ee674b11079
2026-8-30 17:02:10-debug:   Number of all scenes: 1
2026-8-30 17:02:10-debug:   Number of all scripts: 7
2026-8-30 17:02:10-debug:   Number of other assets: 318
2026-8-30 17:02:10-debug: Init bundle root assets success..., progress: 0%
2026-8-30 17:02:10-debug: // ---- build task 查询 Asset Bundle ---- (17ms)
2026-8-30 17:02:10-log: run build task 查询 Asset Bundle success in 17 ms√, progress: 5%
2026-8-30 17:02:10-debug: [Build Memory track]: 查询 Asset Bundle start:237.48MB, end 236.35MB, increase: -1162.03KB
2026-8-30 17:02:10-debug: 查询 Asset Bundle start, progress: 5%
2026-8-30 17:02:10-debug: // ---- build task 查询 Asset Bundle ----
2026-8-30 17:02:10-debug: // ---- build task 查询 Asset Bundle ---- (7ms)
2026-8-30 17:02:10-log: run build task 查询 Asset Bundle success in 7 ms√, progress: 10%
2026-8-30 17:02:10-debug: [Build Memory track]: 查询 Asset Bundle start:236.38MB, end 236.48MB, increase: 105.02KB
2026-8-30 17:02:10-debug: 整理部分构建选项内数据到 settings.json start, progress: 10%
2026-8-30 17:02:10-debug: // ---- build task 整理部分构建选项内数据到 settings.json ----
2026-8-30 17:02:10-debug: // ---- build task 整理部分构建选项内数据到 settings.json ---- (2ms)
2026-8-30 17:02:10-log: run build task 整理部分构建选项内数据到 settings.json success in 2 ms√, progress: 12%
2026-8-30 17:02:10-debug: [Build Memory track]: 整理部分构建选项内数据到 settings.json start:236.52MB, end 236.54MB, increase: 26.82KB
2026-8-30 17:02:10-debug: // ---- build task 填充脚本数据到 settings.json ----
2026-8-30 17:02:10-debug: 填充脚本数据到 settings.json start, progress: 12%
2026-8-30 17:02:10-debug: // ---- build task 填充脚本数据到 settings.json ---- (2ms)
2026-8-30 17:02:10-log: run build task 填充脚本数据到 settings.json success in 2 ms√, progress: 13%
2026-8-30 17:02:10-debug: [Build Memory track]: 填充脚本数据到 settings.json start:236.57MB, end 236.60MB, increase: 28.74KB
2026-8-30 17:02:10-debug: 整理部分构建选项内数据到 settings.json start, progress: 13%
2026-8-30 17:02:10-debug: // ---- build task 整理部分构建选项内数据到 settings.json ----
2026-8-30 17:02:10-debug: // ---- build task 整理部分构建选项内数据到 settings.json ---- (10ms)
2026-8-30 17:02:10-log: run build task 整理部分构建选项内数据到 settings.json success in 10 ms√, progress: 15%
2026-8-30 17:02:10-debug: [Build Memory track]: 整理部分构建选项内数据到 settings.json start:236.63MB, end 236.77MB, increase: 138.20KB
2026-8-30 17:02:17-debug: refresh db internal success
2026-8-30 17:02:17-debug: refresh db assets success
2026-8-30 17:02:17-debug: Run asset db hook engine-extends:afterRefresh ...
2026-8-30 17:02:17-debug: Run asset db hook engine-extends:afterRefresh success!
2026-8-30 17:02:17-debug: asset-db:refresh-all-database (103ms)
2026-8-30 17:02:17-debug: asset-db:worker-effect-data-processing (3ms)
2026-8-30 17:02:17-debug: asset-db-hook-engine-extends-afterRefresh (4ms)
2026-8-30 17:02:34-debug: %cImport%c: D:\GameByself\Cocos\Project1\assets\Scenes\scene.scenebackground: #aaff85; color: #000;color: #000;
2026-8-30 17:02:34-debug: asset-db:reimport-assetcb02e093-8bba-4046-8e6e-d0462e7be5da (13ms)
2026-8-30 17:07:46-debug: refresh db internal success
2026-8-30 17:07:46-debug: %cImport%c: D:\GameByself\Cocos\Project1\assets\Scripts\Car.tsbackground: #aaff85; color: #000;color: #000;
2026-8-30 17:07:46-debug: refresh db assets success
2026-8-30 17:07:46-debug: Run asset db hook engine-extends:afterRefresh success!
2026-8-30 17:07:46-debug: Run asset db hook engine-extends:afterRefresh ...
2026-8-30 17:07:46-debug: asset-db:refresh-all-database (105ms)
2026-8-30 17:07:46-debug: asset-db:worker-effect-data-processing (2ms)
2026-8-30 17:07:46-debug: asset-db-hook-engine-extends-afterRefresh (2ms)
2026-8-30 17:07:49-debug: refresh db internal success
2026-8-30 17:07:49-debug: %cImport%c: D:\GameByself\Cocos\Project1\assets\Scripts\Car.tsbackground: #aaff85; color: #000;color: #000;
2026-8-30 17:07:49-debug: refresh db assets success
2026-8-30 17:07:49-debug: Run asset db hook engine-extends:afterRefresh ...
2026-8-30 17:07:49-debug: Run asset db hook engine-extends:afterRefresh success!
2026-8-30 17:07:49-debug: asset-db:refresh-all-database (108ms)
2026-8-30 17:07:49-debug: asset-db:worker-effect-data-processing (2ms)
2026-8-30 17:07:49-debug: asset-db-hook-engine-extends-afterRefresh (3ms)
2026-8-30 17:07:50-debug: Query all assets info in project
2026-8-30 17:07:50-debug: Skip compress image, progress: 0%
2026-8-30 17:07:50-debug: init custom config: keepNodeUuid: false, useCache: true
2026-8-30 17:07:50-debug: Init all bundles start..., progress: 0%
2026-8-30 17:07:50-debug: Num of bundles: 3..., progress: 0%
2026-8-30 17:07:50-debug: // ---- build task 查询 Asset Bundle ----
2026-8-30 17:07:50-debug: Init bundle root assets start..., progress: 0%
2026-8-30 17:07:50-debug: 查询 Asset Bundle start, progress: 0%
2026-8-30 17:07:50-debug: Query preload assets/scripts from cc.config.json: 60f7195c-ec2a-45eb-ba94-8955f60e81d0,1c02ae6f-4492-4915-b8f8-7492a3b1e4cd,810e96e4-e456-4468-9b59-f4e8f39732c0,efe8e2a3-eace-427b-b4f1-cb8a937ec77d,e9aa9a3e-5b2b-4ac7-a2c7-073de2b2b24f,8bbdbcdd-5cd4-4100-b6d5-b7c9625b6107,50f4348b-c883-4e2f-8f11-ce233b859fa1,fda095cb-831d-4601-ad94-846013963de8,f92806d7-1768-443f-afe8-12bcde84d0f0,dd3a144d-ab7f-41f0-82b8-2e43a090d496,f0416e68-0200-4b77-a926-4f9d16e494da,511d2633-09a7-4bdd-ac42-f778032124b3,5d45aa00-e064-4938-b314-4265f0c2258c,9361fd90-ba52-4f84-aa93-6e878fd576ca,970b0598-bcb0-4714-91fb-2e81440dccd8,bcd64cc6-2dd9-43f6-abbe-66318d332032,d930590d-bb92-4cc8-8bd1-23cd027f9edf,a3cd009f-0ab0-420d-9278-b9fdab939bbc,6a2d0734-bd9e-4ddf-946e-caa52498cb75,c27215d8-6835-4b68-bfbb-bdeac6100c04,b5d6115f-0370-4d7c-aad3-c194cc71cf98,d1346436-ac96-4271-b863-1f4fdead95b0,971bdb23-3ff6-43eb-b422-1c30165a3663,17debcc3-0a6b-4b8a-b00b-dc58b885581e,711ebe11-f673-4cd9-9a83-63c60ba54c5b,c0143906-9aed-447e-9436-2ae8512d1b6e,14da1725-c4c2-42b4-ab08-ee0aeb6898b3,081cab31-dccd-428e-8652-f2404cc81c47,78e0584a-4343-4727-8f37-e14e65c2a2db,ba21476f-2866-4f81-9c4d-6e359316e448,871c3b6c-7379-419d-bda3-794b239ab90d,1d08ef62-a503-4ce2-8b9a-46c90873f7d3,ff9b0199-ce04-4cfe-86cc-6c719f08d6e4,de1c2107-70c8-4021-8459-6399f24d01c6,cbf30902-517f-40dc-af90-a550bac27cf1,5c601d96-e4c7-4698-991b-7ee674b11079
2026-8-30 17:07:50-debug:   Number of all scenes: 1
2026-8-30 17:07:50-debug:   Number of all scripts: 7
2026-8-30 17:07:50-debug:   Number of other assets: 318
2026-8-30 17:07:50-debug: Init bundle root assets success..., progress: 0%
2026-8-30 17:07:50-debug: // ---- build task 查询 Asset Bundle ---- (11ms)
2026-8-30 17:07:50-log: run build task 查询 Asset Bundle success in 11 ms√, progress: 5%
2026-8-30 17:07:50-debug: [Build Memory track]: 查询 Asset Bundle start:239.48MB, end 240.13MB, increase: 666.54KB
2026-8-30 17:07:50-debug: // ---- build task 查询 Asset Bundle ----
2026-8-30 17:07:50-debug: 查询 Asset Bundle start, progress: 5%
2026-8-30 17:07:50-debug: // ---- build task 查询 Asset Bundle ---- (6ms)
2026-8-30 17:07:50-log: run build task 查询 Asset Bundle success in 6 ms√, progress: 10%
2026-8-30 17:07:50-debug: [Build Memory track]: 查询 Asset Bundle start:240.16MB, end 240.26MB, increase: 105.08KB
2026-8-30 17:07:50-debug: 整理部分构建选项内数据到 settings.json start, progress: 10%
2026-8-30 17:07:50-debug: // ---- build task 整理部分构建选项内数据到 settings.json ----
2026-8-30 17:07:50-debug: // ---- build task 整理部分构建选项内数据到 settings.json ---- (4ms)
2026-8-30 17:07:50-log: run build task 整理部分构建选项内数据到 settings.json success in 4 ms√, progress: 12%
2026-8-30 17:07:50-debug: [Build Memory track]: 整理部分构建选项内数据到 settings.json start:240.29MB, end 240.32MB, increase: 28.11KB
2026-8-30 17:07:50-debug: 填充脚本数据到 settings.json start, progress: 12%
2026-8-30 17:07:50-debug: // ---- build task 填充脚本数据到 settings.json ----
2026-8-30 17:07:50-debug: // ---- build task 填充脚本数据到 settings.json ---- (2ms)
2026-8-30 17:07:50-debug: [Build Memory track]: 填充脚本数据到 settings.json start:240.35MB, end 240.38MB, increase: 27.59KB
2026-8-30 17:07:50-log: run build task 填充脚本数据到 settings.json success in 2 ms√, progress: 13%
2026-8-30 17:07:50-debug: 整理部分构建选项内数据到 settings.json start, progress: 13%
2026-8-30 17:07:50-debug: // ---- build task 整理部分构建选项内数据到 settings.json ----
2026-8-30 17:07:50-debug: // ---- build task 整理部分构建选项内数据到 settings.json ---- (10ms)
2026-8-30 17:07:50-log: run build task 整理部分构建选项内数据到 settings.json success in 10 ms√, progress: 15%
2026-8-30 17:07:50-debug: [Build Memory track]: 整理部分构建选项内数据到 settings.json start:240.41MB, end 240.53MB, increase: 127.58KB
2026-8-30 17:08:00-debug: refresh db internal success
2026-8-30 17:08:00-debug: refresh db assets success
2026-8-30 17:08:00-debug: Run asset db hook engine-extends:afterRefresh ...
2026-8-30 17:08:00-debug: Run asset db hook engine-extends:afterRefresh success!
2026-8-30 17:08:00-debug: asset-db:refresh-all-database (99ms)
2026-8-30 17:08:00-debug: asset-db:worker-effect-data-processing (2ms)
2026-8-30 17:08:00-debug: asset-db-hook-engine-extends-afterRefresh (2ms)
2026-8-30 17:08:05-debug: %cImport%c: D:\GameByself\Cocos\Project1\assets\Scenes\scene.scenebackground: #aaff85; color: #000;color: #000;
2026-8-30 17:08:05-debug: asset-db:reimport-assetcb02e093-8bba-4046-8e6e-d0462e7be5da (12ms)
2026-8-30 17:08:06-debug: Query all assets info in project
2026-8-30 17:08:06-debug: init custom config: keepNodeUuid: false, useCache: true
2026-8-30 17:08:06-debug: Skip compress image, progress: 0%
2026-8-30 17:08:06-debug: Init all bundles start..., progress: 0%
2026-8-30 17:08:06-debug: 查询 Asset Bundle start, progress: 0%
2026-8-30 17:08:06-debug: // ---- build task 查询 Asset Bundle ----
2026-8-30 17:08:06-debug: Num of bundles: 3..., progress: 0%
2026-8-30 17:08:06-debug: Init bundle root assets start..., progress: 0%
2026-8-30 17:08:06-debug: Query preload assets/scripts from cc.config.json: 60f7195c-ec2a-45eb-ba94-8955f60e81d0,1c02ae6f-4492-4915-b8f8-7492a3b1e4cd,810e96e4-e456-4468-9b59-f4e8f39732c0,efe8e2a3-eace-427b-b4f1-cb8a937ec77d,e9aa9a3e-5b2b-4ac7-a2c7-073de2b2b24f,8bbdbcdd-5cd4-4100-b6d5-b7c9625b6107,50f4348b-c883-4e2f-8f11-ce233b859fa1,fda095cb-831d-4601-ad94-846013963de8,f92806d7-1768-443f-afe8-12bcde84d0f0,dd3a144d-ab7f-41f0-82b8-2e43a090d496,f0416e68-0200-4b77-a926-4f9d16e494da,511d2633-09a7-4bdd-ac42-f778032124b3,5d45aa00-e064-4938-b314-4265f0c2258c,9361fd90-ba52-4f84-aa93-6e878fd576ca,970b0598-bcb0-4714-91fb-2e81440dccd8,bcd64cc6-2dd9-43f6-abbe-66318d332032,d930590d-bb92-4cc8-8bd1-23cd027f9edf,a3cd009f-0ab0-420d-9278-b9fdab939bbc,6a2d0734-bd9e-4ddf-946e-caa52498cb75,c27215d8-6835-4b68-bfbb-bdeac6100c04,b5d6115f-0370-4d7c-aad3-c194cc71cf98,d1346436-ac96-4271-b863-1f4fdead95b0,971bdb23-3ff6-43eb-b422-1c30165a3663,17debcc3-0a6b-4b8a-b00b-dc58b885581e,711ebe11-f673-4cd9-9a83-63c60ba54c5b,c0143906-9aed-447e-9436-2ae8512d1b6e,14da1725-c4c2-42b4-ab08-ee0aeb6898b3,081cab31-dccd-428e-8652-f2404cc81c47,78e0584a-4343-4727-8f37-e14e65c2a2db,ba21476f-2866-4f81-9c4d-6e359316e448,871c3b6c-7379-419d-bda3-794b239ab90d,1d08ef62-a503-4ce2-8b9a-46c90873f7d3,ff9b0199-ce04-4cfe-86cc-6c719f08d6e4,de1c2107-70c8-4021-8459-6399f24d01c6,cbf30902-517f-40dc-af90-a550bac27cf1,5c601d96-e4c7-4698-991b-7ee674b11079
2026-8-30 17:08:06-debug:   Number of all scenes: 1
2026-8-30 17:08:06-debug:   Number of other assets: 318
2026-8-30 17:08:06-debug: Init bundle root assets success..., progress: 0%
2026-8-30 17:08:06-debug:   Number of all scripts: 7
2026-8-30 17:08:06-debug: // ---- build task 查询 Asset Bundle ---- (16ms)
2026-8-30 17:08:06-log: run build task 查询 Asset Bundle success in 16 ms√, progress: 5%
2026-8-30 17:08:06-debug: [Build Memory track]: 查询 Asset Bundle start:241.34MB, end 241.21MB, increase: -141.29KB
2026-8-30 17:08:06-debug: 查询 Asset Bundle start, progress: 5%
2026-8-30 17:08:06-debug: // ---- build task 查询 Asset Bundle ----
2026-8-30 17:08:06-debug: // ---- build task 查询 Asset Bundle ---- (8ms)
2026-8-30 17:08:06-log: run build task 查询 Asset Bundle success in 8 ms√, progress: 10%
2026-8-30 17:08:06-debug: [Build Memory track]: 查询 Asset Bundle start:241.24MB, end 241.34MB, increase: 104.05KB
2026-8-30 17:08:06-debug: // ---- build task 整理部分构建选项内数据到 settings.json ----
2026-8-30 17:08:06-debug: 整理部分构建选项内数据到 settings.json start, progress: 10%
2026-8-30 17:08:06-log: run build task 整理部分构建选项内数据到 settings.json success in 2 ms√, progress: 12%
2026-8-30 17:08:06-debug: [Build Memory track]: 整理部分构建选项内数据到 settings.json start:241.37MB, end 240.63MB, increase: -762.45KB
2026-8-30 17:08:06-debug: // ---- build task 整理部分构建选项内数据到 settings.json ---- (2ms)
2026-8-30 17:08:06-debug: 填充脚本数据到 settings.json start, progress: 12%
2026-8-30 17:08:06-debug: // ---- build task 填充脚本数据到 settings.json ----
2026-8-30 17:08:06-debug: // ---- build task 填充脚本数据到 settings.json ---- (2ms)
2026-8-30 17:08:06-log: run build task 填充脚本数据到 settings.json success in 2 ms√, progress: 13%
2026-8-30 17:08:06-debug: [Build Memory track]: 填充脚本数据到 settings.json start:240.66MB, end 240.68MB, increase: 27.52KB
2026-8-30 17:08:06-debug: 整理部分构建选项内数据到 settings.json start, progress: 13%
2026-8-30 17:08:06-debug: // ---- build task 整理部分构建选项内数据到 settings.json ----
2026-8-30 17:08:06-debug: [Build Memory track]: 整理部分构建选项内数据到 settings.json start:240.71MB, end 240.84MB, increase: 131.45KB
2026-8-30 17:08:06-debug: // ---- build task 整理部分构建选项内数据到 settings.json ---- (13ms)
2026-8-30 17:08:06-log: run build task 整理部分构建选项内数据到 settings.json success in 13 ms√, progress: 15%
2026-8-30 17:09:19-debug: refresh db internal success
2026-8-30 17:09:19-debug: %cImport%c: D:\GameByself\Cocos\Project1\assets\Scripts\Car.tsbackground: #aaff85; color: #000;color: #000;
2026-8-30 17:09:19-debug: refresh db assets success
2026-8-30 17:09:19-debug: Run asset db hook engine-extends:afterRefresh ...
2026-8-30 17:09:19-debug: Run asset db hook engine-extends:afterRefresh success!
2026-8-30 17:09:19-debug: asset-db:refresh-all-database (105ms)
2026-8-30 17:09:19-debug: asset-db:worker-effect-data-processing (1ms)
2026-8-30 17:09:19-debug: asset-db-hook-engine-extends-afterRefresh (2ms)
2026-8-30 17:09:30-debug: %cImport%c: D:\GameByself\Cocos\Project1\assets\Scenes\scene.scenebackground: #aaff85; color: #000;color: #000;
2026-8-30 17:09:31-debug: asset-db:reimport-assetcb02e093-8bba-4046-8e6e-d0462e7be5da (13ms)
2026-8-30 17:09:31-debug: Query all assets info in project
2026-8-30 17:09:31-debug: init custom config: keepNodeUuid: false, useCache: true
2026-8-30 17:09:31-debug: Skip compress image, progress: 0%
2026-8-30 17:09:31-debug: Num of bundles: 3..., progress: 0%
2026-8-30 17:09:31-debug: Init all bundles start..., progress: 0%
2026-8-30 17:09:31-debug: // ---- build task 查询 Asset Bundle ----
2026-8-30 17:09:31-debug: 查询 Asset Bundle start, progress: 0%
2026-8-30 17:09:31-debug: Init bundle root assets start..., progress: 0%
2026-8-30 17:09:32-debug:   Number of all scripts: 7
2026-8-30 17:09:31-debug: Query preload assets/scripts from cc.config.json: 60f7195c-ec2a-45eb-ba94-8955f60e81d0,1c02ae6f-4492-4915-b8f8-7492a3b1e4cd,810e96e4-e456-4468-9b59-f4e8f39732c0,efe8e2a3-eace-427b-b4f1-cb8a937ec77d,e9aa9a3e-5b2b-4ac7-a2c7-073de2b2b24f,8bbdbcdd-5cd4-4100-b6d5-b7c9625b6107,50f4348b-c883-4e2f-8f11-ce233b859fa1,fda095cb-831d-4601-ad94-846013963de8,f92806d7-1768-443f-afe8-12bcde84d0f0,dd3a144d-ab7f-41f0-82b8-2e43a090d496,f0416e68-0200-4b77-a926-4f9d16e494da,511d2633-09a7-4bdd-ac42-f778032124b3,5d45aa00-e064-4938-b314-4265f0c2258c,9361fd90-ba52-4f84-aa93-6e878fd576ca,970b0598-bcb0-4714-91fb-2e81440dccd8,bcd64cc6-2dd9-43f6-abbe-66318d332032,d930590d-bb92-4cc8-8bd1-23cd027f9edf,a3cd009f-0ab0-420d-9278-b9fdab939bbc,6a2d0734-bd9e-4ddf-946e-caa52498cb75,c27215d8-6835-4b68-bfbb-bdeac6100c04,b5d6115f-0370-4d7c-aad3-c194cc71cf98,d1346436-ac96-4271-b863-1f4fdead95b0,971bdb23-3ff6-43eb-b422-1c30165a3663,17debcc3-0a6b-4b8a-b00b-dc58b885581e,711ebe11-f673-4cd9-9a83-63c60ba54c5b,c0143906-9aed-447e-9436-2ae8512d1b6e,14da1725-c4c2-42b4-ab08-ee0aeb6898b3,081cab31-dccd-428e-8652-f2404cc81c47,78e0584a-4343-4727-8f37-e14e65c2a2db,ba21476f-2866-4f81-9c4d-6e359316e448,871c3b6c-7379-419d-bda3-794b239ab90d,1d08ef62-a503-4ce2-8b9a-46c90873f7d3,ff9b0199-ce04-4cfe-86cc-6c719f08d6e4,de1c2107-70c8-4021-8459-6399f24d01c6,cbf30902-517f-40dc-af90-a550bac27cf1,5c601d96-e4c7-4698-991b-7ee674b11079
2026-8-30 17:09:32-debug:   Number of all scenes: 1
2026-8-30 17:09:32-debug:   Number of other assets: 318
2026-8-30 17:09:32-debug: Init bundle root assets success..., progress: 0%
2026-8-30 17:09:32-debug: // ---- build task 查询 Asset Bundle ---- (24ms)
2026-8-30 17:09:32-debug: [Build Memory track]: 查询 Asset Bundle start:243.05MB, end 241.96MB, increase: -1117.09KB
2026-8-30 17:09:32-debug: 查询 Asset Bundle start, progress: 5%
2026-8-30 17:09:32-debug: // ---- build task 查询 Asset Bundle ----
2026-8-30 17:09:32-log: run build task 查询 Asset Bundle success in 24 ms√, progress: 5%
2026-8-30 17:09:32-debug: // ---- build task 查询 Asset Bundle ---- (37ms)
2026-8-30 17:09:32-log: run build task 查询 Asset Bundle success in 37 ms√, progress: 10%
2026-8-30 17:09:32-debug: [Build Memory track]: 查询 Asset Bundle start:241.99MB, end 242.09MB, increase: 104.11KB
2026-8-30 17:09:32-debug: // ---- build task 整理部分构建选项内数据到 settings.json ----
2026-8-30 17:09:32-debug: 整理部分构建选项内数据到 settings.json start, progress: 10%
2026-8-30 17:09:32-debug: // ---- build task 整理部分构建选项内数据到 settings.json ---- (8ms)
2026-8-30 17:09:32-log: run build task 整理部分构建选项内数据到 settings.json success in 8 ms√, progress: 12%
2026-8-30 17:09:32-debug: [Build Memory track]: 整理部分构建选项内数据到 settings.json start:242.12MB, end 242.15MB, increase: 28.15KB
2026-8-30 17:09:32-debug: 填充脚本数据到 settings.json start, progress: 12%
2026-8-30 17:09:32-debug: // ---- build task 填充脚本数据到 settings.json ----
2026-8-30 17:09:32-debug: // ---- build task 填充脚本数据到 settings.json ---- (9ms)
2026-8-30 17:09:32-log: run build task 填充脚本数据到 settings.json success in 9 ms√, progress: 13%
2026-8-30 17:09:32-debug: [Build Memory track]: 填充脚本数据到 settings.json start:242.18MB, end 242.20MB, increase: 27.52KB
2026-8-30 17:09:32-debug: // ---- build task 整理部分构建选项内数据到 settings.json ----
2026-8-30 17:09:32-debug: 整理部分构建选项内数据到 settings.json start, progress: 13%
2026-8-30 17:09:32-debug: // ---- build task 整理部分构建选项内数据到 settings.json ---- (16ms)
2026-8-30 17:09:32-log: run build task 整理部分构建选项内数据到 settings.json success in 16 ms√, progress: 15%
2026-8-30 17:09:32-debug: [Build Memory track]: 整理部分构建选项内数据到 settings.json start:242.24MB, end 242.38MB, increase: 143.92KB
2026-8-30 17:09:39-debug: refresh db internal success
2026-8-30 17:09:39-debug: refresh db assets success
2026-8-30 17:09:39-debug: Run asset db hook engine-extends:afterRefresh ...
2026-8-30 17:09:39-debug: Run asset db hook engine-extends:afterRefresh success!
2026-8-30 17:09:39-debug: asset-db:refresh-all-database (101ms)
2026-8-30 17:09:39-debug: asset-db:worker-effect-data-processing (2ms)
2026-8-30 17:09:39-debug: asset-db-hook-engine-extends-afterRefresh (2ms)
2026-8-30 17:09:57-debug: %cImport%c: D:\GameByself\Cocos\Project1\assets\Scenes\scene.scenebackground: #aaff85; color: #000;color: #000;
2026-8-30 17:09:57-debug: asset-db:reimport-assetcb02e093-8bba-4046-8e6e-d0462e7be5da (14ms)
2026-8-30 17:09:58-debug: Query all assets info in project
2026-8-30 17:09:58-debug: init custom config: keepNodeUuid: false, useCache: true
2026-8-30 17:09:58-debug: Skip compress image, progress: 0%
2026-8-30 17:09:58-debug: Num of bundles: 3..., progress: 0%
2026-8-30 17:09:58-debug: Init all bundles start..., progress: 0%
2026-8-30 17:09:58-debug: 查询 Asset Bundle start, progress: 0%
2026-8-30 17:09:58-debug: // ---- build task 查询 Asset Bundle ----
2026-8-30 17:09:58-debug: Init bundle root assets start..., progress: 0%
2026-8-30 17:09:58-debug: Query preload assets/scripts from cc.config.json: 60f7195c-ec2a-45eb-ba94-8955f60e81d0,1c02ae6f-4492-4915-b8f8-7492a3b1e4cd,810e96e4-e456-4468-9b59-f4e8f39732c0,efe8e2a3-eace-427b-b4f1-cb8a937ec77d,e9aa9a3e-5b2b-4ac7-a2c7-073de2b2b24f,8bbdbcdd-5cd4-4100-b6d5-b7c9625b6107,50f4348b-c883-4e2f-8f11-ce233b859fa1,fda095cb-831d-4601-ad94-846013963de8,f92806d7-1768-443f-afe8-12bcde84d0f0,dd3a144d-ab7f-41f0-82b8-2e43a090d496,f0416e68-0200-4b77-a926-4f9d16e494da,511d2633-09a7-4bdd-ac42-f778032124b3,5d45aa00-e064-4938-b314-4265f0c2258c,9361fd90-ba52-4f84-aa93-6e878fd576ca,970b0598-bcb0-4714-91fb-2e81440dccd8,bcd64cc6-2dd9-43f6-abbe-66318d332032,d930590d-bb92-4cc8-8bd1-23cd027f9edf,a3cd009f-0ab0-420d-9278-b9fdab939bbc,6a2d0734-bd9e-4ddf-946e-caa52498cb75,c27215d8-6835-4b68-bfbb-bdeac6100c04,b5d6115f-0370-4d7c-aad3-c194cc71cf98,d1346436-ac96-4271-b863-1f4fdead95b0,971bdb23-3ff6-43eb-b422-1c30165a3663,17debcc3-0a6b-4b8a-b00b-dc58b885581e,711ebe11-f673-4cd9-9a83-63c60ba54c5b,c0143906-9aed-447e-9436-2ae8512d1b6e,14da1725-c4c2-42b4-ab08-ee0aeb6898b3,081cab31-dccd-428e-8652-f2404cc81c47,78e0584a-4343-4727-8f37-e14e65c2a2db,ba21476f-2866-4f81-9c4d-6e359316e448,871c3b6c-7379-419d-bda3-794b239ab90d,1d08ef62-a503-4ce2-8b9a-46c90873f7d3,ff9b0199-ce04-4cfe-86cc-6c719f08d6e4,de1c2107-70c8-4021-8459-6399f24d01c6,cbf30902-517f-40dc-af90-a550bac27cf1,5c601d96-e4c7-4698-991b-7ee674b11079
2026-8-30 17:09:58-debug:   Number of other assets: 318
2026-8-30 17:09:58-debug:   Number of all scenes: 1
2026-8-30 17:09:58-debug: Init bundle root assets success..., progress: 0%
2026-8-30 17:09:58-debug:   Number of all scripts: 7
2026-8-30 17:09:58-debug: // ---- build task 查询 Asset Bundle ---- (27ms)
2026-8-30 17:09:58-debug: [Build Memory track]: 查询 Asset Bundle start:243.79MB, end 243.65MB, increase: -143.64KB
2026-8-30 17:09:58-debug: // ---- build task 查询 Asset Bundle ----
2026-8-30 17:09:58-debug: 查询 Asset Bundle start, progress: 5%
2026-8-30 17:09:58-log: run build task 查询 Asset Bundle success in 27 ms√, progress: 5%
2026-8-30 17:09:58-debug: // ---- build task 查询 Asset Bundle ---- (35ms)
2026-8-30 17:09:58-log: run build task 查询 Asset Bundle success in 35 ms√, progress: 10%
2026-8-30 17:09:58-debug: // ---- build task 整理部分构建选项内数据到 settings.json ----
2026-8-30 17:09:58-debug: [Build Memory track]: 查询 Asset Bundle start:243.68MB, end 243.78MB, increase: 104.16KB
2026-8-30 17:09:58-debug: 整理部分构建选项内数据到 settings.json start, progress: 10%
2026-8-30 17:09:58-debug: // ---- build task 整理部分构建选项内数据到 settings.json ---- (6ms)
2026-8-30 17:09:58-log: run build task 整理部分构建选项内数据到 settings.json success in 6 ms√, progress: 12%
2026-8-30 17:09:58-debug: 填充脚本数据到 settings.json start, progress: 12%
2026-8-30 17:09:58-debug: [Build Memory track]: 整理部分构建选项内数据到 settings.json start:243.81MB, end 243.09MB, increase: -742.47KB
2026-8-30 17:09:58-debug: // ---- build task 填充脚本数据到 settings.json ----
2026-8-30 17:09:58-debug: // ---- build task 填充脚本数据到 settings.json ---- (11ms)
2026-8-30 17:09:58-debug: [Build Memory track]: 填充脚本数据到 settings.json start:243.12MB, end 243.15MB, increase: 27.56KB
2026-8-30 17:09:58-log: run build task 填充脚本数据到 settings.json success in 11 ms√, progress: 13%
2026-8-30 17:09:58-debug: // ---- build task 整理部分构建选项内数据到 settings.json ----
2026-8-30 17:09:58-debug: 整理部分构建选项内数据到 settings.json start, progress: 13%
2026-8-30 17:09:58-debug: // ---- build task 整理部分构建选项内数据到 settings.json ---- (17ms)
2026-8-30 17:09:58-log: run build task 整理部分构建选项内数据到 settings.json success in 17 ms√, progress: 15%
2026-8-30 17:09:58-debug: [Build Memory track]: 整理部分构建选项内数据到 settings.json start:243.18MB, end 243.31MB, increase: 132.68KB
2026-8-30 17:10:12-debug: refresh db internal success
2026-8-30 17:10:12-debug: %cImport%c: D:\GameByself\Cocos\Project1\assets\Scripts\Car.tsbackground: #aaff85; color: #000;color: #000;
2026-8-30 17:10:12-debug: refresh db assets success
2026-8-30 17:10:12-debug: Run asset db hook engine-extends:afterRefresh ...
2026-8-30 17:10:12-debug: Run asset db hook engine-extends:afterRefresh success!
2026-8-30 17:10:12-debug: asset-db:refresh-all-database (108ms)
2026-8-30 17:10:12-debug: asset-db:worker-effect-data-processing (2ms)
2026-8-30 17:10:12-debug: asset-db-hook-engine-extends-afterRefresh (2ms)
2026-8-30 17:10:17-debug: Query all assets info in project
2026-8-30 17:10:17-debug: init custom config: keepNodeUuid: false, useCache: true
2026-8-30 17:10:17-debug: Skip compress image, progress: 0%
2026-8-30 17:10:17-debug: Init all bundles start..., progress: 0%
2026-8-30 17:10:17-debug: 查询 Asset Bundle start, progress: 0%
2026-8-30 17:10:17-debug: // ---- build task 查询 Asset Bundle ----
2026-8-30 17:10:17-debug: Init bundle root assets start..., progress: 0%
2026-8-30 17:10:17-debug: Num of bundles: 3..., progress: 0%
2026-8-30 17:10:17-debug: Query preload assets/scripts from cc.config.json: 60f7195c-ec2a-45eb-ba94-8955f60e81d0,1c02ae6f-4492-4915-b8f8-7492a3b1e4cd,810e96e4-e456-4468-9b59-f4e8f39732c0,efe8e2a3-eace-427b-b4f1-cb8a937ec77d,e9aa9a3e-5b2b-4ac7-a2c7-073de2b2b24f,8bbdbcdd-5cd4-4100-b6d5-b7c9625b6107,50f4348b-c883-4e2f-8f11-ce233b859fa1,fda095cb-831d-4601-ad94-846013963de8,f92806d7-1768-443f-afe8-12bcde84d0f0,dd3a144d-ab7f-41f0-82b8-2e43a090d496,f0416e68-0200-4b77-a926-4f9d16e494da,511d2633-09a7-4bdd-ac42-f778032124b3,5d45aa00-e064-4938-b314-4265f0c2258c,9361fd90-ba52-4f84-aa93-6e878fd576ca,970b0598-bcb0-4714-91fb-2e81440dccd8,bcd64cc6-2dd9-43f6-abbe-66318d332032,d930590d-bb92-4cc8-8bd1-23cd027f9edf,a3cd009f-0ab0-420d-9278-b9fdab939bbc,6a2d0734-bd9e-4ddf-946e-caa52498cb75,c27215d8-6835-4b68-bfbb-bdeac6100c04,b5d6115f-0370-4d7c-aad3-c194cc71cf98,d1346436-ac96-4271-b863-1f4fdead95b0,971bdb23-3ff6-43eb-b422-1c30165a3663,17debcc3-0a6b-4b8a-b00b-dc58b885581e,711ebe11-f673-4cd9-9a83-63c60ba54c5b,c0143906-9aed-447e-9436-2ae8512d1b6e,14da1725-c4c2-42b4-ab08-ee0aeb6898b3,081cab31-dccd-428e-8652-f2404cc81c47,78e0584a-4343-4727-8f37-e14e65c2a2db,ba21476f-2866-4f81-9c4d-6e359316e448,871c3b6c-7379-419d-bda3-794b239ab90d,1d08ef62-a503-4ce2-8b9a-46c90873f7d3,ff9b0199-ce04-4cfe-86cc-6c719f08d6e4,de1c2107-70c8-4021-8459-6399f24d01c6,cbf30902-517f-40dc-af90-a550bac27cf1,5c601d96-e4c7-4698-991b-7ee674b11079
2026-8-30 17:10:17-debug:   Number of all scenes: 1
2026-8-30 17:10:17-debug:   Number of all scripts: 7
2026-8-30 17:10:17-debug:   Number of other assets: 318
2026-8-30 17:10:17-debug: Init bundle root assets success..., progress: 0%
2026-8-30 17:10:17-debug: // ---- build task 查询 Asset Bundle ---- (14ms)
2026-8-30 17:10:17-log: run build task 查询 Asset Bundle success in 14 ms√, progress: 5%
2026-8-30 17:10:17-debug: [Build Memory track]: 查询 Asset Bundle start:223.45MB, end 222.32MB, increase: -1152.64KB
2026-8-30 17:10:17-debug: 查询 Asset Bundle start, progress: 5%
2026-8-30 17:10:17-debug: // ---- build task 查询 Asset Bundle ----
2026-8-30 17:10:17-debug: // ---- build task 查询 Asset Bundle ---- (7ms)
2026-8-30 17:10:17-log: run build task 查询 Asset Bundle success in 7 ms√, progress: 10%
2026-8-30 17:10:17-debug: [Build Memory track]: 查询 Asset Bundle start:222.36MB, end 222.46MB, increase: 105.00KB
2026-8-30 17:10:17-debug: 整理部分构建选项内数据到 settings.json start, progress: 10%
2026-8-30 17:10:17-debug: // ---- build task 整理部分构建选项内数据到 settings.json ----
2026-8-30 17:10:17-debug: // ---- build task 整理部分构建选项内数据到 settings.json ---- (2ms)
2026-8-30 17:10:17-log: run build task 整理部分构建选项内数据到 settings.json success in 2 ms√, progress: 12%
2026-8-30 17:10:17-debug: [Build Memory track]: 整理部分构建选项内数据到 settings.json start:222.49MB, end 222.52MB, increase: 26.94KB
2026-8-30 17:10:17-debug: 填充脚本数据到 settings.json start, progress: 12%
2026-8-30 17:10:17-debug: // ---- build task 填充脚本数据到 settings.json ----
2026-8-30 17:10:17-debug: // ---- build task 填充脚本数据到 settings.json ---- (2ms)
2026-8-30 17:10:17-log: run build task 填充脚本数据到 settings.json success in 2 ms√, progress: 13%
2026-8-30 17:10:17-debug: 整理部分构建选项内数据到 settings.json start, progress: 13%
2026-8-30 17:10:17-debug: [Build Memory track]: 填充脚本数据到 settings.json start:222.55MB, end 222.58MB, increase: 30.50KB
2026-8-30 17:10:17-debug: // ---- build task 整理部分构建选项内数据到 settings.json ----
2026-8-30 17:10:17-debug: // ---- build task 整理部分构建选项内数据到 settings.json ---- (9ms)
2026-8-30 17:10:17-log: run build task 整理部分构建选项内数据到 settings.json success in 9 ms√, progress: 15%
2026-8-30 17:10:17-debug: [Build Memory track]: 整理部分构建选项内数据到 settings.json start:222.61MB, end 222.75MB, increase: 143.70KB
2026-8-30 17:10:40-debug: refresh db internal success
2026-8-30 17:10:40-debug: refresh db assets success
2026-8-30 17:10:40-debug: Run asset db hook engine-extends:afterRefresh ...
2026-8-30 17:10:40-debug: Run asset db hook engine-extends:afterRefresh success!
2026-8-30 17:10:40-debug: asset-db:refresh-all-database (109ms)
2026-8-30 17:10:40-debug: asset-db:worker-effect-data-processing (2ms)
2026-8-30 17:10:40-debug: asset-db-hook-engine-extends-afterRefresh (3ms)
2026-8-30 17:11:56-debug: refresh db internal success
2026-8-30 17:11:56-debug: refresh db assets success
2026-8-30 17:11:56-debug: Run asset db hook engine-extends:afterRefresh ...
2026-8-30 17:11:56-debug: Run asset db hook engine-extends:afterRefresh success!
2026-8-30 17:11:56-debug: asset-db:refresh-all-database (106ms)
2026-8-30 17:11:56-debug: asset-db:worker-effect-data-processing (2ms)
2026-8-30 17:11:56-debug: asset-db-hook-engine-extends-afterRefresh (2ms)
2026-8-30 17:12:19-debug: refresh db internal success
2026-8-30 17:12:19-debug: %cImport%c: D:\GameByself\Cocos\Project1\assets\Scripts\Car.tsbackground: #aaff85; color: #000;color: #000;
2026-8-30 17:12:19-debug: refresh db assets success
2026-8-30 17:12:19-debug: Run asset db hook engine-extends:afterRefresh ...
2026-8-30 17:12:19-debug: Run asset db hook engine-extends:afterRefresh success!
2026-8-30 17:12:19-debug: asset-db:refresh-all-database (111ms)
2026-8-30 17:12:19-debug: asset-db:worker-effect-data-processing (3ms)
2026-8-30 17:12:19-debug: asset-db-hook-engine-extends-afterRefresh (3ms)
2026-8-30 17:12:21-debug: Query all assets info in project
2026-8-30 17:12:21-debug: init custom config: keepNodeUuid: false, useCache: true
2026-8-30 17:12:21-debug: Skip compress image, progress: 0%
2026-8-30 17:12:21-debug: Init all bundles start..., progress: 0%
2026-8-30 17:12:21-debug: Num of bundles: 3..., progress: 0%
2026-8-30 17:12:21-debug: // ---- build task 查询 Asset Bundle ----
2026-8-30 17:12:21-debug: Init bundle root assets start..., progress: 0%
2026-8-30 17:12:21-debug: 查询 Asset Bundle start, progress: 0%
2026-8-30 17:12:21-debug: Query preload assets/scripts from cc.config.json: 60f7195c-ec2a-45eb-ba94-8955f60e81d0,1c02ae6f-4492-4915-b8f8-7492a3b1e4cd,810e96e4-e456-4468-9b59-f4e8f39732c0,efe8e2a3-eace-427b-b4f1-cb8a937ec77d,e9aa9a3e-5b2b-4ac7-a2c7-073de2b2b24f,8bbdbcdd-5cd4-4100-b6d5-b7c9625b6107,50f4348b-c883-4e2f-8f11-ce233b859fa1,fda095cb-831d-4601-ad94-846013963de8,f92806d7-1768-443f-afe8-12bcde84d0f0,dd3a144d-ab7f-41f0-82b8-2e43a090d496,f0416e68-0200-4b77-a926-4f9d16e494da,511d2633-09a7-4bdd-ac42-f778032124b3,5d45aa00-e064-4938-b314-4265f0c2258c,9361fd90-ba52-4f84-aa93-6e878fd576ca,970b0598-bcb0-4714-91fb-2e81440dccd8,bcd64cc6-2dd9-43f6-abbe-66318d332032,d930590d-bb92-4cc8-8bd1-23cd027f9edf,a3cd009f-0ab0-420d-9278-b9fdab939bbc,6a2d0734-bd9e-4ddf-946e-caa52498cb75,c27215d8-6835-4b68-bfbb-bdeac6100c04,b5d6115f-0370-4d7c-aad3-c194cc71cf98,d1346436-ac96-4271-b863-1f4fdead95b0,971bdb23-3ff6-43eb-b422-1c30165a3663,17debcc3-0a6b-4b8a-b00b-dc58b885581e,711ebe11-f673-4cd9-9a83-63c60ba54c5b,c0143906-9aed-447e-9436-2ae8512d1b6e,14da1725-c4c2-42b4-ab08-ee0aeb6898b3,081cab31-dccd-428e-8652-f2404cc81c47,78e0584a-4343-4727-8f37-e14e65c2a2db,ba21476f-2866-4f81-9c4d-6e359316e448,871c3b6c-7379-419d-bda3-794b239ab90d,1d08ef62-a503-4ce2-8b9a-46c90873f7d3,ff9b0199-ce04-4cfe-86cc-6c719f08d6e4,de1c2107-70c8-4021-8459-6399f24d01c6,cbf30902-517f-40dc-af90-a550bac27cf1,5c601d96-e4c7-4698-991b-7ee674b11079
2026-8-30 17:12:21-debug:   Number of all scenes: 1
2026-8-30 17:12:21-debug:   Number of other assets: 318
2026-8-30 17:12:21-debug: Init bundle root assets success..., progress: 0%
2026-8-30 17:12:21-debug:   Number of all scripts: 7
2026-8-30 17:12:21-debug: // ---- build task 查询 Asset Bundle ---- (33ms)
2026-8-30 17:12:21-log: run build task 查询 Asset Bundle success in 33 ms√, progress: 5%
2026-8-30 17:12:21-debug: [Build Memory track]: 查询 Asset Bundle start:226.06MB, end 225.95MB, increase: -109.57KB
2026-8-30 17:12:21-debug: 查询 Asset Bundle start, progress: 5%
2026-8-30 17:12:21-debug: // ---- build task 查询 Asset Bundle ----
2026-8-30 17:12:21-debug: // ---- build task 查询 Asset Bundle ---- (17ms)
2026-8-30 17:12:21-log: run build task 查询 Asset Bundle success in 17 ms√, progress: 10%
2026-8-30 17:12:21-debug: [Build Memory track]: 查询 Asset Bundle start:225.98MB, end 226.08MB, increase: 103.92KB
2026-8-30 17:12:21-debug: // ---- build task 整理部分构建选项内数据到 settings.json ----
2026-8-30 17:12:21-debug: 整理部分构建选项内数据到 settings.json start, progress: 10%
2026-8-30 17:12:21-debug: // ---- build task 整理部分构建选项内数据到 settings.json ---- (4ms)
2026-8-30 17:12:21-log: run build task 整理部分构建选项内数据到 settings.json success in 4 ms√, progress: 12%
2026-8-30 17:12:21-debug: // ---- build task 填充脚本数据到 settings.json ----
2026-8-30 17:12:21-debug: [Build Memory track]: 整理部分构建选项内数据到 settings.json start:226.11MB, end 225.38MB, increase: -751.70KB
2026-8-30 17:12:21-debug: 填充脚本数据到 settings.json start, progress: 12%
2026-8-30 17:12:21-debug: // ---- build task 填充脚本数据到 settings.json ---- (7ms)
2026-8-30 17:12:21-log: run build task 填充脚本数据到 settings.json success in 7 ms√, progress: 13%
2026-8-30 17:12:21-debug: [Build Memory track]: 填充脚本数据到 settings.json start:225.41MB, end 225.44MB, increase: 27.43KB
2026-8-30 17:12:21-debug: 整理部分构建选项内数据到 settings.json start, progress: 13%
2026-8-30 17:12:21-debug: // ---- build task 整理部分构建选项内数据到 settings.json ----
2026-8-30 17:12:21-log: run build task 整理部分构建选项内数据到 settings.json success in 17 ms√, progress: 15%
2026-8-30 17:12:21-debug: [Build Memory track]: 整理部分构建选项内数据到 settings.json start:225.47MB, end 225.61MB, increase: 144.56KB
2026-8-30 17:12:21-debug: // ---- build task 整理部分构建选项内数据到 settings.json ---- (17ms)
2026-8-30 17:12:24-debug: refresh db internal success
2026-8-30 17:12:24-debug: refresh db assets success
2026-8-30 17:12:24-debug: Run asset db hook engine-extends:afterRefresh ...
2026-8-30 17:12:24-debug: Run asset db hook engine-extends:afterRefresh success!
2026-8-30 17:12:24-debug: asset-db:refresh-all-database (105ms)
2026-8-30 17:12:24-debug: asset-db:worker-effect-data-processing (2ms)
2026-8-30 17:12:24-debug: asset-db-hook-engine-extends-afterRefresh (2ms)
2026-8-30 17:12:27-debug: %cImport%c: D:\GameByself\Cocos\Project1\assets\Scenes\scene.scenebackground: #aaff85; color: #000;color: #000;
2026-8-30 17:12:27-debug: asset-db:reimport-assetcb02e093-8bba-4046-8e6e-d0462e7be5da (12ms)
2026-8-30 17:12:28-debug: Query all assets info in project
2026-8-30 17:12:28-debug: init custom config: keepNodeUuid: false, useCache: true
2026-8-30 17:12:28-debug: Skip compress image, progress: 0%
2026-8-30 17:12:28-debug: Init all bundles start..., progress: 0%
2026-8-30 17:12:28-debug: 查询 Asset Bundle start, progress: 0%
2026-8-30 17:12:28-debug: // ---- build task 查询 Asset Bundle ----
2026-8-30 17:12:28-debug: Init bundle root assets start..., progress: 0%
2026-8-30 17:12:28-debug: Num of bundles: 3..., progress: 0%
2026-8-30 17:12:28-debug: Query preload assets/scripts from cc.config.json: 60f7195c-ec2a-45eb-ba94-8955f60e81d0,1c02ae6f-4492-4915-b8f8-7492a3b1e4cd,810e96e4-e456-4468-9b59-f4e8f39732c0,efe8e2a3-eace-427b-b4f1-cb8a937ec77d,e9aa9a3e-5b2b-4ac7-a2c7-073de2b2b24f,8bbdbcdd-5cd4-4100-b6d5-b7c9625b6107,50f4348b-c883-4e2f-8f11-ce233b859fa1,fda095cb-831d-4601-ad94-846013963de8,f92806d7-1768-443f-afe8-12bcde84d0f0,dd3a144d-ab7f-41f0-82b8-2e43a090d496,f0416e68-0200-4b77-a926-4f9d16e494da,511d2633-09a7-4bdd-ac42-f778032124b3,5d45aa00-e064-4938-b314-4265f0c2258c,9361fd90-ba52-4f84-aa93-6e878fd576ca,970b0598-bcb0-4714-91fb-2e81440dccd8,bcd64cc6-2dd9-43f6-abbe-66318d332032,d930590d-bb92-4cc8-8bd1-23cd027f9edf,a3cd009f-0ab0-420d-9278-b9fdab939bbc,6a2d0734-bd9e-4ddf-946e-caa52498cb75,c27215d8-6835-4b68-bfbb-bdeac6100c04,b5d6115f-0370-4d7c-aad3-c194cc71cf98,d1346436-ac96-4271-b863-1f4fdead95b0,971bdb23-3ff6-43eb-b422-1c30165a3663,17debcc3-0a6b-4b8a-b00b-dc58b885581e,711ebe11-f673-4cd9-9a83-63c60ba54c5b,c0143906-9aed-447e-9436-2ae8512d1b6e,14da1725-c4c2-42b4-ab08-ee0aeb6898b3,081cab31-dccd-428e-8652-f2404cc81c47,78e0584a-4343-4727-8f37-e14e65c2a2db,ba21476f-2866-4f81-9c4d-6e359316e448,871c3b6c-7379-419d-bda3-794b239ab90d,1d08ef62-a503-4ce2-8b9a-46c90873f7d3,ff9b0199-ce04-4cfe-86cc-6c719f08d6e4,de1c2107-70c8-4021-8459-6399f24d01c6,cbf30902-517f-40dc-af90-a550bac27cf1,5c601d96-e4c7-4698-991b-7ee674b11079
2026-8-30 17:12:28-debug:   Number of all scripts: 7
2026-8-30 17:12:28-debug:   Number of other assets: 318
2026-8-30 17:12:28-debug: Init bundle root assets success..., progress: 0%
2026-8-30 17:12:28-debug:   Number of all scenes: 1
2026-8-30 17:12:28-debug: // ---- build task 查询 Asset Bundle ---- (22ms)
2026-8-30 17:12:28-log: run build task 查询 Asset Bundle success in 22 ms√, progress: 5%
2026-8-30 17:12:28-debug: 查询 Asset Bundle start, progress: 5%
2026-8-30 17:12:28-debug: [Build Memory track]: 查询 Asset Bundle start:226.68MB, end 227.33MB, increase: 670.41KB
2026-8-30 17:12:28-debug: // ---- build task 查询 Asset Bundle ----
2026-8-30 17:12:28-debug: // ---- build task 查询 Asset Bundle ---- (22ms)
2026-8-30 17:12:28-debug: [Build Memory track]: 查询 Asset Bundle start:227.36MB, end 227.47MB, increase: 105.63KB
2026-8-30 17:12:28-log: run build task 查询 Asset Bundle success in 22 ms√, progress: 10%
2026-8-30 17:12:28-debug: 整理部分构建选项内数据到 settings.json start, progress: 10%
2026-8-30 17:12:28-debug: // ---- build task 整理部分构建选项内数据到 settings.json ----
2026-8-30 17:12:28-debug: // ---- build task 整理部分构建选项内数据到 settings.json ---- (3ms)
2026-8-30 17:12:28-log: run build task 整理部分构建选项内数据到 settings.json success in 3 ms√, progress: 12%
2026-8-30 17:12:28-debug: [Build Memory track]: 整理部分构建选项内数据到 settings.json start:227.50MB, end 227.52MB, increase: 27.57KB
2026-8-30 17:12:28-debug: 填充脚本数据到 settings.json start, progress: 12%
2026-8-30 17:12:28-debug: // ---- build task 填充脚本数据到 settings.json ----
2026-8-30 17:12:28-debug: // ---- build task 填充脚本数据到 settings.json ---- (12ms)
2026-8-30 17:12:28-log: run build task 填充脚本数据到 settings.json success in 12 ms√, progress: 13%
2026-8-30 17:12:28-debug: [Build Memory track]: 填充脚本数据到 settings.json start:227.56MB, end 227.58MB, increase: 27.89KB
2026-8-30 17:12:28-debug: 整理部分构建选项内数据到 settings.json start, progress: 13%
2026-8-30 17:12:28-debug: // ---- build task 整理部分构建选项内数据到 settings.json ----
2026-8-30 17:12:28-debug: // ---- build task 整理部分构建选项内数据到 settings.json ---- (16ms)
2026-8-30 17:12:28-log: run build task 整理部分构建选项内数据到 settings.json success in 16 ms√, progress: 15%
2026-8-30 17:12:28-debug: [Build Memory track]: 整理部分构建选项内数据到 settings.json start:227.61MB, end 226.26MB, increase: -1383.98KB
2026-8-30 17:13:22-debug: refresh db internal success
2026-8-30 17:13:22-debug: %cImport%c: D:\GameByself\Cocos\Project1\assets\Scripts\Car.tsbackground: #aaff85; color: #000;color: #000;
2026-8-30 17:13:22-debug: refresh db assets success
2026-8-30 17:13:22-debug: Run asset db hook engine-extends:afterRefresh ...
2026-8-30 17:13:22-debug: Run asset db hook engine-extends:afterRefresh success!
2026-8-30 17:13:22-debug: asset-db:refresh-all-database (109ms)
2026-8-30 17:13:22-debug: asset-db:worker-effect-data-processing (4ms)
2026-8-30 17:13:22-debug: asset-db-hook-engine-extends-afterRefresh (5ms)
2026-8-30 17:13:24-debug: %cImport%c: D:\GameByself\Cocos\Project1\assets\Scenes\scene.scenebackground: #aaff85; color: #000;color: #000;
2026-8-30 17:13:24-debug: asset-db:reimport-assetcb02e093-8bba-4046-8e6e-d0462e7be5da (12ms)
2026-8-30 17:13:25-debug: Query all assets info in project
2026-8-30 17:13:25-debug: init custom config: keepNodeUuid: false, useCache: true
2026-8-30 17:13:25-debug: Skip compress image, progress: 0%
2026-8-30 17:13:25-debug: Init all bundles start..., progress: 0%
2026-8-30 17:13:25-debug: // ---- build task 查询 Asset Bundle ----
2026-8-30 17:13:25-debug: 查询 Asset Bundle start, progress: 0%
2026-8-30 17:13:25-debug: Num of bundles: 3..., progress: 0%
2026-8-30 17:13:25-debug: Init bundle root assets start..., progress: 0%
2026-8-30 17:13:25-debug: Query preload assets/scripts from cc.config.json: 60f7195c-ec2a-45eb-ba94-8955f60e81d0,1c02ae6f-4492-4915-b8f8-7492a3b1e4cd,810e96e4-e456-4468-9b59-f4e8f39732c0,efe8e2a3-eace-427b-b4f1-cb8a937ec77d,e9aa9a3e-5b2b-4ac7-a2c7-073de2b2b24f,8bbdbcdd-5cd4-4100-b6d5-b7c9625b6107,50f4348b-c883-4e2f-8f11-ce233b859fa1,fda095cb-831d-4601-ad94-846013963de8,f92806d7-1768-443f-afe8-12bcde84d0f0,dd3a144d-ab7f-41f0-82b8-2e43a090d496,f0416e68-0200-4b77-a926-4f9d16e494da,511d2633-09a7-4bdd-ac42-f778032124b3,5d45aa00-e064-4938-b314-4265f0c2258c,9361fd90-ba52-4f84-aa93-6e878fd576ca,970b0598-bcb0-4714-91fb-2e81440dccd8,bcd64cc6-2dd9-43f6-abbe-66318d332032,d930590d-bb92-4cc8-8bd1-23cd027f9edf,a3cd009f-0ab0-420d-9278-b9fdab939bbc,6a2d0734-bd9e-4ddf-946e-caa52498cb75,c27215d8-6835-4b68-bfbb-bdeac6100c04,b5d6115f-0370-4d7c-aad3-c194cc71cf98,d1346436-ac96-4271-b863-1f4fdead95b0,971bdb23-3ff6-43eb-b422-1c30165a3663,17debcc3-0a6b-4b8a-b00b-dc58b885581e,711ebe11-f673-4cd9-9a83-63c60ba54c5b,c0143906-9aed-447e-9436-2ae8512d1b6e,14da1725-c4c2-42b4-ab08-ee0aeb6898b3,081cab31-dccd-428e-8652-f2404cc81c47,78e0584a-4343-4727-8f37-e14e65c2a2db,ba21476f-2866-4f81-9c4d-6e359316e448,871c3b6c-7379-419d-bda3-794b239ab90d,1d08ef62-a503-4ce2-8b9a-46c90873f7d3,ff9b0199-ce04-4cfe-86cc-6c719f08d6e4,de1c2107-70c8-4021-8459-6399f24d01c6,cbf30902-517f-40dc-af90-a550bac27cf1,5c601d96-e4c7-4698-991b-7ee674b11079
2026-8-30 17:13:25-debug:   Number of all scenes: 1
2026-8-30 17:13:25-debug:   Number of all scripts: 7
2026-8-30 17:13:25-debug: Init bundle root assets success..., progress: 0%
2026-8-30 17:13:25-debug:   Number of other assets: 318
2026-8-30 17:13:25-debug: // ---- build task 查询 Asset Bundle ---- (24ms)
2026-8-30 17:13:25-log: run build task 查询 Asset Bundle success in 24 ms√, progress: 5%
2026-8-30 17:13:25-debug: [Build Memory track]: 查询 Asset Bundle start:227.54MB, end 227.28MB, increase: -260.21KB
2026-8-30 17:13:25-debug: 查询 Asset Bundle start, progress: 5%
2026-8-30 17:13:25-debug: // ---- build task 查询 Asset Bundle ----
2026-8-30 17:13:25-debug: // ---- build task 查询 Asset Bundle ---- (24ms)
2026-8-30 17:13:25-log: run build task 查询 Asset Bundle success in 24 ms√, progress: 10%
2026-8-30 17:13:25-debug: [Build Memory track]: 查询 Asset Bundle start:227.32MB, end 227.42MB, increase: 104.51KB
2026-8-30 17:13:25-debug: 整理部分构建选项内数据到 settings.json start, progress: 10%
2026-8-30 17:13:25-debug: // ---- build task 整理部分构建选项内数据到 settings.json ----
2026-8-30 17:13:25-debug: // ---- build task 整理部分构建选项内数据到 settings.json ---- (5ms)
2026-8-30 17:13:25-log: run build task 整理部分构建选项内数据到 settings.json success in 5 ms√, progress: 12%
2026-8-30 17:13:25-debug: [Build Memory track]: 整理部分构建选项内数据到 settings.json start:227.45MB, end 227.48MB, increase: 32.27KB
2026-8-30 17:13:25-debug: 填充脚本数据到 settings.json start, progress: 12%
2026-8-30 17:13:25-debug: // ---- build task 填充脚本数据到 settings.json ----
2026-8-30 17:13:25-debug: // ---- build task 填充脚本数据到 settings.json ---- (3ms)
2026-8-30 17:13:25-log: run build task 填充脚本数据到 settings.json success in 3 ms√, progress: 13%
2026-8-30 17:13:25-debug: [Build Memory track]: 填充脚本数据到 settings.json start:227.51MB, end 227.54MB, increase: 27.36KB
2026-8-30 17:13:25-debug: 整理部分构建选项内数据到 settings.json start, progress: 13%
2026-8-30 17:13:25-debug: // ---- build task 整理部分构建选项内数据到 settings.json ----
2026-8-30 17:13:25-debug: // ---- build task 整理部分构建选项内数据到 settings.json ---- (16ms)
2026-8-30 17:13:25-log: run build task 整理部分构建选项内数据到 settings.json success in 16 ms√, progress: 15%
2026-8-30 17:13:25-debug: [Build Memory track]: 整理部分构建选项内数据到 settings.json start:227.57MB, end 227.69MB, increase: 127.60KB
2026-8-30 17:13:47-debug: refresh db internal success
2026-8-30 17:13:47-debug: %cImport%c: D:\GameByself\Cocos\Project1\assets\Scripts\Car.tsbackground: #aaff85; color: #000;color: #000;
2026-8-30 17:13:47-debug: refresh db assets success
2026-8-30 17:13:47-debug: Run asset db hook engine-extends:afterRefresh ...
2026-8-30 17:13:47-debug: Run asset db hook engine-extends:afterRefresh success!
2026-8-30 17:13:47-debug: asset-db:refresh-all-database (121ms)
2026-8-30 17:13:47-debug: asset-db:worker-effect-data-processing (2ms)
2026-8-30 17:13:47-debug: asset-db-hook-engine-extends-afterRefresh (3ms)
2026-8-30 22:02:29-debug: refresh db internal success
2026-8-30 22:02:29-debug: refresh db assets success
2026-8-30 22:02:29-debug: Run asset db hook engine-extends:afterRefresh ...
2026-8-30 22:02:29-debug: Run asset db hook engine-extends:afterRefresh success!
2026-8-30 22:02:29-debug: asset-db:refresh-all-database (157ms)
2026-8-30 22:02:29-debug: asset-db:worker-effect-data-processing (9ms)
2026-8-30 22:02:29-debug: asset-db-hook-engine-extends-afterRefresh (11ms)
