2026-8-31 14:36:00-log: Cannot access game frame or container.
2026-8-31 14:36:01-debug: asset-db:require-engine-code (784ms)
2026-8-31 14:36:01-log: meshopt wasm decoder initialized
2026-8-31 14:36:01-log: [bullet]:bullet wasm lib loaded.
2026-8-31 14:36:01-log: [box2d]:box2d wasm lib loaded.
2026-8-31 14:36:01-log: Cocos Creator v3.8.8
2026-8-31 14:36:01-log: Using legacy pipeline
2026-8-31 14:36:01-log: Forward render pipeline initialized.
2026-8-31 14:36:01-debug: [Assets Memory track]: asset-db:worker-init: initEngine start:31.75MB, end 79.21MB, increase: 47.47MB
2026-8-31 14:36:03-debug: [Assets Memory track]: asset-db:worker-init: initPlugin start:79.30MB, end 274.71MB, increase: 195.42MB
2026-8-31 14:36:03-debug: run package(placeholder) handler(enable) start
2026-8-31 14:36:03-debug: run package(placeholder) handler(enable) success!
2026-8-31 14:36:03-debug: asset-db:worker-init: initPlugin (2085ms)
2026-8-31 14:36:03-debug: [Assets Memory track]: asset-db:worker-init start:31.74MB, end 274.42MB, increase: 242.68MB
2026-8-31 14:36:03-debug: Run asset db hook programming:beforePreStart ...
2026-8-31 14:36:03-debug: Run asset db hook programming:beforePreStart success!
2026-8-31 14:36:03-debug: Run asset db hook engine-extends:beforePreStart success!
2026-8-31 14:36:03-debug: Run asset db hook engine-extends:beforePreStart ...
2026-8-31 14:36:06-debug: asset-db:worker-init (6672ms)
2026-8-31 14:36:06-debug: asset-db-hook-programming-beforePreStart (3249ms)
2026-8-31 14:36:06-debug: asset-db-hook-engine-extends-beforePreStart (3249ms)
2026-8-31 14:36:08-debug: Preimport db internal success
2026-8-31 14:36:08-debug: Preimport db assets success
2026-8-31 14:36:08-debug: Run asset db hook programming:afterPreStart ...
2026-8-31 14:36:08-debug: starting packer-driver...
2026-8-31 14:36:09-debug: initialize scripting environment...
2026-8-31 14:36:09-debug: [[Executor]] prepare before lock
2026-8-31 14:36:09-debug: Set detail map pack:///resolution-detail-map.json: {}
2026-8-31 14:36:09-debug: [[Executor]] prepare after unlock
2026-8-31 14:36:09-debug: Run asset db hook programming:afterPreStart success!
2026-8-31 14:36:09-debug: Run asset db hook engine-extends:afterPreStart ...
2026-8-31 14:36:09-debug: Start up the 'internal' database...
2026-8-31 14:36:09-debug: Run asset db hook engine-extends:afterPreStart success!
2026-8-31 14:36:11-debug: asset-db-hook-programming-afterPreStart (2607ms)
2026-8-31 14:36:11-debug: asset-db:worker-effect-data-processing (1926ms)
2026-8-31 14:36:11-debug: asset-db-hook-engine-extends-afterPreStart (1927ms)
2026-8-31 14:36:11-debug: Run asset db hook engine-extends:afterStartDB ...
2026-8-31 14:36:12-debug: recompile effect.bin success
2026-8-31 14:36:12-debug: Run asset db hook engine-extends:afterStartDB success!
2026-8-31 14:36:12-debug: Start up the 'assets' database...
2026-8-31 14:36:12-debug: asset-db:worker-effect-data-processing (1210ms)
2026-8-31 14:36:12-debug: asset-db-hook-engine-extends-afterStartDB (1210ms)
2026-8-31 14:36:12-debug: Run asset db hook engine-extends:afterStartDB ...
2026-8-31 14:36:12-debug: recompile effect.bin success
2026-8-31 14:36:12-debug: Run asset db hook engine-extends:afterStartDB success!
2026-8-31 14:36:12-debug: lazy register asset handler text
2026-8-31 14:36:12-debug: lazy register asset handler *
2026-8-31 14:36:12-debug: lazy register asset handler json
2026-8-31 14:36:12-debug: lazy register asset handler directory
2026-8-31 14:36:12-debug: lazy register asset handler dragonbones
2026-8-31 14:36:12-debug: lazy register asset handler dragonbones-atlas
2026-8-31 14:36:12-debug: lazy register asset handler terrain
2026-8-31 14:36:12-debug: lazy register asset handler javascript
2026-8-31 14:36:12-debug: lazy register asset handler scene
2026-8-31 14:36:12-debug: lazy register asset handler typescript
2026-8-31 14:36:12-debug: lazy register asset handler sprite-frame
2026-8-31 14:36:12-debug: lazy register asset handler prefab
2026-8-31 14:36:12-debug: lazy register asset handler spine-data
2026-8-31 14:36:12-debug: lazy register asset handler tiled-map
2026-8-31 14:36:12-debug: lazy register asset handler buffer
2026-8-31 14:36:12-debug: lazy register asset handler sign-image
2026-8-31 14:36:12-debug: lazy register asset handler alpha-image
2026-8-31 14:36:12-debug: lazy register asset handler image
2026-8-31 14:36:12-debug: lazy register asset handler texture-cube
2026-8-31 14:36:12-debug: lazy register asset handler erp-texture-cube
2026-8-31 14:36:12-debug: lazy register asset handler texture-cube-face
2026-8-31 14:36:12-debug: lazy register asset handler texture
2026-8-31 14:36:12-debug: lazy register asset handler render-texture
2026-8-31 14:36:12-debug: lazy register asset handler rt-sprite-frame
2026-8-31 14:36:12-debug: lazy register asset handler gltf
2026-8-31 14:36:12-debug: lazy register asset handler gltf-mesh
2026-8-31 14:36:12-debug: lazy register asset handler gltf-animation
2026-8-31 14:36:12-debug: lazy register asset handler gltf-material
2026-8-31 14:36:12-debug: lazy register asset handler gltf-embeded-image
2026-8-31 14:36:12-debug: lazy register asset handler gltf-skeleton
2026-8-31 14:36:12-debug: lazy register asset handler fbx
2026-8-31 14:36:12-debug: lazy register asset handler material
2026-8-31 14:36:12-debug: lazy register asset handler gltf-scene
2026-8-31 14:36:12-debug: lazy register asset handler physics-material
2026-8-31 14:36:12-debug: lazy register asset handler audio-clip
2026-8-31 14:36:12-debug: lazy register asset handler effect-header
2026-8-31 14:36:12-debug: lazy register asset handler animation-clip
2026-8-31 14:36:12-debug: lazy register asset handler animation-graph
2026-8-31 14:36:12-debug: lazy register asset handler animation-graph-variant
2026-8-31 14:36:12-debug: lazy register asset handler ttf-font
2026-8-31 14:36:12-debug: lazy register asset handler effect
2026-8-31 14:36:12-debug: lazy register asset handler bitmap-font
2026-8-31 14:36:12-debug: lazy register asset handler sprite-atlas
2026-8-31 14:36:12-debug: lazy register asset handler animation-mask
2026-8-31 14:36:12-debug: lazy register asset handler particle
2026-8-31 14:36:12-debug: lazy register asset handler label-atlas
2026-8-31 14:36:12-debug: lazy register asset handler render-pipeline
2026-8-31 14:36:12-debug: lazy register asset handler render-stage
2026-8-31 14:36:12-debug: lazy register asset handler render-flow
2026-8-31 14:36:12-debug: lazy register asset handler instantiation-material
2026-8-31 14:36:12-debug: lazy register asset handler instantiation-mesh
2026-8-31 14:36:12-debug: lazy register asset handler instantiation-skeleton
2026-8-31 14:36:12-debug: lazy register asset handler instantiation-animation
2026-8-31 14:36:12-debug: lazy register asset handler video-clip
2026-8-31 14:36:12-debug: lazy register asset handler auto-atlas
2026-8-31 14:36:12-debug: asset-db:worker-effect-data-processing (356ms)
2026-8-31 14:36:12-debug: asset-db-hook-engine-extends-afterStartDB (356ms)
2026-8-31 14:36:12-debug: asset-db:start-database (9017ms)
2026-8-31 14:36:12-debug: asset-db:ready (16670ms)
2026-8-31 14:36:12-debug: init worker message success
2026-8-31 14:36:12-debug: programming:execute-script (7ms)
2026-8-31 14:36:13-debug: [Build Memory track]: builder:worker-init start:220.71MB, end 229.57MB, increase: 8.86MB
2026-8-31 14:36:13-debug: builder:worker-init (471ms)
2026-8-31 14:36:21-debug: refresh db internal success
2026-8-31 14:36:21-debug: refresh db assets success
2026-8-31 14:36:21-debug: Run asset db hook engine-extends:afterRefresh ...
2026-8-31 14:36:21-debug: Run asset db hook engine-extends:afterRefresh success!
2026-8-31 14:36:21-debug: asset-db:refresh-all-database (114ms)
2026-8-31 14:36:21-debug: asset-db:worker-effect-data-processing (1ms)
2026-8-31 14:36:21-debug: asset-db-hook-engine-extends-afterRefresh (2ms)
2026-8-31 14:36:26-debug: refresh db internal success
2026-8-31 14:36:26-debug: refresh db assets success
2026-8-31 14:36:26-debug: Run asset db hook engine-extends:afterRefresh ...
2026-8-31 14:36:26-debug: Run asset db hook engine-extends:afterRefresh success!
2026-8-31 14:36:26-debug: asset-db:refresh-all-database (131ms)
2026-8-31 14:36:26-debug: asset-db:worker-effect-data-processing (3ms)
2026-8-31 14:36:26-debug: asset-db-hook-engine-extends-afterRefresh (3ms)
2026-8-31 14:37:32-debug: refresh db internal success
2026-8-31 14:37:32-debug: refresh db assets success
2026-8-31 14:37:32-debug: Run asset db hook engine-extends:afterRefresh ...
2026-8-31 14:37:32-debug: Run asset db hook engine-extends:afterRefresh success!
2026-8-31 14:37:32-debug: asset-db:refresh-all-database (131ms)
2026-8-31 14:37:32-debug: asset-db:worker-effect-data-processing (2ms)
2026-8-31 14:37:32-debug: asset-db-hook-engine-extends-afterRefresh (2ms)
2026-8-31 14:39:51-debug: Query all assets info in project
2026-8-31 14:39:51-debug: init custom config: keepNodeUuid: false, useCache: true
2026-8-31 14:39:51-debug: Skip compress image, progress: 0%
2026-8-31 14:39:51-debug: Init all bundles start..., progress: 0%
2026-8-31 14:39:51-debug: Num of bundles: 3..., progress: 0%
2026-8-31 14:39:51-debug: 查询 Asset Bundle start, progress: 0%
2026-8-31 14:39:51-debug: // ---- build task 查询 Asset Bundle ----
2026-8-31 14:39:51-debug: Init bundle root assets start..., progress: 0%
2026-8-31 14:39:51-debug: Query preload assets/scripts from cc.config.json: 60f7195c-ec2a-45eb-ba94-8955f60e81d0,1c02ae6f-4492-4915-b8f8-7492a3b1e4cd,810e96e4-e456-4468-9b59-f4e8f39732c0,efe8e2a3-eace-427b-b4f1-cb8a937ec77d,e9aa9a3e-5b2b-4ac7-a2c7-073de2b2b24f,8bbdbcdd-5cd4-4100-b6d5-b7c9625b6107,50f4348b-c883-4e2f-8f11-ce233b859fa1,fda095cb-831d-4601-ad94-846013963de8,f92806d7-1768-443f-afe8-12bcde84d0f0,dd3a144d-ab7f-41f0-82b8-2e43a090d496,f0416e68-0200-4b77-a926-4f9d16e494da,511d2633-09a7-4bdd-ac42-f778032124b3,5d45aa00-e064-4938-b314-4265f0c2258c,9361fd90-ba52-4f84-aa93-6e878fd576ca,970b0598-bcb0-4714-91fb-2e81440dccd8,bcd64cc6-2dd9-43f6-abbe-66318d332032,d930590d-bb92-4cc8-8bd1-23cd027f9edf,a3cd009f-0ab0-420d-9278-b9fdab939bbc,6a2d0734-bd9e-4ddf-946e-caa52498cb75,c27215d8-6835-4b68-bfbb-bdeac6100c04,b5d6115f-0370-4d7c-aad3-c194cc71cf98,d1346436-ac96-4271-b863-1f4fdead95b0,971bdb23-3ff6-43eb-b422-1c30165a3663,17debcc3-0a6b-4b8a-b00b-dc58b885581e,711ebe11-f673-4cd9-9a83-63c60ba54c5b,c0143906-9aed-447e-9436-2ae8512d1b6e,14da1725-c4c2-42b4-ab08-ee0aeb6898b3,081cab31-dccd-428e-8652-f2404cc81c47,78e0584a-4343-4727-8f37-e14e65c2a2db,ba21476f-2866-4f81-9c4d-6e359316e448,871c3b6c-7379-419d-bda3-794b239ab90d,1d08ef62-a503-4ce2-8b9a-46c90873f7d3,ff9b0199-ce04-4cfe-86cc-6c719f08d6e4,de1c2107-70c8-4021-8459-6399f24d01c6,cbf30902-517f-40dc-af90-a550bac27cf1,5c601d96-e4c7-4698-991b-7ee674b11079
2026-8-31 14:39:51-debug:   Number of all scripts: 7
2026-8-31 14:39:51-debug:   Number of other assets: 318
2026-8-31 14:39:51-debug: Init bundle root assets success..., progress: 0%
2026-8-31 14:39:51-debug:   Number of all scenes: 1
2026-8-31 14:39:51-debug: // ---- build task 查询 Asset Bundle ---- (14ms)
2026-8-31 14:39:51-log: run build task 查询 Asset Bundle success in 14 ms√, progress: 5%
2026-8-31 14:39:51-debug: // ---- build task 查询 Asset Bundle ----
2026-8-31 14:39:51-debug: [Build Memory track]: 查询 Asset Bundle start:223.02MB, end 222.94MB, increase: -84.36KB
2026-8-31 14:39:51-debug: 查询 Asset Bundle start, progress: 5%
2026-8-31 14:39:51-debug: // ---- build task 查询 Asset Bundle ---- (4ms)
2026-8-31 14:39:51-log: run build task 查询 Asset Bundle success in 4 ms√, progress: 10%
2026-8-31 14:39:51-debug: 整理部分构建选项内数据到 settings.json start, progress: 10%
2026-8-31 14:39:51-debug: // ---- build task 整理部分构建选项内数据到 settings.json ----
2026-8-31 14:39:51-debug: [Build Memory track]: 查询 Asset Bundle start:222.98MB, end 223.09MB, increase: 112.04KB
2026-8-31 14:39:51-debug: // ---- build task 整理部分构建选项内数据到 settings.json ---- (2ms)
2026-8-31 14:39:51-log: run build task 整理部分构建选项内数据到 settings.json success in 2 ms√, progress: 12%
2026-8-31 14:39:51-debug: 填充脚本数据到 settings.json start, progress: 12%
2026-8-31 14:39:51-debug: [Build Memory track]: 整理部分构建选项内数据到 settings.json start:223.14MB, end 223.18MB, increase: 36.99KB
2026-8-31 14:39:51-debug: // ---- build task 填充脚本数据到 settings.json ----
2026-8-31 14:39:51-debug: // ---- build task 填充脚本数据到 settings.json ---- (3ms)
2026-8-31 14:39:51-log: run build task 填充脚本数据到 settings.json success in 3 ms√, progress: 13%
2026-8-31 14:39:51-debug: // ---- build task 整理部分构建选项内数据到 settings.json ----
2026-8-31 14:39:51-debug: [Build Memory track]: 填充脚本数据到 settings.json start:223.22MB, end 223.25MB, increase: 34.60KB
2026-8-31 14:39:51-debug: 整理部分构建选项内数据到 settings.json start, progress: 13%
2026-8-31 14:39:51-debug: // ---- build task 整理部分构建选项内数据到 settings.json ---- (7ms)
2026-8-31 14:39:51-log: run build task 整理部分构建选项内数据到 settings.json success in 7 ms√, progress: 15%
2026-8-31 14:39:51-debug: [Build Memory track]: 整理部分构建选项内数据到 settings.json start:223.30MB, end 222.74MB, increase: -569.36KB
2026-8-31 14:39:57-debug: refresh db internal success
2026-8-31 14:39:57-debug: refresh db assets success
2026-8-31 14:39:57-debug: Run asset db hook engine-extends:afterRefresh ...
2026-8-31 14:39:57-debug: Run asset db hook engine-extends:afterRefresh success!
2026-8-31 14:39:57-debug: asset-db:refresh-all-database (178ms)
2026-8-31 14:39:57-debug: asset-db:worker-effect-data-processing (4ms)
2026-8-31 14:39:57-debug: asset-db-hook-engine-extends-afterRefresh (4ms)
2026-8-31 14:39:58-debug: %cImport%c: D:\GameByself\Cocos\Project1\assets\Scenes\scene.scenebackground: #aaff85; color: #000;color: #000;
2026-8-31 14:39:58-debug: asset-db:reimport-assetcb02e093-8bba-4046-8e6e-d0462e7be5da (16ms)
2026-8-31 14:40:01-debug: Query all assets info in project
2026-8-31 14:40:01-debug: init custom config: keepNodeUuid: false, useCache: true
2026-8-31 14:40:01-debug: Skip compress image, progress: 0%
2026-8-31 14:40:01-debug: Init all bundles start..., progress: 0%
2026-8-31 14:40:01-debug: // ---- build task 查询 Asset Bundle ----
2026-8-31 14:40:01-debug: Num of bundles: 3..., progress: 0%
2026-8-31 14:40:01-debug: Init bundle root assets start..., progress: 0%
2026-8-31 14:40:01-debug: 查询 Asset Bundle start, progress: 0%
2026-8-31 14:40:01-debug: Query preload assets/scripts from cc.config.json: 60f7195c-ec2a-45eb-ba94-8955f60e81d0,1c02ae6f-4492-4915-b8f8-7492a3b1e4cd,810e96e4-e456-4468-9b59-f4e8f39732c0,efe8e2a3-eace-427b-b4f1-cb8a937ec77d,e9aa9a3e-5b2b-4ac7-a2c7-073de2b2b24f,8bbdbcdd-5cd4-4100-b6d5-b7c9625b6107,50f4348b-c883-4e2f-8f11-ce233b859fa1,fda095cb-831d-4601-ad94-846013963de8,f92806d7-1768-443f-afe8-12bcde84d0f0,dd3a144d-ab7f-41f0-82b8-2e43a090d496,f0416e68-0200-4b77-a926-4f9d16e494da,511d2633-09a7-4bdd-ac42-f778032124b3,5d45aa00-e064-4938-b314-4265f0c2258c,9361fd90-ba52-4f84-aa93-6e878fd576ca,970b0598-bcb0-4714-91fb-2e81440dccd8,bcd64cc6-2dd9-43f6-abbe-66318d332032,d930590d-bb92-4cc8-8bd1-23cd027f9edf,a3cd009f-0ab0-420d-9278-b9fdab939bbc,6a2d0734-bd9e-4ddf-946e-caa52498cb75,c27215d8-6835-4b68-bfbb-bdeac6100c04,b5d6115f-0370-4d7c-aad3-c194cc71cf98,d1346436-ac96-4271-b863-1f4fdead95b0,971bdb23-3ff6-43eb-b422-1c30165a3663,17debcc3-0a6b-4b8a-b00b-dc58b885581e,711ebe11-f673-4cd9-9a83-63c60ba54c5b,c0143906-9aed-447e-9436-2ae8512d1b6e,14da1725-c4c2-42b4-ab08-ee0aeb6898b3,081cab31-dccd-428e-8652-f2404cc81c47,78e0584a-4343-4727-8f37-e14e65c2a2db,ba21476f-2866-4f81-9c4d-6e359316e448,871c3b6c-7379-419d-bda3-794b239ab90d,1d08ef62-a503-4ce2-8b9a-46c90873f7d3,ff9b0199-ce04-4cfe-86cc-6c719f08d6e4,de1c2107-70c8-4021-8459-6399f24d01c6,cbf30902-517f-40dc-af90-a550bac27cf1,5c601d96-e4c7-4698-991b-7ee674b11079
2026-8-31 14:40:01-debug:   Number of all scenes: 1
2026-8-31 14:40:01-debug:   Number of all scripts: 7
2026-8-31 14:40:01-debug: Init bundle root assets success..., progress: 0%
2026-8-31 14:40:01-debug:   Number of other assets: 318
2026-8-31 14:40:01-debug: // ---- build task 查询 Asset Bundle ---- (9ms)
2026-8-31 14:40:01-debug: [Build Memory track]: 查询 Asset Bundle start:225.70MB, end 224.89MB, increase: -826.83KB
2026-8-31 14:40:01-log: run build task 查询 Asset Bundle success in 9 ms√, progress: 5%
2026-8-31 14:40:01-debug: 查询 Asset Bundle start, progress: 5%
2026-8-31 14:40:01-debug: // ---- build task 查询 Asset Bundle ----
2026-8-31 14:40:01-debug: // ---- build task 查询 Asset Bundle ---- (3ms)
2026-8-31 14:40:01-log: run build task 查询 Asset Bundle success in 3 ms√, progress: 10%
2026-8-31 14:40:01-debug: [Build Memory track]: 查询 Asset Bundle start:224.93MB, end 225.04MB, increase: 113.93KB
2026-8-31 14:40:01-debug: 整理部分构建选项内数据到 settings.json start, progress: 10%
2026-8-31 14:40:01-debug: // ---- build task 整理部分构建选项内数据到 settings.json ----
2026-8-31 14:40:01-debug: // ---- build task 整理部分构建选项内数据到 settings.json ---- (2ms)
2026-8-31 14:40:01-log: run build task 整理部分构建选项内数据到 settings.json success in 2 ms√, progress: 12%
2026-8-31 14:40:01-debug: // ---- build task 填充脚本数据到 settings.json ----
2026-8-31 14:40:01-debug: 填充脚本数据到 settings.json start, progress: 12%
2026-8-31 14:40:01-debug: [Build Memory track]: 整理部分构建选项内数据到 settings.json start:225.10MB, end 225.14MB, increase: 34.63KB
2026-8-31 14:40:01-debug: // ---- build task 填充脚本数据到 settings.json ---- (2ms)
2026-8-31 14:40:01-log: run build task 填充脚本数据到 settings.json success in 2 ms√, progress: 13%
2026-8-31 14:40:01-debug: [Build Memory track]: 填充脚本数据到 settings.json start:225.18MB, end 225.22MB, increase: 38.19KB
2026-8-31 14:40:01-debug: 整理部分构建选项内数据到 settings.json start, progress: 13%
2026-8-31 14:40:01-debug: // ---- build task 整理部分构建选项内数据到 settings.json ----
2026-8-31 14:40:01-debug: // ---- build task 整理部分构建选项内数据到 settings.json ---- (6ms)
2026-8-31 14:40:01-log: run build task 整理部分构建选项内数据到 settings.json success in 6 ms√, progress: 15%
2026-8-31 14:40:01-debug: [Build Memory track]: 整理部分构建选项内数据到 settings.json start:225.26MB, end 225.39MB, increase: 135.31KB
2026-8-31 14:40:10-debug: refresh db internal success
2026-8-31 14:40:10-debug: refresh db assets success
2026-8-31 14:40:10-debug: Run asset db hook engine-extends:afterRefresh ...
2026-8-31 14:40:10-debug: Run asset db hook engine-extends:afterRefresh success!
2026-8-31 14:40:10-debug: asset-db:refresh-all-database (180ms)
2026-8-31 14:40:10-debug: asset-db:worker-effect-data-processing (10ms)
2026-8-31 14:40:10-debug: asset-db-hook-engine-extends-afterRefresh (10ms)
2026-8-31 14:40:39-debug: refresh db internal success
2026-8-31 14:40:39-debug: refresh db assets success
2026-8-31 14:40:39-debug: Run asset db hook engine-extends:afterRefresh ...
2026-8-31 14:40:39-debug: Run asset db hook engine-extends:afterRefresh success!
2026-8-31 14:40:39-debug: asset-db:refresh-all-database (118ms)
2026-8-31 14:40:39-debug: asset-db:worker-effect-data-processing (2ms)
2026-8-31 14:40:39-debug: asset-db-hook-engine-extends-afterRefresh (2ms)
2026-8-31 14:41:38-debug: refresh db internal success
2026-8-31 14:41:38-debug: refresh db assets success
2026-8-31 14:41:38-debug: Run asset db hook engine-extends:afterRefresh ...
2026-8-31 14:41:38-debug: Run asset db hook engine-extends:afterRefresh success!
2026-8-31 14:41:38-debug: asset-db:refresh-all-database (109ms)
2026-8-31 14:41:38-debug: asset-db:worker-effect-data-processing (2ms)
2026-8-31 14:41:38-debug: asset-db-hook-engine-extends-afterRefresh (3ms)
2026-8-31 14:41:59-debug: refresh db internal success
2026-8-31 14:41:59-debug: refresh db assets success
2026-8-31 14:41:59-debug: Run asset db hook engine-extends:afterRefresh ...
2026-8-31 14:41:59-debug: Run asset db hook engine-extends:afterRefresh success!
2026-8-31 14:41:59-debug: asset-db:refresh-all-database (106ms)
2026-8-31 14:41:59-debug: asset-db:worker-effect-data-processing (3ms)
2026-8-31 14:41:59-debug: asset-db-hook-engine-extends-afterRefresh (3ms)
2026-8-31 14:43:15-debug: refresh db internal success
2026-8-31 14:43:15-debug: refresh db assets success
2026-8-31 14:43:15-debug: Run asset db hook engine-extends:afterRefresh ...
2026-8-31 14:43:15-debug: Run asset db hook engine-extends:afterRefresh success!
2026-8-31 14:43:15-debug: asset-db:refresh-all-database (112ms)
2026-8-31 14:43:15-debug: asset-db:worker-effect-data-processing (2ms)
2026-8-31 14:43:15-debug: asset-db-hook-engine-extends-afterRefresh (2ms)
2026-8-31 14:43:24-debug: refresh db internal success
2026-8-31 14:43:24-debug: refresh db assets success
2026-8-31 14:43:24-debug: Run asset db hook engine-extends:afterRefresh ...
2026-8-31 14:43:24-debug: Run asset db hook engine-extends:afterRefresh success!
2026-8-31 14:43:24-debug: asset-db:refresh-all-database (199ms)
2026-8-31 14:43:24-debug: asset-db:worker-effect-data-processing (55ms)
2026-8-31 14:43:24-debug: asset-db-hook-engine-extends-afterRefresh (55ms)
2026-8-31 14:43:24-debug: refresh db internal success
2026-8-31 14:43:24-debug: Run asset db hook engine-extends:afterRefresh ...
2026-8-31 14:43:24-debug: Run asset db hook engine-extends:afterRefresh success!
2026-8-31 14:43:24-debug: refresh db assets success
2026-8-31 14:43:24-debug: asset-db:refresh-all-database (114ms)
2026-8-31 14:43:24-debug: asset-db:worker-effect-data-processing (2ms)
2026-8-31 14:43:24-debug: asset-db-hook-engine-extends-afterRefresh (2ms)
2026-8-31 14:43:33-debug: refresh db internal success
2026-8-31 14:43:33-debug: refresh db assets success
2026-8-31 14:43:33-debug: Run asset db hook engine-extends:afterRefresh ...
2026-8-31 14:43:33-debug: Run asset db hook engine-extends:afterRefresh success!
2026-8-31 14:43:33-debug: asset-db:refresh-all-database (105ms)
2026-8-31 14:43:33-debug: asset-db:worker-effect-data-processing (1ms)
2026-8-31 14:43:33-debug: asset-db-hook-engine-extends-afterRefresh (2ms)
2026-8-31 14:43:38-debug: refresh db internal success
2026-8-31 14:43:38-debug: refresh db assets success
2026-8-31 14:43:38-debug: Run asset db hook engine-extends:afterRefresh ...
2026-8-31 14:43:38-debug: Run asset db hook engine-extends:afterRefresh success!
2026-8-31 14:43:38-debug: asset-db:refresh-all-database (108ms)
2026-8-31 14:43:38-debug: asset-db:worker-effect-data-processing (1ms)
2026-8-31 14:43:38-debug: asset-db-hook-engine-extends-afterRefresh (1ms)
2026-8-31 14:43:45-debug: refresh db internal success
2026-8-31 14:43:45-debug: refresh db assets success
2026-8-31 14:43:45-debug: Run asset db hook engine-extends:afterRefresh success!
2026-8-31 14:43:45-debug: Run asset db hook engine-extends:afterRefresh ...
2026-8-31 14:43:45-debug: asset-db:refresh-all-database (111ms)
2026-8-31 14:43:45-debug: asset-db:worker-effect-data-processing (3ms)
2026-8-31 14:43:45-debug: asset-db-hook-engine-extends-afterRefresh (3ms)
2026-8-31 14:43:49-debug: refresh db internal success
2026-8-31 14:43:49-debug: refresh db assets success
2026-8-31 14:43:49-debug: Run asset db hook engine-extends:afterRefresh ...
2026-8-31 14:43:49-debug: Run asset db hook engine-extends:afterRefresh success!
2026-8-31 14:43:49-debug: asset-db:refresh-all-database (103ms)
2026-8-31 14:43:49-debug: asset-db:worker-effect-data-processing (2ms)
2026-8-31 14:43:49-debug: asset-db-hook-engine-extends-afterRefresh (2ms)
2026-8-31 14:44:00-debug: refresh db internal success
2026-8-31 14:44:00-debug: refresh db assets success
2026-8-31 14:44:00-debug: Run asset db hook engine-extends:afterRefresh ...
2026-8-31 14:44:00-debug: Run asset db hook engine-extends:afterRefresh success!
2026-8-31 14:44:00-debug: asset-db:refresh-all-database (104ms)
2026-8-31 14:44:00-debug: asset-db:worker-effect-data-processing (1ms)
2026-8-31 14:44:00-debug: asset-db-hook-engine-extends-afterRefresh (1ms)
2026-8-31 14:44:07-debug: refresh db internal success
2026-8-31 14:44:07-debug: refresh db assets success
2026-8-31 14:44:07-debug: Run asset db hook engine-extends:afterRefresh ...
2026-8-31 14:44:07-debug: Run asset db hook engine-extends:afterRefresh success!
2026-8-31 14:44:07-debug: asset-db-hook-engine-extends-afterRefresh (1ms)
2026-8-31 14:44:07-debug: asset-db:refresh-all-database (106ms)
2026-8-31 14:44:20-debug: refresh db internal success
2026-8-31 14:44:20-debug: refresh db assets success
2026-8-31 14:44:20-debug: Run asset db hook engine-extends:afterRefresh ...
2026-8-31 14:44:20-debug: Run asset db hook engine-extends:afterRefresh success!
2026-8-31 14:44:20-debug: asset-db:refresh-all-database (100ms)
2026-8-31 14:44:20-debug: asset-db:worker-effect-data-processing (1ms)
2026-8-31 14:44:20-debug: asset-db-hook-engine-extends-afterRefresh (2ms)
2026-8-31 14:44:24-debug: refresh db internal success
2026-8-31 14:44:24-debug: refresh db assets success
2026-8-31 14:44:24-debug: Run asset db hook engine-extends:afterRefresh ...
2026-8-31 14:44:24-debug: Run asset db hook engine-extends:afterRefresh success!
2026-8-31 14:44:24-debug: asset-db:refresh-all-database (102ms)
2026-8-31 14:44:24-debug: asset-db:worker-effect-data-processing (2ms)
2026-8-31 14:44:24-debug: asset-db-hook-engine-extends-afterRefresh (2ms)
2026-8-31 14:44:32-debug: refresh db internal success
2026-8-31 14:44:32-debug: refresh db assets success
2026-8-31 14:44:32-debug: Run asset db hook engine-extends:afterRefresh ...
2026-8-31 14:44:32-debug: Run asset db hook engine-extends:afterRefresh success!
2026-8-31 14:44:32-debug: asset-db:refresh-all-database (115ms)
2026-8-31 14:44:32-debug: asset-db:worker-effect-data-processing (2ms)
2026-8-31 14:44:32-debug: asset-db-hook-engine-extends-afterRefresh (2ms)
2026-8-31 14:46:40-debug: refresh db internal success
2026-8-31 14:46:40-debug: refresh db assets success
2026-8-31 14:46:40-debug: Run asset db hook engine-extends:afterRefresh ...
2026-8-31 14:46:40-debug: Run asset db hook engine-extends:afterRefresh success!
2026-8-31 14:46:40-debug: asset-db:refresh-all-database (103ms)
2026-8-31 14:46:40-debug: asset-db:worker-effect-data-processing (2ms)
2026-8-31 14:46:40-debug: asset-db-hook-engine-extends-afterRefresh (2ms)
2026-8-31 14:46:51-debug: refresh db internal success
2026-8-31 14:46:51-debug: refresh db assets success
2026-8-31 14:46:51-debug: Run asset db hook engine-extends:afterRefresh ...
2026-8-31 14:46:51-debug: Run asset db hook engine-extends:afterRefresh success!
2026-8-31 14:46:51-debug: asset-db:refresh-all-database (116ms)
2026-8-31 14:46:51-debug: asset-db:worker-effect-data-processing (2ms)
2026-8-31 14:46:51-debug: asset-db-hook-engine-extends-afterRefresh (3ms)
2026-8-31 14:46:58-debug: Query all assets info in project
2026-8-31 14:46:58-debug: init custom config: keepNodeUuid: false, useCache: true
2026-8-31 14:46:58-debug: Skip compress image, progress: 0%
2026-8-31 14:46:58-debug: Init all bundles start..., progress: 0%
2026-8-31 14:46:58-debug: // ---- build task 查询 Asset Bundle ----
2026-8-31 14:46:58-debug: 查询 Asset Bundle start, progress: 0%
2026-8-31 14:46:58-debug: Num of bundles: 3..., progress: 0%
2026-8-31 14:46:58-debug: Init bundle root assets start..., progress: 0%
2026-8-31 14:46:58-debug: Query preload assets/scripts from cc.config.json: 60f7195c-ec2a-45eb-ba94-8955f60e81d0,1c02ae6f-4492-4915-b8f8-7492a3b1e4cd,810e96e4-e456-4468-9b59-f4e8f39732c0,efe8e2a3-eace-427b-b4f1-cb8a937ec77d,e9aa9a3e-5b2b-4ac7-a2c7-073de2b2b24f,8bbdbcdd-5cd4-4100-b6d5-b7c9625b6107,50f4348b-c883-4e2f-8f11-ce233b859fa1,fda095cb-831d-4601-ad94-846013963de8,f92806d7-1768-443f-afe8-12bcde84d0f0,dd3a144d-ab7f-41f0-82b8-2e43a090d496,f0416e68-0200-4b77-a926-4f9d16e494da,511d2633-09a7-4bdd-ac42-f778032124b3,5d45aa00-e064-4938-b314-4265f0c2258c,9361fd90-ba52-4f84-aa93-6e878fd576ca,970b0598-bcb0-4714-91fb-2e81440dccd8,bcd64cc6-2dd9-43f6-abbe-66318d332032,d930590d-bb92-4cc8-8bd1-23cd027f9edf,a3cd009f-0ab0-420d-9278-b9fdab939bbc,6a2d0734-bd9e-4ddf-946e-caa52498cb75,c27215d8-6835-4b68-bfbb-bdeac6100c04,b5d6115f-0370-4d7c-aad3-c194cc71cf98,d1346436-ac96-4271-b863-1f4fdead95b0,971bdb23-3ff6-43eb-b422-1c30165a3663,17debcc3-0a6b-4b8a-b00b-dc58b885581e,711ebe11-f673-4cd9-9a83-63c60ba54c5b,c0143906-9aed-447e-9436-2ae8512d1b6e,14da1725-c4c2-42b4-ab08-ee0aeb6898b3,081cab31-dccd-428e-8652-f2404cc81c47,78e0584a-4343-4727-8f37-e14e65c2a2db,ba21476f-2866-4f81-9c4d-6e359316e448,871c3b6c-7379-419d-bda3-794b239ab90d,1d08ef62-a503-4ce2-8b9a-46c90873f7d3,ff9b0199-ce04-4cfe-86cc-6c719f08d6e4,de1c2107-70c8-4021-8459-6399f24d01c6,cbf30902-517f-40dc-af90-a550bac27cf1,5c601d96-e4c7-4698-991b-7ee674b11079
2026-8-31 14:46:58-debug:   Number of all scenes: 1
2026-8-31 14:46:58-debug:   Number of all scripts: 7
2026-8-31 14:46:58-debug: Init bundle root assets success..., progress: 0%
2026-8-31 14:46:58-debug:   Number of other assets: 318
2026-8-31 14:46:58-log: run build task 查询 Asset Bundle success in 63 ms√, progress: 5%
2026-8-31 14:46:58-debug: [Build Memory track]: 查询 Asset Bundle start:243.07MB, end 222.41MB, increase: -21151.16KB
2026-8-31 14:46:58-debug: // ---- build task 查询 Asset Bundle ----
2026-8-31 14:46:58-debug: // ---- build task 查询 Asset Bundle ---- (63ms)
2026-8-31 14:46:58-debug: 查询 Asset Bundle start, progress: 5%
2026-8-31 14:46:58-debug: // ---- build task 查询 Asset Bundle ---- (6ms)
2026-8-31 14:46:58-log: run build task 查询 Asset Bundle success in 6 ms√, progress: 10%
2026-8-31 14:46:58-debug: // ---- build task 整理部分构建选项内数据到 settings.json ----
2026-8-31 14:46:58-debug: 整理部分构建选项内数据到 settings.json start, progress: 10%
2026-8-31 14:46:58-debug: [Build Memory track]: 查询 Asset Bundle start:222.45MB, end 222.56MB, increase: 112.01KB
2026-8-31 14:46:58-debug: // ---- build task 整理部分构建选项内数据到 settings.json ---- (3ms)
2026-8-31 14:46:58-log: run build task 整理部分构建选项内数据到 settings.json success in 3 ms√, progress: 12%
2026-8-31 14:46:58-debug: 填充脚本数据到 settings.json start, progress: 12%
2026-8-31 14:46:58-debug: // ---- build task 填充脚本数据到 settings.json ----
2026-8-31 14:46:58-debug: [Build Memory track]: 整理部分构建选项内数据到 settings.json start:222.60MB, end 221.86MB, increase: -757.06KB
2026-8-31 14:46:58-debug: // ---- build task 填充脚本数据到 settings.json ---- (1ms)
2026-8-31 14:46:58-log: run build task 填充脚本数据到 settings.json success in 1 ms√, progress: 13%
2026-8-31 14:46:58-debug: 整理部分构建选项内数据到 settings.json start, progress: 13%
2026-8-31 14:46:58-debug: [Build Memory track]: 填充脚本数据到 settings.json start:221.91MB, end 221.94MB, increase: 37.71KB
2026-8-31 14:46:58-debug: // ---- build task 整理部分构建选项内数据到 settings.json ----
2026-8-31 14:46:58-debug: // ---- build task 整理部分构建选项内数据到 settings.json ---- (8ms)
2026-8-31 14:46:58-log: run build task 整理部分构建选项内数据到 settings.json success in 8 ms√, progress: 15%
2026-8-31 14:46:58-debug: [Build Memory track]: 整理部分构建选项内数据到 settings.json start:221.98MB, end 222.13MB, increase: 147.17KB
2026-8-31 14:47:06-debug: refresh db internal success
2026-8-31 14:47:06-debug: refresh db assets success
2026-8-31 14:47:06-debug: Run asset db hook engine-extends:afterRefresh ...
2026-8-31 14:47:06-debug: Run asset db hook engine-extends:afterRefresh success!
2026-8-31 14:47:06-debug: asset-db:refresh-all-database (139ms)
2026-8-31 14:47:06-debug: asset-db:worker-effect-data-processing (3ms)
2026-8-31 14:47:06-debug: asset-db-hook-engine-extends-afterRefresh (3ms)
2026-8-31 14:47:20-debug: refresh db internal success
2026-8-31 14:47:20-debug: refresh db assets success
2026-8-31 14:47:20-debug: Run asset db hook engine-extends:afterRefresh ...
2026-8-31 14:47:20-debug: Run asset db hook engine-extends:afterRefresh success!
2026-8-31 14:47:20-debug: asset-db:refresh-all-database (111ms)
2026-8-31 14:47:20-debug: asset-db:worker-effect-data-processing (1ms)
2026-8-31 14:47:20-debug: asset-db-hook-engine-extends-afterRefresh (2ms)
2026-8-31 14:47:33-debug: refresh db internal success
2026-8-31 14:47:33-debug: refresh db assets success
2026-8-31 14:47:33-debug: Run asset db hook engine-extends:afterRefresh ...
2026-8-31 14:47:33-debug: Run asset db hook engine-extends:afterRefresh success!
2026-8-31 14:47:33-debug: asset-db:refresh-all-database (110ms)
2026-8-31 14:47:33-debug: asset-db:worker-effect-data-processing (2ms)
2026-8-31 14:47:33-debug: asset-db-hook-engine-extends-afterRefresh (2ms)
2026-8-31 14:47:48-debug: refresh db internal success
2026-8-31 14:47:48-debug: refresh db assets success
2026-8-31 14:47:48-debug: Run asset db hook engine-extends:afterRefresh ...
2026-8-31 14:47:48-debug: Run asset db hook engine-extends:afterRefresh success!
2026-8-31 14:47:48-debug: asset-db:refresh-all-database (113ms)
2026-8-31 14:47:48-debug: asset-db:worker-effect-data-processing (3ms)
2026-8-31 14:47:48-debug: asset-db-hook-engine-extends-afterRefresh (3ms)
2026-8-31 14:48:06-debug: refresh db internal success
2026-8-31 14:48:06-debug: refresh db assets success
2026-8-31 14:48:06-debug: Run asset db hook engine-extends:afterRefresh ...
2026-8-31 14:48:06-debug: Run asset db hook engine-extends:afterRefresh success!
2026-8-31 14:48:06-debug: asset-db:refresh-all-database (105ms)
2026-8-31 14:48:06-debug: asset-db:worker-effect-data-processing (1ms)
2026-8-31 14:48:06-debug: asset-db-hook-engine-extends-afterRefresh (1ms)
2026-8-31 14:48:14-debug: refresh db internal success
2026-8-31 14:48:14-debug: refresh db assets success
2026-8-31 14:48:14-debug: Run asset db hook engine-extends:afterRefresh success!
2026-8-31 14:48:14-debug: Run asset db hook engine-extends:afterRefresh ...
2026-8-31 14:48:14-debug: asset-db:refresh-all-database (106ms)
2026-8-31 14:48:14-debug: asset-db:worker-effect-data-processing (2ms)
2026-8-31 14:48:14-debug: asset-db-hook-engine-extends-afterRefresh (2ms)
2026-8-31 14:49:01-debug: refresh db internal success
2026-8-31 14:49:01-debug: refresh db assets success
2026-8-31 14:49:01-debug: Run asset db hook engine-extends:afterRefresh ...
2026-8-31 14:49:01-debug: Run asset db hook engine-extends:afterRefresh success!
2026-8-31 14:49:01-debug: asset-db:refresh-all-database (104ms)
2026-8-31 14:49:01-debug: asset-db:worker-effect-data-processing (1ms)
2026-8-31 14:49:01-debug: asset-db-hook-engine-extends-afterRefresh (2ms)
2026-8-31 14:49:06-debug: refresh db internal success
2026-8-31 14:49:06-debug: refresh db assets success
2026-8-31 14:49:06-debug: Run asset db hook engine-extends:afterRefresh ...
2026-8-31 14:49:06-debug: Run asset db hook engine-extends:afterRefresh success!
2026-8-31 14:49:06-debug: asset-db:refresh-all-database (102ms)
2026-8-31 14:49:06-debug: asset-db:worker-effect-data-processing (2ms)
2026-8-31 14:49:06-debug: asset-db-hook-engine-extends-afterRefresh (2ms)
2026-8-31 14:49:14-debug: refresh db internal success
2026-8-31 14:49:14-debug: refresh db assets success
2026-8-31 14:49:14-debug: Run asset db hook engine-extends:afterRefresh ...
2026-8-31 14:49:14-debug: Run asset db hook engine-extends:afterRefresh success!
2026-8-31 14:49:14-debug: asset-db:refresh-all-database (103ms)
2026-8-31 14:49:14-debug: asset-db:worker-effect-data-processing (1ms)
2026-8-31 14:49:14-debug: asset-db-hook-engine-extends-afterRefresh (3ms)
2026-8-31 14:49:22-debug: refresh db internal success
2026-8-31 14:49:22-debug: refresh db assets success
2026-8-31 14:49:22-debug: Run asset db hook engine-extends:afterRefresh ...
2026-8-31 14:49:22-debug: Run asset db hook engine-extends:afterRefresh success!
2026-8-31 14:49:22-debug: asset-db:refresh-all-database (106ms)
2026-8-31 14:49:22-debug: asset-db:worker-effect-data-processing (2ms)
2026-8-31 14:49:22-debug: asset-db-hook-engine-extends-afterRefresh (2ms)
2026-8-31 14:50:11-debug: refresh db internal success
2026-8-31 14:50:11-debug: refresh db assets success
2026-8-31 14:50:11-debug: Run asset db hook engine-extends:afterRefresh ...
2026-8-31 14:50:11-debug: Run asset db hook engine-extends:afterRefresh success!
2026-8-31 14:50:11-debug: asset-db:refresh-all-database (119ms)
2026-8-31 14:50:11-debug: asset-db:worker-effect-data-processing (4ms)
2026-8-31 14:50:11-debug: asset-db-hook-engine-extends-afterRefresh (4ms)
2026-8-31 14:50:17-debug: %cImport%c: D:\GameByself\Cocos\Project1\assets\Scenes\scene.scenebackground: #aaff85; color: #000;color: #000;
2026-8-31 14:50:17-debug: asset-db:reimport-assetcb02e093-8bba-4046-8e6e-d0462e7be5da (14ms)
2026-8-31 14:50:20-debug: Query all assets info in project
2026-8-31 14:50:20-debug: init custom config: keepNodeUuid: false, useCache: true
2026-8-31 14:50:20-debug: Skip compress image, progress: 0%
2026-8-31 14:50:20-debug: Init all bundles start..., progress: 0%
2026-8-31 14:50:20-debug: // ---- build task 查询 Asset Bundle ----
2026-8-31 14:50:20-debug: 查询 Asset Bundle start, progress: 0%
2026-8-31 14:50:20-debug: Num of bundles: 3..., progress: 0%
2026-8-31 14:50:20-debug: Init bundle root assets start..., progress: 0%
2026-8-31 14:50:20-debug: Query preload assets/scripts from cc.config.json: 60f7195c-ec2a-45eb-ba94-8955f60e81d0,1c02ae6f-4492-4915-b8f8-7492a3b1e4cd,810e96e4-e456-4468-9b59-f4e8f39732c0,efe8e2a3-eace-427b-b4f1-cb8a937ec77d,e9aa9a3e-5b2b-4ac7-a2c7-073de2b2b24f,8bbdbcdd-5cd4-4100-b6d5-b7c9625b6107,50f4348b-c883-4e2f-8f11-ce233b859fa1,fda095cb-831d-4601-ad94-846013963de8,f92806d7-1768-443f-afe8-12bcde84d0f0,dd3a144d-ab7f-41f0-82b8-2e43a090d496,f0416e68-0200-4b77-a926-4f9d16e494da,511d2633-09a7-4bdd-ac42-f778032124b3,5d45aa00-e064-4938-b314-4265f0c2258c,9361fd90-ba52-4f84-aa93-6e878fd576ca,970b0598-bcb0-4714-91fb-2e81440dccd8,bcd64cc6-2dd9-43f6-abbe-66318d332032,d930590d-bb92-4cc8-8bd1-23cd027f9edf,a3cd009f-0ab0-420d-9278-b9fdab939bbc,6a2d0734-bd9e-4ddf-946e-caa52498cb75,c27215d8-6835-4b68-bfbb-bdeac6100c04,b5d6115f-0370-4d7c-aad3-c194cc71cf98,d1346436-ac96-4271-b863-1f4fdead95b0,971bdb23-3ff6-43eb-b422-1c30165a3663,17debcc3-0a6b-4b8a-b00b-dc58b885581e,711ebe11-f673-4cd9-9a83-63c60ba54c5b,c0143906-9aed-447e-9436-2ae8512d1b6e,14da1725-c4c2-42b4-ab08-ee0aeb6898b3,081cab31-dccd-428e-8652-f2404cc81c47,78e0584a-4343-4727-8f37-e14e65c2a2db,ba21476f-2866-4f81-9c4d-6e359316e448,871c3b6c-7379-419d-bda3-794b239ab90d,1d08ef62-a503-4ce2-8b9a-46c90873f7d3,ff9b0199-ce04-4cfe-86cc-6c719f08d6e4,de1c2107-70c8-4021-8459-6399f24d01c6,cbf30902-517f-40dc-af90-a550bac27cf1,5c601d96-e4c7-4698-991b-7ee674b11079
2026-8-31 14:50:20-debug:   Number of all scenes: 1
2026-8-31 14:50:20-debug:   Number of all scripts: 7
2026-8-31 14:50:20-debug: Init bundle root assets success..., progress: 0%
2026-8-31 14:50:20-debug: // ---- build task 查询 Asset Bundle ---- (8ms)
2026-8-31 14:50:20-log: run build task 查询 Asset Bundle success in 8 ms√, progress: 5%
2026-8-31 14:50:20-debug: [Build Memory track]: 查询 Asset Bundle start:233.25MB, end 233.12MB, increase: -125.39KB
2026-8-31 14:50:20-debug: 查询 Asset Bundle start, progress: 5%
2026-8-31 14:50:20-debug: // ---- build task 查询 Asset Bundle ----
2026-8-31 14:50:20-debug:   Number of other assets: 318
2026-8-31 14:50:20-debug: // ---- build task 查询 Asset Bundle ---- (5ms)
2026-8-31 14:50:20-log: run build task 查询 Asset Bundle success in 5 ms√, progress: 10%
2026-8-31 14:50:20-debug: // ---- build task 整理部分构建选项内数据到 settings.json ----
2026-8-31 14:50:20-debug: [Build Memory track]: 查询 Asset Bundle start:233.16MB, end 233.27MB, increase: 108.88KB
2026-8-31 14:50:20-debug: 整理部分构建选项内数据到 settings.json start, progress: 10%
2026-8-31 14:50:20-debug: // ---- build task 整理部分构建选项内数据到 settings.json ---- (2ms)
2026-8-31 14:50:20-log: run build task 整理部分构建选项内数据到 settings.json success in 2 ms√, progress: 12%
2026-8-31 14:50:20-debug: 填充脚本数据到 settings.json start, progress: 12%
2026-8-31 14:50:20-debug: [Build Memory track]: 整理部分构建选项内数据到 settings.json start:233.30MB, end 233.33MB, increase: 33.37KB
2026-8-31 14:50:20-debug: // ---- build task 填充脚本数据到 settings.json ----
2026-8-31 14:50:20-debug: // ---- build task 填充脚本数据到 settings.json ---- (2ms)
2026-8-31 14:50:20-log: run build task 填充脚本数据到 settings.json success in 2 ms√, progress: 13%
2026-8-31 14:50:20-debug: [Build Memory track]: 填充脚本数据到 settings.json start:233.36MB, end 233.39MB, increase: 26.77KB
2026-8-31 14:50:20-debug: 整理部分构建选项内数据到 settings.json start, progress: 13%
2026-8-31 14:50:20-debug: // ---- build task 整理部分构建选项内数据到 settings.json ----
2026-8-31 14:50:20-debug: // ---- build task 整理部分构建选项内数据到 settings.json ---- (7ms)
2026-8-31 14:50:20-log: run build task 整理部分构建选项内数据到 settings.json success in 7 ms√, progress: 15%
2026-8-31 14:50:20-debug: [Build Memory track]: 整理部分构建选项内数据到 settings.json start:233.42MB, end 233.54MB, increase: 127.53KB
2026-8-31 14:50:31-debug: refresh db internal success
2026-8-31 14:50:31-debug: refresh db assets success
2026-8-31 14:50:31-debug: Run asset db hook engine-extends:afterRefresh ...
2026-8-31 14:50:31-debug: Run asset db hook engine-extends:afterRefresh success!
2026-8-31 14:50:31-debug: asset-db:refresh-all-database (138ms)
2026-8-31 14:50:31-debug: asset-db:worker-effect-data-processing (2ms)
2026-8-31 14:50:31-debug: asset-db-hook-engine-extends-afterRefresh (4ms)
2026-8-31 14:51:08-debug: refresh db internal success
2026-8-31 14:51:08-debug: refresh db assets success
2026-8-31 14:51:08-debug: Run asset db hook engine-extends:afterRefresh success!
2026-8-31 14:51:08-debug: Run asset db hook engine-extends:afterRefresh ...
2026-8-31 14:51:08-debug: asset-db:refresh-all-database (104ms)
2026-8-31 14:51:08-debug: asset-db:worker-effect-data-processing (1ms)
2026-8-31 14:51:08-debug: asset-db-hook-engine-extends-afterRefresh (2ms)
2026-8-31 14:51:12-debug: %cImport%c: D:\GameByself\Cocos\Project1\assets\Scenes\scene.scenebackground: #aaff85; color: #000;color: #000;
2026-8-31 14:51:12-debug: asset-db:reimport-assetcb02e093-8bba-4046-8e6e-d0462e7be5da (17ms)
2026-8-31 14:51:14-debug: Query all assets info in project
2026-8-31 14:51:14-debug: init custom config: keepNodeUuid: false, useCache: true
2026-8-31 14:51:14-debug: Skip compress image, progress: 0%
2026-8-31 14:51:14-debug: Init all bundles start..., progress: 0%
2026-8-31 14:51:14-debug: 查询 Asset Bundle start, progress: 0%
2026-8-31 14:51:14-debug: // ---- build task 查询 Asset Bundle ----
2026-8-31 14:51:14-debug: Num of bundles: 3..., progress: 0%
2026-8-31 14:51:14-debug: Init bundle root assets start..., progress: 0%
2026-8-31 14:51:14-debug: Query preload assets/scripts from cc.config.json: 60f7195c-ec2a-45eb-ba94-8955f60e81d0,1c02ae6f-4492-4915-b8f8-7492a3b1e4cd,810e96e4-e456-4468-9b59-f4e8f39732c0,efe8e2a3-eace-427b-b4f1-cb8a937ec77d,e9aa9a3e-5b2b-4ac7-a2c7-073de2b2b24f,8bbdbcdd-5cd4-4100-b6d5-b7c9625b6107,50f4348b-c883-4e2f-8f11-ce233b859fa1,fda095cb-831d-4601-ad94-846013963de8,f92806d7-1768-443f-afe8-12bcde84d0f0,dd3a144d-ab7f-41f0-82b8-2e43a090d496,f0416e68-0200-4b77-a926-4f9d16e494da,511d2633-09a7-4bdd-ac42-f778032124b3,5d45aa00-e064-4938-b314-4265f0c2258c,9361fd90-ba52-4f84-aa93-6e878fd576ca,970b0598-bcb0-4714-91fb-2e81440dccd8,bcd64cc6-2dd9-43f6-abbe-66318d332032,d930590d-bb92-4cc8-8bd1-23cd027f9edf,a3cd009f-0ab0-420d-9278-b9fdab939bbc,6a2d0734-bd9e-4ddf-946e-caa52498cb75,c27215d8-6835-4b68-bfbb-bdeac6100c04,b5d6115f-0370-4d7c-aad3-c194cc71cf98,d1346436-ac96-4271-b863-1f4fdead95b0,971bdb23-3ff6-43eb-b422-1c30165a3663,17debcc3-0a6b-4b8a-b00b-dc58b885581e,711ebe11-f673-4cd9-9a83-63c60ba54c5b,c0143906-9aed-447e-9436-2ae8512d1b6e,14da1725-c4c2-42b4-ab08-ee0aeb6898b3,081cab31-dccd-428e-8652-f2404cc81c47,78e0584a-4343-4727-8f37-e14e65c2a2db,ba21476f-2866-4f81-9c4d-6e359316e448,871c3b6c-7379-419d-bda3-794b239ab90d,1d08ef62-a503-4ce2-8b9a-46c90873f7d3,ff9b0199-ce04-4cfe-86cc-6c719f08d6e4,de1c2107-70c8-4021-8459-6399f24d01c6,cbf30902-517f-40dc-af90-a550bac27cf1,5c601d96-e4c7-4698-991b-7ee674b11079
2026-8-31 14:51:14-debug:   Number of all scenes: 1
2026-8-31 14:51:14-debug:   Number of all scripts: 7
2026-8-31 14:51:14-debug:   Number of other assets: 318
2026-8-31 14:51:14-debug: // ---- build task 查询 Asset Bundle ---- (10ms)
2026-8-31 14:51:14-log: run build task 查询 Asset Bundle success in 10 ms√, progress: 5%
2026-8-31 14:51:14-debug: 查询 Asset Bundle start, progress: 5%
2026-8-31 14:51:14-debug: [Build Memory track]: 查询 Asset Bundle start:235.68MB, end 235.43MB, increase: -254.26KB
2026-8-31 14:51:14-debug: Init bundle root assets success..., progress: 0%
2026-8-31 14:51:14-debug: // ---- build task 查询 Asset Bundle ----
2026-8-31 14:51:14-debug: // ---- build task 查询 Asset Bundle ---- (4ms)
2026-8-31 14:51:14-log: run build task 查询 Asset Bundle success in 4 ms√, progress: 10%
2026-8-31 14:51:14-debug: // ---- build task 整理部分构建选项内数据到 settings.json ----
2026-8-31 14:51:14-debug: [Build Memory track]: 查询 Asset Bundle start:235.46MB, end 235.56MB, increase: 106.75KB
2026-8-31 14:51:14-debug: 整理部分构建选项内数据到 settings.json start, progress: 10%
2026-8-31 14:51:14-debug: // ---- build task 整理部分构建选项内数据到 settings.json ---- (2ms)
2026-8-31 14:51:14-debug: [Build Memory track]: 整理部分构建选项内数据到 settings.json start:235.59MB, end 235.62MB, increase: 28.63KB
2026-8-31 14:51:14-debug: 填充脚本数据到 settings.json start, progress: 12%
2026-8-31 14:51:14-log: run build task 整理部分构建选项内数据到 settings.json success in 2 ms√, progress: 12%
2026-8-31 14:51:14-debug: // ---- build task 填充脚本数据到 settings.json ----
2026-8-31 14:51:14-debug: // ---- build task 填充脚本数据到 settings.json ---- (3ms)
2026-8-31 14:51:14-log: run build task 填充脚本数据到 settings.json success in 3 ms√, progress: 13%
2026-8-31 14:51:14-debug: [Build Memory track]: 填充脚本数据到 settings.json start:235.65MB, end 235.68MB, increase: 26.72KB
2026-8-31 14:51:14-debug: 整理部分构建选项内数据到 settings.json start, progress: 13%
2026-8-31 14:51:14-debug: // ---- build task 整理部分构建选项内数据到 settings.json ----
2026-8-31 14:51:14-debug: // ---- build task 整理部分构建选项内数据到 settings.json ---- (5ms)
2026-8-31 14:51:14-log: run build task 整理部分构建选项内数据到 settings.json success in 5 ms√, progress: 15%
2026-8-31 14:51:14-debug: [Build Memory track]: 整理部分构建选项内数据到 settings.json start:235.71MB, end 235.84MB, increase: 132.32KB
2026-8-31 14:51:25-debug: refresh db internal success
2026-8-31 14:51:25-debug: refresh db assets success
2026-8-31 14:51:25-debug: Run asset db hook engine-extends:afterRefresh ...
2026-8-31 14:51:25-debug: Run asset db hook engine-extends:afterRefresh success!
2026-8-31 14:51:25-debug: asset-db:refresh-all-database (154ms)
2026-8-31 14:51:25-debug: asset-db:worker-effect-data-processing (4ms)
2026-8-31 14:51:25-debug: asset-db-hook-engine-extends-afterRefresh (5ms)
2026-8-31 14:51:32-debug: refresh db internal success
2026-8-31 14:51:32-debug: refresh db assets success
2026-8-31 14:51:32-debug: Run asset db hook engine-extends:afterRefresh ...
2026-8-31 14:51:32-debug: Run asset db hook engine-extends:afterRefresh success!
2026-8-31 14:51:32-debug: asset-db:refresh-all-database (101ms)
2026-8-31 14:51:32-debug: asset-db:worker-effect-data-processing (1ms)
2026-8-31 14:51:32-debug: asset-db-hook-engine-extends-afterRefresh (2ms)
2026-8-31 14:51:38-debug: refresh db internal success
2026-8-31 14:51:38-debug: refresh db assets success
2026-8-31 14:51:38-debug: Run asset db hook engine-extends:afterRefresh ...
2026-8-31 14:51:38-debug: Run asset db hook engine-extends:afterRefresh success!
2026-8-31 14:51:38-debug: asset-db:refresh-all-database (116ms)
2026-8-31 14:51:38-debug: asset-db:worker-effect-data-processing (2ms)
2026-8-31 14:51:38-debug: asset-db-hook-engine-extends-afterRefresh (2ms)
2026-8-31 14:51:49-debug: %cImport%c: D:\GameByself\Cocos\Project1\assets\Scenes\scene.scenebackground: #aaff85; color: #000;color: #000;
2026-8-31 14:51:49-debug: asset-db:reimport-assetcb02e093-8bba-4046-8e6e-d0462e7be5da (15ms)
2026-8-31 14:51:51-debug: Query all assets info in project
2026-8-31 14:51:51-debug: init custom config: keepNodeUuid: false, useCache: true
2026-8-31 14:51:51-debug: Skip compress image, progress: 0%
2026-8-31 14:51:51-debug: Init all bundles start..., progress: 0%
2026-8-31 14:51:51-debug: // ---- build task 查询 Asset Bundle ----
2026-8-31 14:51:51-debug: 查询 Asset Bundle start, progress: 0%
2026-8-31 14:51:51-debug: Num of bundles: 3..., progress: 0%
2026-8-31 14:51:51-debug: Init bundle root assets start..., progress: 0%
2026-8-31 14:51:51-debug:   Number of all scenes: 1
2026-8-31 14:51:51-debug:   Number of all scripts: 7
2026-8-31 14:51:51-debug: Query preload assets/scripts from cc.config.json: 60f7195c-ec2a-45eb-ba94-8955f60e81d0,1c02ae6f-4492-4915-b8f8-7492a3b1e4cd,810e96e4-e456-4468-9b59-f4e8f39732c0,efe8e2a3-eace-427b-b4f1-cb8a937ec77d,e9aa9a3e-5b2b-4ac7-a2c7-073de2b2b24f,8bbdbcdd-5cd4-4100-b6d5-b7c9625b6107,50f4348b-c883-4e2f-8f11-ce233b859fa1,fda095cb-831d-4601-ad94-846013963de8,f92806d7-1768-443f-afe8-12bcde84d0f0,dd3a144d-ab7f-41f0-82b8-2e43a090d496,f0416e68-0200-4b77-a926-4f9d16e494da,511d2633-09a7-4bdd-ac42-f778032124b3,5d45aa00-e064-4938-b314-4265f0c2258c,9361fd90-ba52-4f84-aa93-6e878fd576ca,970b0598-bcb0-4714-91fb-2e81440dccd8,bcd64cc6-2dd9-43f6-abbe-66318d332032,d930590d-bb92-4cc8-8bd1-23cd027f9edf,a3cd009f-0ab0-420d-9278-b9fdab939bbc,6a2d0734-bd9e-4ddf-946e-caa52498cb75,c27215d8-6835-4b68-bfbb-bdeac6100c04,b5d6115f-0370-4d7c-aad3-c194cc71cf98,d1346436-ac96-4271-b863-1f4fdead95b0,971bdb23-3ff6-43eb-b422-1c30165a3663,17debcc3-0a6b-4b8a-b00b-dc58b885581e,711ebe11-f673-4cd9-9a83-63c60ba54c5b,c0143906-9aed-447e-9436-2ae8512d1b6e,14da1725-c4c2-42b4-ab08-ee0aeb6898b3,081cab31-dccd-428e-8652-f2404cc81c47,78e0584a-4343-4727-8f37-e14e65c2a2db,ba21476f-2866-4f81-9c4d-6e359316e448,871c3b6c-7379-419d-bda3-794b239ab90d,1d08ef62-a503-4ce2-8b9a-46c90873f7d3,ff9b0199-ce04-4cfe-86cc-6c719f08d6e4,de1c2107-70c8-4021-8459-6399f24d01c6,cbf30902-517f-40dc-af90-a550bac27cf1,5c601d96-e4c7-4698-991b-7ee674b11079
2026-8-31 14:51:51-debug: Init bundle root assets success..., progress: 0%
2026-8-31 14:51:51-debug:   Number of other assets: 318
2026-8-31 14:51:51-debug: // ---- build task 查询 Asset Bundle ---- (8ms)
2026-8-31 14:51:51-log: run build task 查询 Asset Bundle success in 8 ms√, progress: 5%
2026-8-31 14:51:51-debug: 查询 Asset Bundle start, progress: 5%
2026-8-31 14:51:51-debug: [Build Memory track]: 查询 Asset Bundle start:240.04MB, end 238.75MB, increase: -1323.25KB
2026-8-31 14:51:51-debug: // ---- build task 查询 Asset Bundle ----
2026-8-31 14:51:51-debug: // ---- build task 查询 Asset Bundle ---- (4ms)
2026-8-31 14:51:51-log: run build task 查询 Asset Bundle success in 4 ms√, progress: 10%
2026-8-31 14:51:51-debug: 整理部分构建选项内数据到 settings.json start, progress: 10%
2026-8-31 14:51:51-debug: [Build Memory track]: 查询 Asset Bundle start:238.78MB, end 238.88MB, increase: 103.85KB
2026-8-31 14:51:51-debug: // ---- build task 整理部分构建选项内数据到 settings.json ----
2026-8-31 14:51:51-debug: // ---- build task 整理部分构建选项内数据到 settings.json ---- (2ms)
2026-8-31 14:51:51-log: run build task 整理部分构建选项内数据到 settings.json success in 2 ms√, progress: 12%
2026-8-31 14:51:51-debug: 填充脚本数据到 settings.json start, progress: 12%
2026-8-31 14:51:51-debug: [Build Memory track]: 整理部分构建选项内数据到 settings.json start:238.92MB, end 238.94MB, increase: 27.50KB
2026-8-31 14:51:51-debug: // ---- build task 填充脚本数据到 settings.json ----
2026-8-31 14:51:51-debug: // ---- build task 填充脚本数据到 settings.json ---- (3ms)
2026-8-31 14:51:51-debug: [Build Memory track]: 填充脚本数据到 settings.json start:238.97MB, end 239.00MB, increase: 26.77KB
2026-8-31 14:51:51-log: run build task 填充脚本数据到 settings.json success in 3 ms√, progress: 13%
2026-8-31 14:51:51-debug: 整理部分构建选项内数据到 settings.json start, progress: 13%
2026-8-31 14:51:51-debug: // ---- build task 整理部分构建选项内数据到 settings.json ----
2026-8-31 14:51:51-debug: // ---- build task 整理部分构建选项内数据到 settings.json ---- (9ms)
2026-8-31 14:51:51-log: run build task 整理部分构建选项内数据到 settings.json success in 9 ms√, progress: 15%
2026-8-31 14:51:51-debug: [Build Memory track]: 整理部分构建选项内数据到 settings.json start:239.03MB, end 239.16MB, increase: 133.96KB
2026-8-31 14:51:58-debug: refresh db internal success
2026-8-31 14:51:58-debug: refresh db assets success
2026-8-31 14:51:58-debug: Run asset db hook engine-extends:afterRefresh ...
2026-8-31 14:51:58-debug: Run asset db hook engine-extends:afterRefresh success!
2026-8-31 14:51:58-debug: asset-db:worker-effect-data-processing (23ms)
2026-8-31 14:51:58-debug: asset-db-hook-engine-extends-afterRefresh (23ms)
2026-8-31 14:51:58-debug: asset-db:refresh-all-database (156ms)
2026-8-31 14:52:09-debug: refresh db internal success
2026-8-31 14:52:09-debug: refresh db assets success
2026-8-31 14:52:09-debug: Run asset db hook engine-extends:afterRefresh ...
2026-8-31 14:52:09-debug: Run asset db hook engine-extends:afterRefresh success!
2026-8-31 14:52:09-debug: asset-db:refresh-all-database (103ms)
2026-8-31 14:52:09-debug: asset-db:worker-effect-data-processing (1ms)
2026-8-31 14:52:09-debug: asset-db-hook-engine-extends-afterRefresh (2ms)
2026-8-31 14:52:10-debug: refresh db internal success
2026-8-31 14:52:10-debug: refresh db assets success
2026-8-31 14:52:10-debug: Run asset db hook engine-extends:afterRefresh ...
2026-8-31 14:52:10-debug: Run asset db hook engine-extends:afterRefresh success!
2026-8-31 14:52:10-debug: asset-db:refresh-all-database (105ms)
2026-8-31 14:52:10-debug: asset-db:worker-effect-data-processing (2ms)
2026-8-31 14:52:10-debug: asset-db-hook-engine-extends-afterRefresh (2ms)
2026-8-31 14:52:13-debug: refresh db internal success
2026-8-31 14:52:13-debug: refresh db assets success
2026-8-31 14:52:13-debug: Run asset db hook engine-extends:afterRefresh ...
2026-8-31 14:52:13-debug: Run asset db hook engine-extends:afterRefresh success!
2026-8-31 14:52:13-debug: asset-db:refresh-all-database (147ms)
2026-8-31 14:52:13-debug: asset-db:worker-effect-data-processing (2ms)
2026-8-31 14:52:13-debug: asset-db-hook-engine-extends-afterRefresh (2ms)
2026-8-31 14:52:19-debug: %cImport%c: D:\GameByself\Cocos\Project1\assets\Scenes\scene.scenebackground: #aaff85; color: #000;color: #000;
2026-8-31 14:52:19-debug: asset-db:reimport-assetcb02e093-8bba-4046-8e6e-d0462e7be5da (15ms)
2026-8-31 14:52:21-debug: Query all assets info in project
2026-8-31 14:52:21-debug: init custom config: keepNodeUuid: false, useCache: true
2026-8-31 14:52:21-debug: Skip compress image, progress: 0%
2026-8-31 14:52:21-debug: Init all bundles start..., progress: 0%
2026-8-31 14:52:21-debug: // ---- build task 查询 Asset Bundle ----
2026-8-31 14:52:21-debug: Init bundle root assets start..., progress: 0%
2026-8-31 14:52:21-debug: 查询 Asset Bundle start, progress: 0%
2026-8-31 14:52:21-debug: Num of bundles: 3..., progress: 0%
2026-8-31 14:52:21-debug: Query preload assets/scripts from cc.config.json: 60f7195c-ec2a-45eb-ba94-8955f60e81d0,1c02ae6f-4492-4915-b8f8-7492a3b1e4cd,810e96e4-e456-4468-9b59-f4e8f39732c0,efe8e2a3-eace-427b-b4f1-cb8a937ec77d,e9aa9a3e-5b2b-4ac7-a2c7-073de2b2b24f,8bbdbcdd-5cd4-4100-b6d5-b7c9625b6107,50f4348b-c883-4e2f-8f11-ce233b859fa1,fda095cb-831d-4601-ad94-846013963de8,f92806d7-1768-443f-afe8-12bcde84d0f0,dd3a144d-ab7f-41f0-82b8-2e43a090d496,f0416e68-0200-4b77-a926-4f9d16e494da,511d2633-09a7-4bdd-ac42-f778032124b3,5d45aa00-e064-4938-b314-4265f0c2258c,9361fd90-ba52-4f84-aa93-6e878fd576ca,970b0598-bcb0-4714-91fb-2e81440dccd8,bcd64cc6-2dd9-43f6-abbe-66318d332032,d930590d-bb92-4cc8-8bd1-23cd027f9edf,a3cd009f-0ab0-420d-9278-b9fdab939bbc,6a2d0734-bd9e-4ddf-946e-caa52498cb75,c27215d8-6835-4b68-bfbb-bdeac6100c04,b5d6115f-0370-4d7c-aad3-c194cc71cf98,d1346436-ac96-4271-b863-1f4fdead95b0,971bdb23-3ff6-43eb-b422-1c30165a3663,17debcc3-0a6b-4b8a-b00b-dc58b885581e,711ebe11-f673-4cd9-9a83-63c60ba54c5b,c0143906-9aed-447e-9436-2ae8512d1b6e,14da1725-c4c2-42b4-ab08-ee0aeb6898b3,081cab31-dccd-428e-8652-f2404cc81c47,78e0584a-4343-4727-8f37-e14e65c2a2db,ba21476f-2866-4f81-9c4d-6e359316e448,871c3b6c-7379-419d-bda3-794b239ab90d,1d08ef62-a503-4ce2-8b9a-46c90873f7d3,ff9b0199-ce04-4cfe-86cc-6c719f08d6e4,de1c2107-70c8-4021-8459-6399f24d01c6,cbf30902-517f-40dc-af90-a550bac27cf1,5c601d96-e4c7-4698-991b-7ee674b11079
2026-8-31 14:52:21-debug:   Number of other assets: 318
2026-8-31 14:52:21-debug: Init bundle root assets success..., progress: 0%
2026-8-31 14:52:21-debug:   Number of all scripts: 7
2026-8-31 14:52:21-debug:   Number of all scenes: 1
2026-8-31 14:52:21-debug: // ---- build task 查询 Asset Bundle ---- (11ms)
2026-8-31 14:52:21-log: run build task 查询 Asset Bundle success in 11 ms√, progress: 5%
2026-8-31 14:52:21-debug: [Build Memory track]: 查询 Asset Bundle start:223.59MB, end 224.27MB, increase: 697.49KB
2026-8-31 14:52:21-debug: 查询 Asset Bundle start, progress: 5%
2026-8-31 14:52:21-debug: // ---- build task 查询 Asset Bundle ----
2026-8-31 14:52:21-debug: // ---- build task 查询 Asset Bundle ---- (4ms)
2026-8-31 14:52:21-log: run build task 查询 Asset Bundle success in 4 ms√, progress: 10%
2026-8-31 14:52:21-debug: [Build Memory track]: 查询 Asset Bundle start:224.30MB, end 224.41MB, increase: 109.59KB
2026-8-31 14:52:21-debug: 整理部分构建选项内数据到 settings.json start, progress: 10%
2026-8-31 14:52:21-debug: // ---- build task 整理部分构建选项内数据到 settings.json ----
2026-8-31 14:52:21-debug: // ---- build task 整理部分构建选项内数据到 settings.json ---- (3ms)
2026-8-31 14:52:21-log: run build task 整理部分构建选项内数据到 settings.json success in 3 ms√, progress: 12%
2026-8-31 14:52:21-debug: [Build Memory track]: 整理部分构建选项内数据到 settings.json start:224.44MB, end 224.47MB, increase: 27.55KB
2026-8-31 14:52:21-debug: 填充脚本数据到 settings.json start, progress: 12%
2026-8-31 14:52:21-debug: // ---- build task 填充脚本数据到 settings.json ----
2026-8-31 14:52:21-debug: // ---- build task 填充脚本数据到 settings.json ---- (2ms)
2026-8-31 14:52:21-log: run build task 填充脚本数据到 settings.json success in 2 ms√, progress: 13%
2026-8-31 14:52:21-debug: [Build Memory track]: 填充脚本数据到 settings.json start:224.50MB, end 224.52MB, increase: 26.96KB
2026-8-31 14:52:21-debug: 整理部分构建选项内数据到 settings.json start, progress: 13%
2026-8-31 14:52:21-debug: // ---- build task 整理部分构建选项内数据到 settings.json ----
2026-8-31 14:52:21-debug: // ---- build task 整理部分构建选项内数据到 settings.json ---- (11ms)
2026-8-31 14:52:21-log: run build task 整理部分构建选项内数据到 settings.json success in 11 ms√, progress: 15%
2026-8-31 14:52:21-debug: [Build Memory track]: 整理部分构建选项内数据到 settings.json start:224.56MB, end 224.69MB, increase: 138.20KB
2026-8-31 14:52:28-debug: refresh db internal success
2026-8-31 14:52:28-debug: refresh db assets success
2026-8-31 14:52:28-debug: Run asset db hook engine-extends:afterRefresh ...
2026-8-31 14:52:28-debug: Run asset db hook engine-extends:afterRefresh success!
2026-8-31 14:52:28-debug: asset-db:refresh-all-database (154ms)
2026-8-31 14:52:28-debug: asset-db:worker-effect-data-processing (7ms)
2026-8-31 14:52:28-debug: asset-db-hook-engine-extends-afterRefresh (7ms)
2026-8-31 14:52:34-debug: %cImport%c: D:\GameByself\Cocos\Project1\assets\Scenes\scene.scenebackground: #aaff85; color: #000;color: #000;
2026-8-31 14:52:34-debug: asset-db:reimport-assetcb02e093-8bba-4046-8e6e-d0462e7be5da (14ms)
2026-8-31 14:52:37-debug: Query all assets info in project
2026-8-31 14:52:37-debug: init custom config: keepNodeUuid: false, useCache: true
2026-8-31 14:52:37-debug: Skip compress image, progress: 0%
2026-8-31 14:52:37-debug: Init all bundles start..., progress: 0%
2026-8-31 14:52:37-debug: 查询 Asset Bundle start, progress: 0%
2026-8-31 14:52:37-debug: // ---- build task 查询 Asset Bundle ----
2026-8-31 14:52:37-debug: Num of bundles: 3..., progress: 0%
2026-8-31 14:52:37-debug: Init bundle root assets start..., progress: 0%
2026-8-31 14:52:37-debug: Query preload assets/scripts from cc.config.json: 60f7195c-ec2a-45eb-ba94-8955f60e81d0,1c02ae6f-4492-4915-b8f8-7492a3b1e4cd,810e96e4-e456-4468-9b59-f4e8f39732c0,efe8e2a3-eace-427b-b4f1-cb8a937ec77d,e9aa9a3e-5b2b-4ac7-a2c7-073de2b2b24f,8bbdbcdd-5cd4-4100-b6d5-b7c9625b6107,50f4348b-c883-4e2f-8f11-ce233b859fa1,fda095cb-831d-4601-ad94-846013963de8,f92806d7-1768-443f-afe8-12bcde84d0f0,dd3a144d-ab7f-41f0-82b8-2e43a090d496,f0416e68-0200-4b77-a926-4f9d16e494da,511d2633-09a7-4bdd-ac42-f778032124b3,5d45aa00-e064-4938-b314-4265f0c2258c,9361fd90-ba52-4f84-aa93-6e878fd576ca,970b0598-bcb0-4714-91fb-2e81440dccd8,bcd64cc6-2dd9-43f6-abbe-66318d332032,d930590d-bb92-4cc8-8bd1-23cd027f9edf,a3cd009f-0ab0-420d-9278-b9fdab939bbc,6a2d0734-bd9e-4ddf-946e-caa52498cb75,c27215d8-6835-4b68-bfbb-bdeac6100c04,b5d6115f-0370-4d7c-aad3-c194cc71cf98,d1346436-ac96-4271-b863-1f4fdead95b0,971bdb23-3ff6-43eb-b422-1c30165a3663,17debcc3-0a6b-4b8a-b00b-dc58b885581e,711ebe11-f673-4cd9-9a83-63c60ba54c5b,c0143906-9aed-447e-9436-2ae8512d1b6e,14da1725-c4c2-42b4-ab08-ee0aeb6898b3,081cab31-dccd-428e-8652-f2404cc81c47,78e0584a-4343-4727-8f37-e14e65c2a2db,ba21476f-2866-4f81-9c4d-6e359316e448,871c3b6c-7379-419d-bda3-794b239ab90d,1d08ef62-a503-4ce2-8b9a-46c90873f7d3,ff9b0199-ce04-4cfe-86cc-6c719f08d6e4,de1c2107-70c8-4021-8459-6399f24d01c6,cbf30902-517f-40dc-af90-a550bac27cf1,5c601d96-e4c7-4698-991b-7ee674b11079
2026-8-31 14:52:37-debug:   Number of all scenes: 1
2026-8-31 14:52:37-debug:   Number of all scripts: 7
2026-8-31 14:52:37-debug: Init bundle root assets success..., progress: 0%
2026-8-31 14:52:37-debug: // ---- build task 查询 Asset Bundle ---- (9ms)
2026-8-31 14:52:37-log: run build task 查询 Asset Bundle success in 9 ms√, progress: 5%
2026-8-31 14:52:37-debug: [Build Memory track]: 查询 Asset Bundle start:223.66MB, end 223.40MB, increase: -273.29KB
2026-8-31 14:52:37-debug: 查询 Asset Bundle start, progress: 5%
2026-8-31 14:52:37-debug:   Number of other assets: 318
2026-8-31 14:52:37-debug: // ---- build task 查询 Asset Bundle ----
2026-8-31 14:52:37-debug: // ---- build task 查询 Asset Bundle ---- (5ms)
2026-8-31 14:52:37-log: run build task 查询 Asset Bundle success in 5 ms√, progress: 10%
2026-8-31 14:52:37-debug: [Build Memory track]: 查询 Asset Bundle start:223.43MB, end 223.53MB, increase: 106.94KB
2026-8-31 14:52:37-debug: 整理部分构建选项内数据到 settings.json start, progress: 10%
2026-8-31 14:52:37-debug: // ---- build task 整理部分构建选项内数据到 settings.json ----
2026-8-31 14:52:37-debug: // ---- build task 整理部分构建选项内数据到 settings.json ---- (3ms)
2026-8-31 14:52:37-log: run build task 整理部分构建选项内数据到 settings.json success in 3 ms√, progress: 12%
2026-8-31 14:52:37-debug: [Build Memory track]: 整理部分构建选项内数据到 settings.json start:223.57MB, end 223.59MB, increase: 28.86KB
2026-8-31 14:52:37-debug: 填充脚本数据到 settings.json start, progress: 12%
2026-8-31 14:52:37-debug: // ---- build task 填充脚本数据到 settings.json ----
2026-8-31 14:52:37-debug: // ---- build task 填充脚本数据到 settings.json ---- (4ms)
2026-8-31 14:52:37-log: run build task 填充脚本数据到 settings.json success in 4 ms√, progress: 13%
2026-8-31 14:52:37-debug: [Build Memory track]: 填充脚本数据到 settings.json start:223.62MB, end 223.65MB, increase: 26.84KB
2026-8-31 14:52:37-debug: 整理部分构建选项内数据到 settings.json start, progress: 13%
2026-8-31 14:52:37-debug: // ---- build task 整理部分构建选项内数据到 settings.json ----
2026-8-31 14:52:37-debug: // ---- build task 整理部分构建选项内数据到 settings.json ---- (6ms)
2026-8-31 14:52:37-log: run build task 整理部分构建选项内数据到 settings.json success in 6 ms√, progress: 15%
2026-8-31 14:52:37-debug: [Build Memory track]: 整理部分构建选项内数据到 settings.json start:223.68MB, end 223.81MB, increase: 127.24KB
2026-8-31 14:52:50-debug: refresh db internal success
2026-8-31 14:52:50-debug: refresh db assets success
2026-8-31 14:52:50-debug: Run asset db hook engine-extends:afterRefresh ...
2026-8-31 14:52:50-debug: Run asset db hook engine-extends:afterRefresh success!
2026-8-31 14:52:50-debug: asset-db:refresh-all-database (145ms)
2026-8-31 14:52:50-debug: asset-db:worker-effect-data-processing (8ms)
2026-8-31 14:52:50-debug: asset-db-hook-engine-extends-afterRefresh (8ms)
2026-8-31 14:53:05-debug: Query all assets info in project
2026-8-31 14:53:05-debug: init custom config: keepNodeUuid: false, useCache: true
2026-8-31 14:53:05-debug: Skip compress image, progress: 0%
2026-8-31 14:53:05-debug: Init all bundles start..., progress: 0%
2026-8-31 14:53:05-debug: Num of bundles: 3..., progress: 0%
2026-8-31 14:53:05-debug: // ---- build task 查询 Asset Bundle ----
2026-8-31 14:53:05-debug: 查询 Asset Bundle start, progress: 0%
2026-8-31 14:53:05-debug: Init bundle root assets start..., progress: 0%
2026-8-31 14:53:05-debug: Query preload assets/scripts from cc.config.json: 60f7195c-ec2a-45eb-ba94-8955f60e81d0,1c02ae6f-4492-4915-b8f8-7492a3b1e4cd,810e96e4-e456-4468-9b59-f4e8f39732c0,efe8e2a3-eace-427b-b4f1-cb8a937ec77d,e9aa9a3e-5b2b-4ac7-a2c7-073de2b2b24f,8bbdbcdd-5cd4-4100-b6d5-b7c9625b6107,50f4348b-c883-4e2f-8f11-ce233b859fa1,fda095cb-831d-4601-ad94-846013963de8,f92806d7-1768-443f-afe8-12bcde84d0f0,dd3a144d-ab7f-41f0-82b8-2e43a090d496,f0416e68-0200-4b77-a926-4f9d16e494da,511d2633-09a7-4bdd-ac42-f778032124b3,5d45aa00-e064-4938-b314-4265f0c2258c,9361fd90-ba52-4f84-aa93-6e878fd576ca,970b0598-bcb0-4714-91fb-2e81440dccd8,bcd64cc6-2dd9-43f6-abbe-66318d332032,d930590d-bb92-4cc8-8bd1-23cd027f9edf,a3cd009f-0ab0-420d-9278-b9fdab939bbc,6a2d0734-bd9e-4ddf-946e-caa52498cb75,c27215d8-6835-4b68-bfbb-bdeac6100c04,b5d6115f-0370-4d7c-aad3-c194cc71cf98,d1346436-ac96-4271-b863-1f4fdead95b0,971bdb23-3ff6-43eb-b422-1c30165a3663,17debcc3-0a6b-4b8a-b00b-dc58b885581e,711ebe11-f673-4cd9-9a83-63c60ba54c5b,c0143906-9aed-447e-9436-2ae8512d1b6e,14da1725-c4c2-42b4-ab08-ee0aeb6898b3,081cab31-dccd-428e-8652-f2404cc81c47,78e0584a-4343-4727-8f37-e14e65c2a2db,ba21476f-2866-4f81-9c4d-6e359316e448,871c3b6c-7379-419d-bda3-794b239ab90d,1d08ef62-a503-4ce2-8b9a-46c90873f7d3,ff9b0199-ce04-4cfe-86cc-6c719f08d6e4,de1c2107-70c8-4021-8459-6399f24d01c6,cbf30902-517f-40dc-af90-a550bac27cf1,5c601d96-e4c7-4698-991b-7ee674b11079
2026-8-31 14:53:05-debug:   Number of all scenes: 1
2026-8-31 14:53:05-debug:   Number of all scripts: 7
2026-8-31 14:53:05-debug:   Number of other assets: 318
2026-8-31 14:53:05-debug: Init bundle root assets success..., progress: 0%
2026-8-31 14:53:05-debug: // ---- build task 查询 Asset Bundle ---- (11ms)
2026-8-31 14:53:05-log: run build task 查询 Asset Bundle success in 11 ms√, progress: 5%
2026-8-31 14:53:05-debug: [Build Memory track]: 查询 Asset Bundle start:224.94MB, end 224.66MB, increase: -284.09KB
2026-8-31 14:53:05-debug: 查询 Asset Bundle start, progress: 5%
2026-8-31 14:53:05-debug: // ---- build task 查询 Asset Bundle ----
2026-8-31 14:53:05-debug: // ---- build task 查询 Asset Bundle ---- (5ms)
2026-8-31 14:53:05-log: run build task 查询 Asset Bundle success in 5 ms√, progress: 10%
2026-8-31 14:53:05-debug: 整理部分构建选项内数据到 settings.json start, progress: 10%
2026-8-31 14:53:05-debug: [Build Memory track]: 查询 Asset Bundle start:224.70MB, end 224.80MB, increase: 111.48KB
2026-8-31 14:53:05-debug: // ---- build task 整理部分构建选项内数据到 settings.json ----
2026-8-31 14:53:05-debug: // ---- build task 整理部分构建选项内数据到 settings.json ---- (4ms)
2026-8-31 14:53:05-log: run build task 整理部分构建选项内数据到 settings.json success in 4 ms√, progress: 12%
2026-8-31 14:53:05-debug: [Build Memory track]: 整理部分构建选项内数据到 settings.json start:224.84MB, end 224.87MB, increase: 30.52KB
2026-8-31 14:53:05-debug: 填充脚本数据到 settings.json start, progress: 12%
2026-8-31 14:53:05-debug: // ---- build task 填充脚本数据到 settings.json ----
2026-8-31 14:53:05-debug: // ---- build task 填充脚本数据到 settings.json ---- (2ms)
2026-8-31 14:53:05-log: run build task 填充脚本数据到 settings.json success in 2 ms√, progress: 13%
2026-8-31 14:53:05-debug: [Build Memory track]: 填充脚本数据到 settings.json start:224.90MB, end 224.92MB, increase: 26.94KB
2026-8-31 14:53:05-debug: 整理部分构建选项内数据到 settings.json start, progress: 13%
2026-8-31 14:53:05-debug: // ---- build task 整理部分构建选项内数据到 settings.json ----
2026-8-31 14:53:05-debug: // ---- build task 整理部分构建选项内数据到 settings.json ---- (7ms)
2026-8-31 14:53:05-log: run build task 整理部分构建选项内数据到 settings.json success in 7 ms√, progress: 15%
2026-8-31 14:53:05-debug: [Build Memory track]: 整理部分构建选项内数据到 settings.json start:224.95MB, end 225.08MB, increase: 132.02KB
2026-8-31 14:53:18-debug: refresh db internal success
2026-8-31 14:53:18-debug: refresh db assets success
2026-8-31 14:53:18-debug: Run asset db hook engine-extends:afterRefresh ...
2026-8-31 14:53:18-debug: Run asset db hook engine-extends:afterRefresh success!
2026-8-31 14:53:18-debug: asset-db:refresh-all-database (153ms)
2026-8-31 14:53:18-debug: asset-db:worker-effect-data-processing (15ms)
2026-8-31 14:53:18-debug: asset-db-hook-engine-extends-afterRefresh (15ms)
2026-8-31 14:54:00-debug: refresh db internal success
2026-8-31 14:54:00-debug: refresh db assets success
2026-8-31 14:54:00-debug: Run asset db hook engine-extends:afterRefresh ...
2026-8-31 14:54:00-debug: Run asset db hook engine-extends:afterRefresh success!
2026-8-31 14:54:00-debug: asset-db:refresh-all-database (101ms)
2026-8-31 14:54:00-debug: asset-db:worker-effect-data-processing (2ms)
2026-8-31 14:54:00-debug: asset-db-hook-engine-extends-afterRefresh (2ms)
2026-8-31 14:54:52-debug: refresh db internal success
2026-8-31 14:54:52-debug: refresh db assets success
2026-8-31 14:54:52-debug: Run asset db hook engine-extends:afterRefresh ...
2026-8-31 14:54:52-debug: Run asset db hook engine-extends:afterRefresh success!
2026-8-31 14:54:52-debug: asset-db:refresh-all-database (107ms)
2026-8-31 14:54:52-debug: asset-db:worker-effect-data-processing (2ms)
2026-8-31 14:54:52-debug: asset-db-hook-engine-extends-afterRefresh (2ms)
2026-8-31 14:55:10-debug: %cImport%c: D:\GameByself\Cocos\Project1\assets\Scenes\scene.scenebackground: #aaff85; color: #000;color: #000;
2026-8-31 14:55:10-debug: asset-db:reimport-assetcb02e093-8bba-4046-8e6e-d0462e7be5da (15ms)
2026-8-31 14:55:12-debug: Query all assets info in project
2026-8-31 14:55:12-debug: init custom config: keepNodeUuid: false, useCache: true
2026-8-31 14:55:12-debug: Skip compress image, progress: 0%
2026-8-31 14:55:12-debug: Init all bundles start..., progress: 0%
2026-8-31 14:55:12-debug: // ---- build task 查询 Asset Bundle ----
2026-8-31 14:55:12-debug: Init bundle root assets start..., progress: 0%
2026-8-31 14:55:12-debug: 查询 Asset Bundle start, progress: 0%
2026-8-31 14:55:12-debug: Num of bundles: 3..., progress: 0%
2026-8-31 14:55:12-debug:   Number of all scenes: 1
2026-8-31 14:55:12-debug: Query preload assets/scripts from cc.config.json: 60f7195c-ec2a-45eb-ba94-8955f60e81d0,1c02ae6f-4492-4915-b8f8-7492a3b1e4cd,810e96e4-e456-4468-9b59-f4e8f39732c0,efe8e2a3-eace-427b-b4f1-cb8a937ec77d,e9aa9a3e-5b2b-4ac7-a2c7-073de2b2b24f,8bbdbcdd-5cd4-4100-b6d5-b7c9625b6107,50f4348b-c883-4e2f-8f11-ce233b859fa1,fda095cb-831d-4601-ad94-846013963de8,f92806d7-1768-443f-afe8-12bcde84d0f0,dd3a144d-ab7f-41f0-82b8-2e43a090d496,f0416e68-0200-4b77-a926-4f9d16e494da,511d2633-09a7-4bdd-ac42-f778032124b3,5d45aa00-e064-4938-b314-4265f0c2258c,9361fd90-ba52-4f84-aa93-6e878fd576ca,970b0598-bcb0-4714-91fb-2e81440dccd8,bcd64cc6-2dd9-43f6-abbe-66318d332032,d930590d-bb92-4cc8-8bd1-23cd027f9edf,a3cd009f-0ab0-420d-9278-b9fdab939bbc,6a2d0734-bd9e-4ddf-946e-caa52498cb75,c27215d8-6835-4b68-bfbb-bdeac6100c04,b5d6115f-0370-4d7c-aad3-c194cc71cf98,d1346436-ac96-4271-b863-1f4fdead95b0,971bdb23-3ff6-43eb-b422-1c30165a3663,17debcc3-0a6b-4b8a-b00b-dc58b885581e,711ebe11-f673-4cd9-9a83-63c60ba54c5b,c0143906-9aed-447e-9436-2ae8512d1b6e,14da1725-c4c2-42b4-ab08-ee0aeb6898b3,081cab31-dccd-428e-8652-f2404cc81c47,78e0584a-4343-4727-8f37-e14e65c2a2db,ba21476f-2866-4f81-9c4d-6e359316e448,871c3b6c-7379-419d-bda3-794b239ab90d,1d08ef62-a503-4ce2-8b9a-46c90873f7d3,ff9b0199-ce04-4cfe-86cc-6c719f08d6e4,de1c2107-70c8-4021-8459-6399f24d01c6,cbf30902-517f-40dc-af90-a550bac27cf1,5c601d96-e4c7-4698-991b-7ee674b11079
2026-8-31 14:55:12-debug:   Number of all scripts: 7
2026-8-31 14:55:12-debug:   Number of other assets: 318
2026-8-31 14:55:12-debug: Init bundle root assets success..., progress: 0%
2026-8-31 14:55:12-debug: // ---- build task 查询 Asset Bundle ---- (11ms)
2026-8-31 14:55:12-log: run build task 查询 Asset Bundle success in 11 ms√, progress: 5%
2026-8-31 14:55:12-debug: 查询 Asset Bundle start, progress: 5%
2026-8-31 14:55:12-debug: [Build Memory track]: 查询 Asset Bundle start:228.46MB, end 228.23MB, increase: -234.45KB
2026-8-31 14:55:12-debug: // ---- build task 查询 Asset Bundle ----
2026-8-31 14:55:12-debug: // ---- build task 查询 Asset Bundle ---- (4ms)
2026-8-31 14:55:12-debug: 整理部分构建选项内数据到 settings.json start, progress: 10%
2026-8-31 14:55:12-debug: // ---- build task 整理部分构建选项内数据到 settings.json ----
2026-8-31 14:55:12-debug: [Build Memory track]: 查询 Asset Bundle start:228.26MB, end 228.36MB, increase: 104.11KB
2026-8-31 14:55:12-log: run build task 查询 Asset Bundle success in 4 ms√, progress: 10%
2026-8-31 14:55:12-debug: // ---- build task 整理部分构建选项内数据到 settings.json ---- (3ms)
2026-8-31 14:55:12-log: run build task 整理部分构建选项内数据到 settings.json success in 3 ms√, progress: 12%
2026-8-31 14:55:12-debug: [Build Memory track]: 整理部分构建选项内数据到 settings.json start:228.39MB, end 227.65MB, increase: -759.28KB
2026-8-31 14:55:12-debug: 填充脚本数据到 settings.json start, progress: 12%
2026-8-31 14:55:12-debug: // ---- build task 填充脚本数据到 settings.json ----
2026-8-31 14:55:12-debug: // ---- build task 填充脚本数据到 settings.json ---- (2ms)
2026-8-31 14:55:12-log: run build task 填充脚本数据到 settings.json success in 2 ms√, progress: 13%
2026-8-31 14:55:12-debug: [Build Memory track]: 填充脚本数据到 settings.json start:227.68MB, end 227.71MB, increase: 27.04KB
2026-8-31 14:55:12-debug: 整理部分构建选项内数据到 settings.json start, progress: 13%
2026-8-31 14:55:12-debug: // ---- build task 整理部分构建选项内数据到 settings.json ----
2026-8-31 14:55:12-debug: // ---- build task 整理部分构建选项内数据到 settings.json ---- (8ms)
2026-8-31 14:55:12-log: run build task 整理部分构建选项内数据到 settings.json success in 8 ms√, progress: 15%
2026-8-31 14:55:12-debug: [Build Memory track]: 整理部分构建选项内数据到 settings.json start:227.74MB, end 227.87MB, increase: 138.90KB
2026-8-31 14:55:23-debug: refresh db internal success
2026-8-31 14:55:23-debug: refresh db assets success
2026-8-31 14:55:23-debug: Run asset db hook engine-extends:afterRefresh ...
2026-8-31 14:55:23-debug: Run asset db hook engine-extends:afterRefresh success!
2026-8-31 14:55:23-debug: asset-db:refresh-all-database (145ms)
2026-8-31 14:55:23-debug: asset-db:worker-effect-data-processing (4ms)
2026-8-31 14:55:23-debug: asset-db-hook-engine-extends-afterRefresh (5ms)
2026-8-31 14:55:36-debug: Query all assets info in project
2026-8-31 14:55:36-debug: init custom config: keepNodeUuid: false, useCache: true
2026-8-31 14:55:36-debug: Skip compress image, progress: 0%
2026-8-31 14:55:36-debug: Init all bundles start..., progress: 0%
2026-8-31 14:55:36-debug: Num of bundles: 3..., progress: 0%
2026-8-31 14:55:36-debug: 查询 Asset Bundle start, progress: 0%
2026-8-31 14:55:36-debug: // ---- build task 查询 Asset Bundle ----
2026-8-31 14:55:36-debug: Init bundle root assets start..., progress: 0%
2026-8-31 14:55:36-debug: Query preload assets/scripts from cc.config.json: 60f7195c-ec2a-45eb-ba94-8955f60e81d0,1c02ae6f-4492-4915-b8f8-7492a3b1e4cd,810e96e4-e456-4468-9b59-f4e8f39732c0,efe8e2a3-eace-427b-b4f1-cb8a937ec77d,e9aa9a3e-5b2b-4ac7-a2c7-073de2b2b24f,8bbdbcdd-5cd4-4100-b6d5-b7c9625b6107,50f4348b-c883-4e2f-8f11-ce233b859fa1,fda095cb-831d-4601-ad94-846013963de8,f92806d7-1768-443f-afe8-12bcde84d0f0,dd3a144d-ab7f-41f0-82b8-2e43a090d496,f0416e68-0200-4b77-a926-4f9d16e494da,511d2633-09a7-4bdd-ac42-f778032124b3,5d45aa00-e064-4938-b314-4265f0c2258c,9361fd90-ba52-4f84-aa93-6e878fd576ca,970b0598-bcb0-4714-91fb-2e81440dccd8,bcd64cc6-2dd9-43f6-abbe-66318d332032,d930590d-bb92-4cc8-8bd1-23cd027f9edf,a3cd009f-0ab0-420d-9278-b9fdab939bbc,6a2d0734-bd9e-4ddf-946e-caa52498cb75,c27215d8-6835-4b68-bfbb-bdeac6100c04,b5d6115f-0370-4d7c-aad3-c194cc71cf98,d1346436-ac96-4271-b863-1f4fdead95b0,971bdb23-3ff6-43eb-b422-1c30165a3663,17debcc3-0a6b-4b8a-b00b-dc58b885581e,711ebe11-f673-4cd9-9a83-63c60ba54c5b,c0143906-9aed-447e-9436-2ae8512d1b6e,14da1725-c4c2-42b4-ab08-ee0aeb6898b3,081cab31-dccd-428e-8652-f2404cc81c47,78e0584a-4343-4727-8f37-e14e65c2a2db,ba21476f-2866-4f81-9c4d-6e359316e448,871c3b6c-7379-419d-bda3-794b239ab90d,1d08ef62-a503-4ce2-8b9a-46c90873f7d3,ff9b0199-ce04-4cfe-86cc-6c719f08d6e4,de1c2107-70c8-4021-8459-6399f24d01c6,cbf30902-517f-40dc-af90-a550bac27cf1,5c601d96-e4c7-4698-991b-7ee674b11079
2026-8-31 14:55:36-debug:   Number of all scenes: 1
2026-8-31 14:55:36-debug:   Number of all scripts: 7
2026-8-31 14:55:36-debug: Init bundle root assets success..., progress: 0%
2026-8-31 14:55:36-debug:   Number of other assets: 318
2026-8-31 14:55:36-debug: // ---- build task 查询 Asset Bundle ---- (12ms)
2026-8-31 14:55:36-debug: [Build Memory track]: 查询 Asset Bundle start:229.61MB, end 229.33MB, increase: -294.75KB
2026-8-31 14:55:36-log: run build task 查询 Asset Bundle success in 12 ms√, progress: 5%
2026-8-31 14:55:36-debug: 查询 Asset Bundle start, progress: 5%
2026-8-31 14:55:36-debug: // ---- build task 查询 Asset Bundle ----
2026-8-31 14:55:36-debug: // ---- build task 查询 Asset Bundle ---- (4ms)
2026-8-31 14:55:36-log: run build task 查询 Asset Bundle success in 4 ms√, progress: 10%
2026-8-31 14:55:36-debug: 整理部分构建选项内数据到 settings.json start, progress: 10%
2026-8-31 14:55:36-debug: // ---- build task 整理部分构建选项内数据到 settings.json ----
2026-8-31 14:55:36-debug: [Build Memory track]: 查询 Asset Bundle start:229.36MB, end 229.46MB, increase: 105.24KB
2026-8-31 14:55:36-debug: // ---- build task 整理部分构建选项内数据到 settings.json ---- (2ms)
2026-8-31 14:55:36-log: run build task 整理部分构建选项内数据到 settings.json success in 2 ms√, progress: 12%
2026-8-31 14:55:36-debug: 填充脚本数据到 settings.json start, progress: 12%
2026-8-31 14:55:36-debug: [Build Memory track]: 整理部分构建选项内数据到 settings.json start:229.49MB, end 229.52MB, increase: 27.54KB
2026-8-31 14:55:36-debug: // ---- build task 填充脚本数据到 settings.json ----
2026-8-31 14:55:36-debug: // ---- build task 填充脚本数据到 settings.json ---- (2ms)
2026-8-31 14:55:36-log: run build task 填充脚本数据到 settings.json success in 2 ms√, progress: 13%
2026-8-31 14:55:36-debug: [Build Memory track]: 填充脚本数据到 settings.json start:229.55MB, end 229.58MB, increase: 27.00KB
2026-8-31 14:55:36-debug: // ---- build task 整理部分构建选项内数据到 settings.json ----
2026-8-31 14:55:36-debug: 整理部分构建选项内数据到 settings.json start, progress: 13%
2026-8-31 14:55:36-debug: // ---- build task 整理部分构建选项内数据到 settings.json ---- (5ms)
2026-8-31 14:55:36-log: run build task 整理部分构建选项内数据到 settings.json success in 5 ms√, progress: 15%
2026-8-31 14:55:36-debug: [Build Memory track]: 整理部分构建选项内数据到 settings.json start:229.61MB, end 228.97MB, increase: -648.73KB
2026-8-31 14:55:46-debug: refresh db internal success
2026-8-31 14:55:46-debug: refresh db assets success
2026-8-31 14:55:46-debug: Run asset db hook engine-extends:afterRefresh ...
2026-8-31 14:55:46-debug: Run asset db hook engine-extends:afterRefresh success!
2026-8-31 14:55:46-debug: asset-db:refresh-all-database (139ms)
2026-8-31 14:55:46-debug: asset-db:worker-effect-data-processing (6ms)
2026-8-31 14:55:46-debug: asset-db-hook-engine-extends-afterRefresh (6ms)
2026-8-31 14:56:26-debug: refresh db internal success
2026-8-31 14:56:26-debug: refresh db assets success
2026-8-31 14:56:26-debug: Run asset db hook engine-extends:afterRefresh ...
2026-8-31 14:56:26-debug: Run asset db hook engine-extends:afterRefresh success!
2026-8-31 14:56:26-debug: asset-db:refresh-all-database (108ms)
2026-8-31 14:56:26-debug: asset-db:worker-effect-data-processing (1ms)
2026-8-31 14:56:26-debug: asset-db-hook-engine-extends-afterRefresh (1ms)
2026-8-31 14:56:33-debug: Query all assets info in project
2026-8-31 14:56:33-debug: init custom config: keepNodeUuid: false, useCache: true
2026-8-31 14:56:33-debug: Skip compress image, progress: 0%
2026-8-31 14:56:33-debug: Init all bundles start..., progress: 0%
2026-8-31 14:56:33-debug: 查询 Asset Bundle start, progress: 0%
2026-8-31 14:56:33-debug: Num of bundles: 3..., progress: 0%
2026-8-31 14:56:33-debug: Init bundle root assets start..., progress: 0%
2026-8-31 14:56:33-debug: // ---- build task 查询 Asset Bundle ----
2026-8-31 14:56:33-debug:   Number of all scenes: 1
2026-8-31 14:56:33-debug: Query preload assets/scripts from cc.config.json: 60f7195c-ec2a-45eb-ba94-8955f60e81d0,1c02ae6f-4492-4915-b8f8-7492a3b1e4cd,810e96e4-e456-4468-9b59-f4e8f39732c0,efe8e2a3-eace-427b-b4f1-cb8a937ec77d,e9aa9a3e-5b2b-4ac7-a2c7-073de2b2b24f,8bbdbcdd-5cd4-4100-b6d5-b7c9625b6107,50f4348b-c883-4e2f-8f11-ce233b859fa1,fda095cb-831d-4601-ad94-846013963de8,f92806d7-1768-443f-afe8-12bcde84d0f0,dd3a144d-ab7f-41f0-82b8-2e43a090d496,f0416e68-0200-4b77-a926-4f9d16e494da,511d2633-09a7-4bdd-ac42-f778032124b3,5d45aa00-e064-4938-b314-4265f0c2258c,9361fd90-ba52-4f84-aa93-6e878fd576ca,970b0598-bcb0-4714-91fb-2e81440dccd8,bcd64cc6-2dd9-43f6-abbe-66318d332032,d930590d-bb92-4cc8-8bd1-23cd027f9edf,a3cd009f-0ab0-420d-9278-b9fdab939bbc,6a2d0734-bd9e-4ddf-946e-caa52498cb75,c27215d8-6835-4b68-bfbb-bdeac6100c04,b5d6115f-0370-4d7c-aad3-c194cc71cf98,d1346436-ac96-4271-b863-1f4fdead95b0,971bdb23-3ff6-43eb-b422-1c30165a3663,17debcc3-0a6b-4b8a-b00b-dc58b885581e,711ebe11-f673-4cd9-9a83-63c60ba54c5b,c0143906-9aed-447e-9436-2ae8512d1b6e,14da1725-c4c2-42b4-ab08-ee0aeb6898b3,081cab31-dccd-428e-8652-f2404cc81c47,78e0584a-4343-4727-8f37-e14e65c2a2db,ba21476f-2866-4f81-9c4d-6e359316e448,871c3b6c-7379-419d-bda3-794b239ab90d,1d08ef62-a503-4ce2-8b9a-46c90873f7d3,ff9b0199-ce04-4cfe-86cc-6c719f08d6e4,de1c2107-70c8-4021-8459-6399f24d01c6,cbf30902-517f-40dc-af90-a550bac27cf1,5c601d96-e4c7-4698-991b-7ee674b11079
2026-8-31 14:56:33-debug: Init bundle root assets success..., progress: 0%
2026-8-31 14:56:33-debug: // ---- build task 查询 Asset Bundle ---- (11ms)
2026-8-31 14:56:33-debug:   Number of other assets: 318
2026-8-31 14:56:33-log: run build task 查询 Asset Bundle success in 11 ms√, progress: 5%
2026-8-31 14:56:33-debug: [Build Memory track]: 查询 Asset Bundle start:231.07MB, end 231.02MB, increase: -51.28KB
2026-8-31 14:56:33-debug:   Number of all scripts: 7
2026-8-31 14:56:33-debug: 查询 Asset Bundle start, progress: 5%
2026-8-31 14:56:33-debug: // ---- build task 查询 Asset Bundle ----
2026-8-31 14:56:33-debug: // ---- build task 查询 Asset Bundle ---- (4ms)
2026-8-31 14:56:33-log: run build task 查询 Asset Bundle success in 4 ms√, progress: 10%
2026-8-31 14:56:33-debug: 整理部分构建选项内数据到 settings.json start, progress: 10%
2026-8-31 14:56:33-debug: [Build Memory track]: 查询 Asset Bundle start:231.05MB, end 231.16MB, increase: 106.93KB
2026-8-31 14:56:33-debug: // ---- build task 整理部分构建选项内数据到 settings.json ----
2026-8-31 14:56:33-debug: // ---- build task 整理部分构建选项内数据到 settings.json ---- (3ms)
2026-8-31 14:56:33-log: run build task 整理部分构建选项内数据到 settings.json success in 3 ms√, progress: 12%
2026-8-31 14:56:33-debug: // ---- build task 填充脚本数据到 settings.json ----
2026-8-31 14:56:33-debug: [Build Memory track]: 整理部分构建选项内数据到 settings.json start:231.19MB, end 231.22MB, increase: 27.52KB
2026-8-31 14:56:33-debug: 填充脚本数据到 settings.json start, progress: 12%
2026-8-31 14:56:33-debug: // ---- build task 填充脚本数据到 settings.json ---- (1ms)
2026-8-31 14:56:33-debug: [Build Memory track]: 填充脚本数据到 settings.json start:231.25MB, end 231.27MB, increase: 26.30KB
2026-8-31 14:56:33-log: run build task 填充脚本数据到 settings.json success in 1 ms√, progress: 13%
2026-8-31 14:56:33-debug: 整理部分构建选项内数据到 settings.json start, progress: 13%
2026-8-31 14:56:33-debug: // ---- build task 整理部分构建选项内数据到 settings.json ----
2026-8-31 14:56:33-debug: // ---- build task 整理部分构建选项内数据到 settings.json ---- (7ms)
2026-8-31 14:56:33-log: run build task 整理部分构建选项内数据到 settings.json success in 7 ms√, progress: 15%
2026-8-31 14:56:33-debug: [Build Memory track]: 整理部分构建选项内数据到 settings.json start:231.30MB, end 231.43MB, increase: 127.70KB
2026-8-31 14:56:43-debug: refresh db internal success
2026-8-31 14:56:43-debug: refresh db assets success
2026-8-31 14:56:43-debug: Run asset db hook engine-extends:afterRefresh ...
2026-8-31 14:56:43-debug: Run asset db hook engine-extends:afterRefresh success!
2026-8-31 14:56:43-debug: asset-db:refresh-all-database (156ms)
2026-8-31 14:56:43-debug: asset-db:worker-effect-data-processing (9ms)
2026-8-31 14:56:43-debug: asset-db-hook-engine-extends-afterRefresh (9ms)
2026-8-31 14:56:50-debug: refresh db internal success
2026-8-31 14:56:50-debug: refresh db assets success
2026-8-31 14:56:50-debug: Run asset db hook engine-extends:afterRefresh ...
2026-8-31 14:56:50-debug: Run asset db hook engine-extends:afterRefresh success!
2026-8-31 14:56:50-debug: asset-db:refresh-all-database (103ms)
2026-8-31 14:56:50-debug: asset-db:worker-effect-data-processing (1ms)
2026-8-31 14:56:50-debug: asset-db-hook-engine-extends-afterRefresh (2ms)
2026-8-31 14:56:51-debug: %cImport%c: D:\GameByself\Cocos\Project1\assets\Scenes\scene.scenebackground: #aaff85; color: #000;color: #000;
2026-8-31 14:56:51-debug: asset-db:reimport-assetcb02e093-8bba-4046-8e6e-d0462e7be5da (13ms)
2026-8-31 14:57:14-debug: refresh db internal success
2026-8-31 14:57:14-debug: refresh db assets success
2026-8-31 14:57:14-debug: Run asset db hook engine-extends:afterRefresh ...
2026-8-31 14:57:14-debug: Run asset db hook engine-extends:afterRefresh success!
2026-8-31 14:57:14-debug: asset-db:refresh-all-database (103ms)
2026-8-31 14:57:14-debug: asset-db:worker-effect-data-processing (2ms)
2026-8-31 14:57:14-debug: asset-db-hook-engine-extends-afterRefresh (2ms)
2026-8-31 14:57:30-debug: refresh db internal success
2026-8-31 14:57:30-debug: refresh db assets success
2026-8-31 14:57:30-debug: Run asset db hook engine-extends:afterRefresh ...
2026-8-31 14:57:30-debug: Run asset db hook engine-extends:afterRefresh success!
2026-8-31 14:57:30-debug: asset-db:refresh-all-database (108ms)
2026-8-31 14:57:30-debug: asset-db:worker-effect-data-processing (4ms)
2026-8-31 14:57:30-debug: asset-db-hook-engine-extends-afterRefresh (6ms)
2026-8-31 14:58:13-debug: refresh db internal success
2026-8-31 14:58:13-debug: refresh db assets success
2026-8-31 14:58:13-debug: Run asset db hook engine-extends:afterRefresh ...
2026-8-31 14:58:13-debug: Run asset db hook engine-extends:afterRefresh success!
2026-8-31 14:58:13-debug: asset-db:refresh-all-database (185ms)
2026-8-31 14:58:13-debug: asset-db:worker-effect-data-processing (50ms)
2026-8-31 14:58:13-debug: asset-db-hook-engine-extends-afterRefresh (51ms)
2026-8-31 14:58:13-debug: refresh db internal success
2026-8-31 14:58:13-debug: refresh db assets success
2026-8-31 14:58:13-debug: Run asset db hook engine-extends:afterRefresh ...
2026-8-31 14:58:13-debug: Run asset db hook engine-extends:afterRefresh success!
2026-8-31 14:58:13-debug: asset-db:refresh-all-database (105ms)
2026-8-31 14:58:13-debug: asset-db:worker-effect-data-processing (1ms)
2026-8-31 14:58:13-debug: asset-db-hook-engine-extends-afterRefresh (1ms)
2026-8-31 14:58:17-debug: refresh db internal success
2026-8-31 14:58:17-debug: Run asset db hook engine-extends:afterRefresh ...
2026-8-31 14:58:17-debug: Run asset db hook engine-extends:afterRefresh success!
2026-8-31 14:58:17-debug: refresh db assets success
2026-8-31 14:58:17-debug: asset-db:refresh-all-database (113ms)
2026-8-31 14:58:17-debug: asset-db:worker-effect-data-processing (4ms)
2026-8-31 14:58:17-debug: asset-db-hook-engine-extends-afterRefresh (4ms)
2026-8-31 14:58:31-debug: %cImport%c: D:\GameByself\Cocos\Project1\assets\Scenes\scene.scenebackground: #aaff85; color: #000;color: #000;
2026-8-31 14:58:31-debug: asset-db:reimport-assetcb02e093-8bba-4046-8e6e-d0462e7be5da (13ms)
2026-8-31 14:58:51-debug: refresh db internal success
2026-8-31 14:58:51-debug: refresh db assets success
2026-8-31 14:58:51-debug: Run asset db hook engine-extends:afterRefresh ...
2026-8-31 14:58:51-debug: Run asset db hook engine-extends:afterRefresh success!
2026-8-31 14:58:51-debug: asset-db:refresh-all-database (106ms)
2026-8-31 14:58:51-debug: asset-db:worker-effect-data-processing (2ms)
2026-8-31 14:58:51-debug: asset-db-hook-engine-extends-afterRefresh (2ms)
2026-8-31 14:58:57-debug: %cImport%c: D:\GameByself\Cocos\Project1\assets\Scenes\scene.scenebackground: #aaff85; color: #000;color: #000;
2026-8-31 14:58:57-debug: asset-db:reimport-assetcb02e093-8bba-4046-8e6e-d0462e7be5da (16ms)
2026-8-31 15:01:01-debug: refresh db internal success
2026-8-31 15:01:01-debug: %cImport%c: D:\GameByself\Cocos\Project1\assets\Scripts\Car.tsbackground: #aaff85; color: #000;color: #000;
2026-8-31 15:01:01-debug: refresh db assets success
2026-8-31 15:01:01-debug: Run asset db hook engine-extends:afterRefresh ...
2026-8-31 15:01:01-debug: Run asset db hook engine-extends:afterRefresh success!
2026-8-31 15:01:01-debug: asset-db:refresh-all-database (145ms)
2026-8-31 15:01:01-debug: asset-db:worker-effect-data-processing (4ms)
2026-8-31 15:01:01-debug: asset-db-hook-engine-extends-afterRefresh (5ms)
2026-8-31 15:07:01-debug: refresh db internal success
2026-8-31 15:07:01-debug: %cImport%c: D:\GameByself\Cocos\Project1\assets\Scripts\Car.tsbackground: #aaff85; color: #000;color: #000;
2026-8-31 15:07:01-debug: Run asset db hook engine-extends:afterRefresh ...
2026-8-31 15:07:01-debug: refresh db assets success
2026-8-31 15:07:01-debug: Run asset db hook engine-extends:afterRefresh success!
2026-8-31 15:07:01-debug: asset-db:refresh-all-database (166ms)
2026-8-31 15:07:01-debug: asset-db:worker-effect-data-processing (2ms)
2026-8-31 15:07:01-debug: asset-db-hook-engine-extends-afterRefresh (2ms)
2026-8-31 15:07:03-debug: Query all assets info in project
2026-8-31 15:07:03-debug: init custom config: keepNodeUuid: false, useCache: true
2026-8-31 15:07:03-debug: Skip compress image, progress: 0%
2026-8-31 15:07:03-debug: Init all bundles start..., progress: 0%
2026-8-31 15:07:03-debug: 查询 Asset Bundle start, progress: 0%
2026-8-31 15:07:03-debug: Num of bundles: 3..., progress: 0%
2026-8-31 15:07:03-debug: // ---- build task 查询 Asset Bundle ----
2026-8-31 15:07:03-debug: Init bundle root assets start..., progress: 0%
2026-8-31 15:07:03-debug: Query preload assets/scripts from cc.config.json: 60f7195c-ec2a-45eb-ba94-8955f60e81d0,1c02ae6f-4492-4915-b8f8-7492a3b1e4cd,810e96e4-e456-4468-9b59-f4e8f39732c0,efe8e2a3-eace-427b-b4f1-cb8a937ec77d,e9aa9a3e-5b2b-4ac7-a2c7-073de2b2b24f,8bbdbcdd-5cd4-4100-b6d5-b7c9625b6107,50f4348b-c883-4e2f-8f11-ce233b859fa1,fda095cb-831d-4601-ad94-846013963de8,f92806d7-1768-443f-afe8-12bcde84d0f0,dd3a144d-ab7f-41f0-82b8-2e43a090d496,f0416e68-0200-4b77-a926-4f9d16e494da,511d2633-09a7-4bdd-ac42-f778032124b3,5d45aa00-e064-4938-b314-4265f0c2258c,9361fd90-ba52-4f84-aa93-6e878fd576ca,970b0598-bcb0-4714-91fb-2e81440dccd8,bcd64cc6-2dd9-43f6-abbe-66318d332032,d930590d-bb92-4cc8-8bd1-23cd027f9edf,a3cd009f-0ab0-420d-9278-b9fdab939bbc,6a2d0734-bd9e-4ddf-946e-caa52498cb75,c27215d8-6835-4b68-bfbb-bdeac6100c04,b5d6115f-0370-4d7c-aad3-c194cc71cf98,d1346436-ac96-4271-b863-1f4fdead95b0,971bdb23-3ff6-43eb-b422-1c30165a3663,17debcc3-0a6b-4b8a-b00b-dc58b885581e,711ebe11-f673-4cd9-9a83-63c60ba54c5b,c0143906-9aed-447e-9436-2ae8512d1b6e,14da1725-c4c2-42b4-ab08-ee0aeb6898b3,081cab31-dccd-428e-8652-f2404cc81c47,78e0584a-4343-4727-8f37-e14e65c2a2db,ba21476f-2866-4f81-9c4d-6e359316e448,871c3b6c-7379-419d-bda3-794b239ab90d,1d08ef62-a503-4ce2-8b9a-46c90873f7d3,ff9b0199-ce04-4cfe-86cc-6c719f08d6e4,de1c2107-70c8-4021-8459-6399f24d01c6,cbf30902-517f-40dc-af90-a550bac27cf1,5c601d96-e4c7-4698-991b-7ee674b11079
2026-8-31 15:07:03-debug:   Number of all scenes: 1
2026-8-31 15:07:03-debug:   Number of all scripts: 7
2026-8-31 15:07:03-debug:   Number of other assets: 318
2026-8-31 15:07:03-debug: Init bundle root assets success..., progress: 0%
2026-8-31 15:07:03-debug: // ---- build task 查询 Asset Bundle ---- (11ms)
2026-8-31 15:07:03-debug: [Build Memory track]: 查询 Asset Bundle start:241.24MB, end 241.01MB, increase: -241.41KB
2026-8-31 15:07:03-log: run build task 查询 Asset Bundle success in 11 ms√, progress: 5%
2026-8-31 15:07:03-debug: 查询 Asset Bundle start, progress: 5%
2026-8-31 15:07:03-debug: // ---- build task 查询 Asset Bundle ----
2026-8-31 15:07:03-debug: // ---- build task 查询 Asset Bundle ---- (3ms)
2026-8-31 15:07:03-log: run build task 查询 Asset Bundle success in 3 ms√, progress: 10%
2026-8-31 15:07:03-debug: [Build Memory track]: 查询 Asset Bundle start:241.04MB, end 241.16MB, increase: 121.82KB
2026-8-31 15:07:03-debug: 整理部分构建选项内数据到 settings.json start, progress: 10%
2026-8-31 15:07:03-debug: // ---- build task 整理部分构建选项内数据到 settings.json ----
2026-8-31 15:07:03-debug: // ---- build task 整理部分构建选项内数据到 settings.json ---- (2ms)
2026-8-31 15:07:03-log: run build task 整理部分构建选项内数据到 settings.json success in 2 ms√, progress: 12%
2026-8-31 15:07:03-debug: [Build Memory track]: 整理部分构建选项内数据到 settings.json start:241.19MB, end 241.22MB, increase: 27.55KB
2026-8-31 15:07:03-debug: 填充脚本数据到 settings.json start, progress: 12%
2026-8-31 15:07:03-debug: // ---- build task 填充脚本数据到 settings.json ----
2026-8-31 15:07:03-debug: // ---- build task 填充脚本数据到 settings.json ---- (3ms)
2026-8-31 15:07:03-log: run build task 填充脚本数据到 settings.json success in 3 ms√, progress: 13%
2026-8-31 15:07:03-debug: 整理部分构建选项内数据到 settings.json start, progress: 13%
2026-8-31 15:07:03-debug: // ---- build task 整理部分构建选项内数据到 settings.json ----
2026-8-31 15:07:03-debug: [Build Memory track]: 填充脚本数据到 settings.json start:241.25MB, end 241.28MB, increase: 32.78KB
2026-8-31 15:07:03-debug: // ---- build task 整理部分构建选项内数据到 settings.json ---- (5ms)
2026-8-31 15:07:03-log: run build task 整理部分构建选项内数据到 settings.json success in 5 ms√, progress: 15%
2026-8-31 15:07:03-debug: [Build Memory track]: 整理部分构建选项内数据到 settings.json start:241.31MB, end 241.45MB, increase: 143.80KB
2026-8-31 15:07:25-debug: Query all assets info in project
2026-8-31 15:07:25-debug: init custom config: keepNodeUuid: false, useCache: true
2026-8-31 15:07:25-debug: Skip compress image, progress: 0%
2026-8-31 15:07:25-debug: Init all bundles start..., progress: 0%
2026-8-31 15:07:25-debug: Num of bundles: 3..., progress: 0%
2026-8-31 15:07:25-debug: // ---- build task 查询 Asset Bundle ----
2026-8-31 15:07:25-debug: 查询 Asset Bundle start, progress: 0%
2026-8-31 15:07:25-debug: Init bundle root assets start..., progress: 0%
2026-8-31 15:07:25-debug: Query preload assets/scripts from cc.config.json: 60f7195c-ec2a-45eb-ba94-8955f60e81d0,1c02ae6f-4492-4915-b8f8-7492a3b1e4cd,810e96e4-e456-4468-9b59-f4e8f39732c0,efe8e2a3-eace-427b-b4f1-cb8a937ec77d,e9aa9a3e-5b2b-4ac7-a2c7-073de2b2b24f,8bbdbcdd-5cd4-4100-b6d5-b7c9625b6107,50f4348b-c883-4e2f-8f11-ce233b859fa1,fda095cb-831d-4601-ad94-846013963de8,f92806d7-1768-443f-afe8-12bcde84d0f0,dd3a144d-ab7f-41f0-82b8-2e43a090d496,f0416e68-0200-4b77-a926-4f9d16e494da,511d2633-09a7-4bdd-ac42-f778032124b3,5d45aa00-e064-4938-b314-4265f0c2258c,9361fd90-ba52-4f84-aa93-6e878fd576ca,970b0598-bcb0-4714-91fb-2e81440dccd8,bcd64cc6-2dd9-43f6-abbe-66318d332032,d930590d-bb92-4cc8-8bd1-23cd027f9edf,a3cd009f-0ab0-420d-9278-b9fdab939bbc,6a2d0734-bd9e-4ddf-946e-caa52498cb75,c27215d8-6835-4b68-bfbb-bdeac6100c04,b5d6115f-0370-4d7c-aad3-c194cc71cf98,d1346436-ac96-4271-b863-1f4fdead95b0,971bdb23-3ff6-43eb-b422-1c30165a3663,17debcc3-0a6b-4b8a-b00b-dc58b885581e,711ebe11-f673-4cd9-9a83-63c60ba54c5b,c0143906-9aed-447e-9436-2ae8512d1b6e,14da1725-c4c2-42b4-ab08-ee0aeb6898b3,081cab31-dccd-428e-8652-f2404cc81c47,78e0584a-4343-4727-8f37-e14e65c2a2db,ba21476f-2866-4f81-9c4d-6e359316e448,871c3b6c-7379-419d-bda3-794b239ab90d,1d08ef62-a503-4ce2-8b9a-46c90873f7d3,ff9b0199-ce04-4cfe-86cc-6c719f08d6e4,de1c2107-70c8-4021-8459-6399f24d01c6,cbf30902-517f-40dc-af90-a550bac27cf1,5c601d96-e4c7-4698-991b-7ee674b11079
2026-8-31 15:07:25-debug:   Number of all scripts: 7
2026-8-31 15:07:25-debug:   Number of all scenes: 1
2026-8-31 15:07:25-debug:   Number of other assets: 318
2026-8-31 15:07:25-debug: Init bundle root assets success..., progress: 0%
2026-8-31 15:07:25-debug: // ---- build task 查询 Asset Bundle ---- (9ms)
2026-8-31 15:07:25-log: run build task 查询 Asset Bundle success in 9 ms√, progress: 5%
2026-8-31 15:07:25-debug: [Build Memory track]: 查询 Asset Bundle start:241.49MB, end 241.21MB, increase: -283.64KB
2026-8-31 15:07:25-debug: 查询 Asset Bundle start, progress: 5%
2026-8-31 15:07:25-debug: // ---- build task 查询 Asset Bundle ----
2026-8-31 15:07:25-debug: // ---- build task 查询 Asset Bundle ---- (5ms)
2026-8-31 15:07:25-log: run build task 查询 Asset Bundle success in 5 ms√, progress: 10%
2026-8-31 15:07:25-debug: 整理部分构建选项内数据到 settings.json start, progress: 10%
2026-8-31 15:07:25-debug: [Build Memory track]: 查询 Asset Bundle start:241.24MB, end 241.34MB, increase: 105.00KB
2026-8-31 15:07:25-debug: // ---- build task 整理部分构建选项内数据到 settings.json ----
2026-8-31 15:07:25-debug: // ---- build task 整理部分构建选项内数据到 settings.json ---- (2ms)
2026-8-31 15:07:25-log: run build task 整理部分构建选项内数据到 settings.json success in 2 ms√, progress: 12%
2026-8-31 15:07:25-debug: 填充脚本数据到 settings.json start, progress: 12%
2026-8-31 15:07:25-debug: [Build Memory track]: 整理部分构建选项内数据到 settings.json start:241.37MB, end 241.40MB, increase: 28.25KB
2026-8-31 15:07:25-debug: // ---- build task 填充脚本数据到 settings.json ----
2026-8-31 15:07:25-debug: // ---- build task 填充脚本数据到 settings.json ---- (3ms)
2026-8-31 15:07:25-log: run build task 填充脚本数据到 settings.json success in 3 ms√, progress: 13%
2026-8-31 15:07:25-debug: [Build Memory track]: 填充脚本数据到 settings.json start:241.43MB, end 241.46MB, increase: 27.57KB
2026-8-31 15:07:25-debug: 整理部分构建选项内数据到 settings.json start, progress: 13%
2026-8-31 15:07:25-debug: // ---- build task 整理部分构建选项内数据到 settings.json ----
2026-8-31 15:07:25-debug: // ---- build task 整理部分构建选项内数据到 settings.json ---- (6ms)
2026-8-31 15:07:25-log: run build task 整理部分构建选项内数据到 settings.json success in 6 ms√, progress: 15%
2026-8-31 15:07:25-debug: [Build Memory track]: 整理部分构建选项内数据到 settings.json start:241.49MB, end 241.62MB, increase: 127.83KB
2026-8-31 15:07:33-debug: refresh db internal success
2026-8-31 15:07:33-debug: refresh db assets success
2026-8-31 15:07:33-debug: Run asset db hook engine-extends:afterRefresh ...
2026-8-31 15:07:33-debug: Run asset db hook engine-extends:afterRefresh success!
2026-8-31 15:07:33-debug: asset-db:refresh-all-database (133ms)
2026-8-31 15:07:33-debug: asset-db:worker-effect-data-processing (3ms)
2026-8-31 15:07:33-debug: asset-db-hook-engine-extends-afterRefresh (5ms)
2026-8-31 15:07:44-debug: Query all assets info in project
2026-8-31 15:07:44-debug: init custom config: keepNodeUuid: false, useCache: true
2026-8-31 15:07:44-debug: Skip compress image, progress: 0%
2026-8-31 15:07:44-debug: Init all bundles start..., progress: 0%
2026-8-31 15:07:44-debug: // ---- build task 查询 Asset Bundle ----
2026-8-31 15:07:44-debug: 查询 Asset Bundle start, progress: 0%
2026-8-31 15:07:44-debug: Num of bundles: 3..., progress: 0%
2026-8-31 15:07:44-debug: Init bundle root assets start..., progress: 0%
2026-8-31 15:07:44-debug: Query preload assets/scripts from cc.config.json: 60f7195c-ec2a-45eb-ba94-8955f60e81d0,1c02ae6f-4492-4915-b8f8-7492a3b1e4cd,810e96e4-e456-4468-9b59-f4e8f39732c0,efe8e2a3-eace-427b-b4f1-cb8a937ec77d,e9aa9a3e-5b2b-4ac7-a2c7-073de2b2b24f,8bbdbcdd-5cd4-4100-b6d5-b7c9625b6107,50f4348b-c883-4e2f-8f11-ce233b859fa1,fda095cb-831d-4601-ad94-846013963de8,f92806d7-1768-443f-afe8-12bcde84d0f0,dd3a144d-ab7f-41f0-82b8-2e43a090d496,f0416e68-0200-4b77-a926-4f9d16e494da,511d2633-09a7-4bdd-ac42-f778032124b3,5d45aa00-e064-4938-b314-4265f0c2258c,9361fd90-ba52-4f84-aa93-6e878fd576ca,970b0598-bcb0-4714-91fb-2e81440dccd8,bcd64cc6-2dd9-43f6-abbe-66318d332032,d930590d-bb92-4cc8-8bd1-23cd027f9edf,a3cd009f-0ab0-420d-9278-b9fdab939bbc,6a2d0734-bd9e-4ddf-946e-caa52498cb75,c27215d8-6835-4b68-bfbb-bdeac6100c04,b5d6115f-0370-4d7c-aad3-c194cc71cf98,d1346436-ac96-4271-b863-1f4fdead95b0,971bdb23-3ff6-43eb-b422-1c30165a3663,17debcc3-0a6b-4b8a-b00b-dc58b885581e,711ebe11-f673-4cd9-9a83-63c60ba54c5b,c0143906-9aed-447e-9436-2ae8512d1b6e,14da1725-c4c2-42b4-ab08-ee0aeb6898b3,081cab31-dccd-428e-8652-f2404cc81c47,78e0584a-4343-4727-8f37-e14e65c2a2db,ba21476f-2866-4f81-9c4d-6e359316e448,871c3b6c-7379-419d-bda3-794b239ab90d,1d08ef62-a503-4ce2-8b9a-46c90873f7d3,ff9b0199-ce04-4cfe-86cc-6c719f08d6e4,de1c2107-70c8-4021-8459-6399f24d01c6,cbf30902-517f-40dc-af90-a550bac27cf1,5c601d96-e4c7-4698-991b-7ee674b11079
2026-8-31 15:07:44-debug:   Number of all scenes: 1
2026-8-31 15:07:44-debug:   Number of all scripts: 7
2026-8-31 15:07:44-debug:   Number of other assets: 318
2026-8-31 15:07:44-debug: Init bundle root assets success..., progress: 0%
2026-8-31 15:07:44-log: run build task 查询 Asset Bundle success in 11 ms√, progress: 5%
2026-8-31 15:07:44-debug: // ---- build task 查询 Asset Bundle ---- (11ms)
2026-8-31 15:07:44-debug: [Build Memory track]: 查询 Asset Bundle start:242.36MB, end 242.09MB, increase: -282.23KB
2026-8-31 15:07:44-debug: // ---- build task 查询 Asset Bundle ----
2026-8-31 15:07:44-debug: 查询 Asset Bundle start, progress: 5%
2026-8-31 15:07:44-debug: // ---- build task 查询 Asset Bundle ---- (3ms)
2026-8-31 15:07:44-debug: [Build Memory track]: 查询 Asset Bundle start:242.12MB, end 242.22MB, increase: 105.71KB
2026-8-31 15:07:44-debug: 整理部分构建选项内数据到 settings.json start, progress: 10%
2026-8-31 15:07:44-log: run build task 查询 Asset Bundle success in 3 ms√, progress: 10%
2026-8-31 15:07:44-debug: // ---- build task 整理部分构建选项内数据到 settings.json ----
2026-8-31 15:07:44-debug: // ---- build task 整理部分构建选项内数据到 settings.json ---- (3ms)
2026-8-31 15:07:44-log: run build task 整理部分构建选项内数据到 settings.json success in 3 ms√, progress: 12%
2026-8-31 15:07:44-debug: 填充脚本数据到 settings.json start, progress: 12%
2026-8-31 15:07:44-debug: [Build Memory track]: 整理部分构建选项内数据到 settings.json start:242.25MB, end 242.28MB, increase: 28.20KB
2026-8-31 15:07:44-debug: // ---- build task 填充脚本数据到 settings.json ----
2026-8-31 15:07:44-debug: // ---- build task 填充脚本数据到 settings.json ---- (2ms)
2026-8-31 15:07:44-log: run build task 填充脚本数据到 settings.json success in 2 ms√, progress: 13%
2026-8-31 15:07:44-debug: [Build Memory track]: 填充脚本数据到 settings.json start:242.31MB, end 242.34MB, increase: 27.54KB
2026-8-31 15:07:44-debug: 整理部分构建选项内数据到 settings.json start, progress: 13%
2026-8-31 15:07:44-debug: // ---- build task 整理部分构建选项内数据到 settings.json ----
2026-8-31 15:07:44-debug: // ---- build task 整理部分构建选项内数据到 settings.json ---- (9ms)
2026-8-31 15:07:44-debug: [Build Memory track]: 整理部分构建选项内数据到 settings.json start:242.37MB, end 242.49MB, increase: 127.86KB
2026-8-31 15:07:44-log: run build task 整理部分构建选项内数据到 settings.json success in 9 ms√, progress: 15%
2026-8-31 15:07:56-debug: refresh db internal success
2026-8-31 15:07:56-debug: refresh db assets success
2026-8-31 15:07:56-debug: Run asset db hook engine-extends:afterRefresh ...
2026-8-31 15:07:56-debug: Run asset db hook engine-extends:afterRefresh success!
2026-8-31 15:07:56-debug: asset-db:refresh-all-database (141ms)
2026-8-31 15:07:56-debug: asset-db:worker-effect-data-processing (8ms)
2026-8-31 15:07:56-debug: asset-db-hook-engine-extends-afterRefresh (11ms)
2026-8-31 15:08:01-debug: %cImport%c: D:\GameByself\Cocos\Project1\assets\Scenes\scene.scenebackground: #aaff85; color: #000;color: #000;
2026-8-31 15:08:01-debug: asset-db:reimport-assetcb02e093-8bba-4046-8e6e-d0462e7be5da (17ms)
2026-8-31 15:08:02-debug: Query all assets info in project
2026-8-31 15:08:02-debug: init custom config: keepNodeUuid: false, useCache: true
2026-8-31 15:08:02-debug: Skip compress image, progress: 0%
2026-8-31 15:08:02-debug: Num of bundles: 3..., progress: 0%
2026-8-31 15:08:02-debug: Init all bundles start..., progress: 0%
2026-8-31 15:08:02-debug: Init bundle root assets start..., progress: 0%
2026-8-31 15:08:02-debug: // ---- build task 查询 Asset Bundle ----
2026-8-31 15:08:02-debug: 查询 Asset Bundle start, progress: 0%
2026-8-31 15:08:02-debug: Query preload assets/scripts from cc.config.json: 60f7195c-ec2a-45eb-ba94-8955f60e81d0,1c02ae6f-4492-4915-b8f8-7492a3b1e4cd,810e96e4-e456-4468-9b59-f4e8f39732c0,efe8e2a3-eace-427b-b4f1-cb8a937ec77d,e9aa9a3e-5b2b-4ac7-a2c7-073de2b2b24f,8bbdbcdd-5cd4-4100-b6d5-b7c9625b6107,50f4348b-c883-4e2f-8f11-ce233b859fa1,fda095cb-831d-4601-ad94-846013963de8,f92806d7-1768-443f-afe8-12bcde84d0f0,dd3a144d-ab7f-41f0-82b8-2e43a090d496,f0416e68-0200-4b77-a926-4f9d16e494da,511d2633-09a7-4bdd-ac42-f778032124b3,5d45aa00-e064-4938-b314-4265f0c2258c,9361fd90-ba52-4f84-aa93-6e878fd576ca,970b0598-bcb0-4714-91fb-2e81440dccd8,bcd64cc6-2dd9-43f6-abbe-66318d332032,d930590d-bb92-4cc8-8bd1-23cd027f9edf,a3cd009f-0ab0-420d-9278-b9fdab939bbc,6a2d0734-bd9e-4ddf-946e-caa52498cb75,c27215d8-6835-4b68-bfbb-bdeac6100c04,b5d6115f-0370-4d7c-aad3-c194cc71cf98,d1346436-ac96-4271-b863-1f4fdead95b0,971bdb23-3ff6-43eb-b422-1c30165a3663,17debcc3-0a6b-4b8a-b00b-dc58b885581e,711ebe11-f673-4cd9-9a83-63c60ba54c5b,c0143906-9aed-447e-9436-2ae8512d1b6e,14da1725-c4c2-42b4-ab08-ee0aeb6898b3,081cab31-dccd-428e-8652-f2404cc81c47,78e0584a-4343-4727-8f37-e14e65c2a2db,ba21476f-2866-4f81-9c4d-6e359316e448,871c3b6c-7379-419d-bda3-794b239ab90d,1d08ef62-a503-4ce2-8b9a-46c90873f7d3,ff9b0199-ce04-4cfe-86cc-6c719f08d6e4,de1c2107-70c8-4021-8459-6399f24d01c6,cbf30902-517f-40dc-af90-a550bac27cf1,5c601d96-e4c7-4698-991b-7ee674b11079
2026-8-31 15:08:02-debug:   Number of other assets: 318
2026-8-31 15:08:02-debug: Init bundle root assets success..., progress: 0%
2026-8-31 15:08:02-debug:   Number of all scripts: 7
2026-8-31 15:08:02-debug:   Number of all scenes: 1
2026-8-31 15:08:02-debug: // ---- build task 查询 Asset Bundle ---- (10ms)
2026-8-31 15:08:02-log: run build task 查询 Asset Bundle success in 10 ms√, progress: 5%
2026-8-31 15:08:02-debug: [Build Memory track]: 查询 Asset Bundle start:244.04MB, end 243.84MB, increase: -204.32KB
2026-8-31 15:08:02-debug: 查询 Asset Bundle start, progress: 5%
2026-8-31 15:08:02-debug: // ---- build task 查询 Asset Bundle ----
2026-8-31 15:08:02-debug: // ---- build task 查询 Asset Bundle ---- (4ms)
2026-8-31 15:08:02-log: run build task 查询 Asset Bundle success in 4 ms√, progress: 10%
2026-8-31 15:08:02-debug: // ---- build task 整理部分构建选项内数据到 settings.json ----
2026-8-31 15:08:02-debug: [Build Memory track]: 查询 Asset Bundle start:243.88MB, end 243.98MB, increase: 104.21KB
2026-8-31 15:08:02-debug: 整理部分构建选项内数据到 settings.json start, progress: 10%
2026-8-31 15:08:02-log: run build task 整理部分构建选项内数据到 settings.json success in 2 ms√, progress: 12%
2026-8-31 15:08:02-debug: // ---- build task 整理部分构建选项内数据到 settings.json ---- (2ms)
2026-8-31 15:08:02-debug: [Build Memory track]: 整理部分构建选项内数据到 settings.json start:244.01MB, end 243.26MB, increase: -772.50KB
2026-8-31 15:08:02-debug: 填充脚本数据到 settings.json start, progress: 12%
2026-8-31 15:08:02-debug: // ---- build task 填充脚本数据到 settings.json ----
2026-8-31 15:08:02-debug: // ---- build task 填充脚本数据到 settings.json ---- (2ms)
2026-8-31 15:08:02-log: run build task 填充脚本数据到 settings.json success in 2 ms√, progress: 13%
2026-8-31 15:08:02-debug: [Build Memory track]: 填充脚本数据到 settings.json start:243.29MB, end 243.31MB, increase: 27.37KB
2026-8-31 15:08:02-debug: 整理部分构建选项内数据到 settings.json start, progress: 13%
2026-8-31 15:08:02-debug: // ---- build task 整理部分构建选项内数据到 settings.json ----
2026-8-31 15:08:02-debug: // ---- build task 整理部分构建选项内数据到 settings.json ---- (6ms)
2026-8-31 15:08:02-debug: [Build Memory track]: 整理部分构建选项内数据到 settings.json start:243.35MB, end 243.47MB, increase: 130.97KB
2026-8-31 15:08:02-log: run build task 整理部分构建选项内数据到 settings.json success in 6 ms√, progress: 15%
2026-8-31 15:08:12-debug: refresh db internal success
2026-8-31 15:08:12-debug: refresh db assets success
2026-8-31 15:08:12-debug: Run asset db hook engine-extends:afterRefresh ...
2026-8-31 15:08:12-debug: Run asset db hook engine-extends:afterRefresh success!
2026-8-31 15:08:12-debug: asset-db:refresh-all-database (203ms)
2026-8-31 15:08:12-debug: asset-db:worker-effect-data-processing (3ms)
2026-8-31 15:08:12-debug: asset-db-hook-engine-extends-afterRefresh (5ms)
2026-8-31 15:08:43-debug: refresh db internal success
2026-8-31 15:08:43-debug: refresh db assets success
2026-8-31 15:08:43-debug: Run asset db hook engine-extends:afterRefresh ...
2026-8-31 15:08:43-debug: Run asset db hook engine-extends:afterRefresh success!
2026-8-31 15:08:43-debug: asset-db:refresh-all-database (110ms)
2026-8-31 15:08:43-debug: asset-db:worker-effect-data-processing (2ms)
2026-8-31 15:08:43-debug: asset-db-hook-engine-extends-afterRefresh (2ms)
2026-8-31 15:08:47-debug: %cImport%c: D:\GameByself\Cocos\Project1\assets\Scenes\scene.scenebackground: #aaff85; color: #000;color: #000;
2026-8-31 15:08:47-debug: asset-db:reimport-assetcb02e093-8bba-4046-8e6e-d0462e7be5da (15ms)
2026-8-31 15:08:54-debug: Query all assets info in project
2026-8-31 15:08:54-debug: init custom config: keepNodeUuid: false, useCache: true
2026-8-31 15:08:54-debug: Skip compress image, progress: 0%
2026-8-31 15:08:54-debug: Init all bundles start..., progress: 0%
2026-8-31 15:08:54-debug: Num of bundles: 3..., progress: 0%
2026-8-31 15:08:54-debug: Init bundle root assets start..., progress: 0%
2026-8-31 15:08:54-debug: // ---- build task 查询 Asset Bundle ----
2026-8-31 15:08:54-debug: 查询 Asset Bundle start, progress: 0%
2026-8-31 15:08:54-debug:   Number of all scenes: 1
2026-8-31 15:08:54-debug: Query preload assets/scripts from cc.config.json: 60f7195c-ec2a-45eb-ba94-8955f60e81d0,1c02ae6f-4492-4915-b8f8-7492a3b1e4cd,810e96e4-e456-4468-9b59-f4e8f39732c0,efe8e2a3-eace-427b-b4f1-cb8a937ec77d,e9aa9a3e-5b2b-4ac7-a2c7-073de2b2b24f,8bbdbcdd-5cd4-4100-b6d5-b7c9625b6107,50f4348b-c883-4e2f-8f11-ce233b859fa1,fda095cb-831d-4601-ad94-846013963de8,f92806d7-1768-443f-afe8-12bcde84d0f0,dd3a144d-ab7f-41f0-82b8-2e43a090d496,f0416e68-0200-4b77-a926-4f9d16e494da,511d2633-09a7-4bdd-ac42-f778032124b3,5d45aa00-e064-4938-b314-4265f0c2258c,9361fd90-ba52-4f84-aa93-6e878fd576ca,970b0598-bcb0-4714-91fb-2e81440dccd8,bcd64cc6-2dd9-43f6-abbe-66318d332032,d930590d-bb92-4cc8-8bd1-23cd027f9edf,a3cd009f-0ab0-420d-9278-b9fdab939bbc,6a2d0734-bd9e-4ddf-946e-caa52498cb75,c27215d8-6835-4b68-bfbb-bdeac6100c04,b5d6115f-0370-4d7c-aad3-c194cc71cf98,d1346436-ac96-4271-b863-1f4fdead95b0,971bdb23-3ff6-43eb-b422-1c30165a3663,17debcc3-0a6b-4b8a-b00b-dc58b885581e,711ebe11-f673-4cd9-9a83-63c60ba54c5b,c0143906-9aed-447e-9436-2ae8512d1b6e,14da1725-c4c2-42b4-ab08-ee0aeb6898b3,081cab31-dccd-428e-8652-f2404cc81c47,78e0584a-4343-4727-8f37-e14e65c2a2db,ba21476f-2866-4f81-9c4d-6e359316e448,871c3b6c-7379-419d-bda3-794b239ab90d,1d08ef62-a503-4ce2-8b9a-46c90873f7d3,ff9b0199-ce04-4cfe-86cc-6c719f08d6e4,de1c2107-70c8-4021-8459-6399f24d01c6,cbf30902-517f-40dc-af90-a550bac27cf1,5c601d96-e4c7-4698-991b-7ee674b11079
2026-8-31 15:08:54-debug: Init bundle root assets success..., progress: 0%
2026-8-31 15:08:54-debug:   Number of other assets: 318
2026-8-31 15:08:54-debug:   Number of all scripts: 7
2026-8-31 15:08:54-debug: // ---- build task 查询 Asset Bundle ---- (11ms)
2026-8-31 15:08:54-log: run build task 查询 Asset Bundle success in 11 ms√, progress: 5%
2026-8-31 15:08:54-debug: // ---- build task 查询 Asset Bundle ----
2026-8-31 15:08:54-debug: 查询 Asset Bundle start, progress: 5%
2026-8-31 15:08:54-debug: [Build Memory track]: 查询 Asset Bundle start:224.37MB, end 224.23MB, increase: -147.55KB
2026-8-31 15:08:54-debug: // ---- build task 查询 Asset Bundle ---- (4ms)
2026-8-31 15:08:54-log: run build task 查询 Asset Bundle success in 4 ms√, progress: 10%
2026-8-31 15:08:54-debug: 整理部分构建选项内数据到 settings.json start, progress: 10%
2026-8-31 15:08:54-debug: [Build Memory track]: 查询 Asset Bundle start:224.26MB, end 223.64MB, increase: -639.25KB
2026-8-31 15:08:54-debug: // ---- build task 整理部分构建选项内数据到 settings.json ----
2026-8-31 15:08:54-debug: // ---- build task 整理部分构建选项内数据到 settings.json ---- (3ms)
2026-8-31 15:08:54-log: run build task 整理部分构建选项内数据到 settings.json success in 3 ms√, progress: 12%
2026-8-31 15:08:54-debug: [Build Memory track]: 整理部分构建选项内数据到 settings.json start:223.67MB, end 223.70MB, increase: 28.09KB
2026-8-31 15:08:54-debug: 填充脚本数据到 settings.json start, progress: 12%
2026-8-31 15:08:54-debug: // ---- build task 填充脚本数据到 settings.json ----
2026-8-31 15:08:54-debug: // ---- build task 填充脚本数据到 settings.json ---- (2ms)
2026-8-31 15:08:54-log: run build task 填充脚本数据到 settings.json success in 2 ms√, progress: 13%
2026-8-31 15:08:54-debug: [Build Memory track]: 填充脚本数据到 settings.json start:223.73MB, end 223.75MB, increase: 27.70KB
2026-8-31 15:08:54-debug: 整理部分构建选项内数据到 settings.json start, progress: 13%
2026-8-31 15:08:54-debug: // ---- build task 整理部分构建选项内数据到 settings.json ----
2026-8-31 15:08:54-debug: // ---- build task 整理部分构建选项内数据到 settings.json ---- (8ms)
2026-8-31 15:08:54-log: run build task 整理部分构建选项内数据到 settings.json success in 8 ms√, progress: 15%
2026-8-31 15:08:54-debug: [Build Memory track]: 整理部分构建选项内数据到 settings.json start:223.79MB, end 223.93MB, increase: 143.45KB
2026-8-31 15:09:09-debug: refresh db internal success
2026-8-31 15:09:09-debug: Run asset db hook engine-extends:afterRefresh ...
2026-8-31 15:09:09-debug: Run asset db hook engine-extends:afterRefresh success!
2026-8-31 15:09:09-debug: refresh db assets success
2026-8-31 15:09:09-debug: asset-db:refresh-all-database (151ms)
2026-8-31 15:09:09-debug: asset-db:worker-effect-data-processing (4ms)
2026-8-31 15:09:09-debug: asset-db-hook-engine-extends-afterRefresh (4ms)
2026-8-31 15:09:45-debug: refresh db internal success
2026-8-31 15:09:45-debug: %cImport%c: D:\GameByself\Cocos\Project1\assets\Scripts\Car.tsbackground: #aaff85; color: #000;color: #000;
2026-8-31 15:09:45-debug: refresh db assets success
2026-8-31 15:09:45-debug: Run asset db hook engine-extends:afterRefresh ...
2026-8-31 15:09:45-debug: Run asset db hook engine-extends:afterRefresh success!
2026-8-31 15:09:45-debug: asset-db:refresh-all-database (155ms)
2026-8-31 15:09:45-debug: asset-db:worker-effect-data-processing (3ms)
2026-8-31 15:09:45-debug: asset-db-hook-engine-extends-afterRefresh (4ms)
2026-8-31 15:09:46-debug: Query all assets info in project
2026-8-31 15:09:46-debug: init custom config: keepNodeUuid: false, useCache: true
2026-8-31 15:09:46-debug: Skip compress image, progress: 0%
2026-8-31 15:09:46-debug: Init all bundles start..., progress: 0%
2026-8-31 15:09:46-debug: 查询 Asset Bundle start, progress: 0%
2026-8-31 15:09:46-debug: // ---- build task 查询 Asset Bundle ----
2026-8-31 15:09:46-debug: Num of bundles: 3..., progress: 0%
2026-8-31 15:09:46-debug: Init bundle root assets start..., progress: 0%
2026-8-31 15:09:46-debug: Query preload assets/scripts from cc.config.json: 60f7195c-ec2a-45eb-ba94-8955f60e81d0,1c02ae6f-4492-4915-b8f8-7492a3b1e4cd,810e96e4-e456-4468-9b59-f4e8f39732c0,efe8e2a3-eace-427b-b4f1-cb8a937ec77d,e9aa9a3e-5b2b-4ac7-a2c7-073de2b2b24f,8bbdbcdd-5cd4-4100-b6d5-b7c9625b6107,50f4348b-c883-4e2f-8f11-ce233b859fa1,fda095cb-831d-4601-ad94-846013963de8,f92806d7-1768-443f-afe8-12bcde84d0f0,dd3a144d-ab7f-41f0-82b8-2e43a090d496,f0416e68-0200-4b77-a926-4f9d16e494da,511d2633-09a7-4bdd-ac42-f778032124b3,5d45aa00-e064-4938-b314-4265f0c2258c,9361fd90-ba52-4f84-aa93-6e878fd576ca,970b0598-bcb0-4714-91fb-2e81440dccd8,bcd64cc6-2dd9-43f6-abbe-66318d332032,d930590d-bb92-4cc8-8bd1-23cd027f9edf,a3cd009f-0ab0-420d-9278-b9fdab939bbc,6a2d0734-bd9e-4ddf-946e-caa52498cb75,c27215d8-6835-4b68-bfbb-bdeac6100c04,b5d6115f-0370-4d7c-aad3-c194cc71cf98,d1346436-ac96-4271-b863-1f4fdead95b0,971bdb23-3ff6-43eb-b422-1c30165a3663,17debcc3-0a6b-4b8a-b00b-dc58b885581e,711ebe11-f673-4cd9-9a83-63c60ba54c5b,c0143906-9aed-447e-9436-2ae8512d1b6e,14da1725-c4c2-42b4-ab08-ee0aeb6898b3,081cab31-dccd-428e-8652-f2404cc81c47,78e0584a-4343-4727-8f37-e14e65c2a2db,ba21476f-2866-4f81-9c4d-6e359316e448,871c3b6c-7379-419d-bda3-794b239ab90d,1d08ef62-a503-4ce2-8b9a-46c90873f7d3,ff9b0199-ce04-4cfe-86cc-6c719f08d6e4,de1c2107-70c8-4021-8459-6399f24d01c6,cbf30902-517f-40dc-af90-a550bac27cf1,5c601d96-e4c7-4698-991b-7ee674b11079
2026-8-31 15:09:46-debug:   Number of all scenes: 1
2026-8-31 15:09:46-debug:   Number of other assets: 318
2026-8-31 15:09:46-debug: Init bundle root assets success..., progress: 0%
2026-8-31 15:09:46-debug:   Number of all scripts: 7
2026-8-31 15:09:46-debug: // ---- build task 查询 Asset Bundle ---- (11ms)
2026-8-31 15:09:46-debug: [Build Memory track]: 查询 Asset Bundle start:226.61MB, end 226.33MB, increase: -286.32KB
2026-8-31 15:09:46-log: run build task 查询 Asset Bundle success in 11 ms√, progress: 5%
2026-8-31 15:09:46-debug: // ---- build task 查询 Asset Bundle ----
2026-8-31 15:09:46-debug: 查询 Asset Bundle start, progress: 5%
2026-8-31 15:09:46-debug: // ---- build task 查询 Asset Bundle ---- (8ms)
2026-8-31 15:09:46-log: run build task 查询 Asset Bundle success in 8 ms√, progress: 10%
2026-8-31 15:09:46-debug: // ---- build task 整理部分构建选项内数据到 settings.json ----
2026-8-31 15:09:46-debug: [Build Memory track]: 查询 Asset Bundle start:226.36MB, end 226.46MB, increase: 106.29KB
2026-8-31 15:09:46-debug: 整理部分构建选项内数据到 settings.json start, progress: 10%
2026-8-31 15:09:46-debug: // ---- build task 整理部分构建选项内数据到 settings.json ---- (2ms)
2026-8-31 15:09:46-log: run build task 整理部分构建选项内数据到 settings.json success in 2 ms√, progress: 12%
2026-8-31 15:09:46-debug: 填充脚本数据到 settings.json start, progress: 12%
2026-8-31 15:09:46-debug: [Build Memory track]: 整理部分构建选项内数据到 settings.json start:226.49MB, end 226.52MB, increase: 28.34KB
2026-8-31 15:09:46-debug: // ---- build task 填充脚本数据到 settings.json ----
2026-8-31 15:09:46-debug: // ---- build task 填充脚本数据到 settings.json ---- (5ms)
2026-8-31 15:09:46-log: run build task 填充脚本数据到 settings.json success in 5 ms√, progress: 13%
2026-8-31 15:09:46-debug: 整理部分构建选项内数据到 settings.json start, progress: 13%
2026-8-31 15:09:46-debug: [Build Memory track]: 填充脚本数据到 settings.json start:226.55MB, end 226.58MB, increase: 27.56KB
2026-8-31 15:09:46-debug: // ---- build task 整理部分构建选项内数据到 settings.json ----
2026-8-31 15:09:46-log: run build task 整理部分构建选项内数据到 settings.json success in 8 ms√, progress: 15%
2026-8-31 15:09:46-debug: [Build Memory track]: 整理部分构建选项内数据到 settings.json start:226.61MB, end 226.03MB, increase: -591.67KB
2026-8-31 15:09:46-debug: // ---- build task 整理部分构建选项内数据到 settings.json ---- (8ms)
2026-8-31 15:09:55-debug: refresh db internal success
2026-8-31 15:09:55-debug: refresh db assets success
2026-8-31 15:09:55-debug: Run asset db hook engine-extends:afterRefresh ...
2026-8-31 15:09:55-debug: Run asset db hook engine-extends:afterRefresh success!
2026-8-31 15:09:55-debug: asset-db:refresh-all-database (151ms)
2026-8-31 15:09:55-debug: asset-db:worker-effect-data-processing (7ms)
2026-8-31 15:09:55-debug: asset-db-hook-engine-extends-afterRefresh (7ms)
2026-8-31 15:11:08-debug: refresh db internal success
2026-8-31 15:11:08-debug: refresh db assets success
2026-8-31 15:11:08-debug: Run asset db hook engine-extends:afterRefresh ...
2026-8-31 15:11:08-debug: Run asset db hook engine-extends:afterRefresh success!
2026-8-31 15:11:08-debug: asset-db:refresh-all-database (105ms)
2026-8-31 15:11:08-debug: asset-db:worker-effect-data-processing (2ms)
2026-8-31 15:11:08-debug: asset-db-hook-engine-extends-afterRefresh (2ms)
2026-8-31 15:12:11-debug: refresh db internal success
2026-8-31 15:12:11-debug: refresh db assets success
2026-8-31 15:12:11-debug: Run asset db hook engine-extends:afterRefresh ...
2026-8-31 15:12:11-debug: Run asset db hook engine-extends:afterRefresh success!
2026-8-31 15:12:11-debug: asset-db:worker-effect-data-processing (2ms)
2026-8-31 15:12:11-debug: asset-db-hook-engine-extends-afterRefresh (3ms)
2026-8-31 15:12:11-debug: asset-db:refresh-all-database (230ms)
2026-8-31 15:16:39-debug: refresh db internal success
2026-8-31 15:16:39-debug: %cImport%c: D:\GameByself\Cocos\Project1\assets\Scripts\Car.tsbackground: #aaff85; color: #000;color: #000;
2026-8-31 15:16:39-debug: refresh db assets success
2026-8-31 15:16:39-debug: Run asset db hook engine-extends:afterRefresh ...
2026-8-31 15:16:39-debug: Run asset db hook engine-extends:afterRefresh success!
2026-8-31 15:16:39-debug: asset-db:refresh-all-database (106ms)
2026-8-31 15:16:39-debug: asset-db:worker-effect-data-processing (2ms)
2026-8-31 15:16:39-debug: asset-db-hook-engine-extends-afterRefresh (2ms)
2026-8-31 15:17:08-debug: refresh db internal success
2026-8-31 15:17:08-debug: refresh db assets success
2026-8-31 15:17:08-debug: Run asset db hook engine-extends:afterRefresh ...
2026-8-31 15:17:08-debug: Run asset db hook engine-extends:afterRefresh success!
2026-8-31 15:17:08-debug: asset-db:refresh-all-database (119ms)
2026-8-31 15:17:08-debug: asset-db:worker-effect-data-processing (2ms)
2026-8-31 15:17:08-debug: asset-db-hook-engine-extends-afterRefresh (3ms)
2026-8-31 15:17:33-debug: Query all assets info in project
2026-8-31 15:17:33-debug: init custom config: keepNodeUuid: false, useCache: true
2026-8-31 15:17:33-debug: Skip compress image, progress: 0%
2026-8-31 15:17:33-debug: Init all bundles start..., progress: 0%
2026-8-31 15:17:33-debug: // ---- build task 查询 Asset Bundle ----
2026-8-31 15:17:33-debug: 查询 Asset Bundle start, progress: 0%
2026-8-31 15:17:33-debug: Init bundle root assets start..., progress: 0%
2026-8-31 15:17:33-debug: Num of bundles: 3..., progress: 0%
2026-8-31 15:17:33-debug: Query preload assets/scripts from cc.config.json: 60f7195c-ec2a-45eb-ba94-8955f60e81d0,1c02ae6f-4492-4915-b8f8-7492a3b1e4cd,810e96e4-e456-4468-9b59-f4e8f39732c0,efe8e2a3-eace-427b-b4f1-cb8a937ec77d,e9aa9a3e-5b2b-4ac7-a2c7-073de2b2b24f,8bbdbcdd-5cd4-4100-b6d5-b7c9625b6107,50f4348b-c883-4e2f-8f11-ce233b859fa1,fda095cb-831d-4601-ad94-846013963de8,f92806d7-1768-443f-afe8-12bcde84d0f0,dd3a144d-ab7f-41f0-82b8-2e43a090d496,f0416e68-0200-4b77-a926-4f9d16e494da,511d2633-09a7-4bdd-ac42-f778032124b3,5d45aa00-e064-4938-b314-4265f0c2258c,9361fd90-ba52-4f84-aa93-6e878fd576ca,970b0598-bcb0-4714-91fb-2e81440dccd8,bcd64cc6-2dd9-43f6-abbe-66318d332032,d930590d-bb92-4cc8-8bd1-23cd027f9edf,a3cd009f-0ab0-420d-9278-b9fdab939bbc,6a2d0734-bd9e-4ddf-946e-caa52498cb75,c27215d8-6835-4b68-bfbb-bdeac6100c04,b5d6115f-0370-4d7c-aad3-c194cc71cf98,d1346436-ac96-4271-b863-1f4fdead95b0,971bdb23-3ff6-43eb-b422-1c30165a3663,17debcc3-0a6b-4b8a-b00b-dc58b885581e,711ebe11-f673-4cd9-9a83-63c60ba54c5b,c0143906-9aed-447e-9436-2ae8512d1b6e,14da1725-c4c2-42b4-ab08-ee0aeb6898b3,081cab31-dccd-428e-8652-f2404cc81c47,78e0584a-4343-4727-8f37-e14e65c2a2db,ba21476f-2866-4f81-9c4d-6e359316e448,871c3b6c-7379-419d-bda3-794b239ab90d,1d08ef62-a503-4ce2-8b9a-46c90873f7d3,ff9b0199-ce04-4cfe-86cc-6c719f08d6e4,de1c2107-70c8-4021-8459-6399f24d01c6,cbf30902-517f-40dc-af90-a550bac27cf1,5c601d96-e4c7-4698-991b-7ee674b11079
2026-8-31 15:17:33-debug:   Number of other assets: 318
2026-8-31 15:17:33-debug: Init bundle root assets success..., progress: 0%
2026-8-31 15:17:33-debug:   Number of all scripts: 7
2026-8-31 15:17:33-debug:   Number of all scenes: 1
2026-8-31 15:17:33-log: run build task 查询 Asset Bundle success in 9 ms√, progress: 5%
2026-8-31 15:17:33-debug: [Build Memory track]: 查询 Asset Bundle start:232.35MB, end 232.22MB, increase: -138.05KB
2026-8-31 15:17:33-debug: 查询 Asset Bundle start, progress: 5%
2026-8-31 15:17:33-debug: // ---- build task 查询 Asset Bundle ----
2026-8-31 15:17:33-debug: // ---- build task 查询 Asset Bundle ---- (9ms)
2026-8-31 15:17:33-debug: // ---- build task 查询 Asset Bundle ---- (4ms)
2026-8-31 15:17:33-log: run build task 查询 Asset Bundle success in 4 ms√, progress: 10%
2026-8-31 15:17:33-debug: // ---- build task 整理部分构建选项内数据到 settings.json ----
2026-8-31 15:17:33-debug: [Build Memory track]: 查询 Asset Bundle start:232.25MB, end 232.35MB, increase: 105.87KB
2026-8-31 15:17:33-debug: 整理部分构建选项内数据到 settings.json start, progress: 10%
2026-8-31 15:17:33-debug: // ---- build task 整理部分构建选项内数据到 settings.json ---- (2ms)
2026-8-31 15:17:33-debug: [Build Memory track]: 整理部分构建选项内数据到 settings.json start:232.39MB, end 231.66MB, increase: -745.65KB
2026-8-31 15:17:33-log: run build task 整理部分构建选项内数据到 settings.json success in 2 ms√, progress: 12%
2026-8-31 15:17:33-debug: // ---- build task 填充脚本数据到 settings.json ----
2026-8-31 15:17:33-debug: 填充脚本数据到 settings.json start, progress: 12%
2026-8-31 15:17:33-debug: // ---- build task 填充脚本数据到 settings.json ---- (3ms)
2026-8-31 15:17:33-log: run build task 填充脚本数据到 settings.json success in 3 ms√, progress: 13%
2026-8-31 15:17:33-debug: 整理部分构建选项内数据到 settings.json start, progress: 13%
2026-8-31 15:17:33-debug: [Build Memory track]: 填充脚本数据到 settings.json start:231.69MB, end 231.72MB, increase: 27.59KB
2026-8-31 15:17:33-debug: // ---- build task 整理部分构建选项内数据到 settings.json ----
2026-8-31 15:17:33-debug: // ---- build task 整理部分构建选项内数据到 settings.json ---- (6ms)
2026-8-31 15:17:33-log: run build task 整理部分构建选项内数据到 settings.json success in 6 ms√, progress: 15%
2026-8-31 15:17:33-debug: [Build Memory track]: 整理部分构建选项内数据到 settings.json start:231.75MB, end 231.87MB, increase: 128.57KB
2026-8-31 15:17:46-debug: refresh db internal success
2026-8-31 15:17:46-debug: refresh db assets success
2026-8-31 15:17:46-debug: Run asset db hook engine-extends:afterRefresh ...
2026-8-31 15:17:46-debug: Run asset db hook engine-extends:afterRefresh success!
2026-8-31 15:17:46-debug: asset-db:refresh-all-database (212ms)
2026-8-31 15:17:46-debug: asset-db:worker-effect-data-processing (5ms)
2026-8-31 15:17:46-debug: asset-db-hook-engine-extends-afterRefresh (5ms)
2026-8-31 15:17:51-debug: Query all assets info in project
2026-8-31 15:17:51-debug: init custom config: keepNodeUuid: false, useCache: true
2026-8-31 15:17:51-debug: Skip compress image, progress: 0%
2026-8-31 15:17:51-debug: Init all bundles start..., progress: 0%
2026-8-31 15:17:51-debug: 查询 Asset Bundle start, progress: 0%
2026-8-31 15:17:51-debug: // ---- build task 查询 Asset Bundle ----
2026-8-31 15:17:51-debug: Num of bundles: 3..., progress: 0%
2026-8-31 15:17:51-debug: Init bundle root assets start..., progress: 0%
2026-8-31 15:17:51-debug: Query preload assets/scripts from cc.config.json: 60f7195c-ec2a-45eb-ba94-8955f60e81d0,1c02ae6f-4492-4915-b8f8-7492a3b1e4cd,810e96e4-e456-4468-9b59-f4e8f39732c0,efe8e2a3-eace-427b-b4f1-cb8a937ec77d,e9aa9a3e-5b2b-4ac7-a2c7-073de2b2b24f,8bbdbcdd-5cd4-4100-b6d5-b7c9625b6107,50f4348b-c883-4e2f-8f11-ce233b859fa1,fda095cb-831d-4601-ad94-846013963de8,f92806d7-1768-443f-afe8-12bcde84d0f0,dd3a144d-ab7f-41f0-82b8-2e43a090d496,f0416e68-0200-4b77-a926-4f9d16e494da,511d2633-09a7-4bdd-ac42-f778032124b3,5d45aa00-e064-4938-b314-4265f0c2258c,9361fd90-ba52-4f84-aa93-6e878fd576ca,970b0598-bcb0-4714-91fb-2e81440dccd8,bcd64cc6-2dd9-43f6-abbe-66318d332032,d930590d-bb92-4cc8-8bd1-23cd027f9edf,a3cd009f-0ab0-420d-9278-b9fdab939bbc,6a2d0734-bd9e-4ddf-946e-caa52498cb75,c27215d8-6835-4b68-bfbb-bdeac6100c04,b5d6115f-0370-4d7c-aad3-c194cc71cf98,d1346436-ac96-4271-b863-1f4fdead95b0,971bdb23-3ff6-43eb-b422-1c30165a3663,17debcc3-0a6b-4b8a-b00b-dc58b885581e,711ebe11-f673-4cd9-9a83-63c60ba54c5b,c0143906-9aed-447e-9436-2ae8512d1b6e,14da1725-c4c2-42b4-ab08-ee0aeb6898b3,081cab31-dccd-428e-8652-f2404cc81c47,78e0584a-4343-4727-8f37-e14e65c2a2db,ba21476f-2866-4f81-9c4d-6e359316e448,871c3b6c-7379-419d-bda3-794b239ab90d,1d08ef62-a503-4ce2-8b9a-46c90873f7d3,ff9b0199-ce04-4cfe-86cc-6c719f08d6e4,de1c2107-70c8-4021-8459-6399f24d01c6,cbf30902-517f-40dc-af90-a550bac27cf1,5c601d96-e4c7-4698-991b-7ee674b11079
2026-8-31 15:17:51-debug:   Number of all scenes: 1
2026-8-31 15:17:51-debug:   Number of all scripts: 7
2026-8-31 15:17:51-debug: Init bundle root assets success..., progress: 0%
2026-8-31 15:17:51-debug:   Number of other assets: 318
2026-8-31 15:17:51-debug: // ---- build task 查询 Asset Bundle ---- (8ms)
2026-8-31 15:17:51-debug: [Build Memory track]: 查询 Asset Bundle start:233.53MB, end 233.29MB, increase: -246.90KB
2026-8-31 15:17:51-debug: 查询 Asset Bundle start, progress: 5%
2026-8-31 15:17:51-log: run build task 查询 Asset Bundle success in 8 ms√, progress: 5%
2026-8-31 15:17:51-debug: // ---- build task 查询 Asset Bundle ----
2026-8-31 15:17:51-debug: // ---- build task 查询 Asset Bundle ---- (2ms)
2026-8-31 15:17:51-log: run build task 查询 Asset Bundle success in 2 ms√, progress: 10%
2026-8-31 15:17:51-debug: // ---- build task 整理部分构建选项内数据到 settings.json ----
2026-8-31 15:17:51-debug: [Build Memory track]: 查询 Asset Bundle start:233.32MB, end 233.42MB, increase: 104.18KB
2026-8-31 15:17:51-debug: 整理部分构建选项内数据到 settings.json start, progress: 10%
2026-8-31 15:17:51-debug: // ---- build task 整理部分构建选项内数据到 settings.json ---- (1ms)
2026-8-31 15:17:51-log: run build task 整理部分构建选项内数据到 settings.json success in 1 ms√, progress: 12%
2026-8-31 15:17:51-debug: 填充脚本数据到 settings.json start, progress: 12%
2026-8-31 15:17:51-debug: [Build Memory track]: 整理部分构建选项内数据到 settings.json start:233.45MB, end 233.48MB, increase: 28.21KB
2026-8-31 15:17:51-debug: // ---- build task 填充脚本数据到 settings.json ----
2026-8-31 15:17:51-debug: // ---- build task 填充脚本数据到 settings.json ---- (2ms)
2026-8-31 15:17:51-debug: [Build Memory track]: 填充脚本数据到 settings.json start:233.51MB, end 233.54MB, increase: 27.50KB
2026-8-31 15:17:51-log: run build task 填充脚本数据到 settings.json success in 2 ms√, progress: 13%
2026-8-31 15:17:51-debug: 整理部分构建选项内数据到 settings.json start, progress: 13%
2026-8-31 15:17:51-debug: // ---- build task 整理部分构建选项内数据到 settings.json ----
2026-8-31 15:17:51-debug: // ---- build task 整理部分构建选项内数据到 settings.json ---- (6ms)
2026-8-31 15:17:51-log: run build task 整理部分构建选项内数据到 settings.json success in 6 ms√, progress: 15%
2026-8-31 15:17:51-debug: [Build Memory track]: 整理部分构建选项内数据到 settings.json start:233.57MB, end 232.95MB, increase: -633.93KB
2026-8-31 15:18:09-debug: refresh db internal success
2026-8-31 15:18:09-debug: refresh db assets success
2026-8-31 15:18:09-debug: Run asset db hook engine-extends:afterRefresh ...
2026-8-31 15:18:09-debug: Run asset db hook engine-extends:afterRefresh success!
2026-8-31 15:18:09-debug: asset-db:refresh-all-database (215ms)
2026-8-31 15:18:09-debug: asset-db:worker-effect-data-processing (4ms)
2026-8-31 15:18:09-debug: asset-db-hook-engine-extends-afterRefresh (5ms)
2026-8-31 15:18:14-debug: refresh db internal success
2026-8-31 15:18:14-debug: refresh db assets success
2026-8-31 15:18:14-debug: Run asset db hook engine-extends:afterRefresh ...
2026-8-31 15:18:14-debug: Run asset db hook engine-extends:afterRefresh success!
2026-8-31 15:18:14-debug: asset-db:refresh-all-database (103ms)
2026-8-31 15:18:14-debug: asset-db:worker-effect-data-processing (2ms)
2026-8-31 15:18:14-debug: asset-db-hook-engine-extends-afterRefresh (3ms)
2026-8-31 15:18:19-debug: refresh db internal success
2026-8-31 15:18:19-debug: refresh db assets success
2026-8-31 15:18:19-debug: Run asset db hook engine-extends:afterRefresh ...
2026-8-31 15:18:19-debug: Run asset db hook engine-extends:afterRefresh success!
2026-8-31 15:18:19-debug: asset-db:refresh-all-database (111ms)
2026-8-31 15:18:19-debug: asset-db:worker-effect-data-processing (1ms)
2026-8-31 15:18:19-debug: asset-db-hook-engine-extends-afterRefresh (2ms)
2026-8-31 15:18:32-debug: refresh db internal success
2026-8-31 15:18:32-debug: refresh db assets success
2026-8-31 15:18:32-debug: Run asset db hook engine-extends:afterRefresh ...
2026-8-31 15:18:32-debug: Run asset db hook engine-extends:afterRefresh success!
2026-8-31 15:18:32-debug: asset-db:refresh-all-database (98ms)
2026-8-31 15:18:32-debug: asset-db:worker-effect-data-processing (1ms)
2026-8-31 15:18:32-debug: asset-db-hook-engine-extends-afterRefresh (1ms)
2026-8-31 15:19:00-debug: refresh db internal success
2026-8-31 15:19:00-debug: refresh db assets success
2026-8-31 15:19:00-debug: Run asset db hook engine-extends:afterRefresh ...
2026-8-31 15:19:00-debug: Run asset db hook engine-extends:afterRefresh success!
2026-8-31 15:19:00-debug: asset-db:refresh-all-database (104ms)
2026-8-31 15:19:00-debug: asset-db:worker-effect-data-processing (2ms)
2026-8-31 15:19:00-debug: asset-db-hook-engine-extends-afterRefresh (2ms)
2026-8-31 15:20:06-debug: %cImport%c: D:\GameByself\Cocos\Project1\assets\Scenes\scene.scenebackground: #aaff85; color: #000;color: #000;
2026-8-31 15:20:06-debug: asset-db:reimport-assetcb02e093-8bba-4046-8e6e-d0462e7be5da (14ms)
2026-8-31 15:20:14-debug: %cImport%c: D:\GameByself\Cocos\Project1\assets\Scenes\scene.scenebackground: #aaff85; color: #000;color: #000;
2026-8-31 15:20:14-debug: asset-db:reimport-assetcb02e093-8bba-4046-8e6e-d0462e7be5da (15ms)
2026-8-31 15:20:16-debug: Query all assets info in project
2026-8-31 15:20:16-debug: init custom config: keepNodeUuid: false, useCache: true
2026-8-31 15:20:16-debug: Skip compress image, progress: 0%
2026-8-31 15:20:16-debug: Init all bundles start..., progress: 0%
2026-8-31 15:20:16-debug: // ---- build task 查询 Asset Bundle ----
2026-8-31 15:20:16-debug: 查询 Asset Bundle start, progress: 0%
2026-8-31 15:20:16-debug: Num of bundles: 3..., progress: 0%
2026-8-31 15:20:16-debug: Init bundle root assets start..., progress: 0%
2026-8-31 15:20:16-debug: Query preload assets/scripts from cc.config.json: 60f7195c-ec2a-45eb-ba94-8955f60e81d0,1c02ae6f-4492-4915-b8f8-7492a3b1e4cd,810e96e4-e456-4468-9b59-f4e8f39732c0,efe8e2a3-eace-427b-b4f1-cb8a937ec77d,e9aa9a3e-5b2b-4ac7-a2c7-073de2b2b24f,8bbdbcdd-5cd4-4100-b6d5-b7c9625b6107,50f4348b-c883-4e2f-8f11-ce233b859fa1,fda095cb-831d-4601-ad94-846013963de8,f92806d7-1768-443f-afe8-12bcde84d0f0,dd3a144d-ab7f-41f0-82b8-2e43a090d496,f0416e68-0200-4b77-a926-4f9d16e494da,511d2633-09a7-4bdd-ac42-f778032124b3,5d45aa00-e064-4938-b314-4265f0c2258c,9361fd90-ba52-4f84-aa93-6e878fd576ca,970b0598-bcb0-4714-91fb-2e81440dccd8,bcd64cc6-2dd9-43f6-abbe-66318d332032,d930590d-bb92-4cc8-8bd1-23cd027f9edf,a3cd009f-0ab0-420d-9278-b9fdab939bbc,6a2d0734-bd9e-4ddf-946e-caa52498cb75,c27215d8-6835-4b68-bfbb-bdeac6100c04,b5d6115f-0370-4d7c-aad3-c194cc71cf98,d1346436-ac96-4271-b863-1f4fdead95b0,971bdb23-3ff6-43eb-b422-1c30165a3663,17debcc3-0a6b-4b8a-b00b-dc58b885581e,711ebe11-f673-4cd9-9a83-63c60ba54c5b,c0143906-9aed-447e-9436-2ae8512d1b6e,14da1725-c4c2-42b4-ab08-ee0aeb6898b3,081cab31-dccd-428e-8652-f2404cc81c47,78e0584a-4343-4727-8f37-e14e65c2a2db,ba21476f-2866-4f81-9c4d-6e359316e448,871c3b6c-7379-419d-bda3-794b239ab90d,1d08ef62-a503-4ce2-8b9a-46c90873f7d3,ff9b0199-ce04-4cfe-86cc-6c719f08d6e4,de1c2107-70c8-4021-8459-6399f24d01c6,cbf30902-517f-40dc-af90-a550bac27cf1,5c601d96-e4c7-4698-991b-7ee674b11079
2026-8-31 15:20:16-debug:   Number of all scenes: 1
2026-8-31 15:20:17-debug:   Number of all scripts: 7
2026-8-31 15:20:17-debug: Init bundle root assets success..., progress: 0%
2026-8-31 15:20:17-debug:   Number of other assets: 318
2026-8-31 15:20:17-debug: // ---- build task 查询 Asset Bundle ---- (8ms)
2026-8-31 15:20:17-log: run build task 查询 Asset Bundle success in 8 ms√, progress: 5%
2026-8-31 15:20:17-debug: [Build Memory track]: 查询 Asset Bundle start:238.12MB, end 237.91MB, increase: -221.25KB
2026-8-31 15:20:17-debug: 查询 Asset Bundle start, progress: 5%
2026-8-31 15:20:17-debug: // ---- build task 查询 Asset Bundle ----
2026-8-31 15:20:17-debug: // ---- build task 查询 Asset Bundle ---- (5ms)
2026-8-31 15:20:17-log: run build task 查询 Asset Bundle success in 5 ms√, progress: 10%
2026-8-31 15:20:17-debug: // ---- build task 整理部分构建选项内数据到 settings.json ----
2026-8-31 15:20:17-debug: [Build Memory track]: 查询 Asset Bundle start:237.94MB, end 238.04MB, increase: 104.18KB
2026-8-31 15:20:17-debug: 整理部分构建选项内数据到 settings.json start, progress: 10%
2026-8-31 15:20:17-debug: // ---- build task 整理部分构建选项内数据到 settings.json ---- (2ms)
2026-8-31 15:20:17-debug: [Build Memory track]: 整理部分构建选项内数据到 settings.json start:238.07MB, end 238.10MB, increase: 28.18KB
2026-8-31 15:20:17-log: run build task 整理部分构建选项内数据到 settings.json success in 2 ms√, progress: 12%
2026-8-31 15:20:17-debug: 填充脚本数据到 settings.json start, progress: 12%
2026-8-31 15:20:17-debug: // ---- build task 填充脚本数据到 settings.json ----
2026-8-31 15:20:17-debug: // ---- build task 填充脚本数据到 settings.json ---- (3ms)
2026-8-31 15:20:17-debug: [Build Memory track]: 填充脚本数据到 settings.json start:238.13MB, end 238.16MB, increase: 27.53KB
2026-8-31 15:20:17-log: run build task 填充脚本数据到 settings.json success in 3 ms√, progress: 13%
2026-8-31 15:20:17-debug: 整理部分构建选项内数据到 settings.json start, progress: 13%
2026-8-31 15:20:17-debug: // ---- build task 整理部分构建选项内数据到 settings.json ----
2026-8-31 15:20:17-debug: // ---- build task 整理部分构建选项内数据到 settings.json ---- (10ms)
2026-8-31 15:20:17-log: run build task 整理部分构建选项内数据到 settings.json success in 10 ms√, progress: 15%
2026-8-31 15:20:17-debug: [Build Memory track]: 整理部分构建选项内数据到 settings.json start:238.19MB, end 238.32MB, increase: 132.66KB
2026-8-31 15:20:23-debug: Query all assets info in project
2026-8-31 15:20:23-debug: init custom config: keepNodeUuid: false, useCache: true
2026-8-31 15:20:23-debug: Skip compress image, progress: 0%
2026-8-31 15:20:23-debug: Init all bundles start..., progress: 0%
2026-8-31 15:20:23-debug: // ---- build task 查询 Asset Bundle ----
2026-8-31 15:20:23-debug: Num of bundles: 3..., progress: 0%
2026-8-31 15:20:23-debug: 查询 Asset Bundle start, progress: 0%
2026-8-31 15:20:23-debug: Init bundle root assets start..., progress: 0%
2026-8-31 15:20:23-debug: Query preload assets/scripts from cc.config.json: 60f7195c-ec2a-45eb-ba94-8955f60e81d0,1c02ae6f-4492-4915-b8f8-7492a3b1e4cd,810e96e4-e456-4468-9b59-f4e8f39732c0,efe8e2a3-eace-427b-b4f1-cb8a937ec77d,e9aa9a3e-5b2b-4ac7-a2c7-073de2b2b24f,8bbdbcdd-5cd4-4100-b6d5-b7c9625b6107,50f4348b-c883-4e2f-8f11-ce233b859fa1,fda095cb-831d-4601-ad94-846013963de8,f92806d7-1768-443f-afe8-12bcde84d0f0,dd3a144d-ab7f-41f0-82b8-2e43a090d496,f0416e68-0200-4b77-a926-4f9d16e494da,511d2633-09a7-4bdd-ac42-f778032124b3,5d45aa00-e064-4938-b314-4265f0c2258c,9361fd90-ba52-4f84-aa93-6e878fd576ca,970b0598-bcb0-4714-91fb-2e81440dccd8,bcd64cc6-2dd9-43f6-abbe-66318d332032,d930590d-bb92-4cc8-8bd1-23cd027f9edf,a3cd009f-0ab0-420d-9278-b9fdab939bbc,6a2d0734-bd9e-4ddf-946e-caa52498cb75,c27215d8-6835-4b68-bfbb-bdeac6100c04,b5d6115f-0370-4d7c-aad3-c194cc71cf98,d1346436-ac96-4271-b863-1f4fdead95b0,971bdb23-3ff6-43eb-b422-1c30165a3663,17debcc3-0a6b-4b8a-b00b-dc58b885581e,711ebe11-f673-4cd9-9a83-63c60ba54c5b,c0143906-9aed-447e-9436-2ae8512d1b6e,14da1725-c4c2-42b4-ab08-ee0aeb6898b3,081cab31-dccd-428e-8652-f2404cc81c47,78e0584a-4343-4727-8f37-e14e65c2a2db,ba21476f-2866-4f81-9c4d-6e359316e448,871c3b6c-7379-419d-bda3-794b239ab90d,1d08ef62-a503-4ce2-8b9a-46c90873f7d3,ff9b0199-ce04-4cfe-86cc-6c719f08d6e4,de1c2107-70c8-4021-8459-6399f24d01c6,cbf30902-517f-40dc-af90-a550bac27cf1,5c601d96-e4c7-4698-991b-7ee674b11079
2026-8-31 15:20:23-debug:   Number of all scenes: 1
2026-8-31 15:20:23-debug:   Number of all scripts: 7
2026-8-31 15:20:23-debug: Init bundle root assets success..., progress: 0%
2026-8-31 15:20:23-debug:   Number of other assets: 318
2026-8-31 15:20:23-debug: // ---- build task 查询 Asset Bundle ---- (9ms)
2026-8-31 15:20:23-log: run build task 查询 Asset Bundle success in 9 ms√, progress: 5%
2026-8-31 15:20:23-debug: [Build Memory track]: 查询 Asset Bundle start:237.93MB, end 237.70MB, increase: -239.45KB
2026-8-31 15:20:23-debug: 查询 Asset Bundle start, progress: 5%
2026-8-31 15:20:23-debug: // ---- build task 查询 Asset Bundle ----
2026-8-31 15:20:23-debug: // ---- build task 查询 Asset Bundle ---- (5ms)
2026-8-31 15:20:23-log: run build task 查询 Asset Bundle success in 5 ms√, progress: 10%
2026-8-31 15:20:23-debug: [Build Memory track]: 查询 Asset Bundle start:237.73MB, end 237.83MB, increase: 104.15KB
2026-8-31 15:20:23-debug: 整理部分构建选项内数据到 settings.json start, progress: 10%
2026-8-31 15:20:23-debug: // ---- build task 整理部分构建选项内数据到 settings.json ----
2026-8-31 15:20:23-debug: // ---- build task 整理部分构建选项内数据到 settings.json ---- (2ms)
2026-8-31 15:20:23-log: run build task 整理部分构建选项内数据到 settings.json success in 2 ms√, progress: 12%
2026-8-31 15:20:23-debug: [Build Memory track]: 整理部分构建选项内数据到 settings.json start:237.86MB, end 237.89MB, increase: 28.18KB
2026-8-31 15:20:23-debug: 填充脚本数据到 settings.json start, progress: 12%
2026-8-31 15:20:23-debug: // ---- build task 填充脚本数据到 settings.json ----
2026-8-31 15:20:23-log: run build task 填充脚本数据到 settings.json success in 3 ms√, progress: 13%
2026-8-31 15:20:23-debug: 整理部分构建选项内数据到 settings.json start, progress: 13%
2026-8-31 15:20:23-debug: // ---- build task 填充脚本数据到 settings.json ---- (3ms)
2026-8-31 15:20:23-debug: [Build Memory track]: 填充脚本数据到 settings.json start:237.92MB, end 237.95MB, increase: 27.53KB
2026-8-31 15:20:23-debug: // ---- build task 整理部分构建选项内数据到 settings.json ----
2026-8-31 15:20:23-debug: // ---- build task 整理部分构建选项内数据到 settings.json ---- (7ms)
2026-8-31 15:20:23-log: run build task 整理部分构建选项内数据到 settings.json success in 7 ms√, progress: 15%
2026-8-31 15:20:23-debug: [Build Memory track]: 整理部分构建选项内数据到 settings.json start:237.98MB, end 238.11MB, increase: 127.86KB
2026-8-31 15:20:35-debug: refresh db internal success
2026-8-31 15:20:35-debug: refresh db assets success
2026-8-31 15:20:35-debug: Run asset db hook engine-extends:afterRefresh ...
2026-8-31 15:20:35-debug: Run asset db hook engine-extends:afterRefresh success!
2026-8-31 15:20:35-debug: asset-db:refresh-all-database (140ms)
2026-8-31 15:20:35-debug: asset-db-hook-engine-extends-afterRefresh (5ms)
2026-8-31 15:20:35-debug: asset-db:worker-effect-data-processing (4ms)
2026-8-31 15:20:40-debug: refresh db internal success
2026-8-31 15:20:40-debug: refresh db assets success
2026-8-31 15:20:40-debug: Run asset db hook engine-extends:afterRefresh ...
2026-8-31 15:20:40-debug: Run asset db hook engine-extends:afterRefresh success!
2026-8-31 15:20:40-debug: asset-db:refresh-all-database (101ms)
2026-8-31 15:20:40-debug: asset-db:worker-effect-data-processing (2ms)
2026-8-31 15:20:40-debug: asset-db-hook-engine-extends-afterRefresh (3ms)
2026-8-31 15:21:04-debug: refresh db internal success
2026-8-31 15:21:04-debug: refresh db assets success
2026-8-31 15:21:04-debug: Run asset db hook engine-extends:afterRefresh success!
2026-8-31 15:21:04-debug: Run asset db hook engine-extends:afterRefresh ...
2026-8-31 15:21:04-debug: asset-db:refresh-all-database (98ms)
2026-8-31 15:21:04-debug: asset-db:worker-effect-data-processing (2ms)
2026-8-31 15:21:04-debug: asset-db-hook-engine-extends-afterRefresh (2ms)
2026-8-31 15:21:42-debug: refresh db internal success
2026-8-31 15:21:42-debug: %cImport%c: D:\GameByself\Cocos\Project1\assets\Scripts\Car.tsbackground: #aaff85; color: #000;color: #000;
2026-8-31 15:21:42-debug: refresh db assets success
2026-8-31 15:21:42-debug: Run asset db hook engine-extends:afterRefresh ...
2026-8-31 15:21:42-debug: Run asset db hook engine-extends:afterRefresh success!
2026-8-31 15:21:42-debug: asset-db:refresh-all-database (109ms)
2026-8-31 15:21:42-debug: asset-db:worker-effect-data-processing (2ms)
2026-8-31 15:21:42-debug: asset-db-hook-engine-extends-afterRefresh (2ms)
2026-8-31 15:21:44-debug: Query all assets info in project
2026-8-31 15:21:44-debug: init custom config: keepNodeUuid: false, useCache: true
2026-8-31 15:21:44-debug: Skip compress image, progress: 0%
2026-8-31 15:21:44-debug: Num of bundles: 3..., progress: 0%
2026-8-31 15:21:44-debug: 查询 Asset Bundle start, progress: 0%
2026-8-31 15:21:44-debug: Init bundle root assets start..., progress: 0%
2026-8-31 15:21:44-debug: Init all bundles start..., progress: 0%
2026-8-31 15:21:44-debug: // ---- build task 查询 Asset Bundle ----
2026-8-31 15:21:44-debug: Query preload assets/scripts from cc.config.json: 60f7195c-ec2a-45eb-ba94-8955f60e81d0,1c02ae6f-4492-4915-b8f8-7492a3b1e4cd,810e96e4-e456-4468-9b59-f4e8f39732c0,efe8e2a3-eace-427b-b4f1-cb8a937ec77d,e9aa9a3e-5b2b-4ac7-a2c7-073de2b2b24f,8bbdbcdd-5cd4-4100-b6d5-b7c9625b6107,50f4348b-c883-4e2f-8f11-ce233b859fa1,fda095cb-831d-4601-ad94-846013963de8,f92806d7-1768-443f-afe8-12bcde84d0f0,dd3a144d-ab7f-41f0-82b8-2e43a090d496,f0416e68-0200-4b77-a926-4f9d16e494da,511d2633-09a7-4bdd-ac42-f778032124b3,5d45aa00-e064-4938-b314-4265f0c2258c,9361fd90-ba52-4f84-aa93-6e878fd576ca,970b0598-bcb0-4714-91fb-2e81440dccd8,bcd64cc6-2dd9-43f6-abbe-66318d332032,d930590d-bb92-4cc8-8bd1-23cd027f9edf,a3cd009f-0ab0-420d-9278-b9fdab939bbc,6a2d0734-bd9e-4ddf-946e-caa52498cb75,c27215d8-6835-4b68-bfbb-bdeac6100c04,b5d6115f-0370-4d7c-aad3-c194cc71cf98,d1346436-ac96-4271-b863-1f4fdead95b0,971bdb23-3ff6-43eb-b422-1c30165a3663,17debcc3-0a6b-4b8a-b00b-dc58b885581e,711ebe11-f673-4cd9-9a83-63c60ba54c5b,c0143906-9aed-447e-9436-2ae8512d1b6e,14da1725-c4c2-42b4-ab08-ee0aeb6898b3,081cab31-dccd-428e-8652-f2404cc81c47,78e0584a-4343-4727-8f37-e14e65c2a2db,ba21476f-2866-4f81-9c4d-6e359316e448,871c3b6c-7379-419d-bda3-794b239ab90d,1d08ef62-a503-4ce2-8b9a-46c90873f7d3,ff9b0199-ce04-4cfe-86cc-6c719f08d6e4,de1c2107-70c8-4021-8459-6399f24d01c6,cbf30902-517f-40dc-af90-a550bac27cf1,5c601d96-e4c7-4698-991b-7ee674b11079
2026-8-31 15:21:44-debug:   Number of all scenes: 1
2026-8-31 15:21:44-debug:   Number of other assets: 318
2026-8-31 15:21:44-debug: Init bundle root assets success..., progress: 0%
2026-8-31 15:21:44-debug:   Number of all scripts: 7
2026-8-31 15:21:44-debug: // ---- build task 查询 Asset Bundle ---- (9ms)
2026-8-31 15:21:44-debug: [Build Memory track]: 查询 Asset Bundle start:242.29MB, end 242.02MB, increase: -280.13KB
2026-8-31 15:21:44-log: run build task 查询 Asset Bundle success in 9 ms√, progress: 5%
2026-8-31 15:21:44-debug: 查询 Asset Bundle start, progress: 5%
2026-8-31 15:21:44-debug: // ---- build task 查询 Asset Bundle ----
2026-8-31 15:21:44-debug: // ---- build task 查询 Asset Bundle ---- (4ms)
2026-8-31 15:21:44-log: run build task 查询 Asset Bundle success in 4 ms√, progress: 10%
2026-8-31 15:21:44-debug: [Build Memory track]: 查询 Asset Bundle start:242.05MB, end 242.15MB, increase: 105.56KB
2026-8-31 15:21:44-debug: 整理部分构建选项内数据到 settings.json start, progress: 10%
2026-8-31 15:21:44-debug: // ---- build task 整理部分构建选项内数据到 settings.json ----
2026-8-31 15:21:44-debug: // ---- build task 整理部分构建选项内数据到 settings.json ---- (2ms)
2026-8-31 15:21:44-log: run build task 整理部分构建选项内数据到 settings.json success in 2 ms√, progress: 12%
2026-8-31 15:21:44-debug: 填充脚本数据到 settings.json start, progress: 12%
2026-8-31 15:21:44-debug: [Build Memory track]: 整理部分构建选项内数据到 settings.json start:242.18MB, end 242.21MB, increase: 28.01KB
2026-8-31 15:21:44-debug: // ---- build task 填充脚本数据到 settings.json ----
2026-8-31 15:21:44-debug: // ---- build task 填充脚本数据到 settings.json ---- (2ms)
2026-8-31 15:21:44-log: run build task 填充脚本数据到 settings.json success in 2 ms√, progress: 13%
2026-8-31 15:21:44-debug: 整理部分构建选项内数据到 settings.json start, progress: 13%
2026-8-31 15:21:44-debug: [Build Memory track]: 填充脚本数据到 settings.json start:242.24MB, end 242.27MB, increase: 27.71KB
2026-8-31 15:21:44-debug: // ---- build task 整理部分构建选项内数据到 settings.json ----
2026-8-31 15:21:44-debug: // ---- build task 整理部分构建选项内数据到 settings.json ---- (7ms)
2026-8-31 15:21:44-log: run build task 整理部分构建选项内数据到 settings.json success in 7 ms√, progress: 15%
2026-8-31 15:21:44-debug: [Build Memory track]: 整理部分构建选项内数据到 settings.json start:242.30MB, end 242.44MB, increase: 146.08KB
2026-8-31 15:21:56-debug: refresh db internal success
2026-8-31 15:21:56-debug: refresh db assets success
2026-8-31 15:21:56-debug: Run asset db hook engine-extends:afterRefresh ...
2026-8-31 15:21:56-debug: Run asset db hook engine-extends:afterRefresh success!
2026-8-31 15:21:56-debug: asset-db:refresh-all-database (160ms)
2026-8-31 15:21:56-debug: asset-db:worker-effect-data-processing (3ms)
2026-8-31 15:21:56-debug: asset-db-hook-engine-extends-afterRefresh (4ms)
2026-8-31 15:22:16-debug: refresh db internal success
2026-8-31 15:22:16-debug: refresh db assets success
2026-8-31 15:22:16-debug: Run asset db hook engine-extends:afterRefresh ...
2026-8-31 15:22:16-debug: Run asset db hook engine-extends:afterRefresh success!
2026-8-31 15:22:16-debug: asset-db:refresh-all-database (99ms)
2026-8-31 15:22:16-debug: asset-db:worker-effect-data-processing (1ms)
2026-8-31 15:22:16-debug: asset-db-hook-engine-extends-afterRefresh (3ms)
2026-8-31 15:22:18-debug: refresh db internal success
2026-8-31 15:22:18-debug: refresh db assets success
2026-8-31 15:22:18-debug: Run asset db hook engine-extends:afterRefresh ...
2026-8-31 15:22:18-debug: Run asset db hook engine-extends:afterRefresh success!
2026-8-31 15:22:18-debug: asset-db:refresh-all-database (128ms)
2026-8-31 15:22:18-debug: asset-db:worker-effect-data-processing (3ms)
2026-8-31 15:22:18-debug: asset-db-hook-engine-extends-afterRefresh (3ms)
2026-8-31 15:23:43-debug: refresh db internal success
2026-8-31 15:23:43-debug: %cImport%c: D:\GameByself\Cocos\Project1\assets\Scripts\Car.tsbackground: #aaff85; color: #000;color: #000;
2026-8-31 15:23:43-debug: refresh db assets success
2026-8-31 15:23:43-debug: Run asset db hook engine-extends:afterRefresh success!
2026-8-31 15:23:43-debug: Run asset db hook engine-extends:afterRefresh ...
2026-8-31 15:23:43-debug: asset-db:refresh-all-database (115ms)
2026-8-31 15:23:43-debug: asset-db:worker-effect-data-processing (2ms)
2026-8-31 15:23:43-debug: asset-db-hook-engine-extends-afterRefresh (3ms)
2026-8-31 15:23:47-debug: refresh db internal success
2026-8-31 15:23:47-debug: refresh db assets success
2026-8-31 15:23:47-debug: Run asset db hook engine-extends:afterRefresh ...
2026-8-31 15:23:47-debug: Run asset db hook engine-extends:afterRefresh success!
2026-8-31 15:23:47-debug: asset-db:refresh-all-database (111ms)
2026-8-31 15:23:47-debug: asset-db:worker-effect-data-processing (3ms)
2026-8-31 15:23:47-debug: asset-db-hook-engine-extends-afterRefresh (3ms)
2026-8-31 15:23:55-debug: refresh db internal success
2026-8-31 15:23:55-debug: refresh db assets success
2026-8-31 15:23:55-debug: Run asset db hook engine-extends:afterRefresh ...
2026-8-31 15:23:55-debug: Run asset db hook engine-extends:afterRefresh success!
2026-8-31 15:23:55-debug: asset-db:refresh-all-database (99ms)
2026-8-31 15:23:55-debug: asset-db:worker-effect-data-processing (1ms)
2026-8-31 15:23:55-debug: asset-db-hook-engine-extends-afterRefresh (1ms)
2026-8-31 15:23:57-debug: %cImport%c: D:\GameByself\Cocos\Project1\assets\Scenes\scene.scenebackground: #aaff85; color: #000;color: #000;
2026-8-31 15:23:57-debug: asset-db:reimport-assetcb02e093-8bba-4046-8e6e-d0462e7be5da (15ms)
2026-8-31 15:23:58-debug: Query all assets info in project
2026-8-31 15:23:58-debug: init custom config: keepNodeUuid: false, useCache: true
2026-8-31 15:23:58-debug: Skip compress image, progress: 0%
2026-8-31 15:23:58-debug: Init all bundles start..., progress: 0%
2026-8-31 15:23:58-debug: Init bundle root assets start..., progress: 0%
2026-8-31 15:23:58-debug: 查询 Asset Bundle start, progress: 0%
2026-8-31 15:23:58-debug: // ---- build task 查询 Asset Bundle ----
2026-8-31 15:23:58-debug: Num of bundles: 3..., progress: 0%
2026-8-31 15:23:58-debug: Query preload assets/scripts from cc.config.json: 60f7195c-ec2a-45eb-ba94-8955f60e81d0,1c02ae6f-4492-4915-b8f8-7492a3b1e4cd,810e96e4-e456-4468-9b59-f4e8f39732c0,efe8e2a3-eace-427b-b4f1-cb8a937ec77d,e9aa9a3e-5b2b-4ac7-a2c7-073de2b2b24f,8bbdbcdd-5cd4-4100-b6d5-b7c9625b6107,50f4348b-c883-4e2f-8f11-ce233b859fa1,fda095cb-831d-4601-ad94-846013963de8,f92806d7-1768-443f-afe8-12bcde84d0f0,dd3a144d-ab7f-41f0-82b8-2e43a090d496,f0416e68-0200-4b77-a926-4f9d16e494da,511d2633-09a7-4bdd-ac42-f778032124b3,5d45aa00-e064-4938-b314-4265f0c2258c,9361fd90-ba52-4f84-aa93-6e878fd576ca,970b0598-bcb0-4714-91fb-2e81440dccd8,bcd64cc6-2dd9-43f6-abbe-66318d332032,d930590d-bb92-4cc8-8bd1-23cd027f9edf,a3cd009f-0ab0-420d-9278-b9fdab939bbc,6a2d0734-bd9e-4ddf-946e-caa52498cb75,c27215d8-6835-4b68-bfbb-bdeac6100c04,b5d6115f-0370-4d7c-aad3-c194cc71cf98,d1346436-ac96-4271-b863-1f4fdead95b0,971bdb23-3ff6-43eb-b422-1c30165a3663,17debcc3-0a6b-4b8a-b00b-dc58b885581e,711ebe11-f673-4cd9-9a83-63c60ba54c5b,c0143906-9aed-447e-9436-2ae8512d1b6e,14da1725-c4c2-42b4-ab08-ee0aeb6898b3,081cab31-dccd-428e-8652-f2404cc81c47,78e0584a-4343-4727-8f37-e14e65c2a2db,ba21476f-2866-4f81-9c4d-6e359316e448,871c3b6c-7379-419d-bda3-794b239ab90d,1d08ef62-a503-4ce2-8b9a-46c90873f7d3,ff9b0199-ce04-4cfe-86cc-6c719f08d6e4,de1c2107-70c8-4021-8459-6399f24d01c6,cbf30902-517f-40dc-af90-a550bac27cf1,5c601d96-e4c7-4698-991b-7ee674b11079
2026-8-31 15:23:58-debug:   Number of all scripts: 7
2026-8-31 15:23:58-debug:   Number of other assets: 318
2026-8-31 15:23:58-debug: Init bundle root assets success..., progress: 0%
2026-8-31 15:23:58-debug:   Number of all scenes: 1
2026-8-31 15:23:58-debug: // ---- build task 查询 Asset Bundle ---- (10ms)
2026-8-31 15:23:58-log: run build task 查询 Asset Bundle success in 10 ms√, progress: 5%
2026-8-31 15:23:58-debug: [Build Memory track]: 查询 Asset Bundle start:226.77MB, end 226.59MB, increase: -183.21KB
2026-8-31 15:23:58-debug: 查询 Asset Bundle start, progress: 5%
2026-8-31 15:23:58-debug: // ---- build task 查询 Asset Bundle ----
2026-8-31 15:23:58-debug: // ---- build task 查询 Asset Bundle ---- (4ms)
2026-8-31 15:23:58-log: run build task 查询 Asset Bundle success in 4 ms√, progress: 10%
2026-8-31 15:23:58-debug: 整理部分构建选项内数据到 settings.json start, progress: 10%
2026-8-31 15:23:58-debug: [Build Memory track]: 查询 Asset Bundle start:226.62MB, end 226.72MB, increase: 105.11KB
2026-8-31 15:23:58-debug: // ---- build task 整理部分构建选项内数据到 settings.json ----
2026-8-31 15:23:58-debug: // ---- build task 整理部分构建选项内数据到 settings.json ---- (1ms)
2026-8-31 15:23:58-log: run build task 整理部分构建选项内数据到 settings.json success in 1 ms√, progress: 12%
2026-8-31 15:23:58-debug: // ---- build task 填充脚本数据到 settings.json ----
2026-8-31 15:23:58-debug: [Build Memory track]: 整理部分构建选项内数据到 settings.json start:226.75MB, end 226.78MB, increase: 27.96KB
2026-8-31 15:23:58-debug: 填充脚本数据到 settings.json start, progress: 12%
2026-8-31 15:23:58-log: run build task 填充脚本数据到 settings.json success in 2 ms√, progress: 13%
2026-8-31 15:23:58-debug: [Build Memory track]: 填充脚本数据到 settings.json start:226.81MB, end 226.84MB, increase: 27.51KB
2026-8-31 15:23:58-debug: 整理部分构建选项内数据到 settings.json start, progress: 13%
2026-8-31 15:23:58-debug: // ---- build task 填充脚本数据到 settings.json ---- (2ms)
2026-8-31 15:23:58-debug: // ---- build task 整理部分构建选项内数据到 settings.json ----
2026-8-31 15:23:58-debug: // ---- build task 整理部分构建选项内数据到 settings.json ---- (4ms)
2026-8-31 15:23:58-log: run build task 整理部分构建选项内数据到 settings.json success in 4 ms√, progress: 15%
2026-8-31 15:23:58-debug: [Build Memory track]: 整理部分构建选项内数据到 settings.json start:226.87MB, end 227.00MB, increase: 132.81KB
2026-8-31 15:24:05-debug: refresh db internal success
2026-8-31 15:24:05-debug: refresh db assets success
2026-8-31 15:24:05-debug: Run asset db hook engine-extends:afterRefresh ...
2026-8-31 15:24:05-debug: Run asset db hook engine-extends:afterRefresh success!
2026-8-31 15:24:05-debug: asset-db:refresh-all-database (167ms)
2026-8-31 15:24:05-debug: asset-db:worker-effect-data-processing (30ms)
2026-8-31 15:24:05-debug: asset-db-hook-engine-extends-afterRefresh (31ms)
2026-8-31 15:24:16-debug: refresh db internal success
2026-8-31 15:24:16-debug: refresh db assets success
2026-8-31 15:24:16-debug: Run asset db hook engine-extends:afterRefresh ...
2026-8-31 15:24:16-debug: Run asset db hook engine-extends:afterRefresh success!
2026-8-31 15:24:16-debug: asset-db:refresh-all-database (102ms)
2026-8-31 15:24:16-debug: asset-db:worker-effect-data-processing (2ms)
2026-8-31 15:24:16-debug: asset-db-hook-engine-extends-afterRefresh (3ms)
2026-8-31 15:25:19-debug: refresh db internal success
2026-8-31 15:25:19-debug: %cImport%c: D:\GameByself\Cocos\Project1\assets\Scripts\Car.tsbackground: #aaff85; color: #000;color: #000;
2026-8-31 15:25:19-debug: refresh db assets success
2026-8-31 15:25:19-debug: Run asset db hook engine-extends:afterRefresh success!
2026-8-31 15:25:19-debug: Run asset db hook engine-extends:afterRefresh ...
2026-8-31 15:25:19-debug: asset-db:refresh-all-database (152ms)
2026-8-31 15:25:19-debug: asset-db:worker-effect-data-processing (5ms)
2026-8-31 15:25:19-debug: asset-db-hook-engine-extends-afterRefresh (5ms)
2026-8-31 15:25:20-debug: Query all assets info in project
2026-8-31 15:25:20-debug: init custom config: keepNodeUuid: false, useCache: true
2026-8-31 15:25:20-debug: Skip compress image, progress: 0%
2026-8-31 15:25:20-debug: Init all bundles start..., progress: 0%
2026-8-31 15:25:20-debug: // ---- build task 查询 Asset Bundle ----
2026-8-31 15:25:20-debug: 查询 Asset Bundle start, progress: 0%
2026-8-31 15:25:20-debug: Num of bundles: 3..., progress: 0%
2026-8-31 15:25:20-debug: Init bundle root assets start..., progress: 0%
2026-8-31 15:25:20-debug: Query preload assets/scripts from cc.config.json: 60f7195c-ec2a-45eb-ba94-8955f60e81d0,1c02ae6f-4492-4915-b8f8-7492a3b1e4cd,810e96e4-e456-4468-9b59-f4e8f39732c0,efe8e2a3-eace-427b-b4f1-cb8a937ec77d,e9aa9a3e-5b2b-4ac7-a2c7-073de2b2b24f,8bbdbcdd-5cd4-4100-b6d5-b7c9625b6107,50f4348b-c883-4e2f-8f11-ce233b859fa1,fda095cb-831d-4601-ad94-846013963de8,f92806d7-1768-443f-afe8-12bcde84d0f0,dd3a144d-ab7f-41f0-82b8-2e43a090d496,f0416e68-0200-4b77-a926-4f9d16e494da,511d2633-09a7-4bdd-ac42-f778032124b3,5d45aa00-e064-4938-b314-4265f0c2258c,9361fd90-ba52-4f84-aa93-6e878fd576ca,970b0598-bcb0-4714-91fb-2e81440dccd8,bcd64cc6-2dd9-43f6-abbe-66318d332032,d930590d-bb92-4cc8-8bd1-23cd027f9edf,a3cd009f-0ab0-420d-9278-b9fdab939bbc,6a2d0734-bd9e-4ddf-946e-caa52498cb75,c27215d8-6835-4b68-bfbb-bdeac6100c04,b5d6115f-0370-4d7c-aad3-c194cc71cf98,d1346436-ac96-4271-b863-1f4fdead95b0,971bdb23-3ff6-43eb-b422-1c30165a3663,17debcc3-0a6b-4b8a-b00b-dc58b885581e,711ebe11-f673-4cd9-9a83-63c60ba54c5b,c0143906-9aed-447e-9436-2ae8512d1b6e,14da1725-c4c2-42b4-ab08-ee0aeb6898b3,081cab31-dccd-428e-8652-f2404cc81c47,78e0584a-4343-4727-8f37-e14e65c2a2db,ba21476f-2866-4f81-9c4d-6e359316e448,871c3b6c-7379-419d-bda3-794b239ab90d,1d08ef62-a503-4ce2-8b9a-46c90873f7d3,ff9b0199-ce04-4cfe-86cc-6c719f08d6e4,de1c2107-70c8-4021-8459-6399f24d01c6,cbf30902-517f-40dc-af90-a550bac27cf1,5c601d96-e4c7-4698-991b-7ee674b11079
2026-8-31 15:25:20-debug:   Number of all scenes: 1
2026-8-31 15:25:20-debug:   Number of other assets: 318
2026-8-31 15:25:20-debug: Init bundle root assets success..., progress: 0%
2026-8-31 15:25:20-debug:   Number of all scripts: 7
2026-8-31 15:25:20-debug: // ---- build task 查询 Asset Bundle ---- (11ms)
2026-8-31 15:25:20-log: run build task 查询 Asset Bundle success in 11 ms√, progress: 5%
2026-8-31 15:25:20-debug: [Build Memory track]: 查询 Asset Bundle start:229.88MB, end 229.83MB, increase: -49.82KB
2026-8-31 15:25:20-debug: 查询 Asset Bundle start, progress: 5%
2026-8-31 15:25:20-debug: // ---- build task 查询 Asset Bundle ----
2026-8-31 15:25:20-debug: // ---- build task 查询 Asset Bundle ---- (5ms)
2026-8-31 15:25:20-debug: [Build Memory track]: 查询 Asset Bundle start:229.86MB, end 229.98MB, increase: 120.27KB
2026-8-31 15:25:20-debug: // ---- build task 整理部分构建选项内数据到 settings.json ----
2026-8-31 15:25:20-log: run build task 查询 Asset Bundle success in 5 ms√, progress: 10%
2026-8-31 15:25:20-debug: 整理部分构建选项内数据到 settings.json start, progress: 10%
2026-8-31 15:25:20-debug: // ---- build task 整理部分构建选项内数据到 settings.json ---- (3ms)
2026-8-31 15:25:20-log: run build task 整理部分构建选项内数据到 settings.json success in 3 ms√, progress: 12%
2026-8-31 15:25:20-debug: [Build Memory track]: 整理部分构建选项内数据到 settings.json start:230.01MB, end 229.26MB, increase: -766.82KB
2026-8-31 15:25:20-debug: 填充脚本数据到 settings.json start, progress: 12%
2026-8-31 15:25:20-debug: // ---- build task 填充脚本数据到 settings.json ----
2026-8-31 15:25:20-debug: // ---- build task 填充脚本数据到 settings.json ---- (3ms)
2026-8-31 15:25:20-log: run build task 填充脚本数据到 settings.json success in 3 ms√, progress: 13%
2026-8-31 15:25:20-debug: [Build Memory track]: 填充脚本数据到 settings.json start:229.30MB, end 229.32MB, increase: 27.38KB
2026-8-31 15:25:20-debug: 整理部分构建选项内数据到 settings.json start, progress: 13%
2026-8-31 15:25:20-debug: // ---- build task 整理部分构建选项内数据到 settings.json ----
2026-8-31 15:25:20-debug: // ---- build task 整理部分构建选项内数据到 settings.json ---- (6ms)
2026-8-31 15:25:20-log: run build task 整理部分构建选项内数据到 settings.json success in 6 ms√, progress: 15%
2026-8-31 15:25:20-debug: [Build Memory track]: 整理部分构建选项内数据到 settings.json start:229.35MB, end 229.48MB, increase: 131.49KB
2026-8-31 15:25:31-debug: refresh db internal success
2026-8-31 15:25:31-debug: Run asset db hook engine-extends:afterRefresh ...
2026-8-31 15:25:31-debug: Run asset db hook engine-extends:afterRefresh success!
2026-8-31 15:25:31-debug: refresh db assets success
2026-8-31 15:25:31-debug: asset-db:refresh-all-database (135ms)
2026-8-31 15:25:31-debug: asset-db:worker-effect-data-processing (3ms)
2026-8-31 15:25:31-debug: asset-db-hook-engine-extends-afterRefresh (3ms)
2026-8-31 15:26:15-debug: refresh db internal success
2026-8-31 15:26:15-debug: refresh db assets success
2026-8-31 15:26:15-debug: Run asset db hook engine-extends:afterRefresh ...
2026-8-31 15:26:15-debug: Run asset db hook engine-extends:afterRefresh success!
2026-8-31 15:26:15-debug: asset-db:refresh-all-database (109ms)
2026-8-31 15:26:15-debug: asset-db:worker-effect-data-processing (4ms)
2026-8-31 15:26:15-debug: asset-db-hook-engine-extends-afterRefresh (4ms)
2026-8-31 15:26:40-debug: %cImport%c: D:\GameByself\Cocos\Project1\assets\Scenes\scene.scenebackground: #aaff85; color: #000;color: #000;
2026-8-31 15:26:40-debug: asset-db:reimport-assetcb02e093-8bba-4046-8e6e-d0462e7be5da (14ms)
2026-8-31 15:26:42-debug: Query all assets info in project
2026-8-31 15:26:42-debug: init custom config: keepNodeUuid: false, useCache: true
2026-8-31 15:26:42-debug: Skip compress image, progress: 0%
2026-8-31 15:26:42-debug: Init all bundles start..., progress: 0%
2026-8-31 15:26:42-debug: // ---- build task 查询 Asset Bundle ----
2026-8-31 15:26:42-debug: Init bundle root assets start..., progress: 0%
2026-8-31 15:26:42-debug: 查询 Asset Bundle start, progress: 0%
2026-8-31 15:26:42-debug: Num of bundles: 3..., progress: 0%
2026-8-31 15:26:42-debug: Query preload assets/scripts from cc.config.json: 60f7195c-ec2a-45eb-ba94-8955f60e81d0,1c02ae6f-4492-4915-b8f8-7492a3b1e4cd,810e96e4-e456-4468-9b59-f4e8f39732c0,efe8e2a3-eace-427b-b4f1-cb8a937ec77d,e9aa9a3e-5b2b-4ac7-a2c7-073de2b2b24f,8bbdbcdd-5cd4-4100-b6d5-b7c9625b6107,50f4348b-c883-4e2f-8f11-ce233b859fa1,fda095cb-831d-4601-ad94-846013963de8,f92806d7-1768-443f-afe8-12bcde84d0f0,dd3a144d-ab7f-41f0-82b8-2e43a090d496,f0416e68-0200-4b77-a926-4f9d16e494da,511d2633-09a7-4bdd-ac42-f778032124b3,5d45aa00-e064-4938-b314-4265f0c2258c,9361fd90-ba52-4f84-aa93-6e878fd576ca,970b0598-bcb0-4714-91fb-2e81440dccd8,bcd64cc6-2dd9-43f6-abbe-66318d332032,d930590d-bb92-4cc8-8bd1-23cd027f9edf,a3cd009f-0ab0-420d-9278-b9fdab939bbc,6a2d0734-bd9e-4ddf-946e-caa52498cb75,c27215d8-6835-4b68-bfbb-bdeac6100c04,b5d6115f-0370-4d7c-aad3-c194cc71cf98,d1346436-ac96-4271-b863-1f4fdead95b0,971bdb23-3ff6-43eb-b422-1c30165a3663,17debcc3-0a6b-4b8a-b00b-dc58b885581e,711ebe11-f673-4cd9-9a83-63c60ba54c5b,c0143906-9aed-447e-9436-2ae8512d1b6e,14da1725-c4c2-42b4-ab08-ee0aeb6898b3,081cab31-dccd-428e-8652-f2404cc81c47,78e0584a-4343-4727-8f37-e14e65c2a2db,ba21476f-2866-4f81-9c4d-6e359316e448,871c3b6c-7379-419d-bda3-794b239ab90d,1d08ef62-a503-4ce2-8b9a-46c90873f7d3,ff9b0199-ce04-4cfe-86cc-6c719f08d6e4,de1c2107-70c8-4021-8459-6399f24d01c6,cbf30902-517f-40dc-af90-a550bac27cf1,5c601d96-e4c7-4698-991b-7ee674b11079
2026-8-31 15:26:42-debug:   Number of all scripts: 7
2026-8-31 15:26:42-debug:   Number of all scenes: 1
2026-8-31 15:26:42-debug: Init bundle root assets success..., progress: 0%
2026-8-31 15:26:42-debug:   Number of other assets: 318
2026-8-31 15:26:42-debug: // ---- build task 查询 Asset Bundle ---- (10ms)
2026-8-31 15:26:42-log: run build task 查询 Asset Bundle success in 10 ms√, progress: 5%
2026-8-31 15:26:42-debug: [Build Memory track]: 查询 Asset Bundle start:232.55MB, end 232.31MB, increase: -242.13KB
2026-8-31 15:26:42-debug: 查询 Asset Bundle start, progress: 5%
2026-8-31 15:26:42-debug: // ---- build task 查询 Asset Bundle ----
2026-8-31 15:26:42-debug: // ---- build task 查询 Asset Bundle ---- (4ms)
2026-8-31 15:26:42-log: run build task 查询 Asset Bundle success in 4 ms√, progress: 10%
2026-8-31 15:26:42-debug: // ---- build task 整理部分构建选项内数据到 settings.json ----
2026-8-31 15:26:42-debug: [Build Memory track]: 查询 Asset Bundle start:232.34MB, end 232.45MB, increase: 105.42KB
2026-8-31 15:26:42-debug: 整理部分构建选项内数据到 settings.json start, progress: 10%
2026-8-31 15:26:42-debug: // ---- build task 整理部分构建选项内数据到 settings.json ---- (3ms)
2026-8-31 15:26:42-log: run build task 整理部分构建选项内数据到 settings.json success in 3 ms√, progress: 12%
2026-8-31 15:26:42-debug: [Build Memory track]: 整理部分构建选项内数据到 settings.json start:232.48MB, end 231.74MB, increase: -759.16KB
2026-8-31 15:26:42-debug: 填充脚本数据到 settings.json start, progress: 12%
2026-8-31 15:26:42-debug: // ---- build task 填充脚本数据到 settings.json ----
2026-8-31 15:26:42-debug: // ---- build task 填充脚本数据到 settings.json ---- (3ms)
2026-8-31 15:26:42-log: run build task 填充脚本数据到 settings.json success in 3 ms√, progress: 13%
2026-8-31 15:26:42-debug: [Build Memory track]: 填充脚本数据到 settings.json start:231.77MB, end 231.79MB, increase: 27.47KB
2026-8-31 15:26:42-debug: 整理部分构建选项内数据到 settings.json start, progress: 13%
2026-8-31 15:26:42-debug: // ---- build task 整理部分构建选项内数据到 settings.json ----
2026-8-31 15:26:42-log: run build task 整理部分构建选项内数据到 settings.json success in 6 ms√, progress: 15%
2026-8-31 15:26:42-debug: [Build Memory track]: 整理部分构建选项内数据到 settings.json start:231.83MB, end 231.96MB, increase: 132.79KB
2026-8-31 15:26:42-debug: // ---- build task 整理部分构建选项内数据到 settings.json ---- (6ms)
2026-8-31 15:26:50-debug: refresh db internal success
2026-8-31 15:26:50-debug: refresh db assets success
2026-8-31 15:26:50-debug: Run asset db hook engine-extends:afterRefresh ...
2026-8-31 15:26:50-debug: Run asset db hook engine-extends:afterRefresh success!
2026-8-31 15:26:50-debug: asset-db:refresh-all-database (150ms)
2026-8-31 15:26:50-debug: asset-db:worker-effect-data-processing (6ms)
2026-8-31 15:26:50-debug: asset-db-hook-engine-extends-afterRefresh (7ms)
2026-8-31 15:29:01-debug: refresh db internal success
2026-8-31 15:29:01-debug: %cImport%c: D:\GameByself\Cocos\Project1\assets\Scripts\Car.tsbackground: #aaff85; color: #000;color: #000;
2026-8-31 15:29:01-debug: refresh db assets success
2026-8-31 15:29:01-debug: Run asset db hook engine-extends:afterRefresh ...
2026-8-31 15:29:01-debug: Run asset db hook engine-extends:afterRefresh success!
2026-8-31 15:29:01-debug: asset-db:refresh-all-database (131ms)
2026-8-31 15:29:01-debug: asset-db:worker-effect-data-processing (2ms)
2026-8-31 15:29:01-debug: asset-db-hook-engine-extends-afterRefresh (4ms)
2026-8-31 15:29:03-debug: Query all assets info in project
2026-8-31 15:29:03-debug: init custom config: keepNodeUuid: false, useCache: true
2026-8-31 15:29:03-debug: Skip compress image, progress: 0%
2026-8-31 15:29:03-debug: Init all bundles start..., progress: 0%
2026-8-31 15:29:03-debug: Num of bundles: 3..., progress: 0%
2026-8-31 15:29:03-debug: 查询 Asset Bundle start, progress: 0%
2026-8-31 15:29:03-debug: // ---- build task 查询 Asset Bundle ----
2026-8-31 15:29:03-debug: Init bundle root assets start..., progress: 0%
2026-8-31 15:29:03-debug: Query preload assets/scripts from cc.config.json: 60f7195c-ec2a-45eb-ba94-8955f60e81d0,1c02ae6f-4492-4915-b8f8-7492a3b1e4cd,810e96e4-e456-4468-9b59-f4e8f39732c0,efe8e2a3-eace-427b-b4f1-cb8a937ec77d,e9aa9a3e-5b2b-4ac7-a2c7-073de2b2b24f,8bbdbcdd-5cd4-4100-b6d5-b7c9625b6107,50f4348b-c883-4e2f-8f11-ce233b859fa1,fda095cb-831d-4601-ad94-846013963de8,f92806d7-1768-443f-afe8-12bcde84d0f0,dd3a144d-ab7f-41f0-82b8-2e43a090d496,f0416e68-0200-4b77-a926-4f9d16e494da,511d2633-09a7-4bdd-ac42-f778032124b3,5d45aa00-e064-4938-b314-4265f0c2258c,9361fd90-ba52-4f84-aa93-6e878fd576ca,970b0598-bcb0-4714-91fb-2e81440dccd8,bcd64cc6-2dd9-43f6-abbe-66318d332032,d930590d-bb92-4cc8-8bd1-23cd027f9edf,a3cd009f-0ab0-420d-9278-b9fdab939bbc,6a2d0734-bd9e-4ddf-946e-caa52498cb75,c27215d8-6835-4b68-bfbb-bdeac6100c04,b5d6115f-0370-4d7c-aad3-c194cc71cf98,d1346436-ac96-4271-b863-1f4fdead95b0,971bdb23-3ff6-43eb-b422-1c30165a3663,17debcc3-0a6b-4b8a-b00b-dc58b885581e,711ebe11-f673-4cd9-9a83-63c60ba54c5b,c0143906-9aed-447e-9436-2ae8512d1b6e,14da1725-c4c2-42b4-ab08-ee0aeb6898b3,081cab31-dccd-428e-8652-f2404cc81c47,78e0584a-4343-4727-8f37-e14e65c2a2db,ba21476f-2866-4f81-9c4d-6e359316e448,871c3b6c-7379-419d-bda3-794b239ab90d,1d08ef62-a503-4ce2-8b9a-46c90873f7d3,ff9b0199-ce04-4cfe-86cc-6c719f08d6e4,de1c2107-70c8-4021-8459-6399f24d01c6,cbf30902-517f-40dc-af90-a550bac27cf1,5c601d96-e4c7-4698-991b-7ee674b11079
2026-8-31 15:29:03-debug:   Number of all scenes: 1
2026-8-31 15:29:03-debug:   Number of all scripts: 7
2026-8-31 15:29:03-debug:   Number of other assets: 318
2026-8-31 15:29:03-debug: Init bundle root assets success..., progress: 0%
2026-8-31 15:29:03-log: run build task 查询 Asset Bundle success in 10 ms√, progress: 5%
2026-8-31 15:29:03-debug: [Build Memory track]: 查询 Asset Bundle start:234.73MB, end 234.44MB, increase: -293.15KB
2026-8-31 15:29:03-debug: // ---- build task 查询 Asset Bundle ---- (10ms)
2026-8-31 15:29:03-debug: 查询 Asset Bundle start, progress: 5%
2026-8-31 15:29:03-debug: // ---- build task 查询 Asset Bundle ----
2026-8-31 15:29:03-log: run build task 查询 Asset Bundle success in 6 ms√, progress: 10%
2026-8-31 15:29:03-debug: // ---- build task 查询 Asset Bundle ---- (6ms)
2026-8-31 15:29:03-debug: [Build Memory track]: 查询 Asset Bundle start:234.47MB, end 234.57MB, increase: 105.21KB
2026-8-31 15:29:03-debug: 整理部分构建选项内数据到 settings.json start, progress: 10%
2026-8-31 15:29:03-debug: // ---- build task 整理部分构建选项内数据到 settings.json ----
2026-8-31 15:29:03-debug: // ---- build task 整理部分构建选项内数据到 settings.json ---- (2ms)
2026-8-31 15:29:03-log: run build task 整理部分构建选项内数据到 settings.json success in 2 ms√, progress: 12%
2026-8-31 15:29:03-debug: [Build Memory track]: 整理部分构建选项内数据到 settings.json start:234.61MB, end 234.63MB, increase: 28.19KB
2026-8-31 15:29:03-debug: 填充脚本数据到 settings.json start, progress: 12%
2026-8-31 15:29:03-debug: // ---- build task 填充脚本数据到 settings.json ----
2026-8-31 15:29:03-debug: // ---- build task 填充脚本数据到 settings.json ---- (2ms)
2026-8-31 15:29:03-log: run build task 填充脚本数据到 settings.json success in 2 ms√, progress: 13%
2026-8-31 15:29:03-debug: 整理部分构建选项内数据到 settings.json start, progress: 13%
2026-8-31 15:29:03-debug: [Build Memory track]: 填充脚本数据到 settings.json start:234.67MB, end 234.69MB, increase: 27.38KB
2026-8-31 15:29:03-debug: // ---- build task 整理部分构建选项内数据到 settings.json ----
2026-8-31 15:29:03-debug: // ---- build task 整理部分构建选项内数据到 settings.json ---- (8ms)
2026-8-31 15:29:03-log: run build task 整理部分构建选项内数据到 settings.json success in 8 ms√, progress: 15%
2026-8-31 15:29:03-debug: [Build Memory track]: 整理部分构建选项内数据到 settings.json start:234.72MB, end 234.11MB, increase: -629.90KB
2026-8-31 15:29:03-debug: refresh db internal success
2026-8-31 15:29:03-debug: refresh db assets success
2026-8-31 15:29:03-debug: Run asset db hook engine-extends:afterRefresh ...
2026-8-31 15:29:03-debug: Run asset db hook engine-extends:afterRefresh success!
2026-8-31 15:29:03-debug: asset-db:refresh-all-database (149ms)
2026-8-31 15:29:03-debug: asset-db:worker-effect-data-processing (6ms)
2026-8-31 15:29:03-debug: asset-db-hook-engine-extends-afterRefresh (7ms)
2026-8-31 15:29:04-debug: %cImport%c: D:\GameByself\Cocos\Project1\assets\Scenes\scene.scenebackground: #aaff85; color: #000;color: #000;
2026-8-31 15:29:04-debug: asset-db:reimport-assetcb02e093-8bba-4046-8e6e-d0462e7be5da (21ms)
2026-8-31 15:29:06-debug: Query all assets info in project
2026-8-31 15:29:06-debug: init custom config: keepNodeUuid: false, useCache: true
2026-8-31 15:29:06-debug: Skip compress image, progress: 0%
2026-8-31 15:29:06-debug: Init all bundles start..., progress: 0%
2026-8-31 15:29:06-debug: Num of bundles: 3..., progress: 0%
2026-8-31 15:29:06-debug: 查询 Asset Bundle start, progress: 0%
2026-8-31 15:29:06-debug: // ---- build task 查询 Asset Bundle ----
2026-8-31 15:29:06-debug: Init bundle root assets start..., progress: 0%
2026-8-31 15:29:06-debug:   Number of all scenes: 1
2026-8-31 15:29:06-debug:   Number of all scripts: 7
2026-8-31 15:29:06-debug:   Number of other assets: 318
2026-8-31 15:29:06-debug: Init bundle root assets success..., progress: 0%
2026-8-31 15:29:06-debug: Query preload assets/scripts from cc.config.json: 60f7195c-ec2a-45eb-ba94-8955f60e81d0,1c02ae6f-4492-4915-b8f8-7492a3b1e4cd,810e96e4-e456-4468-9b59-f4e8f39732c0,efe8e2a3-eace-427b-b4f1-cb8a937ec77d,e9aa9a3e-5b2b-4ac7-a2c7-073de2b2b24f,8bbdbcdd-5cd4-4100-b6d5-b7c9625b6107,50f4348b-c883-4e2f-8f11-ce233b859fa1,fda095cb-831d-4601-ad94-846013963de8,f92806d7-1768-443f-afe8-12bcde84d0f0,dd3a144d-ab7f-41f0-82b8-2e43a090d496,f0416e68-0200-4b77-a926-4f9d16e494da,511d2633-09a7-4bdd-ac42-f778032124b3,5d45aa00-e064-4938-b314-4265f0c2258c,9361fd90-ba52-4f84-aa93-6e878fd576ca,970b0598-bcb0-4714-91fb-2e81440dccd8,bcd64cc6-2dd9-43f6-abbe-66318d332032,d930590d-bb92-4cc8-8bd1-23cd027f9edf,a3cd009f-0ab0-420d-9278-b9fdab939bbc,6a2d0734-bd9e-4ddf-946e-caa52498cb75,c27215d8-6835-4b68-bfbb-bdeac6100c04,b5d6115f-0370-4d7c-aad3-c194cc71cf98,d1346436-ac96-4271-b863-1f4fdead95b0,971bdb23-3ff6-43eb-b422-1c30165a3663,17debcc3-0a6b-4b8a-b00b-dc58b885581e,711ebe11-f673-4cd9-9a83-63c60ba54c5b,c0143906-9aed-447e-9436-2ae8512d1b6e,14da1725-c4c2-42b4-ab08-ee0aeb6898b3,081cab31-dccd-428e-8652-f2404cc81c47,78e0584a-4343-4727-8f37-e14e65c2a2db,ba21476f-2866-4f81-9c4d-6e359316e448,871c3b6c-7379-419d-bda3-794b239ab90d,1d08ef62-a503-4ce2-8b9a-46c90873f7d3,ff9b0199-ce04-4cfe-86cc-6c719f08d6e4,de1c2107-70c8-4021-8459-6399f24d01c6,cbf30902-517f-40dc-af90-a550bac27cf1,5c601d96-e4c7-4698-991b-7ee674b11079
2026-8-31 15:29:06-debug: // ---- build task 查询 Asset Bundle ---- (10ms)
2026-8-31 15:29:06-log: run build task 查询 Asset Bundle success in 10 ms√, progress: 5%
2026-8-31 15:29:06-debug: [Build Memory track]: 查询 Asset Bundle start:234.85MB, end 235.50MB, increase: 664.19KB
2026-8-31 15:29:06-debug: 查询 Asset Bundle start, progress: 5%
2026-8-31 15:29:06-debug: // ---- build task 查询 Asset Bundle ----
2026-8-31 15:29:06-debug: // ---- build task 查询 Asset Bundle ---- (4ms)
2026-8-31 15:29:06-log: run build task 查询 Asset Bundle success in 4 ms√, progress: 10%
2026-8-31 15:29:06-debug: [Build Memory track]: 查询 Asset Bundle start:235.53MB, end 235.63MB, increase: 105.37KB
2026-8-31 15:29:06-debug: 整理部分构建选项内数据到 settings.json start, progress: 10%
2026-8-31 15:29:06-debug: // ---- build task 整理部分构建选项内数据到 settings.json ----
2026-8-31 15:29:06-debug: // ---- build task 整理部分构建选项内数据到 settings.json ---- (3ms)
2026-8-31 15:29:06-log: run build task 整理部分构建选项内数据到 settings.json success in 3 ms√, progress: 12%
2026-8-31 15:29:06-debug: 填充脚本数据到 settings.json start, progress: 12%
2026-8-31 15:29:06-debug: [Build Memory track]: 整理部分构建选项内数据到 settings.json start:235.66MB, end 235.69MB, increase: 27.98KB
2026-8-31 15:29:06-debug: // ---- build task 填充脚本数据到 settings.json ----
2026-8-31 15:29:06-debug: // ---- build task 填充脚本数据到 settings.json ---- (3ms)
2026-8-31 15:29:06-log: run build task 填充脚本数据到 settings.json success in 3 ms√, progress: 13%
2026-8-31 15:29:06-debug: 整理部分构建选项内数据到 settings.json start, progress: 13%
2026-8-31 15:29:06-debug: [Build Memory track]: 填充脚本数据到 settings.json start:235.72MB, end 235.75MB, increase: 27.45KB
2026-8-31 15:29:06-debug: // ---- build task 整理部分构建选项内数据到 settings.json ----
2026-8-31 15:29:06-debug: // ---- build task 整理部分构建选项内数据到 settings.json ---- (9ms)
2026-8-31 15:29:06-log: run build task 整理部分构建选项内数据到 settings.json success in 9 ms√, progress: 15%
2026-8-31 15:29:06-debug: [Build Memory track]: 整理部分构建选项内数据到 settings.json start:235.78MB, end 234.49MB, increase: -1323.65KB
2026-8-31 15:29:40-debug: Query all assets info in project
2026-8-31 15:29:40-debug: init custom config: keepNodeUuid: false, useCache: true
2026-8-31 15:29:40-debug: Skip compress image, progress: 0%
2026-8-31 15:29:40-debug: Init all bundles start..., progress: 0%
2026-8-31 15:29:40-debug: // ---- build task 查询 Asset Bundle ----
2026-8-31 15:29:40-debug: Num of bundles: 3..., progress: 0%
2026-8-31 15:29:40-debug: 查询 Asset Bundle start, progress: 0%
2026-8-31 15:29:40-debug: Init bundle root assets start..., progress: 0%
2026-8-31 15:29:40-debug: Query preload assets/scripts from cc.config.json: 60f7195c-ec2a-45eb-ba94-8955f60e81d0,1c02ae6f-4492-4915-b8f8-7492a3b1e4cd,810e96e4-e456-4468-9b59-f4e8f39732c0,efe8e2a3-eace-427b-b4f1-cb8a937ec77d,e9aa9a3e-5b2b-4ac7-a2c7-073de2b2b24f,8bbdbcdd-5cd4-4100-b6d5-b7c9625b6107,50f4348b-c883-4e2f-8f11-ce233b859fa1,fda095cb-831d-4601-ad94-846013963de8,f92806d7-1768-443f-afe8-12bcde84d0f0,dd3a144d-ab7f-41f0-82b8-2e43a090d496,f0416e68-0200-4b77-a926-4f9d16e494da,511d2633-09a7-4bdd-ac42-f778032124b3,5d45aa00-e064-4938-b314-4265f0c2258c,9361fd90-ba52-4f84-aa93-6e878fd576ca,970b0598-bcb0-4714-91fb-2e81440dccd8,bcd64cc6-2dd9-43f6-abbe-66318d332032,d930590d-bb92-4cc8-8bd1-23cd027f9edf,a3cd009f-0ab0-420d-9278-b9fdab939bbc,6a2d0734-bd9e-4ddf-946e-caa52498cb75,c27215d8-6835-4b68-bfbb-bdeac6100c04,b5d6115f-0370-4d7c-aad3-c194cc71cf98,d1346436-ac96-4271-b863-1f4fdead95b0,971bdb23-3ff6-43eb-b422-1c30165a3663,17debcc3-0a6b-4b8a-b00b-dc58b885581e,711ebe11-f673-4cd9-9a83-63c60ba54c5b,c0143906-9aed-447e-9436-2ae8512d1b6e,14da1725-c4c2-42b4-ab08-ee0aeb6898b3,081cab31-dccd-428e-8652-f2404cc81c47,78e0584a-4343-4727-8f37-e14e65c2a2db,ba21476f-2866-4f81-9c4d-6e359316e448,871c3b6c-7379-419d-bda3-794b239ab90d,1d08ef62-a503-4ce2-8b9a-46c90873f7d3,ff9b0199-ce04-4cfe-86cc-6c719f08d6e4,de1c2107-70c8-4021-8459-6399f24d01c6,cbf30902-517f-40dc-af90-a550bac27cf1,5c601d96-e4c7-4698-991b-7ee674b11079
2026-8-31 15:29:40-debug:   Number of all scenes: 1
2026-8-31 15:29:40-debug:   Number of other assets: 318
2026-8-31 15:29:40-debug:   Number of all scripts: 7
2026-8-31 15:29:40-debug: Init bundle root assets success..., progress: 0%
2026-8-31 15:29:40-debug: // ---- build task 查询 Asset Bundle ---- (9ms)
2026-8-31 15:29:40-log: run build task 查询 Asset Bundle success in 9 ms√, progress: 5%
2026-8-31 15:29:40-debug: // ---- build task 查询 Asset Bundle ----
2026-8-31 15:29:40-debug: [Build Memory track]: 查询 Asset Bundle start:235.31MB, end 235.96MB, increase: 666.22KB
2026-8-31 15:29:40-debug: 查询 Asset Bundle start, progress: 5%
2026-8-31 15:29:40-debug: // ---- build task 查询 Asset Bundle ---- (5ms)
2026-8-31 15:29:40-log: run build task 查询 Asset Bundle success in 5 ms√, progress: 10%
2026-8-31 15:29:40-debug: // ---- build task 整理部分构建选项内数据到 settings.json ----
2026-8-31 15:29:40-debug: [Build Memory track]: 查询 Asset Bundle start:235.99MB, end 234.54MB, increase: -1491.05KB
2026-8-31 15:29:40-debug: 整理部分构建选项内数据到 settings.json start, progress: 10%
2026-8-31 15:29:40-debug: // ---- build task 整理部分构建选项内数据到 settings.json ---- (2ms)
2026-8-31 15:29:40-log: run build task 整理部分构建选项内数据到 settings.json success in 2 ms√, progress: 12%
2026-8-31 15:29:40-debug: [Build Memory track]: 整理部分构建选项内数据到 settings.json start:234.57MB, end 234.60MB, increase: 31.96KB
2026-8-31 15:29:40-debug: 填充脚本数据到 settings.json start, progress: 12%
2026-8-31 15:29:40-debug: // ---- build task 填充脚本数据到 settings.json ----
2026-8-31 15:29:40-debug: // ---- build task 填充脚本数据到 settings.json ---- (3ms)
2026-8-31 15:29:40-debug: [Build Memory track]: 填充脚本数据到 settings.json start:234.63MB, end 234.66MB, increase: 28.49KB
2026-8-31 15:29:40-debug: 整理部分构建选项内数据到 settings.json start, progress: 13%
2026-8-31 15:29:40-log: run build task 填充脚本数据到 settings.json success in 3 ms√, progress: 13%
2026-8-31 15:29:40-debug: // ---- build task 整理部分构建选项内数据到 settings.json ----
2026-8-31 15:29:40-debug: // ---- build task 整理部分构建选项内数据到 settings.json ---- (5ms)
2026-8-31 15:29:40-log: run build task 整理部分构建选项内数据到 settings.json success in 5 ms√, progress: 15%
2026-8-31 15:29:40-debug: [Build Memory track]: 整理部分构建选项内数据到 settings.json start:234.69MB, end 234.81MB, increase: 127.52KB
2026-8-31 15:30:03-debug: refresh db internal success
2026-8-31 15:30:03-debug: %cImport%c: D:\GameByself\Cocos\Project1\assets\Scripts\Car.tsbackground: #aaff85; color: #000;color: #000;
2026-8-31 15:30:03-debug: refresh db assets success
2026-8-31 15:30:03-debug: Run asset db hook engine-extends:afterRefresh ...
2026-8-31 15:30:03-debug: Run asset db hook engine-extends:afterRefresh success!
2026-8-31 15:30:03-debug: asset-db:refresh-all-database (115ms)
2026-8-31 15:30:03-debug: asset-db:worker-effect-data-processing (2ms)
2026-8-31 15:30:03-debug: asset-db-hook-engine-extends-afterRefresh (2ms)
2026-8-31 15:30:04-debug: Query all assets info in project
2026-8-31 15:30:04-debug: init custom config: keepNodeUuid: false, useCache: true
2026-8-31 15:30:04-debug: Skip compress image, progress: 0%
2026-8-31 15:30:04-debug: Init all bundles start..., progress: 0%
2026-8-31 15:30:04-debug: Num of bundles: 3..., progress: 0%
2026-8-31 15:30:04-debug: // ---- build task 查询 Asset Bundle ----
2026-8-31 15:30:04-debug: Init bundle root assets start..., progress: 0%
2026-8-31 15:30:04-debug: 查询 Asset Bundle start, progress: 0%
2026-8-31 15:30:04-debug: Query preload assets/scripts from cc.config.json: 60f7195c-ec2a-45eb-ba94-8955f60e81d0,1c02ae6f-4492-4915-b8f8-7492a3b1e4cd,810e96e4-e456-4468-9b59-f4e8f39732c0,efe8e2a3-eace-427b-b4f1-cb8a937ec77d,e9aa9a3e-5b2b-4ac7-a2c7-073de2b2b24f,8bbdbcdd-5cd4-4100-b6d5-b7c9625b6107,50f4348b-c883-4e2f-8f11-ce233b859fa1,fda095cb-831d-4601-ad94-846013963de8,f92806d7-1768-443f-afe8-12bcde84d0f0,dd3a144d-ab7f-41f0-82b8-2e43a090d496,f0416e68-0200-4b77-a926-4f9d16e494da,511d2633-09a7-4bdd-ac42-f778032124b3,5d45aa00-e064-4938-b314-4265f0c2258c,9361fd90-ba52-4f84-aa93-6e878fd576ca,970b0598-bcb0-4714-91fb-2e81440dccd8,bcd64cc6-2dd9-43f6-abbe-66318d332032,d930590d-bb92-4cc8-8bd1-23cd027f9edf,a3cd009f-0ab0-420d-9278-b9fdab939bbc,6a2d0734-bd9e-4ddf-946e-caa52498cb75,c27215d8-6835-4b68-bfbb-bdeac6100c04,b5d6115f-0370-4d7c-aad3-c194cc71cf98,d1346436-ac96-4271-b863-1f4fdead95b0,971bdb23-3ff6-43eb-b422-1c30165a3663,17debcc3-0a6b-4b8a-b00b-dc58b885581e,711ebe11-f673-4cd9-9a83-63c60ba54c5b,c0143906-9aed-447e-9436-2ae8512d1b6e,14da1725-c4c2-42b4-ab08-ee0aeb6898b3,081cab31-dccd-428e-8652-f2404cc81c47,78e0584a-4343-4727-8f37-e14e65c2a2db,ba21476f-2866-4f81-9c4d-6e359316e448,871c3b6c-7379-419d-bda3-794b239ab90d,1d08ef62-a503-4ce2-8b9a-46c90873f7d3,ff9b0199-ce04-4cfe-86cc-6c719f08d6e4,de1c2107-70c8-4021-8459-6399f24d01c6,cbf30902-517f-40dc-af90-a550bac27cf1,5c601d96-e4c7-4698-991b-7ee674b11079
2026-8-31 15:30:04-debug:   Number of all scenes: 1
2026-8-31 15:30:04-debug:   Number of other assets: 318
2026-8-31 15:30:04-debug:   Number of all scripts: 7
2026-8-31 15:30:04-debug: Init bundle root assets success..., progress: 0%
2026-8-31 15:30:04-debug: // ---- build task 查询 Asset Bundle ---- (10ms)
2026-8-31 15:30:04-debug: [Build Memory track]: 查询 Asset Bundle start:236.05MB, end 236.70MB, increase: 664.52KB
2026-8-31 15:30:04-log: run build task 查询 Asset Bundle success in 10 ms√, progress: 5%
2026-8-31 15:30:04-debug: // ---- build task 查询 Asset Bundle ----
2026-8-31 15:30:04-debug: 查询 Asset Bundle start, progress: 5%
2026-8-31 15:30:04-debug: // ---- build task 查询 Asset Bundle ---- (3ms)
2026-8-31 15:30:04-log: run build task 查询 Asset Bundle success in 3 ms√, progress: 10%
2026-8-31 15:30:04-debug: 整理部分构建选项内数据到 settings.json start, progress: 10%
2026-8-31 15:30:04-debug: [Build Memory track]: 查询 Asset Bundle start:236.73MB, end 236.83MB, increase: 104.63KB
2026-8-31 15:30:04-debug: // ---- build task 整理部分构建选项内数据到 settings.json ----
2026-8-31 15:30:04-debug: // ---- build task 整理部分构建选项内数据到 settings.json ---- (3ms)
2026-8-31 15:30:04-log: run build task 整理部分构建选项内数据到 settings.json success in 3 ms√, progress: 12%
2026-8-31 15:30:04-debug: [Build Memory track]: 整理部分构建选项内数据到 settings.json start:236.86MB, end 236.89MB, increase: 28.08KB
2026-8-31 15:30:04-debug: 填充脚本数据到 settings.json start, progress: 12%
2026-8-31 15:30:04-debug: // ---- build task 填充脚本数据到 settings.json ----
2026-8-31 15:30:04-debug: // ---- build task 填充脚本数据到 settings.json ---- (3ms)
2026-8-31 15:30:04-log: run build task 填充脚本数据到 settings.json success in 3 ms√, progress: 13%
2026-8-31 15:30:04-debug: [Build Memory track]: 填充脚本数据到 settings.json start:236.92MB, end 236.95MB, increase: 27.38KB
2026-8-31 15:30:04-debug: 整理部分构建选项内数据到 settings.json start, progress: 13%
2026-8-31 15:30:04-debug: // ---- build task 整理部分构建选项内数据到 settings.json ----
2026-8-31 15:30:04-debug: // ---- build task 整理部分构建选项内数据到 settings.json ---- (5ms)
2026-8-31 15:30:04-debug: [Build Memory track]: 整理部分构建选项内数据到 settings.json start:236.98MB, end 237.10MB, increase: 127.58KB
2026-8-31 15:30:04-log: run build task 整理部分构建选项内数据到 settings.json success in 5 ms√, progress: 15%
2026-8-31 15:30:21-debug: refresh db internal success
2026-8-31 15:30:21-debug: %cImport%c: D:\GameByself\Cocos\Project1\assets\Scripts\Car.tsbackground: #aaff85; color: #000;color: #000;
2026-8-31 15:30:21-debug: refresh db assets success
2026-8-31 15:30:21-debug: Run asset db hook engine-extends:afterRefresh success!
2026-8-31 15:30:21-debug: Run asset db hook engine-extends:afterRefresh ...
2026-8-31 15:30:21-debug: asset-db:refresh-all-database (114ms)
2026-8-31 15:30:21-debug: asset-db:worker-effect-data-processing (4ms)
2026-8-31 15:30:21-debug: asset-db-hook-engine-extends-afterRefresh (4ms)
2026-8-31 15:30:22-debug: Query all assets info in project
2026-8-31 15:30:22-debug: init custom config: keepNodeUuid: false, useCache: true
2026-8-31 15:30:22-debug: Skip compress image, progress: 0%
2026-8-31 15:30:22-debug: Init all bundles start..., progress: 0%
2026-8-31 15:30:22-debug: // ---- build task 查询 Asset Bundle ----
2026-8-31 15:30:22-debug: Num of bundles: 3..., progress: 0%
2026-8-31 15:30:22-debug: Init bundle root assets start..., progress: 0%
2026-8-31 15:30:22-debug: 查询 Asset Bundle start, progress: 0%
2026-8-31 15:30:22-debug: Query preload assets/scripts from cc.config.json: 60f7195c-ec2a-45eb-ba94-8955f60e81d0,1c02ae6f-4492-4915-b8f8-7492a3b1e4cd,810e96e4-e456-4468-9b59-f4e8f39732c0,efe8e2a3-eace-427b-b4f1-cb8a937ec77d,e9aa9a3e-5b2b-4ac7-a2c7-073de2b2b24f,8bbdbcdd-5cd4-4100-b6d5-b7c9625b6107,50f4348b-c883-4e2f-8f11-ce233b859fa1,fda095cb-831d-4601-ad94-846013963de8,f92806d7-1768-443f-afe8-12bcde84d0f0,dd3a144d-ab7f-41f0-82b8-2e43a090d496,f0416e68-0200-4b77-a926-4f9d16e494da,511d2633-09a7-4bdd-ac42-f778032124b3,5d45aa00-e064-4938-b314-4265f0c2258c,9361fd90-ba52-4f84-aa93-6e878fd576ca,970b0598-bcb0-4714-91fb-2e81440dccd8,bcd64cc6-2dd9-43f6-abbe-66318d332032,d930590d-bb92-4cc8-8bd1-23cd027f9edf,a3cd009f-0ab0-420d-9278-b9fdab939bbc,6a2d0734-bd9e-4ddf-946e-caa52498cb75,c27215d8-6835-4b68-bfbb-bdeac6100c04,b5d6115f-0370-4d7c-aad3-c194cc71cf98,d1346436-ac96-4271-b863-1f4fdead95b0,971bdb23-3ff6-43eb-b422-1c30165a3663,17debcc3-0a6b-4b8a-b00b-dc58b885581e,711ebe11-f673-4cd9-9a83-63c60ba54c5b,c0143906-9aed-447e-9436-2ae8512d1b6e,14da1725-c4c2-42b4-ab08-ee0aeb6898b3,081cab31-dccd-428e-8652-f2404cc81c47,78e0584a-4343-4727-8f37-e14e65c2a2db,ba21476f-2866-4f81-9c4d-6e359316e448,871c3b6c-7379-419d-bda3-794b239ab90d,1d08ef62-a503-4ce2-8b9a-46c90873f7d3,ff9b0199-ce04-4cfe-86cc-6c719f08d6e4,de1c2107-70c8-4021-8459-6399f24d01c6,cbf30902-517f-40dc-af90-a550bac27cf1,5c601d96-e4c7-4698-991b-7ee674b11079
2026-8-31 15:30:22-debug:   Number of all scenes: 1
2026-8-31 15:30:22-debug:   Number of all scripts: 7
2026-8-31 15:30:22-debug:   Number of other assets: 318
2026-8-31 15:30:22-debug: Init bundle root assets success..., progress: 0%
2026-8-31 15:30:22-log: run build task 查询 Asset Bundle success in 11 ms√, progress: 5%
2026-8-31 15:30:22-debug: [Build Memory track]: 查询 Asset Bundle start:237.59MB, end 237.34MB, increase: -247.48KB
2026-8-31 15:30:22-debug: // ---- build task 查询 Asset Bundle ----
2026-8-31 15:30:22-debug: 查询 Asset Bundle start, progress: 5%
2026-8-31 15:30:22-debug: // ---- build task 查询 Asset Bundle ---- (11ms)
2026-8-31 15:30:22-debug: // ---- build task 查询 Asset Bundle ---- (5ms)
2026-8-31 15:30:22-log: run build task 查询 Asset Bundle success in 5 ms√, progress: 10%
2026-8-31 15:30:22-debug: [Build Memory track]: 查询 Asset Bundle start:237.38MB, end 237.48MB, increase: 105.13KB
2026-8-31 15:30:22-debug: 整理部分构建选项内数据到 settings.json start, progress: 10%
2026-8-31 15:30:22-debug: // ---- build task 整理部分构建选项内数据到 settings.json ----
2026-8-31 15:30:22-debug: // ---- build task 整理部分构建选项内数据到 settings.json ---- (2ms)
2026-8-31 15:30:22-log: run build task 整理部分构建选项内数据到 settings.json success in 2 ms√, progress: 12%
2026-8-31 15:30:22-debug: 填充脚本数据到 settings.json start, progress: 12%
2026-8-31 15:30:22-debug: [Build Memory track]: 整理部分构建选项内数据到 settings.json start:237.51MB, end 236.76MB, increase: -769.32KB
2026-8-31 15:30:22-debug: // ---- build task 填充脚本数据到 settings.json ----
2026-8-31 15:30:22-debug: // ---- build task 填充脚本数据到 settings.json ---- (2ms)
2026-8-31 15:30:23-debug: [Build Memory track]: 填充脚本数据到 settings.json start:236.79MB, end 236.82MB, increase: 27.38KB
2026-8-31 15:30:23-log: run build task 填充脚本数据到 settings.json success in 2 ms√, progress: 13%
2026-8-31 15:30:23-debug: // ---- build task 整理部分构建选项内数据到 settings.json ----
2026-8-31 15:30:23-debug: 整理部分构建选项内数据到 settings.json start, progress: 13%
2026-8-31 15:30:23-debug: // ---- build task 整理部分构建选项内数据到 settings.json ---- (6ms)
2026-8-31 15:30:23-debug: [Build Memory track]: 整理部分构建选项内数据到 settings.json start:236.85MB, end 236.98MB, increase: 131.20KB
2026-8-31 15:30:23-log: run build task 整理部分构建选项内数据到 settings.json success in 6 ms√, progress: 15%
2026-8-31 15:32:08-debug: refresh db internal success
2026-8-31 15:32:08-debug: %cImport%c: D:\GameByself\Cocos\Project1\assets\Scripts\Car.tsbackground: #aaff85; color: #000;color: #000;
2026-8-31 15:32:08-debug: refresh db assets success
2026-8-31 15:32:08-debug: Run asset db hook engine-extends:afterRefresh ...
2026-8-31 15:32:08-debug: Run asset db hook engine-extends:afterRefresh success!
2026-8-31 15:32:08-debug: asset-db:refresh-all-database (129ms)
2026-8-31 15:32:08-debug: asset-db:worker-effect-data-processing (3ms)
2026-8-31 15:32:08-debug: asset-db-hook-engine-extends-afterRefresh (3ms)
2026-8-31 15:32:09-debug: Query all assets info in project
2026-8-31 15:32:09-debug: init custom config: keepNodeUuid: false, useCache: true
2026-8-31 15:32:09-debug: Skip compress image, progress: 0%
2026-8-31 15:32:09-debug: Init all bundles start..., progress: 0%
2026-8-31 15:32:09-debug: // ---- build task 查询 Asset Bundle ----
2026-8-31 15:32:09-debug: Num of bundles: 3..., progress: 0%
2026-8-31 15:32:09-debug: 查询 Asset Bundle start, progress: 0%
2026-8-31 15:32:09-debug: Init bundle root assets start..., progress: 0%
2026-8-31 15:32:09-debug:   Number of all scenes: 1
2026-8-31 15:32:09-debug: Query preload assets/scripts from cc.config.json: 60f7195c-ec2a-45eb-ba94-8955f60e81d0,1c02ae6f-4492-4915-b8f8-7492a3b1e4cd,810e96e4-e456-4468-9b59-f4e8f39732c0,efe8e2a3-eace-427b-b4f1-cb8a937ec77d,e9aa9a3e-5b2b-4ac7-a2c7-073de2b2b24f,8bbdbcdd-5cd4-4100-b6d5-b7c9625b6107,50f4348b-c883-4e2f-8f11-ce233b859fa1,fda095cb-831d-4601-ad94-846013963de8,f92806d7-1768-443f-afe8-12bcde84d0f0,dd3a144d-ab7f-41f0-82b8-2e43a090d496,f0416e68-0200-4b77-a926-4f9d16e494da,511d2633-09a7-4bdd-ac42-f778032124b3,5d45aa00-e064-4938-b314-4265f0c2258c,9361fd90-ba52-4f84-aa93-6e878fd576ca,970b0598-bcb0-4714-91fb-2e81440dccd8,bcd64cc6-2dd9-43f6-abbe-66318d332032,d930590d-bb92-4cc8-8bd1-23cd027f9edf,a3cd009f-0ab0-420d-9278-b9fdab939bbc,6a2d0734-bd9e-4ddf-946e-caa52498cb75,c27215d8-6835-4b68-bfbb-bdeac6100c04,b5d6115f-0370-4d7c-aad3-c194cc71cf98,d1346436-ac96-4271-b863-1f4fdead95b0,971bdb23-3ff6-43eb-b422-1c30165a3663,17debcc3-0a6b-4b8a-b00b-dc58b885581e,711ebe11-f673-4cd9-9a83-63c60ba54c5b,c0143906-9aed-447e-9436-2ae8512d1b6e,14da1725-c4c2-42b4-ab08-ee0aeb6898b3,081cab31-dccd-428e-8652-f2404cc81c47,78e0584a-4343-4727-8f37-e14e65c2a2db,ba21476f-2866-4f81-9c4d-6e359316e448,871c3b6c-7379-419d-bda3-794b239ab90d,1d08ef62-a503-4ce2-8b9a-46c90873f7d3,ff9b0199-ce04-4cfe-86cc-6c719f08d6e4,de1c2107-70c8-4021-8459-6399f24d01c6,cbf30902-517f-40dc-af90-a550bac27cf1,5c601d96-e4c7-4698-991b-7ee674b11079
2026-8-31 15:32:09-debug:   Number of all scripts: 7
2026-8-31 15:32:09-debug: Init bundle root assets success..., progress: 0%
2026-8-31 15:32:09-debug:   Number of other assets: 318
2026-8-31 15:32:09-debug: // ---- build task 查询 Asset Bundle ---- (10ms)
2026-8-31 15:32:09-debug: [Build Memory track]: 查询 Asset Bundle start:238.38MB, end 238.10MB, increase: -287.55KB
2026-8-31 15:32:09-debug: // ---- build task 查询 Asset Bundle ----
2026-8-31 15:32:09-debug: 查询 Asset Bundle start, progress: 5%
2026-8-31 15:32:09-log: run build task 查询 Asset Bundle success in 10 ms√, progress: 5%
2026-8-31 15:32:09-debug: // ---- build task 查询 Asset Bundle ---- (5ms)
2026-8-31 15:32:09-log: run build task 查询 Asset Bundle success in 5 ms√, progress: 10%
2026-8-31 15:32:09-debug: [Build Memory track]: 查询 Asset Bundle start:238.13MB, end 238.24MB, increase: 105.93KB
2026-8-31 15:32:09-debug: // ---- build task 整理部分构建选项内数据到 settings.json ----
2026-8-31 15:32:09-debug: 整理部分构建选项内数据到 settings.json start, progress: 10%
2026-8-31 15:32:09-debug: // ---- build task 整理部分构建选项内数据到 settings.json ---- (2ms)
2026-8-31 15:32:09-log: run build task 整理部分构建选项内数据到 settings.json success in 2 ms√, progress: 12%
2026-8-31 15:32:09-debug: [Build Memory track]: 整理部分构建选项内数据到 settings.json start:238.27MB, end 238.29MB, increase: 28.03KB
2026-8-31 15:32:09-debug: 填充脚本数据到 settings.json start, progress: 12%
2026-8-31 15:32:09-debug: // ---- build task 填充脚本数据到 settings.json ----
2026-8-31 15:32:09-debug: // ---- build task 填充脚本数据到 settings.json ---- (4ms)
2026-8-31 15:32:09-log: run build task 填充脚本数据到 settings.json success in 4 ms√, progress: 13%
2026-8-31 15:32:09-debug: 整理部分构建选项内数据到 settings.json start, progress: 13%
2026-8-31 15:32:09-debug: [Build Memory track]: 填充脚本数据到 settings.json start:238.33MB, end 238.35MB, increase: 27.38KB
2026-8-31 15:32:09-debug: // ---- build task 整理部分构建选项内数据到 settings.json ----
2026-8-31 15:32:09-debug: // ---- build task 整理部分构建选项内数据到 settings.json ---- (5ms)
2026-8-31 15:32:09-log: run build task 整理部分构建选项内数据到 settings.json success in 5 ms√, progress: 15%
2026-8-31 15:32:09-debug: [Build Memory track]: 整理部分构建选项内数据到 settings.json start:238.38MB, end 238.51MB, increase: 127.61KB
2026-8-31 15:32:21-debug: refresh db internal success
2026-8-31 15:32:21-debug: refresh db assets success
2026-8-31 15:32:21-debug: Run asset db hook engine-extends:afterRefresh ...
2026-8-31 15:32:21-debug: Run asset db hook engine-extends:afterRefresh success!
2026-8-31 15:32:21-debug: asset-db:refresh-all-database (131ms)
2026-8-31 15:32:21-debug: asset-db:worker-effect-data-processing (13ms)
2026-8-31 15:32:21-debug: asset-db-hook-engine-extends-afterRefresh (14ms)
2026-8-31 15:32:28-debug: refresh db internal success
2026-8-31 15:32:28-debug: %cImport%c: D:\GameByself\Cocos\Project1\assets\Scripts\Car.tsbackground: #aaff85; color: #000;color: #000;
2026-8-31 15:32:28-debug: refresh db assets success
2026-8-31 15:32:28-debug: Run asset db hook engine-extends:afterRefresh ...
2026-8-31 15:32:28-debug: Run asset db hook engine-extends:afterRefresh success!
2026-8-31 15:32:28-debug: asset-db:worker-effect-data-processing (4ms)
2026-8-31 15:32:28-debug: asset-db:refresh-all-database (117ms)
2026-8-31 15:32:28-debug: asset-db-hook-engine-extends-afterRefresh (4ms)
2026-8-31 15:32:31-debug: refresh db internal success
2026-8-31 15:32:31-debug: refresh db assets success
2026-8-31 15:32:31-debug: Run asset db hook engine-extends:afterRefresh ...
2026-8-31 15:32:31-debug: Run asset db hook engine-extends:afterRefresh success!
2026-8-31 15:32:31-debug: asset-db:refresh-all-database (137ms)
2026-8-31 15:32:31-debug: asset-db:worker-effect-data-processing (2ms)
2026-8-31 15:32:31-debug: asset-db-hook-engine-extends-afterRefresh (2ms)
2026-8-31 15:32:33-debug: Query all assets info in project
2026-8-31 15:32:33-debug: init custom config: keepNodeUuid: false, useCache: true
2026-8-31 15:32:33-debug: Skip compress image, progress: 0%
2026-8-31 15:32:33-debug: Init all bundles start..., progress: 0%
2026-8-31 15:32:33-debug: // ---- build task 查询 Asset Bundle ----
2026-8-31 15:32:33-debug: Num of bundles: 3..., progress: 0%
2026-8-31 15:32:33-debug: Init bundle root assets start..., progress: 0%
2026-8-31 15:32:33-debug: 查询 Asset Bundle start, progress: 0%
2026-8-31 15:32:33-debug: Query preload assets/scripts from cc.config.json: 60f7195c-ec2a-45eb-ba94-8955f60e81d0,1c02ae6f-4492-4915-b8f8-7492a3b1e4cd,810e96e4-e456-4468-9b59-f4e8f39732c0,efe8e2a3-eace-427b-b4f1-cb8a937ec77d,e9aa9a3e-5b2b-4ac7-a2c7-073de2b2b24f,8bbdbcdd-5cd4-4100-b6d5-b7c9625b6107,50f4348b-c883-4e2f-8f11-ce233b859fa1,fda095cb-831d-4601-ad94-846013963de8,f92806d7-1768-443f-afe8-12bcde84d0f0,dd3a144d-ab7f-41f0-82b8-2e43a090d496,f0416e68-0200-4b77-a926-4f9d16e494da,511d2633-09a7-4bdd-ac42-f778032124b3,5d45aa00-e064-4938-b314-4265f0c2258c,9361fd90-ba52-4f84-aa93-6e878fd576ca,970b0598-bcb0-4714-91fb-2e81440dccd8,bcd64cc6-2dd9-43f6-abbe-66318d332032,d930590d-bb92-4cc8-8bd1-23cd027f9edf,a3cd009f-0ab0-420d-9278-b9fdab939bbc,6a2d0734-bd9e-4ddf-946e-caa52498cb75,c27215d8-6835-4b68-bfbb-bdeac6100c04,b5d6115f-0370-4d7c-aad3-c194cc71cf98,d1346436-ac96-4271-b863-1f4fdead95b0,971bdb23-3ff6-43eb-b422-1c30165a3663,17debcc3-0a6b-4b8a-b00b-dc58b885581e,711ebe11-f673-4cd9-9a83-63c60ba54c5b,c0143906-9aed-447e-9436-2ae8512d1b6e,14da1725-c4c2-42b4-ab08-ee0aeb6898b3,081cab31-dccd-428e-8652-f2404cc81c47,78e0584a-4343-4727-8f37-e14e65c2a2db,ba21476f-2866-4f81-9c4d-6e359316e448,871c3b6c-7379-419d-bda3-794b239ab90d,1d08ef62-a503-4ce2-8b9a-46c90873f7d3,ff9b0199-ce04-4cfe-86cc-6c719f08d6e4,de1c2107-70c8-4021-8459-6399f24d01c6,cbf30902-517f-40dc-af90-a550bac27cf1,5c601d96-e4c7-4698-991b-7ee674b11079
2026-8-31 15:32:33-debug:   Number of all scenes: 1
2026-8-31 15:32:33-debug: Init bundle root assets success..., progress: 0%
2026-8-31 15:32:33-debug:   Number of all scripts: 7
2026-8-31 15:32:33-debug:   Number of other assets: 318
2026-8-31 15:32:33-debug: // ---- build task 查询 Asset Bundle ---- (9ms)
2026-8-31 15:32:33-log: run build task 查询 Asset Bundle success in 9 ms√, progress: 5%
2026-8-31 15:32:33-debug: [Build Memory track]: 查询 Asset Bundle start:242.41MB, end 241.51MB, increase: -922.59KB
2026-8-31 15:32:33-debug: 查询 Asset Bundle start, progress: 5%
2026-8-31 15:32:33-debug: // ---- build task 查询 Asset Bundle ----
2026-8-31 15:32:33-debug: // ---- build task 查询 Asset Bundle ---- (4ms)
2026-8-31 15:32:33-log: run build task 查询 Asset Bundle success in 4 ms√, progress: 10%
2026-8-31 15:32:33-debug: [Build Memory track]: 查询 Asset Bundle start:241.54MB, end 241.65MB, increase: 104.07KB
2026-8-31 15:32:33-debug: 整理部分构建选项内数据到 settings.json start, progress: 10%
2026-8-31 15:32:33-debug: // ---- build task 整理部分构建选项内数据到 settings.json ----
2026-8-31 15:32:33-debug: // ---- build task 整理部分构建选项内数据到 settings.json ---- (3ms)
2026-8-31 15:32:33-log: run build task 整理部分构建选项内数据到 settings.json success in 3 ms√, progress: 12%
2026-8-31 15:32:33-debug: 填充脚本数据到 settings.json start, progress: 12%
2026-8-31 15:32:33-debug: [Build Memory track]: 整理部分构建选项内数据到 settings.json start:241.68MB, end 241.70MB, increase: 28.13KB
2026-8-31 15:32:33-debug: // ---- build task 填充脚本数据到 settings.json ----
2026-8-31 15:32:33-debug: // ---- build task 填充脚本数据到 settings.json ---- (2ms)
2026-8-31 15:32:33-log: run build task 填充脚本数据到 settings.json success in 2 ms√, progress: 13%
2026-8-31 15:32:33-debug: [Build Memory track]: 填充脚本数据到 settings.json start:241.74MB, end 241.76MB, increase: 27.38KB
2026-8-31 15:32:33-debug: 整理部分构建选项内数据到 settings.json start, progress: 13%
2026-8-31 15:32:33-debug: // ---- build task 整理部分构建选项内数据到 settings.json ----
2026-8-31 15:32:33-debug: // ---- build task 整理部分构建选项内数据到 settings.json ---- (8ms)
2026-8-31 15:32:33-log: run build task 整理部分构建选项内数据到 settings.json success in 8 ms√, progress: 15%
2026-8-31 15:32:33-debug: [Build Memory track]: 整理部分构建选项内数据到 settings.json start:241.79MB, end 241.92MB, increase: 133.55KB
2026-8-31 15:32:39-debug: refresh db internal success
2026-8-31 15:32:39-debug: refresh db assets success
2026-8-31 15:32:39-debug: Run asset db hook engine-extends:afterRefresh ...
2026-8-31 15:32:39-debug: Run asset db hook engine-extends:afterRefresh success!
2026-8-31 15:32:39-debug: asset-db:refresh-all-database (140ms)
2026-8-31 15:32:39-debug: asset-db:worker-effect-data-processing (3ms)
2026-8-31 15:32:39-debug: asset-db-hook-engine-extends-afterRefresh (4ms)
2026-8-31 15:33:41-debug: refresh db internal success
2026-8-31 15:33:41-debug: %cImport%c: D:\GameByself\Cocos\Project1\assets\Scripts\Car.tsbackground: #aaff85; color: #000;color: #000;
2026-8-31 15:33:41-debug: refresh db assets success
2026-8-31 15:33:41-debug: Run asset db hook engine-extends:afterRefresh ...
2026-8-31 15:33:41-debug: Run asset db hook engine-extends:afterRefresh success!
2026-8-31 15:33:41-debug: asset-db:refresh-all-database (104ms)
2026-8-31 15:33:41-debug: asset-db:worker-effect-data-processing (1ms)
2026-8-31 15:33:41-debug: asset-db-hook-engine-extends-afterRefresh (2ms)
2026-8-31 15:33:41-debug: %cImport%c: D:\GameByself\Cocos\Project1\assets\Scenes\scene.scenebackground: #aaff85; color: #000;color: #000;
2026-8-31 15:33:41-debug: asset-db:reimport-assetcb02e093-8bba-4046-8e6e-d0462e7be5da (25ms)
2026-8-31 15:33:43-debug: Query all assets info in project
2026-8-31 15:33:43-debug: init custom config: keepNodeUuid: false, useCache: true
2026-8-31 15:33:43-debug: Skip compress image, progress: 0%
2026-8-31 15:33:43-debug: Init all bundles start..., progress: 0%
2026-8-31 15:33:43-debug: // ---- build task 查询 Asset Bundle ----
2026-8-31 15:33:43-debug: 查询 Asset Bundle start, progress: 0%
2026-8-31 15:33:43-debug: Num of bundles: 3..., progress: 0%
2026-8-31 15:33:43-debug: Init bundle root assets start..., progress: 0%
2026-8-31 15:33:43-debug: Query preload assets/scripts from cc.config.json: 60f7195c-ec2a-45eb-ba94-8955f60e81d0,1c02ae6f-4492-4915-b8f8-7492a3b1e4cd,810e96e4-e456-4468-9b59-f4e8f39732c0,efe8e2a3-eace-427b-b4f1-cb8a937ec77d,e9aa9a3e-5b2b-4ac7-a2c7-073de2b2b24f,8bbdbcdd-5cd4-4100-b6d5-b7c9625b6107,50f4348b-c883-4e2f-8f11-ce233b859fa1,fda095cb-831d-4601-ad94-846013963de8,f92806d7-1768-443f-afe8-12bcde84d0f0,dd3a144d-ab7f-41f0-82b8-2e43a090d496,f0416e68-0200-4b77-a926-4f9d16e494da,511d2633-09a7-4bdd-ac42-f778032124b3,5d45aa00-e064-4938-b314-4265f0c2258c,9361fd90-ba52-4f84-aa93-6e878fd576ca,970b0598-bcb0-4714-91fb-2e81440dccd8,bcd64cc6-2dd9-43f6-abbe-66318d332032,d930590d-bb92-4cc8-8bd1-23cd027f9edf,a3cd009f-0ab0-420d-9278-b9fdab939bbc,6a2d0734-bd9e-4ddf-946e-caa52498cb75,c27215d8-6835-4b68-bfbb-bdeac6100c04,b5d6115f-0370-4d7c-aad3-c194cc71cf98,d1346436-ac96-4271-b863-1f4fdead95b0,971bdb23-3ff6-43eb-b422-1c30165a3663,17debcc3-0a6b-4b8a-b00b-dc58b885581e,711ebe11-f673-4cd9-9a83-63c60ba54c5b,c0143906-9aed-447e-9436-2ae8512d1b6e,14da1725-c4c2-42b4-ab08-ee0aeb6898b3,081cab31-dccd-428e-8652-f2404cc81c47,78e0584a-4343-4727-8f37-e14e65c2a2db,ba21476f-2866-4f81-9c4d-6e359316e448,871c3b6c-7379-419d-bda3-794b239ab90d,1d08ef62-a503-4ce2-8b9a-46c90873f7d3,ff9b0199-ce04-4cfe-86cc-6c719f08d6e4,de1c2107-70c8-4021-8459-6399f24d01c6,cbf30902-517f-40dc-af90-a550bac27cf1,5c601d96-e4c7-4698-991b-7ee674b11079
2026-8-31 15:33:43-debug:   Number of all scenes: 1
2026-8-31 15:33:43-debug:   Number of other assets: 318
2026-8-31 15:33:43-debug: Init bundle root assets success..., progress: 0%
2026-8-31 15:33:43-debug:   Number of all scripts: 7
2026-8-31 15:33:43-debug: // ---- build task 查询 Asset Bundle ---- (9ms)
2026-8-31 15:33:43-log: run build task 查询 Asset Bundle success in 9 ms√, progress: 5%
2026-8-31 15:33:43-debug: 查询 Asset Bundle start, progress: 5%
2026-8-31 15:33:43-debug: [Build Memory track]: 查询 Asset Bundle start:243.38MB, end 243.16MB, increase: -224.93KB
2026-8-31 15:33:43-debug: // ---- build task 查询 Asset Bundle ----
2026-8-31 15:33:43-debug: // ---- build task 查询 Asset Bundle ---- (5ms)
2026-8-31 15:33:43-debug: [Build Memory track]: 查询 Asset Bundle start:243.19MB, end 243.30MB, increase: 104.66KB
2026-8-31 15:33:43-log: run build task 查询 Asset Bundle success in 5 ms√, progress: 10%
2026-8-31 15:33:43-debug: 整理部分构建选项内数据到 settings.json start, progress: 10%
2026-8-31 15:33:43-debug: // ---- build task 整理部分构建选项内数据到 settings.json ----
2026-8-31 15:33:43-debug: // ---- build task 整理部分构建选项内数据到 settings.json ---- (2ms)
2026-8-31 15:33:43-log: run build task 整理部分构建选项内数据到 settings.json success in 2 ms√, progress: 12%
2026-8-31 15:33:43-debug: [Build Memory track]: 整理部分构建选项内数据到 settings.json start:243.33MB, end 243.35MB, increase: 27.96KB
2026-8-31 15:33:43-debug: 填充脚本数据到 settings.json start, progress: 12%
2026-8-31 15:33:43-debug: // ---- build task 填充脚本数据到 settings.json ----
2026-8-31 15:33:43-debug: // ---- build task 填充脚本数据到 settings.json ---- (3ms)
2026-8-31 15:33:43-log: run build task 填充脚本数据到 settings.json success in 3 ms√, progress: 13%
2026-8-31 15:33:43-debug: [Build Memory track]: 填充脚本数据到 settings.json start:243.39MB, end 243.41MB, increase: 28.64KB
2026-8-31 15:33:43-debug: // ---- build task 整理部分构建选项内数据到 settings.json ----
2026-8-31 15:33:43-debug: 整理部分构建选项内数据到 settings.json start, progress: 13%
2026-8-31 15:33:43-log: run build task 整理部分构建选项内数据到 settings.json success in 9 ms√, progress: 15%
2026-8-31 15:33:43-debug: [Build Memory track]: 整理部分构建选项内数据到 settings.json start:243.45MB, end 243.57MB, increase: 127.29KB
2026-8-31 15:33:43-debug: // ---- build task 整理部分构建选项内数据到 settings.json ---- (9ms)
2026-8-31 15:33:53-debug: refresh db internal success
2026-8-31 15:33:53-debug: refresh db assets success
2026-8-31 15:33:53-debug: Run asset db hook engine-extends:afterRefresh ...
2026-8-31 15:33:53-debug: Run asset db hook engine-extends:afterRefresh success!
2026-8-31 15:33:53-debug: asset-db:refresh-all-database (189ms)
2026-8-31 15:33:53-debug: asset-db:worker-effect-data-processing (7ms)
2026-8-31 15:33:53-debug: asset-db-hook-engine-extends-afterRefresh (8ms)
2026-8-31 15:33:55-debug: refresh db internal success
2026-8-31 15:33:55-debug: refresh db assets success
2026-8-31 15:33:55-debug: Run asset db hook engine-extends:afterRefresh ...
2026-8-31 15:33:55-debug: Run asset db hook engine-extends:afterRefresh success!
2026-8-31 15:33:55-debug: asset-db:refresh-all-database (136ms)
2026-8-31 15:33:55-debug: asset-db:worker-effect-data-processing (3ms)
2026-8-31 15:33:55-debug: asset-db-hook-engine-extends-afterRefresh (4ms)
2026-8-31 15:35:26-debug: %cImport%c: D:\GameByself\Cocos\Project1\assets\Scenes\scene.scenebackground: #aaff85; color: #000;color: #000;
2026-8-31 15:35:26-debug: asset-db:reimport-assetcb02e093-8bba-4046-8e6e-d0462e7be5da (13ms)
2026-8-31 15:35:29-debug: Query all assets info in project
2026-8-31 15:35:29-debug: init custom config: keepNodeUuid: false, useCache: true
2026-8-31 15:35:29-debug: Skip compress image, progress: 0%
2026-8-31 15:35:29-debug: Init all bundles start..., progress: 0%
2026-8-31 15:35:29-debug: // ---- build task 查询 Asset Bundle ----
2026-8-31 15:35:29-debug: 查询 Asset Bundle start, progress: 0%
2026-8-31 15:35:29-debug: Num of bundles: 3..., progress: 0%
2026-8-31 15:35:29-debug: Init bundle root assets start..., progress: 0%
2026-8-31 15:35:29-debug: Query preload assets/scripts from cc.config.json: 60f7195c-ec2a-45eb-ba94-8955f60e81d0,1c02ae6f-4492-4915-b8f8-7492a3b1e4cd,810e96e4-e456-4468-9b59-f4e8f39732c0,efe8e2a3-eace-427b-b4f1-cb8a937ec77d,e9aa9a3e-5b2b-4ac7-a2c7-073de2b2b24f,8bbdbcdd-5cd4-4100-b6d5-b7c9625b6107,50f4348b-c883-4e2f-8f11-ce233b859fa1,fda095cb-831d-4601-ad94-846013963de8,f92806d7-1768-443f-afe8-12bcde84d0f0,dd3a144d-ab7f-41f0-82b8-2e43a090d496,f0416e68-0200-4b77-a926-4f9d16e494da,511d2633-09a7-4bdd-ac42-f778032124b3,5d45aa00-e064-4938-b314-4265f0c2258c,9361fd90-ba52-4f84-aa93-6e878fd576ca,970b0598-bcb0-4714-91fb-2e81440dccd8,bcd64cc6-2dd9-43f6-abbe-66318d332032,d930590d-bb92-4cc8-8bd1-23cd027f9edf,a3cd009f-0ab0-420d-9278-b9fdab939bbc,6a2d0734-bd9e-4ddf-946e-caa52498cb75,c27215d8-6835-4b68-bfbb-bdeac6100c04,b5d6115f-0370-4d7c-aad3-c194cc71cf98,d1346436-ac96-4271-b863-1f4fdead95b0,971bdb23-3ff6-43eb-b422-1c30165a3663,17debcc3-0a6b-4b8a-b00b-dc58b885581e,711ebe11-f673-4cd9-9a83-63c60ba54c5b,c0143906-9aed-447e-9436-2ae8512d1b6e,14da1725-c4c2-42b4-ab08-ee0aeb6898b3,081cab31-dccd-428e-8652-f2404cc81c47,78e0584a-4343-4727-8f37-e14e65c2a2db,ba21476f-2866-4f81-9c4d-6e359316e448,871c3b6c-7379-419d-bda3-794b239ab90d,1d08ef62-a503-4ce2-8b9a-46c90873f7d3,ff9b0199-ce04-4cfe-86cc-6c719f08d6e4,de1c2107-70c8-4021-8459-6399f24d01c6,cbf30902-517f-40dc-af90-a550bac27cf1,5c601d96-e4c7-4698-991b-7ee674b11079
2026-8-31 15:35:29-debug:   Number of all scripts: 7
2026-8-31 15:35:29-debug:   Number of other assets: 318
2026-8-31 15:35:29-debug: Init bundle root assets success..., progress: 0%
2026-8-31 15:35:29-debug:   Number of all scenes: 1
2026-8-31 15:35:29-log: run build task 查询 Asset Bundle success in 9 ms√, progress: 5%
2026-8-31 15:35:29-debug: [Build Memory track]: 查询 Asset Bundle start:223.72MB, end 223.48MB, increase: -249.59KB
2026-8-31 15:35:29-debug: 查询 Asset Bundle start, progress: 5%
2026-8-31 15:35:29-debug: // ---- build task 查询 Asset Bundle ---- (9ms)
2026-8-31 15:35:29-debug: // ---- build task 查询 Asset Bundle ----
2026-8-31 15:35:29-debug: // ---- build task 查询 Asset Bundle ---- (5ms)
2026-8-31 15:35:29-log: run build task 查询 Asset Bundle success in 5 ms√, progress: 10%
2026-8-31 15:35:29-debug: [Build Memory track]: 查询 Asset Bundle start:223.51MB, end 223.61MB, increase: 105.98KB
2026-8-31 15:35:29-debug: 整理部分构建选项内数据到 settings.json start, progress: 10%
2026-8-31 15:35:29-debug: // ---- build task 整理部分构建选项内数据到 settings.json ----
2026-8-31 15:35:29-debug: // ---- build task 整理部分构建选项内数据到 settings.json ---- (2ms)
2026-8-31 15:35:29-log: run build task 整理部分构建选项内数据到 settings.json success in 2 ms√, progress: 12%
2026-8-31 15:35:29-debug: [Build Memory track]: 整理部分构建选项内数据到 settings.json start:223.64MB, end 223.67MB, increase: 27.78KB
2026-8-31 15:35:29-debug: 填充脚本数据到 settings.json start, progress: 12%
2026-8-31 15:35:29-debug: // ---- build task 填充脚本数据到 settings.json ----
2026-8-31 15:35:29-debug: // ---- build task 填充脚本数据到 settings.json ---- (2ms)
2026-8-31 15:35:29-log: run build task 填充脚本数据到 settings.json success in 2 ms√, progress: 13%
2026-8-31 15:35:29-debug: [Build Memory track]: 填充脚本数据到 settings.json start:223.70MB, end 223.73MB, increase: 27.34KB
2026-8-31 15:35:29-debug: 整理部分构建选项内数据到 settings.json start, progress: 13%
2026-8-31 15:35:29-debug: // ---- build task 整理部分构建选项内数据到 settings.json ----
2026-8-31 15:35:29-log: run build task 整理部分构建选项内数据到 settings.json success in 5 ms√, progress: 15%
2026-8-31 15:35:29-debug: [Build Memory track]: 整理部分构建选项内数据到 settings.json start:223.76MB, end 223.89MB, increase: 131.39KB
2026-8-31 15:35:29-debug: // ---- build task 整理部分构建选项内数据到 settings.json ---- (5ms)
2026-8-31 15:35:39-debug: Query all assets info in project
2026-8-31 15:35:39-debug: init custom config: keepNodeUuid: false, useCache: true
2026-8-31 15:35:39-debug: Skip compress image, progress: 0%
2026-8-31 15:35:39-debug: Init all bundles start..., progress: 0%
2026-8-31 15:35:39-debug: // ---- build task 查询 Asset Bundle ----
2026-8-31 15:35:39-debug: Num of bundles: 3..., progress: 0%
2026-8-31 15:35:39-debug: 查询 Asset Bundle start, progress: 0%
2026-8-31 15:35:39-debug: Init bundle root assets start..., progress: 0%
2026-8-31 15:35:39-debug:   Number of all scenes: 1
2026-8-31 15:35:39-debug: Query preload assets/scripts from cc.config.json: 60f7195c-ec2a-45eb-ba94-8955f60e81d0,1c02ae6f-4492-4915-b8f8-7492a3b1e4cd,810e96e4-e456-4468-9b59-f4e8f39732c0,efe8e2a3-eace-427b-b4f1-cb8a937ec77d,e9aa9a3e-5b2b-4ac7-a2c7-073de2b2b24f,8bbdbcdd-5cd4-4100-b6d5-b7c9625b6107,50f4348b-c883-4e2f-8f11-ce233b859fa1,fda095cb-831d-4601-ad94-846013963de8,f92806d7-1768-443f-afe8-12bcde84d0f0,dd3a144d-ab7f-41f0-82b8-2e43a090d496,f0416e68-0200-4b77-a926-4f9d16e494da,511d2633-09a7-4bdd-ac42-f778032124b3,5d45aa00-e064-4938-b314-4265f0c2258c,9361fd90-ba52-4f84-aa93-6e878fd576ca,970b0598-bcb0-4714-91fb-2e81440dccd8,bcd64cc6-2dd9-43f6-abbe-66318d332032,d930590d-bb92-4cc8-8bd1-23cd027f9edf,a3cd009f-0ab0-420d-9278-b9fdab939bbc,6a2d0734-bd9e-4ddf-946e-caa52498cb75,c27215d8-6835-4b68-bfbb-bdeac6100c04,b5d6115f-0370-4d7c-aad3-c194cc71cf98,d1346436-ac96-4271-b863-1f4fdead95b0,971bdb23-3ff6-43eb-b422-1c30165a3663,17debcc3-0a6b-4b8a-b00b-dc58b885581e,711ebe11-f673-4cd9-9a83-63c60ba54c5b,c0143906-9aed-447e-9436-2ae8512d1b6e,14da1725-c4c2-42b4-ab08-ee0aeb6898b3,081cab31-dccd-428e-8652-f2404cc81c47,78e0584a-4343-4727-8f37-e14e65c2a2db,ba21476f-2866-4f81-9c4d-6e359316e448,871c3b6c-7379-419d-bda3-794b239ab90d,1d08ef62-a503-4ce2-8b9a-46c90873f7d3,ff9b0199-ce04-4cfe-86cc-6c719f08d6e4,de1c2107-70c8-4021-8459-6399f24d01c6,cbf30902-517f-40dc-af90-a550bac27cf1,5c601d96-e4c7-4698-991b-7ee674b11079
2026-8-31 15:35:39-debug:   Number of all scripts: 7
2026-8-31 15:35:39-debug:   Number of other assets: 318
2026-8-31 15:35:39-debug: Init bundle root assets success..., progress: 0%
2026-8-31 15:35:39-debug: // ---- build task 查询 Asset Bundle ---- (9ms)
2026-8-31 15:35:39-debug: 查询 Asset Bundle start, progress: 5%
2026-8-31 15:35:39-log: run build task 查询 Asset Bundle success in 9 ms√, progress: 5%
2026-8-31 15:35:39-debug: [Build Memory track]: 查询 Asset Bundle start:223.98MB, end 223.74MB, increase: -244.48KB
2026-8-31 15:35:39-debug: // ---- build task 查询 Asset Bundle ----
2026-8-31 15:35:39-debug: // ---- build task 查询 Asset Bundle ---- (4ms)
2026-8-31 15:35:39-log: run build task 查询 Asset Bundle success in 4 ms√, progress: 10%
2026-8-31 15:35:39-debug: [Build Memory track]: 查询 Asset Bundle start:223.77MB, end 223.87MB, increase: 105.55KB
2026-8-31 15:35:39-debug: 整理部分构建选项内数据到 settings.json start, progress: 10%
2026-8-31 15:35:39-debug: // ---- build task 整理部分构建选项内数据到 settings.json ----
2026-8-31 15:35:39-debug: // ---- build task 整理部分构建选项内数据到 settings.json ---- (2ms)
2026-8-31 15:35:39-log: run build task 整理部分构建选项内数据到 settings.json success in 2 ms√, progress: 12%
2026-8-31 15:35:39-debug: [Build Memory track]: 整理部分构建选项内数据到 settings.json start:223.90MB, end 223.93MB, increase: 27.81KB
2026-8-31 15:35:39-debug: 填充脚本数据到 settings.json start, progress: 12%
2026-8-31 15:35:39-debug: // ---- build task 填充脚本数据到 settings.json ----
2026-8-31 15:35:39-debug: // ---- build task 填充脚本数据到 settings.json ---- (2ms)
2026-8-31 15:35:39-debug: [Build Memory track]: 填充脚本数据到 settings.json start:223.96MB, end 223.99MB, increase: 27.27KB
2026-8-31 15:35:39-log: run build task 填充脚本数据到 settings.json success in 2 ms√, progress: 13%
2026-8-31 15:35:39-debug: 整理部分构建选项内数据到 settings.json start, progress: 13%
2026-8-31 15:35:39-debug: // ---- build task 整理部分构建选项内数据到 settings.json ----
2026-8-31 15:35:39-debug: // ---- build task 整理部分构建选项内数据到 settings.json ---- (5ms)
2026-8-31 15:35:39-log: run build task 整理部分构建选项内数据到 settings.json success in 5 ms√, progress: 15%
2026-8-31 15:35:39-debug: [Build Memory track]: 整理部分构建选项内数据到 settings.json start:224.02MB, end 224.15MB, increase: 128.14KB
2026-8-31 15:35:50-debug: refresh db internal success
2026-8-31 15:35:50-debug: refresh db assets success
2026-8-31 15:35:50-debug: Run asset db hook engine-extends:afterRefresh ...
2026-8-31 15:35:50-debug: Run asset db hook engine-extends:afterRefresh success!
2026-8-31 15:35:50-debug: asset-db:refresh-all-database (135ms)
2026-8-31 15:35:50-debug: asset-db:worker-effect-data-processing (12ms)
2026-8-31 15:35:50-debug: asset-db-hook-engine-extends-afterRefresh (18ms)
2026-8-31 15:36:29-debug: refresh db internal success
2026-8-31 15:36:29-debug: %cImport%c: D:\GameByself\Cocos\Project1\assets\Scripts\Car.tsbackground: #aaff85; color: #000;color: #000;
2026-8-31 15:36:29-debug: refresh db assets success
2026-8-31 15:36:29-debug: Run asset db hook engine-extends:afterRefresh ...
2026-8-31 15:36:29-debug: Run asset db hook engine-extends:afterRefresh success!
2026-8-31 15:36:29-debug: asset-db:refresh-all-database (140ms)
2026-8-31 15:36:29-debug: asset-db:worker-effect-data-processing (2ms)
2026-8-31 15:36:29-debug: asset-db-hook-engine-extends-afterRefresh (3ms)
2026-8-31 15:36:30-debug: Query all assets info in project
2026-8-31 15:36:30-debug: init custom config: keepNodeUuid: false, useCache: true
2026-8-31 15:36:30-debug: Skip compress image, progress: 0%
2026-8-31 15:36:30-debug: Init all bundles start..., progress: 0%
2026-8-31 15:36:30-debug: // ---- build task 查询 Asset Bundle ----
2026-8-31 15:36:30-debug: 查询 Asset Bundle start, progress: 0%
2026-8-31 15:36:30-debug: Num of bundles: 3..., progress: 0%
2026-8-31 15:36:30-debug: Init bundle root assets start..., progress: 0%
2026-8-31 15:36:30-debug: Query preload assets/scripts from cc.config.json: 60f7195c-ec2a-45eb-ba94-8955f60e81d0,1c02ae6f-4492-4915-b8f8-7492a3b1e4cd,810e96e4-e456-4468-9b59-f4e8f39732c0,efe8e2a3-eace-427b-b4f1-cb8a937ec77d,e9aa9a3e-5b2b-4ac7-a2c7-073de2b2b24f,8bbdbcdd-5cd4-4100-b6d5-b7c9625b6107,50f4348b-c883-4e2f-8f11-ce233b859fa1,fda095cb-831d-4601-ad94-846013963de8,f92806d7-1768-443f-afe8-12bcde84d0f0,dd3a144d-ab7f-41f0-82b8-2e43a090d496,f0416e68-0200-4b77-a926-4f9d16e494da,511d2633-09a7-4bdd-ac42-f778032124b3,5d45aa00-e064-4938-b314-4265f0c2258c,9361fd90-ba52-4f84-aa93-6e878fd576ca,970b0598-bcb0-4714-91fb-2e81440dccd8,bcd64cc6-2dd9-43f6-abbe-66318d332032,d930590d-bb92-4cc8-8bd1-23cd027f9edf,a3cd009f-0ab0-420d-9278-b9fdab939bbc,6a2d0734-bd9e-4ddf-946e-caa52498cb75,c27215d8-6835-4b68-bfbb-bdeac6100c04,b5d6115f-0370-4d7c-aad3-c194cc71cf98,d1346436-ac96-4271-b863-1f4fdead95b0,971bdb23-3ff6-43eb-b422-1c30165a3663,17debcc3-0a6b-4b8a-b00b-dc58b885581e,711ebe11-f673-4cd9-9a83-63c60ba54c5b,c0143906-9aed-447e-9436-2ae8512d1b6e,14da1725-c4c2-42b4-ab08-ee0aeb6898b3,081cab31-dccd-428e-8652-f2404cc81c47,78e0584a-4343-4727-8f37-e14e65c2a2db,ba21476f-2866-4f81-9c4d-6e359316e448,871c3b6c-7379-419d-bda3-794b239ab90d,1d08ef62-a503-4ce2-8b9a-46c90873f7d3,ff9b0199-ce04-4cfe-86cc-6c719f08d6e4,de1c2107-70c8-4021-8459-6399f24d01c6,cbf30902-517f-40dc-af90-a550bac27cf1,5c601d96-e4c7-4698-991b-7ee674b11079
2026-8-31 15:36:30-debug:   Number of all scenes: 1
2026-8-31 15:36:30-debug:   Number of other assets: 318
2026-8-31 15:36:30-debug: Init bundle root assets success..., progress: 0%
2026-8-31 15:36:30-debug:   Number of all scripts: 7
2026-8-31 15:36:30-debug: // ---- build task 查询 Asset Bundle ---- (8ms)
2026-8-31 15:36:30-debug: [Build Memory track]: 查询 Asset Bundle start:225.74MB, end 225.63MB, increase: -109.41KB
2026-8-31 15:36:30-log: run build task 查询 Asset Bundle success in 8 ms√, progress: 5%
2026-8-31 15:36:30-debug: 查询 Asset Bundle start, progress: 5%
2026-8-31 15:36:30-debug: // ---- build task 查询 Asset Bundle ----
2026-8-31 15:36:30-debug: // ---- build task 查询 Asset Bundle ---- (4ms)
2026-8-31 15:36:30-log: run build task 查询 Asset Bundle success in 4 ms√, progress: 10%
2026-8-31 15:36:30-debug: [Build Memory track]: 查询 Asset Bundle start:225.66MB, end 225.77MB, increase: 104.91KB
2026-8-31 15:36:30-debug: // ---- build task 整理部分构建选项内数据到 settings.json ----
2026-8-31 15:36:30-debug: 整理部分构建选项内数据到 settings.json start, progress: 10%
2026-8-31 15:36:30-debug: // ---- build task 整理部分构建选项内数据到 settings.json ---- (3ms)
2026-8-31 15:36:30-log: run build task 整理部分构建选项内数据到 settings.json success in 3 ms√, progress: 12%
2026-8-31 15:36:30-debug: [Build Memory track]: 整理部分构建选项内数据到 settings.json start:225.80MB, end 225.82MB, increase: 27.86KB
2026-8-31 15:36:30-debug: 填充脚本数据到 settings.json start, progress: 12%
2026-8-31 15:36:30-debug: // ---- build task 填充脚本数据到 settings.json ----
2026-8-31 15:36:30-debug: // ---- build task 填充脚本数据到 settings.json ---- (6ms)
2026-8-31 15:36:30-debug: [Build Memory track]: 填充脚本数据到 settings.json start:225.86MB, end 225.88MB, increase: 27.20KB
2026-8-31 15:36:30-log: run build task 填充脚本数据到 settings.json success in 6 ms√, progress: 13%
2026-8-31 15:36:30-debug: 整理部分构建选项内数据到 settings.json start, progress: 13%
2026-8-31 15:36:30-debug: // ---- build task 整理部分构建选项内数据到 settings.json ----
2026-8-31 15:36:30-debug: // ---- build task 整理部分构建选项内数据到 settings.json ---- (6ms)
2026-8-31 15:36:30-log: run build task 整理部分构建选项内数据到 settings.json success in 6 ms√, progress: 15%
2026-8-31 15:36:30-debug: [Build Memory track]: 整理部分构建选项内数据到 settings.json start:225.91MB, end 226.04MB, increase: 127.34KB
2026-8-31 15:36:30-debug: refresh db internal success
2026-8-31 15:36:30-debug: refresh db assets success
2026-8-31 15:36:30-debug: Run asset db hook engine-extends:afterRefresh ...
2026-8-31 15:36:30-debug: Run asset db hook engine-extends:afterRefresh success!
2026-8-31 15:36:30-debug: asset-db:refresh-all-database (159ms)
2026-8-31 15:36:30-debug: asset-db:worker-effect-data-processing (8ms)
2026-8-31 15:36:30-debug: asset-db-hook-engine-extends-afterRefresh (10ms)
2026-8-31 15:36:30-debug: %cImport%c: D:\GameByself\Cocos\Project1\assets\Scenes\scene.scenebackground: #aaff85; color: #000;color: #000;
2026-8-31 15:36:30-debug: asset-db:reimport-assetcb02e093-8bba-4046-8e6e-d0462e7be5da (19ms)
2026-8-31 15:36:32-debug: Query all assets info in project
2026-8-31 15:36:32-debug: init custom config: keepNodeUuid: false, useCache: true
2026-8-31 15:36:32-debug: Skip compress image, progress: 0%
2026-8-31 15:36:32-debug: Init all bundles start..., progress: 0%
2026-8-31 15:36:32-debug: // ---- build task 查询 Asset Bundle ----
2026-8-31 15:36:32-debug: 查询 Asset Bundle start, progress: 0%
2026-8-31 15:36:32-debug: Num of bundles: 3..., progress: 0%
2026-8-31 15:36:32-debug: Init bundle root assets start..., progress: 0%
2026-8-31 15:36:32-debug: Query preload assets/scripts from cc.config.json: 60f7195c-ec2a-45eb-ba94-8955f60e81d0,1c02ae6f-4492-4915-b8f8-7492a3b1e4cd,810e96e4-e456-4468-9b59-f4e8f39732c0,efe8e2a3-eace-427b-b4f1-cb8a937ec77d,e9aa9a3e-5b2b-4ac7-a2c7-073de2b2b24f,8bbdbcdd-5cd4-4100-b6d5-b7c9625b6107,50f4348b-c883-4e2f-8f11-ce233b859fa1,fda095cb-831d-4601-ad94-846013963de8,f92806d7-1768-443f-afe8-12bcde84d0f0,dd3a144d-ab7f-41f0-82b8-2e43a090d496,f0416e68-0200-4b77-a926-4f9d16e494da,511d2633-09a7-4bdd-ac42-f778032124b3,5d45aa00-e064-4938-b314-4265f0c2258c,9361fd90-ba52-4f84-aa93-6e878fd576ca,970b0598-bcb0-4714-91fb-2e81440dccd8,bcd64cc6-2dd9-43f6-abbe-66318d332032,d930590d-bb92-4cc8-8bd1-23cd027f9edf,a3cd009f-0ab0-420d-9278-b9fdab939bbc,6a2d0734-bd9e-4ddf-946e-caa52498cb75,c27215d8-6835-4b68-bfbb-bdeac6100c04,b5d6115f-0370-4d7c-aad3-c194cc71cf98,d1346436-ac96-4271-b863-1f4fdead95b0,971bdb23-3ff6-43eb-b422-1c30165a3663,17debcc3-0a6b-4b8a-b00b-dc58b885581e,711ebe11-f673-4cd9-9a83-63c60ba54c5b,c0143906-9aed-447e-9436-2ae8512d1b6e,14da1725-c4c2-42b4-ab08-ee0aeb6898b3,081cab31-dccd-428e-8652-f2404cc81c47,78e0584a-4343-4727-8f37-e14e65c2a2db,ba21476f-2866-4f81-9c4d-6e359316e448,871c3b6c-7379-419d-bda3-794b239ab90d,1d08ef62-a503-4ce2-8b9a-46c90873f7d3,ff9b0199-ce04-4cfe-86cc-6c719f08d6e4,de1c2107-70c8-4021-8459-6399f24d01c6,cbf30902-517f-40dc-af90-a550bac27cf1,5c601d96-e4c7-4698-991b-7ee674b11079
2026-8-31 15:36:32-debug:   Number of all scenes: 1
2026-8-31 15:36:32-debug:   Number of all scripts: 7
2026-8-31 15:36:32-debug:   Number of other assets: 318
2026-8-31 15:36:32-debug: Init bundle root assets success..., progress: 0%
2026-8-31 15:36:32-debug: // ---- build task 查询 Asset Bundle ---- (7ms)
2026-8-31 15:36:32-debug: [Build Memory track]: 查询 Asset Bundle start:227.03MB, end 227.70MB, increase: 683.68KB
2026-8-31 15:36:32-log: run build task 查询 Asset Bundle success in 7 ms√, progress: 5%
2026-8-31 15:36:32-debug: 查询 Asset Bundle start, progress: 5%
2026-8-31 15:36:32-debug: // ---- build task 查询 Asset Bundle ----
2026-8-31 15:36:32-debug: // ---- build task 查询 Asset Bundle ---- (5ms)
2026-8-31 15:36:32-log: run build task 查询 Asset Bundle success in 5 ms√, progress: 10%
2026-8-31 15:36:32-debug: [Build Memory track]: 查询 Asset Bundle start:227.73MB, end 227.84MB, increase: 105.12KB
2026-8-31 15:36:32-debug: 整理部分构建选项内数据到 settings.json start, progress: 10%
2026-8-31 15:36:32-debug: // ---- build task 整理部分构建选项内数据到 settings.json ----
2026-8-31 15:36:32-log: run build task 整理部分构建选项内数据到 settings.json success in 3 ms√, progress: 12%
2026-8-31 15:36:32-debug: [Build Memory track]: 整理部分构建选项内数据到 settings.json start:227.87MB, end 227.90MB, increase: 27.78KB
2026-8-31 15:36:32-debug: 填充脚本数据到 settings.json start, progress: 12%
2026-8-31 15:36:32-debug: // ---- build task 整理部分构建选项内数据到 settings.json ---- (3ms)
2026-8-31 15:36:32-debug: // ---- build task 填充脚本数据到 settings.json ----
2026-8-31 15:36:32-debug: // ---- build task 填充脚本数据到 settings.json ---- (4ms)
2026-8-31 15:36:32-log: run build task 填充脚本数据到 settings.json success in 4 ms√, progress: 13%
2026-8-31 15:36:32-debug: [Build Memory track]: 填充脚本数据到 settings.json start:227.93MB, end 227.95MB, increase: 27.24KB
2026-8-31 15:36:32-debug: 整理部分构建选项内数据到 settings.json start, progress: 13%
2026-8-31 15:36:32-debug: // ---- build task 整理部分构建选项内数据到 settings.json ----
2026-8-31 15:36:32-debug: // ---- build task 整理部分构建选项内数据到 settings.json ---- (7ms)
2026-8-31 15:36:32-log: run build task 整理部分构建选项内数据到 settings.json success in 7 ms√, progress: 15%
2026-8-31 15:36:32-debug: [Build Memory track]: 整理部分构建选项内数据到 settings.json start:227.98MB, end 228.12MB, increase: 143.51KB
2026-8-31 15:36:42-debug: refresh db internal success
2026-8-31 15:36:42-debug: refresh db assets success
2026-8-31 15:36:42-debug: Run asset db hook engine-extends:afterRefresh ...
2026-8-31 15:36:42-debug: Run asset db hook engine-extends:afterRefresh success!
2026-8-31 15:36:42-debug: asset-db:refresh-all-database (122ms)
2026-8-31 15:36:42-debug: asset-db:worker-effect-data-processing (4ms)
2026-8-31 15:36:42-debug: asset-db-hook-engine-extends-afterRefresh (5ms)
2026-8-31 15:38:19-debug: refresh db internal success
2026-8-31 15:38:19-debug: refresh db assets success
2026-8-31 15:38:19-debug: Run asset db hook engine-extends:afterRefresh ...
2026-8-31 15:38:19-debug: Run asset db hook engine-extends:afterRefresh success!
2026-8-31 15:38:19-debug: asset-db:refresh-all-database (106ms)
2026-8-31 15:38:19-debug: asset-db:worker-effect-data-processing (2ms)
2026-8-31 15:38:19-debug: asset-db-hook-engine-extends-afterRefresh (2ms)
2026-8-31 15:38:20-debug: Query all assets info in project
2026-8-31 15:38:20-debug: init custom config: keepNodeUuid: false, useCache: true
2026-8-31 15:38:20-debug: Skip compress image, progress: 0%
2026-8-31 15:38:20-debug: Init all bundles start..., progress: 0%
2026-8-31 15:38:20-debug: // ---- build task 查询 Asset Bundle ----
2026-8-31 15:38:20-debug: Num of bundles: 3..., progress: 0%
2026-8-31 15:38:20-debug: 查询 Asset Bundle start, progress: 0%
2026-8-31 15:38:20-debug: Init bundle root assets start..., progress: 0%
2026-8-31 15:38:20-debug: Query preload assets/scripts from cc.config.json: 60f7195c-ec2a-45eb-ba94-8955f60e81d0,1c02ae6f-4492-4915-b8f8-7492a3b1e4cd,810e96e4-e456-4468-9b59-f4e8f39732c0,efe8e2a3-eace-427b-b4f1-cb8a937ec77d,e9aa9a3e-5b2b-4ac7-a2c7-073de2b2b24f,8bbdbcdd-5cd4-4100-b6d5-b7c9625b6107,50f4348b-c883-4e2f-8f11-ce233b859fa1,fda095cb-831d-4601-ad94-846013963de8,f92806d7-1768-443f-afe8-12bcde84d0f0,dd3a144d-ab7f-41f0-82b8-2e43a090d496,f0416e68-0200-4b77-a926-4f9d16e494da,511d2633-09a7-4bdd-ac42-f778032124b3,5d45aa00-e064-4938-b314-4265f0c2258c,9361fd90-ba52-4f84-aa93-6e878fd576ca,970b0598-bcb0-4714-91fb-2e81440dccd8,bcd64cc6-2dd9-43f6-abbe-66318d332032,d930590d-bb92-4cc8-8bd1-23cd027f9edf,a3cd009f-0ab0-420d-9278-b9fdab939bbc,6a2d0734-bd9e-4ddf-946e-caa52498cb75,c27215d8-6835-4b68-bfbb-bdeac6100c04,b5d6115f-0370-4d7c-aad3-c194cc71cf98,d1346436-ac96-4271-b863-1f4fdead95b0,971bdb23-3ff6-43eb-b422-1c30165a3663,17debcc3-0a6b-4b8a-b00b-dc58b885581e,711ebe11-f673-4cd9-9a83-63c60ba54c5b,c0143906-9aed-447e-9436-2ae8512d1b6e,14da1725-c4c2-42b4-ab08-ee0aeb6898b3,081cab31-dccd-428e-8652-f2404cc81c47,78e0584a-4343-4727-8f37-e14e65c2a2db,ba21476f-2866-4f81-9c4d-6e359316e448,871c3b6c-7379-419d-bda3-794b239ab90d,1d08ef62-a503-4ce2-8b9a-46c90873f7d3,ff9b0199-ce04-4cfe-86cc-6c719f08d6e4,de1c2107-70c8-4021-8459-6399f24d01c6,cbf30902-517f-40dc-af90-a550bac27cf1,5c601d96-e4c7-4698-991b-7ee674b11079
2026-8-31 15:38:20-debug:   Number of all scenes: 1
2026-8-31 15:38:21-debug:   Number of all scripts: 7
2026-8-31 15:38:21-debug:   Number of other assets: 318
2026-8-31 15:38:21-debug: Init bundle root assets success..., progress: 0%
2026-8-31 15:38:21-log: run build task 查询 Asset Bundle success in 9 ms√, progress: 5%
2026-8-31 15:38:21-debug: [Build Memory track]: 查询 Asset Bundle start:229.12MB, end 228.83MB, increase: -288.16KB
2026-8-31 15:38:21-debug: 查询 Asset Bundle start, progress: 5%
2026-8-31 15:38:21-debug: // ---- build task 查询 Asset Bundle ----
2026-8-31 15:38:21-debug: // ---- build task 查询 Asset Bundle ---- (9ms)
2026-8-31 15:38:21-debug: // ---- build task 查询 Asset Bundle ---- (4ms)
2026-8-31 15:38:21-debug: [Build Memory track]: 查询 Asset Bundle start:228.87MB, end 228.97MB, increase: 105.98KB
2026-8-31 15:38:21-debug: 整理部分构建选项内数据到 settings.json start, progress: 10%
2026-8-31 15:38:21-log: run build task 查询 Asset Bundle success in 4 ms√, progress: 10%
2026-8-31 15:38:21-debug: // ---- build task 整理部分构建选项内数据到 settings.json ----
2026-8-31 15:38:21-debug: // ---- build task 整理部分构建选项内数据到 settings.json ---- (1ms)
2026-8-31 15:38:21-debug: [Build Memory track]: 整理部分构建选项内数据到 settings.json start:229.00MB, end 229.03MB, increase: 27.85KB
2026-8-31 15:38:21-log: run build task 整理部分构建选项内数据到 settings.json success in 1 ms√, progress: 12%
2026-8-31 15:38:21-debug: 填充脚本数据到 settings.json start, progress: 12%
2026-8-31 15:38:21-debug: // ---- build task 填充脚本数据到 settings.json ----
2026-8-31 15:38:21-debug: // ---- build task 填充脚本数据到 settings.json ---- (2ms)
2026-8-31 15:38:21-log: run build task 填充脚本数据到 settings.json success in 2 ms√, progress: 13%
2026-8-31 15:38:21-debug: [Build Memory track]: 填充脚本数据到 settings.json start:229.06MB, end 229.09MB, increase: 27.20KB
2026-8-31 15:38:21-debug: 整理部分构建选项内数据到 settings.json start, progress: 13%
2026-8-31 15:38:21-debug: // ---- build task 整理部分构建选项内数据到 settings.json ----
2026-8-31 15:38:21-debug: // ---- build task 整理部分构建选项内数据到 settings.json ---- (8ms)
2026-8-31 15:38:21-log: run build task 整理部分构建选项内数据到 settings.json success in 8 ms√, progress: 15%
2026-8-31 15:38:21-debug: [Build Memory track]: 整理部分构建选项内数据到 settings.json start:229.12MB, end 229.25MB, increase: 140.95KB
2026-8-31 15:38:30-debug: Query all assets info in project
2026-8-31 15:38:30-debug: init custom config: keepNodeUuid: false, useCache: true
2026-8-31 15:38:30-debug: Skip compress image, progress: 0%
2026-8-31 15:38:30-debug: Init all bundles start..., progress: 0%
2026-8-31 15:38:30-debug: // ---- build task 查询 Asset Bundle ----
2026-8-31 15:38:30-debug: Init bundle root assets start..., progress: 0%
2026-8-31 15:38:30-debug: Num of bundles: 3..., progress: 0%
2026-8-31 15:38:30-debug: 查询 Asset Bundle start, progress: 0%
2026-8-31 15:38:30-debug: Query preload assets/scripts from cc.config.json: 60f7195c-ec2a-45eb-ba94-8955f60e81d0,1c02ae6f-4492-4915-b8f8-7492a3b1e4cd,810e96e4-e456-4468-9b59-f4e8f39732c0,efe8e2a3-eace-427b-b4f1-cb8a937ec77d,e9aa9a3e-5b2b-4ac7-a2c7-073de2b2b24f,8bbdbcdd-5cd4-4100-b6d5-b7c9625b6107,50f4348b-c883-4e2f-8f11-ce233b859fa1,fda095cb-831d-4601-ad94-846013963de8,f92806d7-1768-443f-afe8-12bcde84d0f0,dd3a144d-ab7f-41f0-82b8-2e43a090d496,f0416e68-0200-4b77-a926-4f9d16e494da,511d2633-09a7-4bdd-ac42-f778032124b3,5d45aa00-e064-4938-b314-4265f0c2258c,9361fd90-ba52-4f84-aa93-6e878fd576ca,970b0598-bcb0-4714-91fb-2e81440dccd8,bcd64cc6-2dd9-43f6-abbe-66318d332032,d930590d-bb92-4cc8-8bd1-23cd027f9edf,a3cd009f-0ab0-420d-9278-b9fdab939bbc,6a2d0734-bd9e-4ddf-946e-caa52498cb75,c27215d8-6835-4b68-bfbb-bdeac6100c04,b5d6115f-0370-4d7c-aad3-c194cc71cf98,d1346436-ac96-4271-b863-1f4fdead95b0,971bdb23-3ff6-43eb-b422-1c30165a3663,17debcc3-0a6b-4b8a-b00b-dc58b885581e,711ebe11-f673-4cd9-9a83-63c60ba54c5b,c0143906-9aed-447e-9436-2ae8512d1b6e,14da1725-c4c2-42b4-ab08-ee0aeb6898b3,081cab31-dccd-428e-8652-f2404cc81c47,78e0584a-4343-4727-8f37-e14e65c2a2db,ba21476f-2866-4f81-9c4d-6e359316e448,871c3b6c-7379-419d-bda3-794b239ab90d,1d08ef62-a503-4ce2-8b9a-46c90873f7d3,ff9b0199-ce04-4cfe-86cc-6c719f08d6e4,de1c2107-70c8-4021-8459-6399f24d01c6,cbf30902-517f-40dc-af90-a550bac27cf1,5c601d96-e4c7-4698-991b-7ee674b11079
2026-8-31 15:38:30-debug:   Number of all scenes: 1
2026-8-31 15:38:30-debug:   Number of all scripts: 7
2026-8-31 15:38:30-debug:   Number of other assets: 318
2026-8-31 15:38:30-debug: Init bundle root assets success..., progress: 0%
2026-8-31 15:38:30-log: run build task 查询 Asset Bundle success in 9 ms√, progress: 5%
2026-8-31 15:38:30-debug: // ---- build task 查询 Asset Bundle ---- (9ms)
2026-8-31 15:38:30-debug: [Build Memory track]: 查询 Asset Bundle start:229.28MB, end 229.00MB, increase: -285.61KB
2026-8-31 15:38:30-debug: 查询 Asset Bundle start, progress: 5%
2026-8-31 15:38:30-debug: // ---- build task 查询 Asset Bundle ----
2026-8-31 15:38:30-debug: // ---- build task 查询 Asset Bundle ---- (3ms)
2026-8-31 15:38:30-log: run build task 查询 Asset Bundle success in 3 ms√, progress: 10%
2026-8-31 15:38:30-debug: [Build Memory track]: 查询 Asset Bundle start:229.03MB, end 229.14MB, increase: 105.73KB
2026-8-31 15:38:30-debug: 整理部分构建选项内数据到 settings.json start, progress: 10%
2026-8-31 15:38:30-debug: // ---- build task 整理部分构建选项内数据到 settings.json ----
2026-8-31 15:38:30-debug: // ---- build task 整理部分构建选项内数据到 settings.json ---- (1ms)
2026-8-31 15:38:30-log: run build task 整理部分构建选项内数据到 settings.json success in 1 ms√, progress: 12%
2026-8-31 15:38:30-debug: // ---- build task 填充脚本数据到 settings.json ----
2026-8-31 15:38:30-debug: [Build Memory track]: 整理部分构建选项内数据到 settings.json start:229.17MB, end 229.20MB, increase: 27.85KB
2026-8-31 15:38:30-debug: 填充脚本数据到 settings.json start, progress: 12%
2026-8-31 15:38:30-debug: // ---- build task 填充脚本数据到 settings.json ---- (3ms)
2026-8-31 15:38:30-log: run build task 填充脚本数据到 settings.json success in 3 ms√, progress: 13%
2026-8-31 15:38:30-debug: [Build Memory track]: 填充脚本数据到 settings.json start:229.23MB, end 229.25MB, increase: 27.18KB
2026-8-31 15:38:30-debug: 整理部分构建选项内数据到 settings.json start, progress: 13%
2026-8-31 15:38:30-debug: // ---- build task 整理部分构建选项内数据到 settings.json ----
2026-8-31 15:38:30-debug: // ---- build task 整理部分构建选项内数据到 settings.json ---- (4ms)
2026-8-31 15:38:30-log: run build task 整理部分构建选项内数据到 settings.json success in 4 ms√, progress: 15%
2026-8-31 15:38:30-debug: [Build Memory track]: 整理部分构建选项内数据到 settings.json start:229.28MB, end 229.41MB, increase: 127.34KB
2026-8-31 15:38:41-debug: refresh db internal success
2026-8-31 15:38:41-debug: refresh db assets success
2026-8-31 15:38:41-debug: Run asset db hook engine-extends:afterRefresh ...
2026-8-31 15:38:41-debug: Run asset db hook engine-extends:afterRefresh success!
2026-8-31 15:38:41-debug: asset-db:refresh-all-database (120ms)
2026-8-31 15:38:41-debug: asset-db:worker-effect-data-processing (10ms)
2026-8-31 15:38:41-debug: asset-db-hook-engine-extends-afterRefresh (12ms)
2026-8-31 15:39:20-debug: refresh db internal success
2026-8-31 15:39:20-debug: refresh db assets success
2026-8-31 15:39:20-debug: Run asset db hook engine-extends:afterRefresh ...
2026-8-31 15:39:20-debug: Run asset db hook engine-extends:afterRefresh success!
2026-8-31 15:39:20-debug: asset-db:refresh-all-database (99ms)
2026-8-31 15:39:20-debug: asset-db:worker-effect-data-processing (1ms)
2026-8-31 15:39:20-debug: asset-db-hook-engine-extends-afterRefresh (2ms)
2026-8-31 15:39:50-debug: refresh db internal success
2026-8-31 15:39:50-debug: %cImport%c: D:\GameByself\Cocos\Project1\assets\Scripts\Car.tsbackground: #aaff85; color: #000;color: #000;
2026-8-31 15:39:50-debug: refresh db assets success
2026-8-31 15:39:50-debug: Run asset db hook engine-extends:afterRefresh ...
2026-8-31 15:39:50-debug: Run asset db hook engine-extends:afterRefresh success!
2026-8-31 15:39:50-debug: asset-db:refresh-all-database (112ms)
2026-8-31 15:39:50-debug: asset-db:worker-effect-data-processing (4ms)
2026-8-31 15:39:50-debug: asset-db-hook-engine-extends-afterRefresh (4ms)
2026-8-31 15:39:53-debug: Query all assets info in project
2026-8-31 15:39:53-debug: init custom config: keepNodeUuid: false, useCache: true
2026-8-31 15:39:53-debug: Skip compress image, progress: 0%
2026-8-31 15:39:53-debug: Init all bundles start..., progress: 0%
2026-8-31 15:39:53-debug: // ---- build task 查询 Asset Bundle ----
2026-8-31 15:39:53-debug: 查询 Asset Bundle start, progress: 0%
2026-8-31 15:39:53-debug: Num of bundles: 3..., progress: 0%
2026-8-31 15:39:53-debug: Init bundle root assets start..., progress: 0%
2026-8-31 15:39:53-debug: Query preload assets/scripts from cc.config.json: 60f7195c-ec2a-45eb-ba94-8955f60e81d0,1c02ae6f-4492-4915-b8f8-7492a3b1e4cd,810e96e4-e456-4468-9b59-f4e8f39732c0,efe8e2a3-eace-427b-b4f1-cb8a937ec77d,e9aa9a3e-5b2b-4ac7-a2c7-073de2b2b24f,8bbdbcdd-5cd4-4100-b6d5-b7c9625b6107,50f4348b-c883-4e2f-8f11-ce233b859fa1,fda095cb-831d-4601-ad94-846013963de8,f92806d7-1768-443f-afe8-12bcde84d0f0,dd3a144d-ab7f-41f0-82b8-2e43a090d496,f0416e68-0200-4b77-a926-4f9d16e494da,511d2633-09a7-4bdd-ac42-f778032124b3,5d45aa00-e064-4938-b314-4265f0c2258c,9361fd90-ba52-4f84-aa93-6e878fd576ca,970b0598-bcb0-4714-91fb-2e81440dccd8,bcd64cc6-2dd9-43f6-abbe-66318d332032,d930590d-bb92-4cc8-8bd1-23cd027f9edf,a3cd009f-0ab0-420d-9278-b9fdab939bbc,6a2d0734-bd9e-4ddf-946e-caa52498cb75,c27215d8-6835-4b68-bfbb-bdeac6100c04,b5d6115f-0370-4d7c-aad3-c194cc71cf98,d1346436-ac96-4271-b863-1f4fdead95b0,971bdb23-3ff6-43eb-b422-1c30165a3663,17debcc3-0a6b-4b8a-b00b-dc58b885581e,711ebe11-f673-4cd9-9a83-63c60ba54c5b,c0143906-9aed-447e-9436-2ae8512d1b6e,14da1725-c4c2-42b4-ab08-ee0aeb6898b3,081cab31-dccd-428e-8652-f2404cc81c47,78e0584a-4343-4727-8f37-e14e65c2a2db,ba21476f-2866-4f81-9c4d-6e359316e448,871c3b6c-7379-419d-bda3-794b239ab90d,1d08ef62-a503-4ce2-8b9a-46c90873f7d3,ff9b0199-ce04-4cfe-86cc-6c719f08d6e4,de1c2107-70c8-4021-8459-6399f24d01c6,cbf30902-517f-40dc-af90-a550bac27cf1,5c601d96-e4c7-4698-991b-7ee674b11079
2026-8-31 15:39:53-debug:   Number of all scenes: 1
2026-8-31 15:39:53-debug:   Number of other assets: 318
2026-8-31 15:39:53-debug: Init bundle root assets success..., progress: 0%
2026-8-31 15:39:53-debug:   Number of all scripts: 7
2026-8-31 15:39:53-debug: // ---- build task 查询 Asset Bundle ---- (10ms)
2026-8-31 15:39:53-log: run build task 查询 Asset Bundle success in 10 ms√, progress: 5%
2026-8-31 15:39:53-debug: [Build Memory track]: 查询 Asset Bundle start:232.26MB, end 232.01MB, increase: -249.50KB
2026-8-31 15:39:53-debug: 查询 Asset Bundle start, progress: 5%
2026-8-31 15:39:53-debug: // ---- build task 查询 Asset Bundle ----
2026-8-31 15:39:53-debug: // ---- build task 查询 Asset Bundle ---- (4ms)
2026-8-31 15:39:53-log: run build task 查询 Asset Bundle success in 4 ms√, progress: 10%
2026-8-31 15:39:53-debug: [Build Memory track]: 查询 Asset Bundle start:232.04MB, end 232.15MB, increase: 107.27KB
2026-8-31 15:39:53-debug: 整理部分构建选项内数据到 settings.json start, progress: 10%
2026-8-31 15:39:53-debug: // ---- build task 整理部分构建选项内数据到 settings.json ----
2026-8-31 15:39:53-debug: // ---- build task 整理部分构建选项内数据到 settings.json ---- (2ms)
2026-8-31 15:39:53-log: run build task 整理部分构建选项内数据到 settings.json success in 2 ms√, progress: 12%
2026-8-31 15:39:53-debug: [Build Memory track]: 整理部分构建选项内数据到 settings.json start:232.18MB, end 232.21MB, increase: 27.85KB
2026-8-31 15:39:53-debug: 填充脚本数据到 settings.json start, progress: 12%
2026-8-31 15:39:53-debug: // ---- build task 填充脚本数据到 settings.json ----
2026-8-31 15:39:53-debug: // ---- build task 填充脚本数据到 settings.json ---- (2ms)
2026-8-31 15:39:53-log: run build task 填充脚本数据到 settings.json success in 2 ms√, progress: 13%
2026-8-31 15:39:53-debug: [Build Memory track]: 填充脚本数据到 settings.json start:232.24MB, end 232.26MB, increase: 26.97KB
2026-8-31 15:39:53-debug: 整理部分构建选项内数据到 settings.json start, progress: 13%
2026-8-31 15:39:53-debug: // ---- build task 整理部分构建选项内数据到 settings.json ----
2026-8-31 15:39:53-debug: // ---- build task 整理部分构建选项内数据到 settings.json ---- (7ms)
2026-8-31 15:39:53-debug: [Build Memory track]: 整理部分构建选项内数据到 settings.json start:232.30MB, end 232.42MB, increase: 127.54KB
2026-8-31 15:39:53-log: run build task 整理部分构建选项内数据到 settings.json success in 7 ms√, progress: 15%
2026-8-31 15:40:05-debug: refresh db internal success
2026-8-31 15:40:05-debug: refresh db assets success
2026-8-31 15:40:05-debug: Run asset db hook engine-extends:afterRefresh ...
2026-8-31 15:40:05-debug: Run asset db hook engine-extends:afterRefresh success!
2026-8-31 15:40:05-debug: asset-db:refresh-all-database (132ms)
2026-8-31 15:40:05-debug: asset-db:worker-effect-data-processing (4ms)
2026-8-31 15:40:05-debug: asset-db-hook-engine-extends-afterRefresh (4ms)
2026-8-31 15:40:28-debug: refresh db internal success
2026-8-31 15:40:28-debug: %cImport%c: D:\GameByself\Cocos\Project1\assets\Scripts\Car.tsbackground: #aaff85; color: #000;color: #000;
2026-8-31 15:40:28-debug: refresh db assets success
2026-8-31 15:40:28-debug: Run asset db hook engine-extends:afterRefresh success!
2026-8-31 15:40:28-debug: Run asset db hook engine-extends:afterRefresh ...
2026-8-31 15:40:28-debug: asset-db:refresh-all-database (108ms)
2026-8-31 15:40:28-debug: asset-db:worker-effect-data-processing (2ms)
2026-8-31 15:40:28-debug: asset-db-hook-engine-extends-afterRefresh (2ms)
2026-8-31 15:40:30-debug: Query all assets info in project
2026-8-31 15:40:30-debug: init custom config: keepNodeUuid: false, useCache: true
2026-8-31 15:40:30-debug: Skip compress image, progress: 0%
2026-8-31 15:40:30-debug: Init all bundles start..., progress: 0%
2026-8-31 15:40:30-debug: Num of bundles: 3..., progress: 0%
2026-8-31 15:40:30-debug: 查询 Asset Bundle start, progress: 0%
2026-8-31 15:40:30-debug: Init bundle root assets start..., progress: 0%
2026-8-31 15:40:30-debug: // ---- build task 查询 Asset Bundle ----
2026-8-31 15:40:30-debug: Query preload assets/scripts from cc.config.json: 60f7195c-ec2a-45eb-ba94-8955f60e81d0,1c02ae6f-4492-4915-b8f8-7492a3b1e4cd,810e96e4-e456-4468-9b59-f4e8f39732c0,efe8e2a3-eace-427b-b4f1-cb8a937ec77d,e9aa9a3e-5b2b-4ac7-a2c7-073de2b2b24f,8bbdbcdd-5cd4-4100-b6d5-b7c9625b6107,50f4348b-c883-4e2f-8f11-ce233b859fa1,fda095cb-831d-4601-ad94-846013963de8,f92806d7-1768-443f-afe8-12bcde84d0f0,dd3a144d-ab7f-41f0-82b8-2e43a090d496,f0416e68-0200-4b77-a926-4f9d16e494da,511d2633-09a7-4bdd-ac42-f778032124b3,5d45aa00-e064-4938-b314-4265f0c2258c,9361fd90-ba52-4f84-aa93-6e878fd576ca,970b0598-bcb0-4714-91fb-2e81440dccd8,bcd64cc6-2dd9-43f6-abbe-66318d332032,d930590d-bb92-4cc8-8bd1-23cd027f9edf,a3cd009f-0ab0-420d-9278-b9fdab939bbc,6a2d0734-bd9e-4ddf-946e-caa52498cb75,c27215d8-6835-4b68-bfbb-bdeac6100c04,b5d6115f-0370-4d7c-aad3-c194cc71cf98,d1346436-ac96-4271-b863-1f4fdead95b0,971bdb23-3ff6-43eb-b422-1c30165a3663,17debcc3-0a6b-4b8a-b00b-dc58b885581e,711ebe11-f673-4cd9-9a83-63c60ba54c5b,c0143906-9aed-447e-9436-2ae8512d1b6e,14da1725-c4c2-42b4-ab08-ee0aeb6898b3,081cab31-dccd-428e-8652-f2404cc81c47,78e0584a-4343-4727-8f37-e14e65c2a2db,ba21476f-2866-4f81-9c4d-6e359316e448,871c3b6c-7379-419d-bda3-794b239ab90d,1d08ef62-a503-4ce2-8b9a-46c90873f7d3,ff9b0199-ce04-4cfe-86cc-6c719f08d6e4,de1c2107-70c8-4021-8459-6399f24d01c6,cbf30902-517f-40dc-af90-a550bac27cf1,5c601d96-e4c7-4698-991b-7ee674b11079
2026-8-31 15:40:30-debug:   Number of all scripts: 7
2026-8-31 15:40:30-debug:   Number of other assets: 318
2026-8-31 15:40:30-debug:   Number of all scenes: 1
2026-8-31 15:40:30-debug: Init bundle root assets success..., progress: 0%
2026-8-31 15:40:30-log: run build task 查询 Asset Bundle success in 8 ms√, progress: 5%
2026-8-31 15:40:30-debug: [Build Memory track]: 查询 Asset Bundle start:234.20MB, end 234.09MB, increase: -116.43KB
2026-8-31 15:40:30-debug: 查询 Asset Bundle start, progress: 5%
2026-8-31 15:40:30-debug: // ---- build task 查询 Asset Bundle ----
2026-8-31 15:40:30-debug: // ---- build task 查询 Asset Bundle ---- (8ms)
2026-8-31 15:40:30-debug: // ---- build task 查询 Asset Bundle ---- (5ms)
2026-8-31 15:40:30-debug: [Build Memory track]: 查询 Asset Bundle start:234.12MB, end 234.22MB, increase: 105.61KB
2026-8-31 15:40:30-debug: 整理部分构建选项内数据到 settings.json start, progress: 10%
2026-8-31 15:40:30-log: run build task 查询 Asset Bundle success in 5 ms√, progress: 10%
2026-8-31 15:40:30-debug: // ---- build task 整理部分构建选项内数据到 settings.json ----
2026-8-31 15:40:30-debug: // ---- build task 整理部分构建选项内数据到 settings.json ---- (2ms)
2026-8-31 15:40:30-log: run build task 整理部分构建选项内数据到 settings.json success in 2 ms√, progress: 12%
2026-8-31 15:40:30-debug: [Build Memory track]: 整理部分构建选项内数据到 settings.json start:234.26MB, end 234.28MB, increase: 27.87KB
2026-8-31 15:40:30-debug: 填充脚本数据到 settings.json start, progress: 12%
2026-8-31 15:40:30-debug: // ---- build task 填充脚本数据到 settings.json ----
2026-8-31 15:40:30-debug: // ---- build task 填充脚本数据到 settings.json ---- (2ms)
2026-8-31 15:40:30-log: run build task 填充脚本数据到 settings.json success in 2 ms√, progress: 13%
2026-8-31 15:40:30-debug: [Build Memory track]: 填充脚本数据到 settings.json start:234.31MB, end 234.34MB, increase: 27.20KB
2026-8-31 15:40:30-debug: 整理部分构建选项内数据到 settings.json start, progress: 13%
2026-8-31 15:40:30-debug: // ---- build task 整理部分构建选项内数据到 settings.json ----
2026-8-31 15:40:30-debug: // ---- build task 整理部分构建选项内数据到 settings.json ---- (6ms)
2026-8-31 15:40:30-debug: [Build Memory track]: 整理部分构建选项内数据到 settings.json start:234.37MB, end 234.50MB, increase: 127.36KB
2026-8-31 15:40:30-log: run build task 整理部分构建选项内数据到 settings.json success in 6 ms√, progress: 15%
2026-8-31 15:40:41-debug: refresh db internal success
2026-8-31 15:40:41-debug: refresh db assets success
2026-8-31 15:40:41-debug: Run asset db hook engine-extends:afterRefresh ...
2026-8-31 15:40:41-debug: Run asset db hook engine-extends:afterRefresh success!
2026-8-31 15:40:41-debug: asset-db:refresh-all-database (126ms)
2026-8-31 15:40:41-debug: asset-db:worker-effect-data-processing (3ms)
2026-8-31 15:40:41-debug: asset-db-hook-engine-extends-afterRefresh (4ms)
2026-8-31 15:40:58-debug: refresh db internal success
2026-8-31 15:40:58-debug: %cImport%c: D:\GameByself\Cocos\Project1\assets\Scripts\Car.tsbackground: #aaff85; color: #000;color: #000;
2026-8-31 15:40:58-debug: Run asset db hook engine-extends:afterRefresh ...
2026-8-31 15:40:58-debug: Run asset db hook engine-extends:afterRefresh success!
2026-8-31 15:40:58-debug: refresh db assets success
2026-8-31 15:40:58-debug: asset-db:refresh-all-database (134ms)
2026-8-31 15:40:58-debug: asset-db:worker-effect-data-processing (1ms)
2026-8-31 15:40:58-debug: asset-db-hook-engine-extends-afterRefresh (2ms)
2026-8-31 15:40:59-debug: Query all assets info in project
2026-8-31 15:40:59-debug: init custom config: keepNodeUuid: false, useCache: true
2026-8-31 15:40:59-debug: Skip compress image, progress: 0%
2026-8-31 15:40:59-debug: Init all bundles start..., progress: 0%
2026-8-31 15:40:59-debug: // ---- build task 查询 Asset Bundle ----
2026-8-31 15:40:59-debug: 查询 Asset Bundle start, progress: 0%
2026-8-31 15:40:59-debug: Num of bundles: 3..., progress: 0%
2026-8-31 15:40:59-debug: Init bundle root assets start..., progress: 0%
2026-8-31 15:40:59-debug: Query preload assets/scripts from cc.config.json: 60f7195c-ec2a-45eb-ba94-8955f60e81d0,1c02ae6f-4492-4915-b8f8-7492a3b1e4cd,810e96e4-e456-4468-9b59-f4e8f39732c0,efe8e2a3-eace-427b-b4f1-cb8a937ec77d,e9aa9a3e-5b2b-4ac7-a2c7-073de2b2b24f,8bbdbcdd-5cd4-4100-b6d5-b7c9625b6107,50f4348b-c883-4e2f-8f11-ce233b859fa1,fda095cb-831d-4601-ad94-846013963de8,f92806d7-1768-443f-afe8-12bcde84d0f0,dd3a144d-ab7f-41f0-82b8-2e43a090d496,f0416e68-0200-4b77-a926-4f9d16e494da,511d2633-09a7-4bdd-ac42-f778032124b3,5d45aa00-e064-4938-b314-4265f0c2258c,9361fd90-ba52-4f84-aa93-6e878fd576ca,970b0598-bcb0-4714-91fb-2e81440dccd8,bcd64cc6-2dd9-43f6-abbe-66318d332032,d930590d-bb92-4cc8-8bd1-23cd027f9edf,a3cd009f-0ab0-420d-9278-b9fdab939bbc,6a2d0734-bd9e-4ddf-946e-caa52498cb75,c27215d8-6835-4b68-bfbb-bdeac6100c04,b5d6115f-0370-4d7c-aad3-c194cc71cf98,d1346436-ac96-4271-b863-1f4fdead95b0,971bdb23-3ff6-43eb-b422-1c30165a3663,17debcc3-0a6b-4b8a-b00b-dc58b885581e,711ebe11-f673-4cd9-9a83-63c60ba54c5b,c0143906-9aed-447e-9436-2ae8512d1b6e,14da1725-c4c2-42b4-ab08-ee0aeb6898b3,081cab31-dccd-428e-8652-f2404cc81c47,78e0584a-4343-4727-8f37-e14e65c2a2db,ba21476f-2866-4f81-9c4d-6e359316e448,871c3b6c-7379-419d-bda3-794b239ab90d,1d08ef62-a503-4ce2-8b9a-46c90873f7d3,ff9b0199-ce04-4cfe-86cc-6c719f08d6e4,de1c2107-70c8-4021-8459-6399f24d01c6,cbf30902-517f-40dc-af90-a550bac27cf1,5c601d96-e4c7-4698-991b-7ee674b11079
2026-8-31 15:40:59-debug:   Number of all scenes: 1
2026-8-31 15:40:59-debug:   Number of other assets: 318
2026-8-31 15:40:59-debug: Init bundle root assets success..., progress: 0%
2026-8-31 15:40:59-debug:   Number of all scripts: 7
2026-8-31 15:40:59-debug: // ---- build task 查询 Asset Bundle ---- (7ms)
2026-8-31 15:40:59-log: run build task 查询 Asset Bundle success in 7 ms√, progress: 5%
2026-8-31 15:40:59-debug: [Build Memory track]: 查询 Asset Bundle start:236.65MB, end 236.39MB, increase: -263.87KB
2026-8-31 15:40:59-debug: 查询 Asset Bundle start, progress: 5%
2026-8-31 15:40:59-debug: // ---- build task 查询 Asset Bundle ----
2026-8-31 15:40:59-log: run build task 查询 Asset Bundle success in 4 ms√, progress: 10%
2026-8-31 15:40:59-debug: 整理部分构建选项内数据到 settings.json start, progress: 10%
2026-8-31 15:40:59-debug: [Build Memory track]: 查询 Asset Bundle start:236.42MB, end 236.53MB, increase: 105.85KB
2026-8-31 15:40:59-debug: // ---- build task 整理部分构建选项内数据到 settings.json ----
2026-8-31 15:40:59-debug: // ---- build task 查询 Asset Bundle ---- (4ms)
2026-8-31 15:40:59-debug: // ---- build task 整理部分构建选项内数据到 settings.json ---- (2ms)
2026-8-31 15:40:59-log: run build task 整理部分构建选项内数据到 settings.json success in 2 ms√, progress: 12%
2026-8-31 15:40:59-debug: 填充脚本数据到 settings.json start, progress: 12%
2026-8-31 15:40:59-debug: [Build Memory track]: 整理部分构建选项内数据到 settings.json start:236.56MB, end 236.59MB, increase: 27.88KB
2026-8-31 15:40:59-debug: // ---- build task 填充脚本数据到 settings.json ----
2026-8-31 15:40:59-debug: // ---- build task 填充脚本数据到 settings.json ---- (3ms)
2026-8-31 15:40:59-log: run build task 填充脚本数据到 settings.json success in 3 ms√, progress: 13%
2026-8-31 15:40:59-debug: [Build Memory track]: 填充脚本数据到 settings.json start:236.62MB, end 236.64MB, increase: 27.20KB
2026-8-31 15:40:59-debug: 整理部分构建选项内数据到 settings.json start, progress: 13%
2026-8-31 15:40:59-debug: // ---- build task 整理部分构建选项内数据到 settings.json ----
2026-8-31 15:40:59-debug: // ---- build task 整理部分构建选项内数据到 settings.json ---- (5ms)
2026-8-31 15:40:59-log: run build task 整理部分构建选项内数据到 settings.json success in 5 ms√, progress: 15%
2026-8-31 15:40:59-debug: [Build Memory track]: 整理部分构建选项内数据到 settings.json start:236.67MB, end 236.80MB, increase: 127.35KB
2026-8-31 15:41:13-debug: refresh db internal success
2026-8-31 15:41:13-debug: refresh db assets success
2026-8-31 15:41:13-debug: Run asset db hook engine-extends:afterRefresh ...
2026-8-31 15:41:13-debug: Run asset db hook engine-extends:afterRefresh success!
2026-8-31 15:41:13-debug: asset-db:worker-effect-data-processing (5ms)
2026-8-31 15:41:13-debug: asset-db-hook-engine-extends-afterRefresh (6ms)
2026-8-31 15:41:13-debug: asset-db:refresh-all-database (125ms)
2026-8-31 15:43:05-debug: refresh db internal success
2026-8-31 15:43:05-debug: %cImport%c: D:\GameByself\Cocos\Project1\assets\Scripts\Car.tsbackground: #aaff85; color: #000;color: #000;
2026-8-31 15:43:05-debug: refresh db assets success
2026-8-31 15:43:05-debug: Run asset db hook engine-extends:afterRefresh ...
2026-8-31 15:43:05-debug: Run asset db hook engine-extends:afterRefresh success!
2026-8-31 15:43:05-debug: asset-db:refresh-all-database (129ms)
2026-8-31 15:43:05-debug: asset-db:worker-effect-data-processing (2ms)
2026-8-31 15:43:05-debug: asset-db-hook-engine-extends-afterRefresh (3ms)
2026-8-31 15:43:06-debug: Query all assets info in project
2026-8-31 15:43:06-debug: init custom config: keepNodeUuid: false, useCache: true
2026-8-31 15:43:06-debug: Skip compress image, progress: 0%
2026-8-31 15:43:06-debug: // ---- build task 查询 Asset Bundle ----
2026-8-31 15:43:06-debug: Num of bundles: 3..., progress: 0%
2026-8-31 15:43:06-debug: 查询 Asset Bundle start, progress: 0%
2026-8-31 15:43:06-debug: Init bundle root assets start..., progress: 0%
2026-8-31 15:43:06-debug: Init all bundles start..., progress: 0%
2026-8-31 15:43:06-debug: Query preload assets/scripts from cc.config.json: 60f7195c-ec2a-45eb-ba94-8955f60e81d0,1c02ae6f-4492-4915-b8f8-7492a3b1e4cd,810e96e4-e456-4468-9b59-f4e8f39732c0,efe8e2a3-eace-427b-b4f1-cb8a937ec77d,e9aa9a3e-5b2b-4ac7-a2c7-073de2b2b24f,8bbdbcdd-5cd4-4100-b6d5-b7c9625b6107,50f4348b-c883-4e2f-8f11-ce233b859fa1,fda095cb-831d-4601-ad94-846013963de8,f92806d7-1768-443f-afe8-12bcde84d0f0,dd3a144d-ab7f-41f0-82b8-2e43a090d496,f0416e68-0200-4b77-a926-4f9d16e494da,511d2633-09a7-4bdd-ac42-f778032124b3,5d45aa00-e064-4938-b314-4265f0c2258c,9361fd90-ba52-4f84-aa93-6e878fd576ca,970b0598-bcb0-4714-91fb-2e81440dccd8,bcd64cc6-2dd9-43f6-abbe-66318d332032,d930590d-bb92-4cc8-8bd1-23cd027f9edf,a3cd009f-0ab0-420d-9278-b9fdab939bbc,6a2d0734-bd9e-4ddf-946e-caa52498cb75,c27215d8-6835-4b68-bfbb-bdeac6100c04,b5d6115f-0370-4d7c-aad3-c194cc71cf98,d1346436-ac96-4271-b863-1f4fdead95b0,971bdb23-3ff6-43eb-b422-1c30165a3663,17debcc3-0a6b-4b8a-b00b-dc58b885581e,711ebe11-f673-4cd9-9a83-63c60ba54c5b,c0143906-9aed-447e-9436-2ae8512d1b6e,14da1725-c4c2-42b4-ab08-ee0aeb6898b3,081cab31-dccd-428e-8652-f2404cc81c47,78e0584a-4343-4727-8f37-e14e65c2a2db,ba21476f-2866-4f81-9c4d-6e359316e448,871c3b6c-7379-419d-bda3-794b239ab90d,1d08ef62-a503-4ce2-8b9a-46c90873f7d3,ff9b0199-ce04-4cfe-86cc-6c719f08d6e4,de1c2107-70c8-4021-8459-6399f24d01c6,cbf30902-517f-40dc-af90-a550bac27cf1,5c601d96-e4c7-4698-991b-7ee674b11079
2026-8-31 15:43:06-debug:   Number of all scenes: 1
2026-8-31 15:43:06-debug:   Number of all scripts: 7
2026-8-31 15:43:06-debug:   Number of other assets: 318
2026-8-31 15:43:06-debug: Init bundle root assets success..., progress: 0%
2026-8-31 15:43:06-log: run build task 查询 Asset Bundle success in 8 ms√, progress: 5%
2026-8-31 15:43:06-debug: [Build Memory track]: 查询 Asset Bundle start:238.96MB, end 238.68MB, increase: -286.13KB
2026-8-31 15:43:06-debug: // ---- build task 查询 Asset Bundle ---- (8ms)
2026-8-31 15:43:06-debug: 查询 Asset Bundle start, progress: 5%
2026-8-31 15:43:06-debug: // ---- build task 查询 Asset Bundle ----
2026-8-31 15:43:06-log: run build task 查询 Asset Bundle success in 3 ms√, progress: 10%
2026-8-31 15:43:06-debug: [Build Memory track]: 查询 Asset Bundle start:238.71MB, end 238.81MB, increase: 104.09KB
2026-8-31 15:43:06-debug: // ---- build task 查询 Asset Bundle ---- (3ms)
2026-8-31 15:43:06-debug: 整理部分构建选项内数据到 settings.json start, progress: 10%
2026-8-31 15:43:06-debug: // ---- build task 整理部分构建选项内数据到 settings.json ----
2026-8-31 15:43:06-debug: // ---- build task 整理部分构建选项内数据到 settings.json ---- (2ms)
2026-8-31 15:43:06-log: run build task 整理部分构建选项内数据到 settings.json success in 2 ms√, progress: 12%
2026-8-31 15:43:06-debug: [Build Memory track]: 整理部分构建选项内数据到 settings.json start:238.86MB, end 238.88MB, increase: 27.98KB
2026-8-31 15:43:06-debug: 填充脚本数据到 settings.json start, progress: 12%
2026-8-31 15:43:06-debug: // ---- build task 填充脚本数据到 settings.json ----
2026-8-31 15:43:06-debug: // ---- build task 填充脚本数据到 settings.json ---- (2ms)
2026-8-31 15:43:06-log: run build task 填充脚本数据到 settings.json success in 2 ms√, progress: 13%
2026-8-31 15:43:06-debug: [Build Memory track]: 填充脚本数据到 settings.json start:238.91MB, end 238.94MB, increase: 27.20KB
2026-8-31 15:43:06-debug: 整理部分构建选项内数据到 settings.json start, progress: 13%
2026-8-31 15:43:06-debug: // ---- build task 整理部分构建选项内数据到 settings.json ----
2026-8-31 15:43:06-debug: // ---- build task 整理部分构建选项内数据到 settings.json ---- (5ms)
2026-8-31 15:43:06-debug: [Build Memory track]: 整理部分构建选项内数据到 settings.json start:238.97MB, end 239.10MB, increase: 127.36KB
2026-8-31 15:43:06-log: run build task 整理部分构建选项内数据到 settings.json success in 5 ms√, progress: 15%
2026-8-31 15:43:11-debug: Query all assets info in project
2026-8-31 15:43:11-debug: init custom config: keepNodeUuid: false, useCache: true
2026-8-31 15:43:11-debug: Skip compress image, progress: 0%
2026-8-31 15:43:11-debug: Num of bundles: 3..., progress: 0%
2026-8-31 15:43:11-debug: 查询 Asset Bundle start, progress: 0%
2026-8-31 15:43:11-debug: // ---- build task 查询 Asset Bundle ----
2026-8-31 15:43:11-debug: Init all bundles start..., progress: 0%
2026-8-31 15:43:11-debug: Init bundle root assets start..., progress: 0%
2026-8-31 15:43:11-debug: Query preload assets/scripts from cc.config.json: 60f7195c-ec2a-45eb-ba94-8955f60e81d0,1c02ae6f-4492-4915-b8f8-7492a3b1e4cd,810e96e4-e456-4468-9b59-f4e8f39732c0,efe8e2a3-eace-427b-b4f1-cb8a937ec77d,e9aa9a3e-5b2b-4ac7-a2c7-073de2b2b24f,8bbdbcdd-5cd4-4100-b6d5-b7c9625b6107,50f4348b-c883-4e2f-8f11-ce233b859fa1,fda095cb-831d-4601-ad94-846013963de8,f92806d7-1768-443f-afe8-12bcde84d0f0,dd3a144d-ab7f-41f0-82b8-2e43a090d496,f0416e68-0200-4b77-a926-4f9d16e494da,511d2633-09a7-4bdd-ac42-f778032124b3,5d45aa00-e064-4938-b314-4265f0c2258c,9361fd90-ba52-4f84-aa93-6e878fd576ca,970b0598-bcb0-4714-91fb-2e81440dccd8,bcd64cc6-2dd9-43f6-abbe-66318d332032,d930590d-bb92-4cc8-8bd1-23cd027f9edf,a3cd009f-0ab0-420d-9278-b9fdab939bbc,6a2d0734-bd9e-4ddf-946e-caa52498cb75,c27215d8-6835-4b68-bfbb-bdeac6100c04,b5d6115f-0370-4d7c-aad3-c194cc71cf98,d1346436-ac96-4271-b863-1f4fdead95b0,971bdb23-3ff6-43eb-b422-1c30165a3663,17debcc3-0a6b-4b8a-b00b-dc58b885581e,711ebe11-f673-4cd9-9a83-63c60ba54c5b,c0143906-9aed-447e-9436-2ae8512d1b6e,14da1725-c4c2-42b4-ab08-ee0aeb6898b3,081cab31-dccd-428e-8652-f2404cc81c47,78e0584a-4343-4727-8f37-e14e65c2a2db,ba21476f-2866-4f81-9c4d-6e359316e448,871c3b6c-7379-419d-bda3-794b239ab90d,1d08ef62-a503-4ce2-8b9a-46c90873f7d3,ff9b0199-ce04-4cfe-86cc-6c719f08d6e4,de1c2107-70c8-4021-8459-6399f24d01c6,cbf30902-517f-40dc-af90-a550bac27cf1,5c601d96-e4c7-4698-991b-7ee674b11079
2026-8-31 15:43:11-debug:   Number of all scenes: 1
2026-8-31 15:43:11-debug:   Number of other assets: 318
2026-8-31 15:43:11-debug: Init bundle root assets success..., progress: 0%
2026-8-31 15:43:11-debug:   Number of all scripts: 7
2026-8-31 15:43:11-log: run build task 查询 Asset Bundle success in 7 ms√, progress: 5%
2026-8-31 15:43:11-debug: // ---- build task 查询 Asset Bundle ---- (7ms)
2026-8-31 15:43:11-debug: [Build Memory track]: 查询 Asset Bundle start:239.13MB, end 238.85MB, increase: -284.28KB
2026-8-31 15:43:11-debug: // ---- build task 查询 Asset Bundle ----
2026-8-31 15:43:11-debug: 查询 Asset Bundle start, progress: 5%
2026-8-31 15:43:11-debug: // ---- build task 查询 Asset Bundle ---- (3ms)
2026-8-31 15:43:11-log: run build task 查询 Asset Bundle success in 3 ms√, progress: 10%
2026-8-31 15:43:11-debug: [Build Memory track]: 查询 Asset Bundle start:238.88MB, end 238.99MB, increase: 105.82KB
2026-8-31 15:43:11-debug: 整理部分构建选项内数据到 settings.json start, progress: 10%
2026-8-31 15:43:11-debug: // ---- build task 整理部分构建选项内数据到 settings.json ----
2026-8-31 15:43:11-debug: // ---- build task 整理部分构建选项内数据到 settings.json ---- (1ms)
2026-8-31 15:43:11-debug: [Build Memory track]: 整理部分构建选项内数据到 settings.json start:239.02MB, end 239.05MB, increase: 27.88KB
2026-8-31 15:43:11-debug: 填充脚本数据到 settings.json start, progress: 12%
2026-8-31 15:43:11-log: run build task 整理部分构建选项内数据到 settings.json success in 1 ms√, progress: 12%
2026-8-31 15:43:11-debug: // ---- build task 填充脚本数据到 settings.json ----
2026-8-31 15:43:11-log: run build task 填充脚本数据到 settings.json success in 2 ms√, progress: 13%
2026-8-31 15:43:11-debug: [Build Memory track]: 填充脚本数据到 settings.json start:239.08MB, end 239.10MB, increase: 27.20KB
2026-8-31 15:43:11-debug: 整理部分构建选项内数据到 settings.json start, progress: 13%
2026-8-31 15:43:11-debug: // ---- build task 填充脚本数据到 settings.json ---- (2ms)
2026-8-31 15:43:11-debug: // ---- build task 整理部分构建选项内数据到 settings.json ----
2026-8-31 15:43:11-debug: // ---- build task 整理部分构建选项内数据到 settings.json ---- (5ms)
2026-8-31 15:43:11-log: run build task 整理部分构建选项内数据到 settings.json success in 5 ms√, progress: 15%
2026-8-31 15:43:11-debug: [Build Memory track]: 整理部分构建选项内数据到 settings.json start:239.14MB, end 239.26MB, increase: 127.34KB
2026-8-31 15:43:23-debug: refresh db internal success
2026-8-31 15:43:23-debug: refresh db assets success
2026-8-31 15:43:23-debug: Run asset db hook engine-extends:afterRefresh ...
2026-8-31 15:43:23-debug: Run asset db hook engine-extends:afterRefresh success!
2026-8-31 15:43:23-debug: asset-db:refresh-all-database (118ms)
2026-8-31 15:43:23-debug: asset-db:worker-effect-data-processing (3ms)
2026-8-31 15:43:23-debug: asset-db-hook-engine-extends-afterRefresh (3ms)
2026-8-31 15:44:49-debug: refresh db internal success
2026-8-31 15:44:49-debug: %cImport%c: D:\GameByself\Cocos\Project1\assets\Scripts\Car.tsbackground: #aaff85; color: #000;color: #000;
2026-8-31 15:44:49-debug: refresh db assets success
2026-8-31 15:44:49-debug: Run asset db hook engine-extends:afterRefresh success!
2026-8-31 15:44:49-debug: Run asset db hook engine-extends:afterRefresh ...
2026-8-31 15:44:49-debug: asset-db:refresh-all-database (141ms)
2026-8-31 15:44:49-debug: asset-db:worker-effect-data-processing (5ms)
2026-8-31 15:44:49-debug: asset-db-hook-engine-extends-afterRefresh (6ms)
2026-8-31 15:44:50-debug: Query all assets info in project
2026-8-31 15:44:50-debug: init custom config: keepNodeUuid: false, useCache: true
2026-8-31 15:44:50-debug: Skip compress image, progress: 0%
2026-8-31 15:44:50-debug: Num of bundles: 3..., progress: 0%
2026-8-31 15:44:50-debug: 查询 Asset Bundle start, progress: 0%
2026-8-31 15:44:50-debug: // ---- build task 查询 Asset Bundle ----
2026-8-31 15:44:50-debug: Init all bundles start..., progress: 0%
2026-8-31 15:44:50-debug: Init bundle root assets start..., progress: 0%
2026-8-31 15:44:50-debug:   Number of all scripts: 7
2026-8-31 15:44:50-debug:   Number of all scenes: 1
2026-8-31 15:44:50-debug: Init bundle root assets success..., progress: 0%
2026-8-31 15:44:50-debug: Query preload assets/scripts from cc.config.json: 60f7195c-ec2a-45eb-ba94-8955f60e81d0,1c02ae6f-4492-4915-b8f8-7492a3b1e4cd,810e96e4-e456-4468-9b59-f4e8f39732c0,efe8e2a3-eace-427b-b4f1-cb8a937ec77d,e9aa9a3e-5b2b-4ac7-a2c7-073de2b2b24f,8bbdbcdd-5cd4-4100-b6d5-b7c9625b6107,50f4348b-c883-4e2f-8f11-ce233b859fa1,fda095cb-831d-4601-ad94-846013963de8,f92806d7-1768-443f-afe8-12bcde84d0f0,dd3a144d-ab7f-41f0-82b8-2e43a090d496,f0416e68-0200-4b77-a926-4f9d16e494da,511d2633-09a7-4bdd-ac42-f778032124b3,5d45aa00-e064-4938-b314-4265f0c2258c,9361fd90-ba52-4f84-aa93-6e878fd576ca,970b0598-bcb0-4714-91fb-2e81440dccd8,bcd64cc6-2dd9-43f6-abbe-66318d332032,d930590d-bb92-4cc8-8bd1-23cd027f9edf,a3cd009f-0ab0-420d-9278-b9fdab939bbc,6a2d0734-bd9e-4ddf-946e-caa52498cb75,c27215d8-6835-4b68-bfbb-bdeac6100c04,b5d6115f-0370-4d7c-aad3-c194cc71cf98,d1346436-ac96-4271-b863-1f4fdead95b0,971bdb23-3ff6-43eb-b422-1c30165a3663,17debcc3-0a6b-4b8a-b00b-dc58b885581e,711ebe11-f673-4cd9-9a83-63c60ba54c5b,c0143906-9aed-447e-9436-2ae8512d1b6e,14da1725-c4c2-42b4-ab08-ee0aeb6898b3,081cab31-dccd-428e-8652-f2404cc81c47,78e0584a-4343-4727-8f37-e14e65c2a2db,ba21476f-2866-4f81-9c4d-6e359316e448,871c3b6c-7379-419d-bda3-794b239ab90d,1d08ef62-a503-4ce2-8b9a-46c90873f7d3,ff9b0199-ce04-4cfe-86cc-6c719f08d6e4,de1c2107-70c8-4021-8459-6399f24d01c6,cbf30902-517f-40dc-af90-a550bac27cf1,5c601d96-e4c7-4698-991b-7ee674b11079
2026-8-31 15:44:50-debug:   Number of other assets: 318
2026-8-31 15:44:50-log: run build task 查询 Asset Bundle success in 10 ms√, progress: 5%
2026-8-31 15:44:50-debug: [Build Memory track]: 查询 Asset Bundle start:241.24MB, end 240.95MB, increase: -292.48KB
2026-8-31 15:44:50-debug: 查询 Asset Bundle start, progress: 5%
2026-8-31 15:44:50-debug: // ---- build task 查询 Asset Bundle ----
2026-8-31 15:44:50-debug: // ---- build task 查询 Asset Bundle ---- (10ms)
2026-8-31 15:44:50-debug: // ---- build task 查询 Asset Bundle ---- (6ms)
2026-8-31 15:44:50-log: run build task 查询 Asset Bundle success in 6 ms√, progress: 10%
2026-8-31 15:44:50-debug: [Build Memory track]: 查询 Asset Bundle start:240.98MB, end 241.08MB, increase: 104.82KB
2026-8-31 15:44:50-debug: 整理部分构建选项内数据到 settings.json start, progress: 10%
2026-8-31 15:44:50-debug: // ---- build task 整理部分构建选项内数据到 settings.json ----
2026-8-31 15:44:50-log: run build task 整理部分构建选项内数据到 settings.json success in 2 ms√, progress: 12%
2026-8-31 15:44:50-debug: // ---- build task 整理部分构建选项内数据到 settings.json ---- (2ms)
2026-8-31 15:44:50-debug: 填充脚本数据到 settings.json start, progress: 12%
2026-8-31 15:44:50-debug: [Build Memory track]: 整理部分构建选项内数据到 settings.json start:241.11MB, end 241.14MB, increase: 27.82KB
2026-8-31 15:44:50-debug: // ---- build task 填充脚本数据到 settings.json ----
2026-8-31 15:44:50-debug: // ---- build task 填充脚本数据到 settings.json ---- (3ms)
2026-8-31 15:44:50-log: run build task 填充脚本数据到 settings.json success in 3 ms√, progress: 13%
2026-8-31 15:44:50-debug: 整理部分构建选项内数据到 settings.json start, progress: 13%
2026-8-31 15:44:50-debug: // ---- build task 整理部分构建选项内数据到 settings.json ----
2026-8-31 15:44:50-debug: [Build Memory track]: 填充脚本数据到 settings.json start:241.17MB, end 241.20MB, increase: 27.17KB
2026-8-31 15:44:50-log: run build task 整理部分构建选项内数据到 settings.json success in 7 ms√, progress: 15%
2026-8-31 15:44:50-debug: // ---- build task 整理部分构建选项内数据到 settings.json ---- (7ms)
2026-8-31 15:44:50-debug: [Build Memory track]: 整理部分构建选项内数据到 settings.json start:241.23MB, end 241.36MB, increase: 134.62KB
2026-8-31 15:45:24-debug: refresh db internal success
2026-8-31 15:45:24-debug: %cImport%c: D:\GameByself\Cocos\Project1\assets\Scripts\Car.tsbackground: #aaff85; color: #000;color: #000;
2026-8-31 15:45:24-debug: refresh db assets success
2026-8-31 15:45:24-debug: Run asset db hook engine-extends:afterRefresh ...
2026-8-31 15:45:24-debug: Run asset db hook engine-extends:afterRefresh success!
2026-8-31 15:45:24-debug: asset-db:refresh-all-database (104ms)
2026-8-31 15:45:24-debug: asset-db:worker-effect-data-processing (2ms)
2026-8-31 15:45:24-debug: asset-db-hook-engine-extends-afterRefresh (2ms)
2026-8-31 15:45:25-debug: Query all assets info in project
2026-8-31 15:45:25-debug: init custom config: keepNodeUuid: false, useCache: true
2026-8-31 15:45:25-debug: Skip compress image, progress: 0%
2026-8-31 15:45:25-debug: Init all bundles start..., progress: 0%
2026-8-31 15:45:25-debug: 查询 Asset Bundle start, progress: 0%
2026-8-31 15:45:25-debug: // ---- build task 查询 Asset Bundle ----
2026-8-31 15:45:25-debug: Num of bundles: 3..., progress: 0%
2026-8-31 15:45:25-debug: Init bundle root assets start..., progress: 0%
2026-8-31 15:45:25-debug: Query preload assets/scripts from cc.config.json: 60f7195c-ec2a-45eb-ba94-8955f60e81d0,1c02ae6f-4492-4915-b8f8-7492a3b1e4cd,810e96e4-e456-4468-9b59-f4e8f39732c0,efe8e2a3-eace-427b-b4f1-cb8a937ec77d,e9aa9a3e-5b2b-4ac7-a2c7-073de2b2b24f,8bbdbcdd-5cd4-4100-b6d5-b7c9625b6107,50f4348b-c883-4e2f-8f11-ce233b859fa1,fda095cb-831d-4601-ad94-846013963de8,f92806d7-1768-443f-afe8-12bcde84d0f0,dd3a144d-ab7f-41f0-82b8-2e43a090d496,f0416e68-0200-4b77-a926-4f9d16e494da,511d2633-09a7-4bdd-ac42-f778032124b3,5d45aa00-e064-4938-b314-4265f0c2258c,9361fd90-ba52-4f84-aa93-6e878fd576ca,970b0598-bcb0-4714-91fb-2e81440dccd8,bcd64cc6-2dd9-43f6-abbe-66318d332032,d930590d-bb92-4cc8-8bd1-23cd027f9edf,a3cd009f-0ab0-420d-9278-b9fdab939bbc,6a2d0734-bd9e-4ddf-946e-caa52498cb75,c27215d8-6835-4b68-bfbb-bdeac6100c04,b5d6115f-0370-4d7c-aad3-c194cc71cf98,d1346436-ac96-4271-b863-1f4fdead95b0,971bdb23-3ff6-43eb-b422-1c30165a3663,17debcc3-0a6b-4b8a-b00b-dc58b885581e,711ebe11-f673-4cd9-9a83-63c60ba54c5b,c0143906-9aed-447e-9436-2ae8512d1b6e,14da1725-c4c2-42b4-ab08-ee0aeb6898b3,081cab31-dccd-428e-8652-f2404cc81c47,78e0584a-4343-4727-8f37-e14e65c2a2db,ba21476f-2866-4f81-9c4d-6e359316e448,871c3b6c-7379-419d-bda3-794b239ab90d,1d08ef62-a503-4ce2-8b9a-46c90873f7d3,ff9b0199-ce04-4cfe-86cc-6c719f08d6e4,de1c2107-70c8-4021-8459-6399f24d01c6,cbf30902-517f-40dc-af90-a550bac27cf1,5c601d96-e4c7-4698-991b-7ee674b11079
2026-8-31 15:45:25-debug:   Number of all scenes: 1
2026-8-31 15:45:25-debug:   Number of all scripts: 7
2026-8-31 15:45:25-debug: Init bundle root assets success..., progress: 0%
2026-8-31 15:45:25-debug:   Number of other assets: 318
2026-8-31 15:45:25-log: run build task 查询 Asset Bundle success in 12 ms√, progress: 5%
2026-8-31 15:45:25-debug: [Build Memory track]: 查询 Asset Bundle start:242.66MB, end 242.38MB, increase: -286.24KB
2026-8-31 15:45:25-debug: 查询 Asset Bundle start, progress: 5%
2026-8-31 15:45:25-debug: // ---- build task 查询 Asset Bundle ---- (12ms)
2026-8-31 15:45:25-debug: // ---- build task 查询 Asset Bundle ----
2026-8-31 15:45:25-debug: // ---- build task 查询 Asset Bundle ---- (4ms)
2026-8-31 15:45:25-log: run build task 查询 Asset Bundle success in 4 ms√, progress: 10%
2026-8-31 15:45:25-debug: [Build Memory track]: 查询 Asset Bundle start:242.42MB, end 242.53MB, increase: 116.32KB
2026-8-31 15:45:25-debug: 整理部分构建选项内数据到 settings.json start, progress: 10%
2026-8-31 15:45:25-debug: // ---- build task 整理部分构建选项内数据到 settings.json ----
2026-8-31 15:45:25-debug: // ---- build task 整理部分构建选项内数据到 settings.json ---- (2ms)
2026-8-31 15:45:25-log: run build task 整理部分构建选项内数据到 settings.json success in 2 ms√, progress: 12%
2026-8-31 15:45:25-debug: [Build Memory track]: 整理部分构建选项内数据到 settings.json start:242.56MB, end 242.59MB, increase: 27.73KB
2026-8-31 15:45:25-debug: 填充脚本数据到 settings.json start, progress: 12%
2026-8-31 15:45:25-debug: // ---- build task 填充脚本数据到 settings.json ----
2026-8-31 15:45:25-debug: // ---- build task 填充脚本数据到 settings.json ---- (3ms)
2026-8-31 15:45:25-log: run build task 填充脚本数据到 settings.json success in 3 ms√, progress: 13%
2026-8-31 15:45:25-debug: [Build Memory track]: 填充脚本数据到 settings.json start:242.62MB, end 242.64MB, increase: 27.07KB
2026-8-31 15:45:25-debug: 整理部分构建选项内数据到 settings.json start, progress: 13%
2026-8-31 15:45:25-debug: // ---- build task 整理部分构建选项内数据到 settings.json ----
2026-8-31 15:45:25-debug: // ---- build task 整理部分构建选项内数据到 settings.json ---- (6ms)
2026-8-31 15:45:25-debug: [Build Memory track]: 整理部分构建选项内数据到 settings.json start:242.68MB, end 242.80MB, increase: 127.22KB
2026-8-31 15:45:25-log: run build task 整理部分构建选项内数据到 settings.json success in 6 ms√, progress: 15%
2026-8-31 15:48:08-debug: refresh db internal success
2026-8-31 15:48:08-debug: %cImport%c: D:\GameByself\Cocos\Project1\assets\Scripts\Car.tsbackground: #aaff85; color: #000;color: #000;
2026-8-31 15:48:08-debug: refresh db assets success
2026-8-31 15:48:08-debug: Run asset db hook engine-extends:afterRefresh ...
2026-8-31 15:48:08-debug: Run asset db hook engine-extends:afterRefresh success!
2026-8-31 15:48:08-debug: asset-db:refresh-all-database (110ms)
2026-8-31 15:48:08-debug: asset-db:worker-effect-data-processing (3ms)
2026-8-31 15:48:08-debug: asset-db-hook-engine-extends-afterRefresh (3ms)
2026-8-31 15:48:10-debug: Query all assets info in project
2026-8-31 15:48:10-debug: init custom config: keepNodeUuid: false, useCache: true
2026-8-31 15:48:10-debug: Skip compress image, progress: 0%
2026-8-31 15:48:10-debug: Init all bundles start..., progress: 0%
2026-8-31 15:48:10-debug: // ---- build task 查询 Asset Bundle ----
2026-8-31 15:48:10-debug: Init bundle root assets start..., progress: 0%
2026-8-31 15:48:10-debug: Num of bundles: 3..., progress: 0%
2026-8-31 15:48:10-debug: 查询 Asset Bundle start, progress: 0%
2026-8-31 15:48:10-debug: Query preload assets/scripts from cc.config.json: 60f7195c-ec2a-45eb-ba94-8955f60e81d0,1c02ae6f-4492-4915-b8f8-7492a3b1e4cd,810e96e4-e456-4468-9b59-f4e8f39732c0,efe8e2a3-eace-427b-b4f1-cb8a937ec77d,e9aa9a3e-5b2b-4ac7-a2c7-073de2b2b24f,8bbdbcdd-5cd4-4100-b6d5-b7c9625b6107,50f4348b-c883-4e2f-8f11-ce233b859fa1,fda095cb-831d-4601-ad94-846013963de8,f92806d7-1768-443f-afe8-12bcde84d0f0,dd3a144d-ab7f-41f0-82b8-2e43a090d496,f0416e68-0200-4b77-a926-4f9d16e494da,511d2633-09a7-4bdd-ac42-f778032124b3,5d45aa00-e064-4938-b314-4265f0c2258c,9361fd90-ba52-4f84-aa93-6e878fd576ca,970b0598-bcb0-4714-91fb-2e81440dccd8,bcd64cc6-2dd9-43f6-abbe-66318d332032,d930590d-bb92-4cc8-8bd1-23cd027f9edf,a3cd009f-0ab0-420d-9278-b9fdab939bbc,6a2d0734-bd9e-4ddf-946e-caa52498cb75,c27215d8-6835-4b68-bfbb-bdeac6100c04,b5d6115f-0370-4d7c-aad3-c194cc71cf98,d1346436-ac96-4271-b863-1f4fdead95b0,971bdb23-3ff6-43eb-b422-1c30165a3663,17debcc3-0a6b-4b8a-b00b-dc58b885581e,711ebe11-f673-4cd9-9a83-63c60ba54c5b,c0143906-9aed-447e-9436-2ae8512d1b6e,14da1725-c4c2-42b4-ab08-ee0aeb6898b3,081cab31-dccd-428e-8652-f2404cc81c47,78e0584a-4343-4727-8f37-e14e65c2a2db,ba21476f-2866-4f81-9c4d-6e359316e448,871c3b6c-7379-419d-bda3-794b239ab90d,1d08ef62-a503-4ce2-8b9a-46c90873f7d3,ff9b0199-ce04-4cfe-86cc-6c719f08d6e4,de1c2107-70c8-4021-8459-6399f24d01c6,cbf30902-517f-40dc-af90-a550bac27cf1,5c601d96-e4c7-4698-991b-7ee674b11079
2026-8-31 15:48:10-debug:   Number of all scenes: 1
2026-8-31 15:48:10-debug:   Number of other assets: 318
2026-8-31 15:48:10-debug: Init bundle root assets success..., progress: 0%
2026-8-31 15:48:10-debug:   Number of all scripts: 7
2026-8-31 15:48:10-debug: // ---- build task 查询 Asset Bundle ---- (10ms)
2026-8-31 15:48:10-log: run build task 查询 Asset Bundle success in 10 ms√, progress: 5%
2026-8-31 15:48:10-debug: 查询 Asset Bundle start, progress: 5%
2026-8-31 15:48:10-debug: [Build Memory track]: 查询 Asset Bundle start:243.87MB, end 243.63MB, increase: -250.86KB
2026-8-31 15:48:10-debug: // ---- build task 查询 Asset Bundle ----
2026-8-31 15:48:10-log: run build task 查询 Asset Bundle success in 4 ms√, progress: 10%
2026-8-31 15:48:10-debug: [Build Memory track]: 查询 Asset Bundle start:243.66MB, end 243.76MB, increase: 103.88KB
2026-8-31 15:48:10-debug: 整理部分构建选项内数据到 settings.json start, progress: 10%
2026-8-31 15:48:10-debug: // ---- build task 查询 Asset Bundle ---- (4ms)
2026-8-31 15:48:10-debug: // ---- build task 整理部分构建选项内数据到 settings.json ----
2026-8-31 15:48:10-debug: // ---- build task 整理部分构建选项内数据到 settings.json ---- (2ms)
2026-8-31 15:48:10-debug: [Build Memory track]: 整理部分构建选项内数据到 settings.json start:243.79MB, end 243.07MB, increase: -742.93KB
2026-8-31 15:48:10-log: run build task 整理部分构建选项内数据到 settings.json success in 2 ms√, progress: 12%
2026-8-31 15:48:10-debug: // ---- build task 填充脚本数据到 settings.json ----
2026-8-31 15:48:10-debug: 填充脚本数据到 settings.json start, progress: 12%
2026-8-31 15:48:10-debug: // ---- build task 填充脚本数据到 settings.json ---- (2ms)
2026-8-31 15:48:10-log: run build task 填充脚本数据到 settings.json success in 2 ms√, progress: 13%
2026-8-31 15:48:10-debug: [Build Memory track]: 填充脚本数据到 settings.json start:243.10MB, end 243.12MB, increase: 27.02KB
2026-8-31 15:48:10-debug: 整理部分构建选项内数据到 settings.json start, progress: 13%
2026-8-31 15:48:10-debug: // ---- build task 整理部分构建选项内数据到 settings.json ----
2026-8-31 15:48:10-log: run build task 整理部分构建选项内数据到 settings.json success in 8 ms√, progress: 15%
2026-8-31 15:48:10-debug: [Build Memory track]: 整理部分构建选项内数据到 settings.json start:243.15MB, end 243.29MB, increase: 133.97KB
2026-8-31 15:48:10-debug: // ---- build task 整理部分构建选项内数据到 settings.json ---- (8ms)
2026-8-31 15:48:15-debug: refresh db internal success
2026-8-31 15:48:15-debug: refresh db assets success
2026-8-31 15:48:15-debug: Run asset db hook engine-extends:afterRefresh success!
2026-8-31 15:48:15-debug: Run asset db hook engine-extends:afterRefresh ...
2026-8-31 15:48:15-debug: asset-db:worker-effect-data-processing (2ms)
2026-8-31 15:48:15-debug: asset-db-hook-engine-extends-afterRefresh (3ms)
2026-8-31 15:48:15-debug: asset-db:refresh-all-database (145ms)
2026-8-31 15:49:12-debug: refresh db internal success
2026-8-31 15:49:12-debug: refresh db assets success
2026-8-31 15:49:12-debug: Run asset db hook engine-extends:afterRefresh success!
2026-8-31 15:49:12-debug: Run asset db hook engine-extends:afterRefresh ...
2026-8-31 15:49:12-debug: asset-db:refresh-all-database (103ms)
2026-8-31 15:49:12-debug: asset-db:worker-effect-data-processing (3ms)
2026-8-31 15:49:12-debug: asset-db-hook-engine-extends-afterRefresh (3ms)
2026-8-31 15:50:56-debug: refresh db internal success
2026-8-31 15:50:56-debug: %cImport%c: D:\GameByself\Cocos\Project1\assets\Scripts\Car.tsbackground: #aaff85; color: #000;color: #000;
2026-8-31 15:50:56-debug: refresh db assets success
2026-8-31 15:50:56-debug: Run asset db hook engine-extends:afterRefresh ...
2026-8-31 15:50:56-debug: Run asset db hook engine-extends:afterRefresh success!
2026-8-31 15:50:56-debug: asset-db:refresh-all-database (135ms)
2026-8-31 15:50:56-debug: asset-db:worker-effect-data-processing (3ms)
2026-8-31 15:50:56-debug: asset-db-hook-engine-extends-afterRefresh (4ms)
2026-8-31 15:50:58-debug: Query all assets info in project
2026-8-31 15:50:58-debug: init custom config: keepNodeUuid: false, useCache: true
2026-8-31 15:50:58-debug: Skip compress image, progress: 0%
2026-8-31 15:50:58-debug: Init all bundles start..., progress: 0%
2026-8-31 15:50:58-debug: // ---- build task 查询 Asset Bundle ----
2026-8-31 15:50:58-debug: 查询 Asset Bundle start, progress: 0%
2026-8-31 15:50:58-debug: Num of bundles: 3..., progress: 0%
2026-8-31 15:50:58-debug: Init bundle root assets start..., progress: 0%
2026-8-31 15:50:58-debug: Query preload assets/scripts from cc.config.json: 60f7195c-ec2a-45eb-ba94-8955f60e81d0,1c02ae6f-4492-4915-b8f8-7492a3b1e4cd,810e96e4-e456-4468-9b59-f4e8f39732c0,efe8e2a3-eace-427b-b4f1-cb8a937ec77d,e9aa9a3e-5b2b-4ac7-a2c7-073de2b2b24f,8bbdbcdd-5cd4-4100-b6d5-b7c9625b6107,50f4348b-c883-4e2f-8f11-ce233b859fa1,fda095cb-831d-4601-ad94-846013963de8,f92806d7-1768-443f-afe8-12bcde84d0f0,dd3a144d-ab7f-41f0-82b8-2e43a090d496,f0416e68-0200-4b77-a926-4f9d16e494da,511d2633-09a7-4bdd-ac42-f778032124b3,5d45aa00-e064-4938-b314-4265f0c2258c,9361fd90-ba52-4f84-aa93-6e878fd576ca,970b0598-bcb0-4714-91fb-2e81440dccd8,bcd64cc6-2dd9-43f6-abbe-66318d332032,d930590d-bb92-4cc8-8bd1-23cd027f9edf,a3cd009f-0ab0-420d-9278-b9fdab939bbc,6a2d0734-bd9e-4ddf-946e-caa52498cb75,c27215d8-6835-4b68-bfbb-bdeac6100c04,b5d6115f-0370-4d7c-aad3-c194cc71cf98,d1346436-ac96-4271-b863-1f4fdead95b0,971bdb23-3ff6-43eb-b422-1c30165a3663,17debcc3-0a6b-4b8a-b00b-dc58b885581e,711ebe11-f673-4cd9-9a83-63c60ba54c5b,c0143906-9aed-447e-9436-2ae8512d1b6e,14da1725-c4c2-42b4-ab08-ee0aeb6898b3,081cab31-dccd-428e-8652-f2404cc81c47,78e0584a-4343-4727-8f37-e14e65c2a2db,ba21476f-2866-4f81-9c4d-6e359316e448,871c3b6c-7379-419d-bda3-794b239ab90d,1d08ef62-a503-4ce2-8b9a-46c90873f7d3,ff9b0199-ce04-4cfe-86cc-6c719f08d6e4,de1c2107-70c8-4021-8459-6399f24d01c6,cbf30902-517f-40dc-af90-a550bac27cf1,5c601d96-e4c7-4698-991b-7ee674b11079
2026-8-31 15:50:58-debug:   Number of all scripts: 7
2026-8-31 15:50:58-debug:   Number of other assets: 318
2026-8-31 15:50:58-debug: Init bundle root assets success..., progress: 0%
2026-8-31 15:50:58-debug:   Number of all scenes: 1
2026-8-31 15:50:58-debug: // ---- build task 查询 Asset Bundle ---- (12ms)
2026-8-31 15:50:58-debug: [Build Memory track]: 查询 Asset Bundle start:223.22MB, end 223.13MB, increase: -85.33KB
2026-8-31 15:50:58-debug: 查询 Asset Bundle start, progress: 5%
2026-8-31 15:50:58-log: run build task 查询 Asset Bundle success in 12 ms√, progress: 5%
2026-8-31 15:50:58-debug: // ---- build task 查询 Asset Bundle ----
2026-8-31 15:50:58-debug: // ---- build task 查询 Asset Bundle ---- (4ms)
2026-8-31 15:50:58-log: run build task 查询 Asset Bundle success in 4 ms√, progress: 10%
2026-8-31 15:50:58-debug: // ---- build task 整理部分构建选项内数据到 settings.json ----
2026-8-31 15:50:58-debug: [Build Memory track]: 查询 Asset Bundle start:223.17MB, end 223.27MB, increase: 103.75KB
2026-8-31 15:50:58-debug: 整理部分构建选项内数据到 settings.json start, progress: 10%
2026-8-31 15:50:58-debug: // ---- build task 整理部分构建选项内数据到 settings.json ---- (2ms)
2026-8-31 15:50:58-log: run build task 整理部分构建选项内数据到 settings.json success in 2 ms√, progress: 12%
2026-8-31 15:50:58-debug: 填充脚本数据到 settings.json start, progress: 12%
2026-8-31 15:50:58-debug: [Build Memory track]: 整理部分构建选项内数据到 settings.json start:223.30MB, end 223.33MB, increase: 29.81KB
2026-8-31 15:50:58-debug: // ---- build task 填充脚本数据到 settings.json ----
2026-8-31 15:50:58-debug: // ---- build task 填充脚本数据到 settings.json ---- (3ms)
2026-8-31 15:50:58-debug: [Build Memory track]: 填充脚本数据到 settings.json start:223.36MB, end 223.38MB, increase: 27.07KB
2026-8-31 15:50:58-debug: 整理部分构建选项内数据到 settings.json start, progress: 13%
2026-8-31 15:50:58-debug: // ---- build task 整理部分构建选项内数据到 settings.json ----
2026-8-31 15:50:58-log: run build task 填充脚本数据到 settings.json success in 3 ms√, progress: 13%
2026-8-31 15:50:58-debug: // ---- build task 整理部分构建选项内数据到 settings.json ---- (8ms)
2026-8-31 15:50:58-log: run build task 整理部分构建选项内数据到 settings.json success in 8 ms√, progress: 15%
2026-8-31 15:50:58-debug: [Build Memory track]: 整理部分构建选项内数据到 settings.json start:223.42MB, end 223.54MB, increase: 131.35KB
2026-8-31 15:51:16-debug: refresh db internal success
2026-8-31 15:51:16-debug: refresh db assets success
2026-8-31 15:51:16-debug: Run asset db hook engine-extends:afterRefresh ...
2026-8-31 15:51:16-debug: Run asset db hook engine-extends:afterRefresh success!
2026-8-31 15:51:16-debug: asset-db:refresh-all-database (149ms)
2026-8-31 15:51:16-debug: asset-db:worker-effect-data-processing (13ms)
2026-8-31 15:51:16-debug: asset-db-hook-engine-extends-afterRefresh (13ms)
2026-8-31 15:51:54-debug: refresh db internal success
2026-8-31 15:51:54-debug: %cImport%c: D:\GameByself\Cocos\Project1\assets\Scripts\Car.tsbackground: #aaff85; color: #000;color: #000;
2026-8-31 15:51:54-debug: refresh db assets success
2026-8-31 15:51:54-debug: Run asset db hook engine-extends:afterRefresh ...
2026-8-31 15:51:54-debug: Run asset db hook engine-extends:afterRefresh success!
2026-8-31 15:51:54-debug: asset-db:refresh-all-database (111ms)
2026-8-31 15:51:54-debug: asset-db:worker-effect-data-processing (2ms)
2026-8-31 15:51:54-debug: asset-db-hook-engine-extends-afterRefresh (2ms)
2026-8-31 15:51:57-debug: Query all assets info in project
2026-8-31 15:51:57-debug: init custom config: keepNodeUuid: false, useCache: true
2026-8-31 15:51:57-debug: Skip compress image, progress: 0%
2026-8-31 15:51:57-debug: Init all bundles start..., progress: 0%
2026-8-31 15:51:57-debug: 查询 Asset Bundle start, progress: 0%
2026-8-31 15:51:57-debug: // ---- build task 查询 Asset Bundle ----
2026-8-31 15:51:57-debug: Num of bundles: 3..., progress: 0%
2026-8-31 15:51:57-debug: Init bundle root assets start..., progress: 0%
2026-8-31 15:51:57-debug: Query preload assets/scripts from cc.config.json: 60f7195c-ec2a-45eb-ba94-8955f60e81d0,1c02ae6f-4492-4915-b8f8-7492a3b1e4cd,810e96e4-e456-4468-9b59-f4e8f39732c0,efe8e2a3-eace-427b-b4f1-cb8a937ec77d,e9aa9a3e-5b2b-4ac7-a2c7-073de2b2b24f,8bbdbcdd-5cd4-4100-b6d5-b7c9625b6107,50f4348b-c883-4e2f-8f11-ce233b859fa1,fda095cb-831d-4601-ad94-846013963de8,f92806d7-1768-443f-afe8-12bcde84d0f0,dd3a144d-ab7f-41f0-82b8-2e43a090d496,f0416e68-0200-4b77-a926-4f9d16e494da,511d2633-09a7-4bdd-ac42-f778032124b3,5d45aa00-e064-4938-b314-4265f0c2258c,9361fd90-ba52-4f84-aa93-6e878fd576ca,970b0598-bcb0-4714-91fb-2e81440dccd8,bcd64cc6-2dd9-43f6-abbe-66318d332032,d930590d-bb92-4cc8-8bd1-23cd027f9edf,a3cd009f-0ab0-420d-9278-b9fdab939bbc,6a2d0734-bd9e-4ddf-946e-caa52498cb75,c27215d8-6835-4b68-bfbb-bdeac6100c04,b5d6115f-0370-4d7c-aad3-c194cc71cf98,d1346436-ac96-4271-b863-1f4fdead95b0,971bdb23-3ff6-43eb-b422-1c30165a3663,17debcc3-0a6b-4b8a-b00b-dc58b885581e,711ebe11-f673-4cd9-9a83-63c60ba54c5b,c0143906-9aed-447e-9436-2ae8512d1b6e,14da1725-c4c2-42b4-ab08-ee0aeb6898b3,081cab31-dccd-428e-8652-f2404cc81c47,78e0584a-4343-4727-8f37-e14e65c2a2db,ba21476f-2866-4f81-9c4d-6e359316e448,871c3b6c-7379-419d-bda3-794b239ab90d,1d08ef62-a503-4ce2-8b9a-46c90873f7d3,ff9b0199-ce04-4cfe-86cc-6c719f08d6e4,de1c2107-70c8-4021-8459-6399f24d01c6,cbf30902-517f-40dc-af90-a550bac27cf1,5c601d96-e4c7-4698-991b-7ee674b11079
2026-8-31 15:51:57-debug:   Number of all scripts: 7
2026-8-31 15:51:57-debug:   Number of other assets: 318
2026-8-31 15:51:57-debug:   Number of all scenes: 1
2026-8-31 15:51:57-debug: Init bundle root assets success..., progress: 0%
2026-8-31 15:51:57-debug: // ---- build task 查询 Asset Bundle ---- (9ms)
2026-8-31 15:51:57-debug: [Build Memory track]: 查询 Asset Bundle start:225.31MB, end 225.24MB, increase: -80.68KB
2026-8-31 15:51:57-debug: 查询 Asset Bundle start, progress: 5%
2026-8-31 15:51:57-log: run build task 查询 Asset Bundle success in 9 ms√, progress: 5%
2026-8-31 15:51:57-debug: // ---- build task 查询 Asset Bundle ----
2026-8-31 15:51:57-debug: // ---- build task 查询 Asset Bundle ---- (4ms)
2026-8-31 15:51:57-log: run build task 查询 Asset Bundle success in 4 ms√, progress: 10%
2026-8-31 15:51:57-debug: // ---- build task 整理部分构建选项内数据到 settings.json ----
2026-8-31 15:51:57-debug: [Build Memory track]: 查询 Asset Bundle start:225.27MB, end 225.37MB, increase: 104.20KB
2026-8-31 15:51:57-debug: 整理部分构建选项内数据到 settings.json start, progress: 10%
2026-8-31 15:51:57-debug: // ---- build task 整理部分构建选项内数据到 settings.json ---- (1ms)
2026-8-31 15:51:57-log: run build task 整理部分构建选项内数据到 settings.json success in 1 ms√, progress: 12%
2026-8-31 15:51:57-debug: 填充脚本数据到 settings.json start, progress: 12%
2026-8-31 15:51:57-debug: [Build Memory track]: 整理部分构建选项内数据到 settings.json start:225.40MB, end 225.43MB, increase: 27.50KB
2026-8-31 15:51:57-debug: // ---- build task 填充脚本数据到 settings.json ----
2026-8-31 15:51:57-debug: // ---- build task 填充脚本数据到 settings.json ---- (2ms)
2026-8-31 15:51:57-log: run build task 填充脚本数据到 settings.json success in 2 ms√, progress: 13%
2026-8-31 15:51:57-debug: [Build Memory track]: 填充脚本数据到 settings.json start:225.46MB, end 225.48MB, increase: 27.21KB
2026-8-31 15:51:57-debug: 整理部分构建选项内数据到 settings.json start, progress: 13%
2026-8-31 15:51:57-debug: // ---- build task 整理部分构建选项内数据到 settings.json ----
2026-8-31 15:51:57-debug: // ---- build task 整理部分构建选项内数据到 settings.json ---- (6ms)
2026-8-31 15:51:57-log: run build task 整理部分构建选项内数据到 settings.json success in 6 ms√, progress: 15%
2026-8-31 15:51:57-debug: [Build Memory track]: 整理部分构建选项内数据到 settings.json start:225.51MB, end 225.64MB, increase: 127.17KB
2026-8-31 15:52:11-debug: refresh db internal success
2026-8-31 15:52:11-debug: refresh db assets success
2026-8-31 15:52:11-debug: Run asset db hook engine-extends:afterRefresh ...
2026-8-31 15:52:11-debug: Run asset db hook engine-extends:afterRefresh success!
2026-8-31 15:52:11-debug: asset-db:refresh-all-database (126ms)
2026-8-31 15:52:11-debug: asset-db:worker-effect-data-processing (2ms)
2026-8-31 15:52:11-debug: asset-db-hook-engine-extends-afterRefresh (3ms)
2026-8-31 15:52:16-debug: %cImport%c: D:\GameByself\Cocos\Project1\assets\Scenes\scene.scenebackground: #aaff85; color: #000;color: #000;
2026-8-31 15:52:16-debug: asset-db:reimport-assetcb02e093-8bba-4046-8e6e-d0462e7be5da (14ms)
2026-8-31 15:52:18-debug: Query all assets info in project
2026-8-31 15:52:18-debug: init custom config: keepNodeUuid: false, useCache: true
2026-8-31 15:52:18-debug: Skip compress image, progress: 0%
2026-8-31 15:52:18-debug: Init all bundles start..., progress: 0%
2026-8-31 15:52:18-debug: // ---- build task 查询 Asset Bundle ----
2026-8-31 15:52:18-debug: Init bundle root assets start..., progress: 0%
2026-8-31 15:52:18-debug: 查询 Asset Bundle start, progress: 0%
2026-8-31 15:52:18-debug: Num of bundles: 3..., progress: 0%
2026-8-31 15:52:18-debug: Query preload assets/scripts from cc.config.json: 60f7195c-ec2a-45eb-ba94-8955f60e81d0,1c02ae6f-4492-4915-b8f8-7492a3b1e4cd,810e96e4-e456-4468-9b59-f4e8f39732c0,efe8e2a3-eace-427b-b4f1-cb8a937ec77d,e9aa9a3e-5b2b-4ac7-a2c7-073de2b2b24f,8bbdbcdd-5cd4-4100-b6d5-b7c9625b6107,50f4348b-c883-4e2f-8f11-ce233b859fa1,fda095cb-831d-4601-ad94-846013963de8,f92806d7-1768-443f-afe8-12bcde84d0f0,dd3a144d-ab7f-41f0-82b8-2e43a090d496,f0416e68-0200-4b77-a926-4f9d16e494da,511d2633-09a7-4bdd-ac42-f778032124b3,5d45aa00-e064-4938-b314-4265f0c2258c,9361fd90-ba52-4f84-aa93-6e878fd576ca,970b0598-bcb0-4714-91fb-2e81440dccd8,bcd64cc6-2dd9-43f6-abbe-66318d332032,d930590d-bb92-4cc8-8bd1-23cd027f9edf,a3cd009f-0ab0-420d-9278-b9fdab939bbc,6a2d0734-bd9e-4ddf-946e-caa52498cb75,c27215d8-6835-4b68-bfbb-bdeac6100c04,b5d6115f-0370-4d7c-aad3-c194cc71cf98,d1346436-ac96-4271-b863-1f4fdead95b0,971bdb23-3ff6-43eb-b422-1c30165a3663,17debcc3-0a6b-4b8a-b00b-dc58b885581e,711ebe11-f673-4cd9-9a83-63c60ba54c5b,c0143906-9aed-447e-9436-2ae8512d1b6e,14da1725-c4c2-42b4-ab08-ee0aeb6898b3,081cab31-dccd-428e-8652-f2404cc81c47,78e0584a-4343-4727-8f37-e14e65c2a2db,ba21476f-2866-4f81-9c4d-6e359316e448,871c3b6c-7379-419d-bda3-794b239ab90d,1d08ef62-a503-4ce2-8b9a-46c90873f7d3,ff9b0199-ce04-4cfe-86cc-6c719f08d6e4,de1c2107-70c8-4021-8459-6399f24d01c6,cbf30902-517f-40dc-af90-a550bac27cf1,5c601d96-e4c7-4698-991b-7ee674b11079
2026-8-31 15:52:18-debug:   Number of all scenes: 1
2026-8-31 15:52:18-debug:   Number of all scripts: 7
2026-8-31 15:52:18-debug: Init bundle root assets success..., progress: 0%
2026-8-31 15:52:18-debug:   Number of other assets: 318
2026-8-31 15:52:18-debug: // ---- build task 查询 Asset Bundle ---- (6ms)
2026-8-31 15:52:18-log: run build task 查询 Asset Bundle success in 6 ms√, progress: 5%
2026-8-31 15:52:18-debug: // ---- build task 查询 Asset Bundle ----
2026-8-31 15:52:18-debug: [Build Memory track]: 查询 Asset Bundle start:227.22MB, end 227.00MB, increase: -219.79KB
2026-8-31 15:52:18-debug: 查询 Asset Bundle start, progress: 5%
2026-8-31 15:52:18-debug: // ---- build task 查询 Asset Bundle ---- (4ms)
2026-8-31 15:52:18-debug: [Build Memory track]: 查询 Asset Bundle start:227.03MB, end 227.14MB, increase: 105.68KB
2026-8-31 15:52:18-log: run build task 查询 Asset Bundle success in 4 ms√, progress: 10%
2026-8-31 15:52:18-debug: 整理部分构建选项内数据到 settings.json start, progress: 10%
2026-8-31 15:52:18-debug: // ---- build task 整理部分构建选项内数据到 settings.json ----
2026-8-31 15:52:18-debug: // ---- build task 整理部分构建选项内数据到 settings.json ---- (2ms)
2026-8-31 15:52:18-log: run build task 整理部分构建选项内数据到 settings.json success in 2 ms√, progress: 12%
2026-8-31 15:52:18-debug: 填充脚本数据到 settings.json start, progress: 12%
2026-8-31 15:52:18-debug: [Build Memory track]: 整理部分构建选项内数据到 settings.json start:227.17MB, end 226.42MB, increase: -767.82KB
2026-8-31 15:52:18-debug: // ---- build task 填充脚本数据到 settings.json ----
2026-8-31 15:52:18-log: run build task 填充脚本数据到 settings.json success in √, progress: 13%
2026-8-31 15:52:18-debug: [Build Memory track]: 填充脚本数据到 settings.json start:226.45MB, end 226.47MB, increase: 16.30KB
2026-8-31 15:52:18-debug: 整理部分构建选项内数据到 settings.json start, progress: 13%
2026-8-31 15:52:18-debug: // ---- build task 整理部分构建选项内数据到 settings.json ----
2026-8-31 15:52:18-debug: // ---- build task 整理部分构建选项内数据到 settings.json ---- (6ms)
2026-8-31 15:52:18-log: run build task 整理部分构建选项内数据到 settings.json success in 6 ms√, progress: 15%
2026-8-31 15:52:18-debug: [Build Memory track]: 整理部分构建选项内数据到 settings.json start:226.50MB, end 226.64MB, increase: 149.75KB
2026-8-31 15:52:21-debug: Query all assets info in project
2026-8-31 15:52:21-debug: init custom config: keepNodeUuid: false, useCache: true
2026-8-31 15:52:21-debug: Skip compress image, progress: 0%
2026-8-31 15:52:21-debug: Init all bundles start..., progress: 0%
2026-8-31 15:52:21-debug: // ---- build task 查询 Asset Bundle ----
2026-8-31 15:52:21-debug: Init bundle root assets start..., progress: 0%
2026-8-31 15:52:21-debug: Num of bundles: 3..., progress: 0%
2026-8-31 15:52:21-debug: 查询 Asset Bundle start, progress: 0%
2026-8-31 15:52:21-debug:   Number of all scenes: 1
2026-8-31 15:52:21-debug:   Number of all scripts: 7
2026-8-31 15:52:21-debug: Query preload assets/scripts from cc.config.json: 60f7195c-ec2a-45eb-ba94-8955f60e81d0,1c02ae6f-4492-4915-b8f8-7492a3b1e4cd,810e96e4-e456-4468-9b59-f4e8f39732c0,efe8e2a3-eace-427b-b4f1-cb8a937ec77d,e9aa9a3e-5b2b-4ac7-a2c7-073de2b2b24f,8bbdbcdd-5cd4-4100-b6d5-b7c9625b6107,50f4348b-c883-4e2f-8f11-ce233b859fa1,fda095cb-831d-4601-ad94-846013963de8,f92806d7-1768-443f-afe8-12bcde84d0f0,dd3a144d-ab7f-41f0-82b8-2e43a090d496,f0416e68-0200-4b77-a926-4f9d16e494da,511d2633-09a7-4bdd-ac42-f778032124b3,5d45aa00-e064-4938-b314-4265f0c2258c,9361fd90-ba52-4f84-aa93-6e878fd576ca,970b0598-bcb0-4714-91fb-2e81440dccd8,bcd64cc6-2dd9-43f6-abbe-66318d332032,d930590d-bb92-4cc8-8bd1-23cd027f9edf,a3cd009f-0ab0-420d-9278-b9fdab939bbc,6a2d0734-bd9e-4ddf-946e-caa52498cb75,c27215d8-6835-4b68-bfbb-bdeac6100c04,b5d6115f-0370-4d7c-aad3-c194cc71cf98,d1346436-ac96-4271-b863-1f4fdead95b0,971bdb23-3ff6-43eb-b422-1c30165a3663,17debcc3-0a6b-4b8a-b00b-dc58b885581e,711ebe11-f673-4cd9-9a83-63c60ba54c5b,c0143906-9aed-447e-9436-2ae8512d1b6e,14da1725-c4c2-42b4-ab08-ee0aeb6898b3,081cab31-dccd-428e-8652-f2404cc81c47,78e0584a-4343-4727-8f37-e14e65c2a2db,ba21476f-2866-4f81-9c4d-6e359316e448,871c3b6c-7379-419d-bda3-794b239ab90d,1d08ef62-a503-4ce2-8b9a-46c90873f7d3,ff9b0199-ce04-4cfe-86cc-6c719f08d6e4,de1c2107-70c8-4021-8459-6399f24d01c6,cbf30902-517f-40dc-af90-a550bac27cf1,5c601d96-e4c7-4698-991b-7ee674b11079
2026-8-31 15:52:21-debug: Init bundle root assets success..., progress: 0%
2026-8-31 15:52:21-debug:   Number of other assets: 318
2026-8-31 15:52:21-debug: // ---- build task 查询 Asset Bundle ---- (7ms)
2026-8-31 15:52:21-log: run build task 查询 Asset Bundle success in 7 ms√, progress: 5%
2026-8-31 15:52:21-debug: [Build Memory track]: 查询 Asset Bundle start:226.64MB, end 226.52MB, increase: -120.09KB
2026-8-31 15:52:21-debug: 查询 Asset Bundle start, progress: 5%
2026-8-31 15:52:21-debug: // ---- build task 查询 Asset Bundle ----
2026-8-31 15:52:21-debug: // ---- build task 查询 Asset Bundle ---- (3ms)
2026-8-31 15:52:21-log: run build task 查询 Asset Bundle success in 3 ms√, progress: 10%
2026-8-31 15:52:21-debug: [Build Memory track]: 查询 Asset Bundle start:226.55MB, end 226.65MB, increase: 103.61KB
2026-8-31 15:52:21-debug: 整理部分构建选项内数据到 settings.json start, progress: 10%
2026-8-31 15:52:21-debug: // ---- build task 整理部分构建选项内数据到 settings.json ----
2026-8-31 15:52:21-debug: // ---- build task 整理部分构建选项内数据到 settings.json ---- (1ms)
2026-8-31 15:52:21-debug: [Build Memory track]: 整理部分构建选项内数据到 settings.json start:226.68MB, end 226.71MB, increase: 26.93KB
2026-8-31 15:52:21-debug: 填充脚本数据到 settings.json start, progress: 12%
2026-8-31 15:52:21-log: run build task 整理部分构建选项内数据到 settings.json success in 1 ms√, progress: 12%
2026-8-31 15:52:21-debug: // ---- build task 填充脚本数据到 settings.json ----
2026-8-31 15:52:21-log: run build task 填充脚本数据到 settings.json success in √, progress: 13%
2026-8-31 15:52:21-debug: [Build Memory track]: 填充脚本数据到 settings.json start:226.74MB, end 226.75MB, increase: 16.66KB
2026-8-31 15:52:21-debug: 整理部分构建选项内数据到 settings.json start, progress: 13%
2026-8-31 15:52:21-debug: // ---- build task 整理部分构建选项内数据到 settings.json ----
2026-8-31 15:52:21-debug: // ---- build task 整理部分构建选项内数据到 settings.json ---- (9ms)
2026-8-31 15:52:21-log: run build task 整理部分构建选项内数据到 settings.json success in 9 ms√, progress: 15%
2026-8-31 15:52:21-debug: [Build Memory track]: 整理部分构建选项内数据到 settings.json start:226.79MB, end 226.92MB, increase: 141.15KB
2026-8-31 15:52:24-debug: refresh db internal success
2026-8-31 15:52:24-debug: refresh db assets success
2026-8-31 15:52:24-debug: Run asset db hook engine-extends:afterRefresh success!
2026-8-31 15:52:24-debug: Run asset db hook engine-extends:afterRefresh ...
2026-8-31 15:52:24-debug: asset-db:refresh-all-database (110ms)
2026-8-31 15:52:24-debug: asset-db:worker-effect-data-processing (2ms)
2026-8-31 15:52:24-debug: asset-db-hook-engine-extends-afterRefresh (2ms)
2026-8-31 15:52:26-debug: %cImport%c: D:\GameByself\Cocos\Project1\assets\Scenes\scene.scenebackground: #aaff85; color: #000;color: #000;
2026-8-31 15:52:26-debug: asset-db:reimport-assetcb02e093-8bba-4046-8e6e-d0462e7be5da (14ms)
2026-8-31 15:52:27-debug: Query all assets info in project
2026-8-31 15:52:27-debug: init custom config: keepNodeUuid: false, useCache: true
2026-8-31 15:52:27-debug: Skip compress image, progress: 0%
2026-8-31 15:52:27-debug: Init all bundles start..., progress: 0%
2026-8-31 15:52:27-debug: // ---- build task 查询 Asset Bundle ----
2026-8-31 15:52:27-debug: Num of bundles: 3..., progress: 0%
2026-8-31 15:52:27-debug: 查询 Asset Bundle start, progress: 0%
2026-8-31 15:52:27-debug: Init bundle root assets start..., progress: 0%
2026-8-31 15:52:27-debug: Query preload assets/scripts from cc.config.json: 60f7195c-ec2a-45eb-ba94-8955f60e81d0,1c02ae6f-4492-4915-b8f8-7492a3b1e4cd,810e96e4-e456-4468-9b59-f4e8f39732c0,efe8e2a3-eace-427b-b4f1-cb8a937ec77d,e9aa9a3e-5b2b-4ac7-a2c7-073de2b2b24f,8bbdbcdd-5cd4-4100-b6d5-b7c9625b6107,50f4348b-c883-4e2f-8f11-ce233b859fa1,fda095cb-831d-4601-ad94-846013963de8,f92806d7-1768-443f-afe8-12bcde84d0f0,dd3a144d-ab7f-41f0-82b8-2e43a090d496,f0416e68-0200-4b77-a926-4f9d16e494da,511d2633-09a7-4bdd-ac42-f778032124b3,5d45aa00-e064-4938-b314-4265f0c2258c,9361fd90-ba52-4f84-aa93-6e878fd576ca,970b0598-bcb0-4714-91fb-2e81440dccd8,bcd64cc6-2dd9-43f6-abbe-66318d332032,d930590d-bb92-4cc8-8bd1-23cd027f9edf,a3cd009f-0ab0-420d-9278-b9fdab939bbc,6a2d0734-bd9e-4ddf-946e-caa52498cb75,c27215d8-6835-4b68-bfbb-bdeac6100c04,b5d6115f-0370-4d7c-aad3-c194cc71cf98,d1346436-ac96-4271-b863-1f4fdead95b0,971bdb23-3ff6-43eb-b422-1c30165a3663,17debcc3-0a6b-4b8a-b00b-dc58b885581e,711ebe11-f673-4cd9-9a83-63c60ba54c5b,c0143906-9aed-447e-9436-2ae8512d1b6e,14da1725-c4c2-42b4-ab08-ee0aeb6898b3,081cab31-dccd-428e-8652-f2404cc81c47,78e0584a-4343-4727-8f37-e14e65c2a2db,ba21476f-2866-4f81-9c4d-6e359316e448,871c3b6c-7379-419d-bda3-794b239ab90d,1d08ef62-a503-4ce2-8b9a-46c90873f7d3,ff9b0199-ce04-4cfe-86cc-6c719f08d6e4,de1c2107-70c8-4021-8459-6399f24d01c6,cbf30902-517f-40dc-af90-a550bac27cf1,5c601d96-e4c7-4698-991b-7ee674b11079
2026-8-31 15:52:27-debug:   Number of all scenes: 1
2026-8-31 15:52:27-debug:   Number of all scripts: 7
2026-8-31 15:52:27-debug:   Number of other assets: 318
2026-8-31 15:52:27-debug: Init bundle root assets success..., progress: 0%
2026-8-31 15:52:27-debug: // ---- build task 查询 Asset Bundle ---- (8ms)
2026-8-31 15:52:27-log: run build task 查询 Asset Bundle success in 8 ms√, progress: 5%
2026-8-31 15:52:27-debug: 查询 Asset Bundle start, progress: 5%
2026-8-31 15:52:27-debug: [Build Memory track]: 查询 Asset Bundle start:228.01MB, end 228.66MB, increase: 663.43KB
2026-8-31 15:52:27-debug: // ---- build task 查询 Asset Bundle ----
2026-8-31 15:52:27-debug: // ---- build task 查询 Asset Bundle ---- (3ms)
2026-8-31 15:52:27-log: run build task 查询 Asset Bundle success in 3 ms√, progress: 10%
2026-8-31 15:52:27-debug: [Build Memory track]: 查询 Asset Bundle start:228.69MB, end 228.80MB, increase: 104.71KB
2026-8-31 15:52:27-debug: // ---- build task 整理部分构建选项内数据到 settings.json ----
2026-8-31 15:52:27-debug: 整理部分构建选项内数据到 settings.json start, progress: 10%
2026-8-31 15:52:27-debug: // ---- build task 整理部分构建选项内数据到 settings.json ---- (2ms)
2026-8-31 15:52:27-log: run build task 整理部分构建选项内数据到 settings.json success in 2 ms√, progress: 12%
2026-8-31 15:52:27-debug: [Build Memory track]: 整理部分构建选项内数据到 settings.json start:228.83MB, end 228.87MB, increase: 42.13KB
2026-8-31 15:52:27-debug: // ---- build task 填充脚本数据到 settings.json ----
2026-8-31 15:52:27-debug: 填充脚本数据到 settings.json start, progress: 12%
2026-8-31 15:52:27-debug: // ---- build task 填充脚本数据到 settings.json ---- (2ms)
2026-8-31 15:52:27-debug: [Build Memory track]: 填充脚本数据到 settings.json start:228.90MB, end 228.93MB, increase: 27.11KB
2026-8-31 15:52:27-log: run build task 填充脚本数据到 settings.json success in 2 ms√, progress: 13%
2026-8-31 15:52:27-debug: // ---- build task 整理部分构建选项内数据到 settings.json ----
2026-8-31 15:52:27-debug: 整理部分构建选项内数据到 settings.json start, progress: 13%
2026-8-31 15:52:27-debug: // ---- build task 整理部分构建选项内数据到 settings.json ---- (5ms)
2026-8-31 15:52:27-log: run build task 整理部分构建选项内数据到 settings.json success in 5 ms√, progress: 15%
2026-8-31 15:52:27-debug: [Build Memory track]: 整理部分构建选项内数据到 settings.json start:228.96MB, end 229.09MB, increase: 133.94KB
2026-8-31 15:52:51-debug: refresh db internal success
2026-8-31 15:52:51-debug: %cImport%c: D:\GameByself\Cocos\Project1\assets\Scripts\Car.tsbackground: #aaff85; color: #000;color: #000;
2026-8-31 15:52:51-debug: refresh db assets success
2026-8-31 15:52:51-debug: Run asset db hook engine-extends:afterRefresh ...
2026-8-31 15:52:51-debug: Run asset db hook engine-extends:afterRefresh success!
2026-8-31 15:52:51-debug: asset-db:refresh-all-database (102ms)
2026-8-31 15:52:51-debug: asset-db:worker-effect-data-processing (2ms)
2026-8-31 15:52:51-debug: asset-db-hook-engine-extends-afterRefresh (2ms)
2026-8-31 15:52:52-debug: Query all assets info in project
2026-8-31 15:52:52-debug: init custom config: keepNodeUuid: false, useCache: true
2026-8-31 15:52:52-debug: Skip compress image, progress: 0%
2026-8-31 15:52:52-debug: Init all bundles start..., progress: 0%
2026-8-31 15:52:52-debug: // ---- build task 查询 Asset Bundle ----
2026-8-31 15:52:52-debug: Num of bundles: 3..., progress: 0%
2026-8-31 15:52:52-debug: 查询 Asset Bundle start, progress: 0%
2026-8-31 15:52:52-debug: Init bundle root assets start..., progress: 0%
2026-8-31 15:52:52-debug: Query preload assets/scripts from cc.config.json: 60f7195c-ec2a-45eb-ba94-8955f60e81d0,1c02ae6f-4492-4915-b8f8-7492a3b1e4cd,810e96e4-e456-4468-9b59-f4e8f39732c0,efe8e2a3-eace-427b-b4f1-cb8a937ec77d,e9aa9a3e-5b2b-4ac7-a2c7-073de2b2b24f,8bbdbcdd-5cd4-4100-b6d5-b7c9625b6107,50f4348b-c883-4e2f-8f11-ce233b859fa1,fda095cb-831d-4601-ad94-846013963de8,f92806d7-1768-443f-afe8-12bcde84d0f0,dd3a144d-ab7f-41f0-82b8-2e43a090d496,f0416e68-0200-4b77-a926-4f9d16e494da,511d2633-09a7-4bdd-ac42-f778032124b3,5d45aa00-e064-4938-b314-4265f0c2258c,9361fd90-ba52-4f84-aa93-6e878fd576ca,970b0598-bcb0-4714-91fb-2e81440dccd8,bcd64cc6-2dd9-43f6-abbe-66318d332032,d930590d-bb92-4cc8-8bd1-23cd027f9edf,a3cd009f-0ab0-420d-9278-b9fdab939bbc,6a2d0734-bd9e-4ddf-946e-caa52498cb75,c27215d8-6835-4b68-bfbb-bdeac6100c04,b5d6115f-0370-4d7c-aad3-c194cc71cf98,d1346436-ac96-4271-b863-1f4fdead95b0,971bdb23-3ff6-43eb-b422-1c30165a3663,17debcc3-0a6b-4b8a-b00b-dc58b885581e,711ebe11-f673-4cd9-9a83-63c60ba54c5b,c0143906-9aed-447e-9436-2ae8512d1b6e,14da1725-c4c2-42b4-ab08-ee0aeb6898b3,081cab31-dccd-428e-8652-f2404cc81c47,78e0584a-4343-4727-8f37-e14e65c2a2db,ba21476f-2866-4f81-9c4d-6e359316e448,871c3b6c-7379-419d-bda3-794b239ab90d,1d08ef62-a503-4ce2-8b9a-46c90873f7d3,ff9b0199-ce04-4cfe-86cc-6c719f08d6e4,de1c2107-70c8-4021-8459-6399f24d01c6,cbf30902-517f-40dc-af90-a550bac27cf1,5c601d96-e4c7-4698-991b-7ee674b11079
2026-8-31 15:52:52-debug: Init bundle root assets success..., progress: 0%
2026-8-31 15:52:52-debug:   Number of other assets: 318
2026-8-31 15:52:52-debug:   Number of all scenes: 1
2026-8-31 15:52:52-debug:   Number of all scripts: 7
2026-8-31 15:52:52-debug: // ---- build task 查询 Asset Bundle ---- (9ms)
2026-8-31 15:52:52-debug: [Build Memory track]: 查询 Asset Bundle start:228.88MB, end 228.75MB, increase: -132.63KB
2026-8-31 15:52:52-log: run build task 查询 Asset Bundle success in 9 ms√, progress: 5%
2026-8-31 15:52:52-debug: 查询 Asset Bundle start, progress: 5%
2026-8-31 15:52:52-debug: // ---- build task 查询 Asset Bundle ----
2026-8-31 15:52:52-debug: // ---- build task 查询 Asset Bundle ---- (6ms)
2026-8-31 15:52:52-log: run build task 查询 Asset Bundle success in 6 ms√, progress: 10%
2026-8-31 15:52:52-debug: [Build Memory track]: 查询 Asset Bundle start:228.78MB, end 228.88MB, increase: 105.60KB
2026-8-31 15:52:52-debug: 整理部分构建选项内数据到 settings.json start, progress: 10%
2026-8-31 15:52:52-debug: // ---- build task 整理部分构建选项内数据到 settings.json ----
2026-8-31 15:52:52-log: run build task 整理部分构建选项内数据到 settings.json success in 2 ms√, progress: 12%
2026-8-31 15:52:52-debug: [Build Memory track]: 整理部分构建选项内数据到 settings.json start:228.91MB, end 228.94MB, increase: 27.75KB
2026-8-31 15:52:52-debug: // ---- build task 整理部分构建选项内数据到 settings.json ---- (2ms)
2026-8-31 15:52:52-debug: 填充脚本数据到 settings.json start, progress: 12%
2026-8-31 15:52:52-debug: // ---- build task 填充脚本数据到 settings.json ----
2026-8-31 15:52:52-debug: // ---- build task 填充脚本数据到 settings.json ---- (2ms)
2026-8-31 15:52:52-log: run build task 填充脚本数据到 settings.json success in 2 ms√, progress: 13%
2026-8-31 15:52:52-debug: [Build Memory track]: 填充脚本数据到 settings.json start:228.97MB, end 229.00MB, increase: 26.98KB
2026-8-31 15:52:52-debug: 整理部分构建选项内数据到 settings.json start, progress: 13%
2026-8-31 15:52:52-debug: // ---- build task 整理部分构建选项内数据到 settings.json ----
2026-8-31 15:52:52-debug: // ---- build task 整理部分构建选项内数据到 settings.json ---- (8ms)
2026-8-31 15:52:52-log: run build task 整理部分构建选项内数据到 settings.json success in 8 ms√, progress: 15%
2026-8-31 15:52:52-debug: [Build Memory track]: 整理部分构建选项内数据到 settings.json start:229.03MB, end 229.15MB, increase: 127.23KB
2026-8-31 15:53:05-debug: refresh db internal success
2026-8-31 15:53:05-debug: refresh db assets success
2026-8-31 15:53:05-debug: Run asset db hook engine-extends:afterRefresh ...
2026-8-31 15:53:05-debug: Run asset db hook engine-extends:afterRefresh success!
2026-8-31 15:53:05-debug: asset-db:refresh-all-database (100ms)
2026-8-31 15:53:05-debug: asset-db:worker-effect-data-processing (1ms)
2026-8-31 15:53:05-debug: asset-db-hook-engine-extends-afterRefresh (1ms)
2026-8-31 15:53:13-debug: refresh db internal success
2026-8-31 15:53:13-debug: %cImport%c: D:\GameByself\Cocos\Project1\assets\Scripts\Car.tsbackground: #aaff85; color: #000;color: #000;
2026-8-31 15:53:13-debug: refresh db assets success
2026-8-31 15:53:13-debug: Run asset db hook engine-extends:afterRefresh ...
2026-8-31 15:53:13-debug: Run asset db hook engine-extends:afterRefresh success!
2026-8-31 15:53:13-debug: asset-db:refresh-all-database (107ms)
2026-8-31 15:53:13-debug: asset-db:worker-effect-data-processing (3ms)
2026-8-31 15:53:13-debug: asset-db-hook-engine-extends-afterRefresh (3ms)
2026-8-31 15:53:15-debug: Query all assets info in project
2026-8-31 15:53:15-debug: init custom config: keepNodeUuid: false, useCache: true
2026-8-31 15:53:15-debug: Skip compress image, progress: 0%
2026-8-31 15:53:15-debug: Init all bundles start..., progress: 0%
2026-8-31 15:53:15-debug: 查询 Asset Bundle start, progress: 0%
2026-8-31 15:53:15-debug: Num of bundles: 3..., progress: 0%
2026-8-31 15:53:15-debug: // ---- build task 查询 Asset Bundle ----
2026-8-31 15:53:15-debug: Init bundle root assets start..., progress: 0%
2026-8-31 15:53:15-debug: Query preload assets/scripts from cc.config.json: 60f7195c-ec2a-45eb-ba94-8955f60e81d0,1c02ae6f-4492-4915-b8f8-7492a3b1e4cd,810e96e4-e456-4468-9b59-f4e8f39732c0,efe8e2a3-eace-427b-b4f1-cb8a937ec77d,e9aa9a3e-5b2b-4ac7-a2c7-073de2b2b24f,8bbdbcdd-5cd4-4100-b6d5-b7c9625b6107,50f4348b-c883-4e2f-8f11-ce233b859fa1,fda095cb-831d-4601-ad94-846013963de8,f92806d7-1768-443f-afe8-12bcde84d0f0,dd3a144d-ab7f-41f0-82b8-2e43a090d496,f0416e68-0200-4b77-a926-4f9d16e494da,511d2633-09a7-4bdd-ac42-f778032124b3,5d45aa00-e064-4938-b314-4265f0c2258c,9361fd90-ba52-4f84-aa93-6e878fd576ca,970b0598-bcb0-4714-91fb-2e81440dccd8,bcd64cc6-2dd9-43f6-abbe-66318d332032,d930590d-bb92-4cc8-8bd1-23cd027f9edf,a3cd009f-0ab0-420d-9278-b9fdab939bbc,6a2d0734-bd9e-4ddf-946e-caa52498cb75,c27215d8-6835-4b68-bfbb-bdeac6100c04,b5d6115f-0370-4d7c-aad3-c194cc71cf98,d1346436-ac96-4271-b863-1f4fdead95b0,971bdb23-3ff6-43eb-b422-1c30165a3663,17debcc3-0a6b-4b8a-b00b-dc58b885581e,711ebe11-f673-4cd9-9a83-63c60ba54c5b,c0143906-9aed-447e-9436-2ae8512d1b6e,14da1725-c4c2-42b4-ab08-ee0aeb6898b3,081cab31-dccd-428e-8652-f2404cc81c47,78e0584a-4343-4727-8f37-e14e65c2a2db,ba21476f-2866-4f81-9c4d-6e359316e448,871c3b6c-7379-419d-bda3-794b239ab90d,1d08ef62-a503-4ce2-8b9a-46c90873f7d3,ff9b0199-ce04-4cfe-86cc-6c719f08d6e4,de1c2107-70c8-4021-8459-6399f24d01c6,cbf30902-517f-40dc-af90-a550bac27cf1,5c601d96-e4c7-4698-991b-7ee674b11079
2026-8-31 15:53:15-debug:   Number of all scripts: 7
2026-8-31 15:53:15-debug:   Number of other assets: 318
2026-8-31 15:53:15-debug:   Number of all scenes: 1
2026-8-31 15:53:15-debug: Init bundle root assets success..., progress: 0%
2026-8-31 15:53:15-log: run build task 查询 Asset Bundle success in 8 ms√, progress: 5%
2026-8-31 15:53:15-debug: // ---- build task 查询 Asset Bundle ---- (8ms)
2026-8-31 15:53:15-debug: [Build Memory track]: 查询 Asset Bundle start:231.37MB, end 231.10MB, increase: -277.89KB
2026-8-31 15:53:15-debug: 查询 Asset Bundle start, progress: 5%
2026-8-31 15:53:15-debug: // ---- build task 查询 Asset Bundle ----
2026-8-31 15:53:15-log: run build task 查询 Asset Bundle success in 4 ms√, progress: 10%
2026-8-31 15:53:15-debug: [Build Memory track]: 查询 Asset Bundle start:231.13MB, end 231.24MB, increase: 105.57KB
2026-8-31 15:53:15-debug: 整理部分构建选项内数据到 settings.json start, progress: 10%
2026-8-31 15:53:15-debug: // ---- build task 查询 Asset Bundle ---- (4ms)
2026-8-31 15:53:15-debug: // ---- build task 整理部分构建选项内数据到 settings.json ----
2026-8-31 15:53:15-debug: // ---- build task 整理部分构建选项内数据到 settings.json ---- (3ms)
2026-8-31 15:53:15-log: run build task 整理部分构建选项内数据到 settings.json success in 3 ms√, progress: 12%
2026-8-31 15:53:15-debug: 填充脚本数据到 settings.json start, progress: 12%
2026-8-31 15:53:15-debug: [Build Memory track]: 整理部分构建选项内数据到 settings.json start:231.27MB, end 231.29MB, increase: 27.66KB
2026-8-31 15:53:15-debug: // ---- build task 填充脚本数据到 settings.json ----
2026-8-31 15:53:15-debug: // ---- build task 填充脚本数据到 settings.json ---- (2ms)
2026-8-31 15:53:15-log: run build task 填充脚本数据到 settings.json success in 2 ms√, progress: 13%
2026-8-31 15:53:15-debug: 整理部分构建选项内数据到 settings.json start, progress: 13%
2026-8-31 15:53:15-debug: [Build Memory track]: 填充脚本数据到 settings.json start:231.33MB, end 231.35MB, increase: 27.01KB
2026-8-31 15:53:15-debug: // ---- build task 整理部分构建选项内数据到 settings.json ----
2026-8-31 15:53:16-debug: // ---- build task 整理部分构建选项内数据到 settings.json ---- (6ms)
2026-8-31 15:53:16-log: run build task 整理部分构建选项内数据到 settings.json success in 6 ms√, progress: 15%
2026-8-31 15:53:16-debug: [Build Memory track]: 整理部分构建选项内数据到 settings.json start:231.38MB, end 231.51MB, increase: 127.22KB
2026-8-31 15:53:26-debug: refresh db internal success
2026-8-31 15:53:26-debug: refresh db assets success
2026-8-31 15:53:26-debug: Run asset db hook engine-extends:afterRefresh ...
2026-8-31 15:53:26-debug: Run asset db hook engine-extends:afterRefresh success!
2026-8-31 15:53:26-debug: asset-db:refresh-all-database (124ms)
2026-8-31 15:53:26-debug: asset-db:worker-effect-data-processing (3ms)
2026-8-31 15:53:26-debug: asset-db-hook-engine-extends-afterRefresh (5ms)
2026-8-31 15:53:33-debug: refresh db internal success
2026-8-31 15:53:33-debug: %cImport%c: D:\GameByself\Cocos\Project1\assets\Scripts\Car.tsbackground: #aaff85; color: #000;color: #000;
2026-8-31 15:53:33-debug: refresh db assets success
2026-8-31 15:53:33-debug: Run asset db hook engine-extends:afterRefresh ...
2026-8-31 15:53:33-debug: Run asset db hook engine-extends:afterRefresh success!
2026-8-31 15:53:33-debug: asset-db:refresh-all-database (112ms)
2026-8-31 15:53:33-debug: asset-db:worker-effect-data-processing (5ms)
2026-8-31 15:53:33-debug: asset-db-hook-engine-extends-afterRefresh (5ms)
2026-8-31 15:53:36-debug: Query all assets info in project
2026-8-31 15:53:36-debug: init custom config: keepNodeUuid: false, useCache: true
2026-8-31 15:53:36-debug: Skip compress image, progress: 0%
2026-8-31 15:53:36-debug: Init all bundles start..., progress: 0%
2026-8-31 15:53:36-debug: Num of bundles: 3..., progress: 0%
2026-8-31 15:53:36-debug: 查询 Asset Bundle start, progress: 0%
2026-8-31 15:53:36-debug: // ---- build task 查询 Asset Bundle ----
2026-8-31 15:53:36-debug: Init bundle root assets start..., progress: 0%
2026-8-31 15:53:36-debug: Query preload assets/scripts from cc.config.json: 60f7195c-ec2a-45eb-ba94-8955f60e81d0,1c02ae6f-4492-4915-b8f8-7492a3b1e4cd,810e96e4-e456-4468-9b59-f4e8f39732c0,efe8e2a3-eace-427b-b4f1-cb8a937ec77d,e9aa9a3e-5b2b-4ac7-a2c7-073de2b2b24f,8bbdbcdd-5cd4-4100-b6d5-b7c9625b6107,50f4348b-c883-4e2f-8f11-ce233b859fa1,fda095cb-831d-4601-ad94-846013963de8,f92806d7-1768-443f-afe8-12bcde84d0f0,dd3a144d-ab7f-41f0-82b8-2e43a090d496,f0416e68-0200-4b77-a926-4f9d16e494da,511d2633-09a7-4bdd-ac42-f778032124b3,5d45aa00-e064-4938-b314-4265f0c2258c,9361fd90-ba52-4f84-aa93-6e878fd576ca,970b0598-bcb0-4714-91fb-2e81440dccd8,bcd64cc6-2dd9-43f6-abbe-66318d332032,d930590d-bb92-4cc8-8bd1-23cd027f9edf,a3cd009f-0ab0-420d-9278-b9fdab939bbc,6a2d0734-bd9e-4ddf-946e-caa52498cb75,c27215d8-6835-4b68-bfbb-bdeac6100c04,b5d6115f-0370-4d7c-aad3-c194cc71cf98,d1346436-ac96-4271-b863-1f4fdead95b0,971bdb23-3ff6-43eb-b422-1c30165a3663,17debcc3-0a6b-4b8a-b00b-dc58b885581e,711ebe11-f673-4cd9-9a83-63c60ba54c5b,c0143906-9aed-447e-9436-2ae8512d1b6e,14da1725-c4c2-42b4-ab08-ee0aeb6898b3,081cab31-dccd-428e-8652-f2404cc81c47,78e0584a-4343-4727-8f37-e14e65c2a2db,ba21476f-2866-4f81-9c4d-6e359316e448,871c3b6c-7379-419d-bda3-794b239ab90d,1d08ef62-a503-4ce2-8b9a-46c90873f7d3,ff9b0199-ce04-4cfe-86cc-6c719f08d6e4,de1c2107-70c8-4021-8459-6399f24d01c6,cbf30902-517f-40dc-af90-a550bac27cf1,5c601d96-e4c7-4698-991b-7ee674b11079
2026-8-31 15:53:36-debug:   Number of all scripts: 7
2026-8-31 15:53:36-debug: Init bundle root assets success..., progress: 0%
2026-8-31 15:53:36-debug:   Number of all scenes: 1
2026-8-31 15:53:36-debug:   Number of other assets: 318
2026-8-31 15:53:36-log: run build task 查询 Asset Bundle success in 9 ms√, progress: 5%
2026-8-31 15:53:36-debug: [Build Memory track]: 查询 Asset Bundle start:233.62MB, end 233.34MB, increase: -281.18KB
2026-8-31 15:53:36-debug: // ---- build task 查询 Asset Bundle ---- (9ms)
2026-8-31 15:53:36-debug: // ---- build task 查询 Asset Bundle ----
2026-8-31 15:53:36-debug: 查询 Asset Bundle start, progress: 5%
2026-8-31 15:53:36-log: run build task 查询 Asset Bundle success in 4 ms√, progress: 10%
2026-8-31 15:53:36-debug: [Build Memory track]: 查询 Asset Bundle start:233.37MB, end 233.48MB, increase: 105.64KB
2026-8-31 15:53:36-debug: // ---- build task 查询 Asset Bundle ---- (4ms)
2026-8-31 15:53:36-debug: 整理部分构建选项内数据到 settings.json start, progress: 10%
2026-8-31 15:53:36-debug: // ---- build task 整理部分构建选项内数据到 settings.json ----
2026-8-31 15:53:36-debug: // ---- build task 整理部分构建选项内数据到 settings.json ---- (1ms)
2026-8-31 15:53:36-log: run build task 整理部分构建选项内数据到 settings.json success in 1 ms√, progress: 12%
2026-8-31 15:53:36-debug: 填充脚本数据到 settings.json start, progress: 12%
2026-8-31 15:53:36-debug: [Build Memory track]: 整理部分构建选项内数据到 settings.json start:233.51MB, end 233.53MB, increase: 27.23KB
2026-8-31 15:53:36-debug: // ---- build task 填充脚本数据到 settings.json ----
2026-8-31 15:53:36-debug: // ---- build task 填充脚本数据到 settings.json ---- (2ms)
2026-8-31 15:53:36-log: run build task 填充脚本数据到 settings.json success in 2 ms√, progress: 13%
2026-8-31 15:53:36-debug: 整理部分构建选项内数据到 settings.json start, progress: 13%
2026-8-31 15:53:36-debug: [Build Memory track]: 填充脚本数据到 settings.json start:233.57MB, end 233.59MB, increase: 27.44KB
2026-8-31 15:53:36-debug: // ---- build task 整理部分构建选项内数据到 settings.json ----
2026-8-31 15:53:36-debug: // ---- build task 整理部分构建选项内数据到 settings.json ---- (5ms)
2026-8-31 15:53:36-log: run build task 整理部分构建选项内数据到 settings.json success in 5 ms√, progress: 15%
2026-8-31 15:53:36-debug: [Build Memory track]: 整理部分构建选项内数据到 settings.json start:233.62MB, end 233.75MB, increase: 127.17KB
2026-8-31 15:53:40-debug: Query all assets info in project
2026-8-31 15:53:40-debug: init custom config: keepNodeUuid: false, useCache: true
2026-8-31 15:53:40-debug: Skip compress image, progress: 0%
2026-8-31 15:53:40-debug: Init all bundles start..., progress: 0%
2026-8-31 15:53:40-debug: // ---- build task 查询 Asset Bundle ----
2026-8-31 15:53:40-debug: Num of bundles: 3..., progress: 0%
2026-8-31 15:53:40-debug: 查询 Asset Bundle start, progress: 0%
2026-8-31 15:53:40-debug: Init bundle root assets start..., progress: 0%
2026-8-31 15:53:40-debug: Query preload assets/scripts from cc.config.json: 60f7195c-ec2a-45eb-ba94-8955f60e81d0,1c02ae6f-4492-4915-b8f8-7492a3b1e4cd,810e96e4-e456-4468-9b59-f4e8f39732c0,efe8e2a3-eace-427b-b4f1-cb8a937ec77d,e9aa9a3e-5b2b-4ac7-a2c7-073de2b2b24f,8bbdbcdd-5cd4-4100-b6d5-b7c9625b6107,50f4348b-c883-4e2f-8f11-ce233b859fa1,fda095cb-831d-4601-ad94-846013963de8,f92806d7-1768-443f-afe8-12bcde84d0f0,dd3a144d-ab7f-41f0-82b8-2e43a090d496,f0416e68-0200-4b77-a926-4f9d16e494da,511d2633-09a7-4bdd-ac42-f778032124b3,5d45aa00-e064-4938-b314-4265f0c2258c,9361fd90-ba52-4f84-aa93-6e878fd576ca,970b0598-bcb0-4714-91fb-2e81440dccd8,bcd64cc6-2dd9-43f6-abbe-66318d332032,d930590d-bb92-4cc8-8bd1-23cd027f9edf,a3cd009f-0ab0-420d-9278-b9fdab939bbc,6a2d0734-bd9e-4ddf-946e-caa52498cb75,c27215d8-6835-4b68-bfbb-bdeac6100c04,b5d6115f-0370-4d7c-aad3-c194cc71cf98,d1346436-ac96-4271-b863-1f4fdead95b0,971bdb23-3ff6-43eb-b422-1c30165a3663,17debcc3-0a6b-4b8a-b00b-dc58b885581e,711ebe11-f673-4cd9-9a83-63c60ba54c5b,c0143906-9aed-447e-9436-2ae8512d1b6e,14da1725-c4c2-42b4-ab08-ee0aeb6898b3,081cab31-dccd-428e-8652-f2404cc81c47,78e0584a-4343-4727-8f37-e14e65c2a2db,ba21476f-2866-4f81-9c4d-6e359316e448,871c3b6c-7379-419d-bda3-794b239ab90d,1d08ef62-a503-4ce2-8b9a-46c90873f7d3,ff9b0199-ce04-4cfe-86cc-6c719f08d6e4,de1c2107-70c8-4021-8459-6399f24d01c6,cbf30902-517f-40dc-af90-a550bac27cf1,5c601d96-e4c7-4698-991b-7ee674b11079
2026-8-31 15:53:40-debug:   Number of all scripts: 7
2026-8-31 15:53:40-debug:   Number of other assets: 318
2026-8-31 15:53:40-debug: Init bundle root assets success..., progress: 0%
2026-8-31 15:53:40-debug:   Number of all scenes: 1
2026-8-31 15:53:40-log: run build task 查询 Asset Bundle success in 8 ms√, progress: 5%
2026-8-31 15:53:40-debug: 查询 Asset Bundle start, progress: 5%
2026-8-31 15:53:40-debug: [Build Memory track]: 查询 Asset Bundle start:233.79MB, end 233.52MB, increase: -281.80KB
2026-8-31 15:53:40-debug: // ---- build task 查询 Asset Bundle ---- (8ms)
2026-8-31 15:53:40-debug: // ---- build task 查询 Asset Bundle ----
2026-8-31 15:53:40-debug: // ---- build task 查询 Asset Bundle ---- (4ms)
2026-8-31 15:53:40-log: run build task 查询 Asset Bundle success in 4 ms√, progress: 10%
2026-8-31 15:53:40-debug: 整理部分构建选项内数据到 settings.json start, progress: 10%
2026-8-31 15:53:40-debug: // ---- build task 整理部分构建选项内数据到 settings.json ----
2026-8-31 15:53:40-debug: [Build Memory track]: 查询 Asset Bundle start:233.55MB, end 233.65MB, increase: 103.63KB
2026-8-31 15:53:40-debug: // ---- build task 整理部分构建选项内数据到 settings.json ---- (1ms)
2026-8-31 15:53:40-log: run build task 整理部分构建选项内数据到 settings.json success in 1 ms√, progress: 12%
2026-8-31 15:53:40-debug: [Build Memory track]: 整理部分构建选项内数据到 settings.json start:233.68MB, end 233.71MB, increase: 27.70KB
2026-8-31 15:53:40-debug: 填充脚本数据到 settings.json start, progress: 12%
2026-8-31 15:53:40-debug: // ---- build task 填充脚本数据到 settings.json ----
2026-8-31 15:53:40-debug: // ---- build task 填充脚本数据到 settings.json ---- (1ms)
2026-8-31 15:53:40-log: run build task 填充脚本数据到 settings.json success in 1 ms√, progress: 13%
2026-8-31 15:53:40-debug: [Build Memory track]: 填充脚本数据到 settings.json start:233.74MB, end 233.77MB, increase: 27.01KB
2026-8-31 15:53:40-debug: 整理部分构建选项内数据到 settings.json start, progress: 13%
2026-8-31 15:53:40-debug: // ---- build task 整理部分构建选项内数据到 settings.json ----
2026-8-31 15:53:40-debug: // ---- build task 整理部分构建选项内数据到 settings.json ---- (8ms)
2026-8-31 15:53:40-log: run build task 整理部分构建选项内数据到 settings.json success in 8 ms√, progress: 15%
2026-8-31 15:53:40-debug: [Build Memory track]: 整理部分构建选项内数据到 settings.json start:233.80MB, end 233.92MB, increase: 127.88KB
2026-8-31 15:53:49-debug: refresh db internal success
2026-8-31 15:53:49-debug: refresh db assets success
2026-8-31 15:53:49-debug: Run asset db hook engine-extends:afterRefresh ...
2026-8-31 15:53:49-debug: Run asset db hook engine-extends:afterRefresh success!
2026-8-31 15:53:49-debug: asset-db:refresh-all-database (152ms)
2026-8-31 15:53:49-debug: asset-db:worker-effect-data-processing (3ms)
2026-8-31 15:53:49-debug: asset-db-hook-engine-extends-afterRefresh (4ms)
2026-8-31 15:53:52-debug: refresh db internal success
2026-8-31 15:53:52-debug: refresh db assets success
2026-8-31 15:53:52-debug: Run asset db hook engine-extends:afterRefresh ...
2026-8-31 15:53:52-debug: Run asset db hook engine-extends:afterRefresh success!
2026-8-31 15:53:52-debug: asset-db:worker-effect-data-processing (1ms)
2026-8-31 15:53:52-debug: asset-db:refresh-all-database (101ms)
2026-8-31 15:53:52-debug: asset-db-hook-engine-extends-afterRefresh (2ms)
2026-8-31 15:54:01-debug: refresh db internal success
2026-8-31 15:54:01-debug: %cImport%c: D:\GameByself\Cocos\Project1\assets\Scripts\Car.tsbackground: #aaff85; color: #000;color: #000;
2026-8-31 15:54:01-debug: refresh db assets success
2026-8-31 15:54:01-debug: Run asset db hook engine-extends:afterRefresh ...
2026-8-31 15:54:01-debug: Run asset db hook engine-extends:afterRefresh success!
2026-8-31 15:54:01-debug: asset-db:refresh-all-database (103ms)
2026-8-31 15:54:01-debug: asset-db-hook-engine-extends-afterRefresh (3ms)
2026-8-31 15:54:01-debug: asset-db:worker-effect-data-processing (2ms)
2026-8-31 15:54:03-debug: Query all assets info in project
2026-8-31 15:54:03-debug: init custom config: keepNodeUuid: false, useCache: true
2026-8-31 15:54:03-debug: Skip compress image, progress: 0%
2026-8-31 15:54:03-debug: Init all bundles start..., progress: 0%
2026-8-31 15:54:03-debug: // ---- build task 查询 Asset Bundle ----
2026-8-31 15:54:03-debug: Init bundle root assets start..., progress: 0%
2026-8-31 15:54:03-debug: Num of bundles: 3..., progress: 0%
2026-8-31 15:54:03-debug: 查询 Asset Bundle start, progress: 0%
2026-8-31 15:54:03-debug: Query preload assets/scripts from cc.config.json: 60f7195c-ec2a-45eb-ba94-8955f60e81d0,1c02ae6f-4492-4915-b8f8-7492a3b1e4cd,810e96e4-e456-4468-9b59-f4e8f39732c0,efe8e2a3-eace-427b-b4f1-cb8a937ec77d,e9aa9a3e-5b2b-4ac7-a2c7-073de2b2b24f,8bbdbcdd-5cd4-4100-b6d5-b7c9625b6107,50f4348b-c883-4e2f-8f11-ce233b859fa1,fda095cb-831d-4601-ad94-846013963de8,f92806d7-1768-443f-afe8-12bcde84d0f0,dd3a144d-ab7f-41f0-82b8-2e43a090d496,f0416e68-0200-4b77-a926-4f9d16e494da,511d2633-09a7-4bdd-ac42-f778032124b3,5d45aa00-e064-4938-b314-4265f0c2258c,9361fd90-ba52-4f84-aa93-6e878fd576ca,970b0598-bcb0-4714-91fb-2e81440dccd8,bcd64cc6-2dd9-43f6-abbe-66318d332032,d930590d-bb92-4cc8-8bd1-23cd027f9edf,a3cd009f-0ab0-420d-9278-b9fdab939bbc,6a2d0734-bd9e-4ddf-946e-caa52498cb75,c27215d8-6835-4b68-bfbb-bdeac6100c04,b5d6115f-0370-4d7c-aad3-c194cc71cf98,d1346436-ac96-4271-b863-1f4fdead95b0,971bdb23-3ff6-43eb-b422-1c30165a3663,17debcc3-0a6b-4b8a-b00b-dc58b885581e,711ebe11-f673-4cd9-9a83-63c60ba54c5b,c0143906-9aed-447e-9436-2ae8512d1b6e,14da1725-c4c2-42b4-ab08-ee0aeb6898b3,081cab31-dccd-428e-8652-f2404cc81c47,78e0584a-4343-4727-8f37-e14e65c2a2db,ba21476f-2866-4f81-9c4d-6e359316e448,871c3b6c-7379-419d-bda3-794b239ab90d,1d08ef62-a503-4ce2-8b9a-46c90873f7d3,ff9b0199-ce04-4cfe-86cc-6c719f08d6e4,de1c2107-70c8-4021-8459-6399f24d01c6,cbf30902-517f-40dc-af90-a550bac27cf1,5c601d96-e4c7-4698-991b-7ee674b11079
2026-8-31 15:54:03-debug:   Number of all scenes: 1
2026-8-31 15:54:03-debug:   Number of all scripts: 7
2026-8-31 15:54:03-debug: Init bundle root assets success..., progress: 0%
2026-8-31 15:54:03-debug:   Number of other assets: 318
2026-8-31 15:54:03-debug: // ---- build task 查询 Asset Bundle ---- (9ms)
2026-8-31 15:54:03-log: run build task 查询 Asset Bundle success in 9 ms√, progress: 5%
2026-8-31 15:54:03-debug: [Build Memory track]: 查询 Asset Bundle start:237.22MB, end 236.98MB, increase: -246.87KB
2026-8-31 15:54:03-debug: 查询 Asset Bundle start, progress: 5%
2026-8-31 15:54:03-debug: // ---- build task 查询 Asset Bundle ----
2026-8-31 15:54:03-debug: // ---- build task 查询 Asset Bundle ---- (4ms)
2026-8-31 15:54:03-log: run build task 查询 Asset Bundle success in 4 ms√, progress: 10%
2026-8-31 15:54:03-debug: // ---- build task 整理部分构建选项内数据到 settings.json ----
2026-8-31 15:54:03-debug: [Build Memory track]: 查询 Asset Bundle start:237.01MB, end 237.11MB, increase: 103.83KB
2026-8-31 15:54:03-debug: 整理部分构建选项内数据到 settings.json start, progress: 10%
2026-8-31 15:54:03-debug: // ---- build task 整理部分构建选项内数据到 settings.json ---- (2ms)
2026-8-31 15:54:03-log: run build task 整理部分构建选项内数据到 settings.json success in 2 ms√, progress: 12%
2026-8-31 15:54:03-debug: 填充脚本数据到 settings.json start, progress: 12%
2026-8-31 15:54:03-debug: [Build Memory track]: 整理部分构建选项内数据到 settings.json start:237.14MB, end 236.39MB, increase: -769.58KB
2026-8-31 15:54:03-debug: // ---- build task 填充脚本数据到 settings.json ----
2026-8-31 15:54:03-debug: // ---- build task 填充脚本数据到 settings.json ---- (2ms)
2026-8-31 15:54:03-log: run build task 填充脚本数据到 settings.json success in 2 ms√, progress: 13%
2026-8-31 15:54:03-debug: 整理部分构建选项内数据到 settings.json start, progress: 13%
2026-8-31 15:54:03-debug: [Build Memory track]: 填充脚本数据到 settings.json start:236.42MB, end 236.45MB, increase: 27.01KB
2026-8-31 15:54:03-debug: // ---- build task 整理部分构建选项内数据到 settings.json ----
2026-8-31 15:54:03-debug: // ---- build task 整理部分构建选项内数据到 settings.json ---- (7ms)
2026-8-31 15:54:03-log: run build task 整理部分构建选项内数据到 settings.json success in 7 ms√, progress: 15%
2026-8-31 15:54:03-debug: [Build Memory track]: 整理部分构建选项内数据到 settings.json start:236.48MB, end 236.61MB, increase: 133.79KB
2026-8-31 15:54:14-debug: refresh db internal success
2026-8-31 15:54:14-debug: Run asset db hook engine-extends:afterRefresh ...
2026-8-31 15:54:14-debug: Run asset db hook engine-extends:afterRefresh success!
2026-8-31 15:54:14-debug: refresh db assets success
2026-8-31 15:54:14-debug: asset-db:refresh-all-database (141ms)
2026-8-31 15:54:14-debug: asset-db:worker-effect-data-processing (7ms)
2026-8-31 15:54:14-debug: asset-db-hook-engine-extends-afterRefresh (8ms)
2026-8-31 15:54:24-debug: refresh db internal success
2026-8-31 15:54:24-debug: %cImport%c: D:\GameByself\Cocos\Project1\assets\Scripts\Car.tsbackground: #aaff85; color: #000;color: #000;
2026-8-31 15:54:24-debug: refresh db assets success
2026-8-31 15:54:24-debug: Run asset db hook engine-extends:afterRefresh ...
2026-8-31 15:54:24-debug: Run asset db hook engine-extends:afterRefresh success!
2026-8-31 15:54:24-debug: asset-db:refresh-all-database (122ms)
2026-8-31 15:54:24-debug: asset-db:worker-effect-data-processing (4ms)
2026-8-31 15:54:24-debug: asset-db-hook-engine-extends-afterRefresh (4ms)
2026-8-31 15:54:26-debug: Query all assets info in project
2026-8-31 15:54:26-debug: init custom config: keepNodeUuid: false, useCache: true
2026-8-31 15:54:26-debug: Skip compress image, progress: 0%
2026-8-31 15:54:26-debug: Init all bundles start..., progress: 0%
2026-8-31 15:54:26-debug: // ---- build task 查询 Asset Bundle ----
2026-8-31 15:54:26-debug: Num of bundles: 3..., progress: 0%
2026-8-31 15:54:26-debug: Init bundle root assets start..., progress: 0%
2026-8-31 15:54:26-debug: 查询 Asset Bundle start, progress: 0%
2026-8-31 15:54:26-debug: Query preload assets/scripts from cc.config.json: 60f7195c-ec2a-45eb-ba94-8955f60e81d0,1c02ae6f-4492-4915-b8f8-7492a3b1e4cd,810e96e4-e456-4468-9b59-f4e8f39732c0,efe8e2a3-eace-427b-b4f1-cb8a937ec77d,e9aa9a3e-5b2b-4ac7-a2c7-073de2b2b24f,8bbdbcdd-5cd4-4100-b6d5-b7c9625b6107,50f4348b-c883-4e2f-8f11-ce233b859fa1,fda095cb-831d-4601-ad94-846013963de8,f92806d7-1768-443f-afe8-12bcde84d0f0,dd3a144d-ab7f-41f0-82b8-2e43a090d496,f0416e68-0200-4b77-a926-4f9d16e494da,511d2633-09a7-4bdd-ac42-f778032124b3,5d45aa00-e064-4938-b314-4265f0c2258c,9361fd90-ba52-4f84-aa93-6e878fd576ca,970b0598-bcb0-4714-91fb-2e81440dccd8,bcd64cc6-2dd9-43f6-abbe-66318d332032,d930590d-bb92-4cc8-8bd1-23cd027f9edf,a3cd009f-0ab0-420d-9278-b9fdab939bbc,6a2d0734-bd9e-4ddf-946e-caa52498cb75,c27215d8-6835-4b68-bfbb-bdeac6100c04,b5d6115f-0370-4d7c-aad3-c194cc71cf98,d1346436-ac96-4271-b863-1f4fdead95b0,971bdb23-3ff6-43eb-b422-1c30165a3663,17debcc3-0a6b-4b8a-b00b-dc58b885581e,711ebe11-f673-4cd9-9a83-63c60ba54c5b,c0143906-9aed-447e-9436-2ae8512d1b6e,14da1725-c4c2-42b4-ab08-ee0aeb6898b3,081cab31-dccd-428e-8652-f2404cc81c47,78e0584a-4343-4727-8f37-e14e65c2a2db,ba21476f-2866-4f81-9c4d-6e359316e448,871c3b6c-7379-419d-bda3-794b239ab90d,1d08ef62-a503-4ce2-8b9a-46c90873f7d3,ff9b0199-ce04-4cfe-86cc-6c719f08d6e4,de1c2107-70c8-4021-8459-6399f24d01c6,cbf30902-517f-40dc-af90-a550bac27cf1,5c601d96-e4c7-4698-991b-7ee674b11079
2026-8-31 15:54:26-debug:   Number of all scenes: 1
2026-8-31 15:54:26-debug:   Number of all scripts: 7
2026-8-31 15:54:26-debug: Init bundle root assets success..., progress: 0%
2026-8-31 15:54:26-debug:   Number of other assets: 318
2026-8-31 15:54:26-log: run build task 查询 Asset Bundle success in 8 ms√, progress: 5%
2026-8-31 15:54:26-debug: [Build Memory track]: 查询 Asset Bundle start:239.45MB, end 239.22MB, increase: -236.32KB
2026-8-31 15:54:26-debug: 查询 Asset Bundle start, progress: 5%
2026-8-31 15:54:26-debug: // ---- build task 查询 Asset Bundle ---- (8ms)
2026-8-31 15:54:26-debug: // ---- build task 查询 Asset Bundle ----
2026-8-31 15:54:26-debug: // ---- build task 查询 Asset Bundle ---- (3ms)
2026-8-31 15:54:26-log: run build task 查询 Asset Bundle success in 3 ms√, progress: 10%
2026-8-31 15:54:26-debug: 整理部分构建选项内数据到 settings.json start, progress: 10%
2026-8-31 15:54:26-debug: // ---- build task 整理部分构建选项内数据到 settings.json ----
2026-8-31 15:54:26-debug: [Build Memory track]: 查询 Asset Bundle start:239.25MB, end 239.35MB, increase: 104.64KB
2026-8-31 15:54:26-debug: // ---- build task 整理部分构建选项内数据到 settings.json ---- (2ms)
2026-8-31 15:54:26-log: run build task 整理部分构建选项内数据到 settings.json success in 2 ms√, progress: 12%
2026-8-31 15:54:26-debug: [Build Memory track]: 整理部分构建选项内数据到 settings.json start:239.39MB, end 238.64MB, increase: -762.73KB
2026-8-31 15:54:26-debug: 填充脚本数据到 settings.json start, progress: 12%
2026-8-31 15:54:26-debug: // ---- build task 填充脚本数据到 settings.json ----
2026-8-31 15:54:26-debug: // ---- build task 填充脚本数据到 settings.json ---- (2ms)
2026-8-31 15:54:26-log: run build task 填充脚本数据到 settings.json success in 2 ms√, progress: 13%
2026-8-31 15:54:26-debug: [Build Memory track]: 填充脚本数据到 settings.json start:238.67MB, end 238.70MB, increase: 27.01KB
2026-8-31 15:54:26-debug: 整理部分构建选项内数据到 settings.json start, progress: 13%
2026-8-31 15:54:26-debug: // ---- build task 整理部分构建选项内数据到 settings.json ----
2026-8-31 15:54:26-debug: // ---- build task 整理部分构建选项内数据到 settings.json ---- (5ms)
2026-8-31 15:54:26-log: run build task 整理部分构建选项内数据到 settings.json success in 5 ms√, progress: 15%
2026-8-31 15:54:26-debug: [Build Memory track]: 整理部分构建选项内数据到 settings.json start:238.73MB, end 238.86MB, increase: 133.85KB
2026-8-31 15:54:36-debug: refresh db internal success
2026-8-31 15:54:36-debug: refresh db assets success
2026-8-31 15:54:36-debug: Run asset db hook engine-extends:afterRefresh ...
2026-8-31 15:54:36-debug: Run asset db hook engine-extends:afterRefresh success!
2026-8-31 15:54:36-debug: asset-db:refresh-all-database (140ms)
2026-8-31 15:54:36-debug: asset-db:worker-effect-data-processing (2ms)
2026-8-31 15:54:36-debug: asset-db-hook-engine-extends-afterRefresh (3ms)
2026-8-31 15:55:05-debug: refresh db internal success
2026-8-31 15:55:05-debug: refresh db assets success
2026-8-31 15:55:05-debug: Run asset db hook engine-extends:afterRefresh ...
2026-8-31 15:55:05-debug: Run asset db hook engine-extends:afterRefresh success!
2026-8-31 15:55:05-debug: asset-db:refresh-all-database (112ms)
2026-8-31 15:55:05-debug: asset-db:worker-effect-data-processing (2ms)
2026-8-31 15:55:05-debug: asset-db-hook-engine-extends-afterRefresh (2ms)
2026-8-31 17:12:37-debug: refresh db internal success
2026-8-31 17:12:37-debug: refresh db assets success
2026-8-31 17:12:37-debug: Run asset db hook engine-extends:afterRefresh ...
2026-8-31 17:12:37-debug: Run asset db hook engine-extends:afterRefresh success!
2026-8-31 17:12:37-debug: asset-db:refresh-all-database (132ms)
2026-8-31 17:12:37-debug: asset-db:worker-effect-data-processing (2ms)
2026-8-31 17:12:37-debug: asset-db-hook-engine-extends-afterRefresh (3ms)
2026-8-31 17:41:29-debug: refresh db internal success
2026-8-31 17:41:29-debug: refresh db assets success
2026-8-31 17:41:29-debug: Run asset db hook engine-extends:afterRefresh ...
2026-8-31 17:41:29-debug: Run asset db hook engine-extends:afterRefresh success!
2026-8-31 17:41:29-debug: asset-db:refresh-all-database (174ms)
2026-8-31 17:41:29-debug: asset-db:worker-effect-data-processing (2ms)
2026-8-31 17:41:29-debug: asset-db-hook-engine-extends-afterRefresh (2ms)
2026-8-31 17:45:24-debug: refresh db internal success
2026-8-31 17:45:24-debug: refresh db assets success
2026-8-31 17:45:24-debug: Run asset db hook engine-extends:afterRefresh ...
2026-8-31 17:45:24-debug: Run asset db hook engine-extends:afterRefresh success!
2026-8-31 17:45:24-debug: asset-db:refresh-all-database (121ms)
2026-8-31 17:45:24-debug: asset-db:worker-effect-data-processing (2ms)
2026-8-31 17:45:24-debug: asset-db-hook-engine-extends-afterRefresh (2ms)
2026-8-31 17:45:57-debug: refresh db internal success
2026-8-31 17:45:57-debug: refresh db assets success
2026-8-31 17:45:57-debug: Run asset db hook engine-extends:afterRefresh ...
2026-8-31 17:45:57-debug: Run asset db hook engine-extends:afterRefresh success!
2026-8-31 17:45:57-debug: asset-db:refresh-all-database (154ms)
2026-8-31 17:45:57-debug: asset-db:worker-effect-data-processing (1ms)
2026-8-31 17:45:57-debug: asset-db-hook-engine-extends-afterRefresh (3ms)
2026-8-31 17:47:15-debug: refresh db internal success
2026-8-31 17:47:15-debug: refresh db assets success
2026-8-31 17:47:15-debug: Run asset db hook engine-extends:afterRefresh ...
2026-8-31 17:47:15-debug: Run asset db hook engine-extends:afterRefresh success!
2026-8-31 17:47:15-debug: asset-db:refresh-all-database (107ms)
2026-8-31 17:47:15-debug: asset-db:worker-effect-data-processing (1ms)
2026-8-31 17:47:15-debug: asset-db-hook-engine-extends-afterRefresh (2ms)
2026-8-31 17:47:57-debug: refresh db internal success
2026-8-31 17:47:57-debug: refresh db assets success
2026-8-31 17:47:57-debug: Run asset db hook engine-extends:afterRefresh ...
2026-8-31 17:47:57-debug: Run asset db hook engine-extends:afterRefresh success!
2026-8-31 17:47:57-debug: asset-db:worker-effect-data-processing (2ms)
2026-8-31 17:47:57-debug: asset-db:refresh-all-database (105ms)
2026-8-31 17:47:57-debug: asset-db-hook-engine-extends-afterRefresh (2ms)
2026-8-31 17:49:57-debug: refresh db internal success
2026-8-31 17:49:57-debug: refresh db assets success
2026-8-31 17:49:57-debug: Run asset db hook engine-extends:afterRefresh ...
2026-8-31 17:49:57-debug: Run asset db hook engine-extends:afterRefresh success!
2026-8-31 17:49:57-debug: asset-db:refresh-all-database (103ms)
2026-8-31 17:49:57-debug: asset-db:worker-effect-data-processing (2ms)
2026-8-31 17:49:57-debug: asset-db-hook-engine-extends-afterRefresh (2ms)
2026-8-31 17:50:07-debug: refresh db internal success
2026-8-31 17:50:07-debug: refresh db assets success
2026-8-31 17:50:07-debug: Run asset db hook engine-extends:afterRefresh success!
2026-8-31 17:50:07-debug: Run asset db hook engine-extends:afterRefresh ...
2026-8-31 17:50:07-debug: asset-db:refresh-all-database (103ms)
2026-8-31 17:50:07-debug: asset-db:worker-effect-data-processing (2ms)
2026-8-31 17:50:07-debug: asset-db-hook-engine-extends-afterRefresh (3ms)
2026-8-31 17:52:33-debug: refresh db internal success
2026-8-31 17:52:33-debug: refresh db assets success
2026-8-31 17:52:33-debug: Run asset db hook engine-extends:afterRefresh ...
2026-8-31 17:52:33-debug: Run asset db hook engine-extends:afterRefresh success!
2026-8-31 17:52:33-debug: asset-db:refresh-all-database (97ms)
2026-8-31 17:52:33-debug: asset-db:worker-effect-data-processing (1ms)
2026-8-31 17:52:33-debug: asset-db-hook-engine-extends-afterRefresh (1ms)
2026-8-31 17:54:19-debug: refresh db internal success
2026-8-31 17:54:19-debug: %cImport%c: D:\GameByself\Cocos\Project1\assets\Scripts\Car.tsbackground: #aaff85; color: #000;color: #000;
2026-8-31 17:54:19-debug: refresh db assets success
2026-8-31 17:54:19-debug: Run asset db hook engine-extends:afterRefresh ...
2026-8-31 17:54:19-debug: Run asset db hook engine-extends:afterRefresh success!
2026-8-31 17:54:19-debug: asset-db:refresh-all-database (103ms)
2026-8-31 17:54:19-debug: asset-db:worker-effect-data-processing (1ms)
2026-8-31 17:54:19-debug: asset-db-hook-engine-extends-afterRefresh (2ms)
2026-8-31 17:54:28-debug: refresh db internal success
2026-8-31 17:54:28-debug: %cImport%c: D:\GameByself\Cocos\Project1\assets\Scripts\Car.tsbackground: #aaff85; color: #000;color: #000;
2026-8-31 17:54:28-debug: refresh db assets success
2026-8-31 17:54:28-debug: Run asset db hook engine-extends:afterRefresh ...
2026-8-31 17:54:28-debug: Run asset db hook engine-extends:afterRefresh success!
2026-8-31 17:54:28-debug: asset-db:refresh-all-database (110ms)
2026-8-31 17:54:28-debug: asset-db:worker-effect-data-processing (2ms)
2026-8-31 17:54:28-debug: asset-db-hook-engine-extends-afterRefresh (3ms)
2026-8-31 17:54:31-debug: Query all assets info in project
2026-8-31 17:54:31-debug: Skip compress image, progress: 0%
2026-8-31 17:54:31-debug: init custom config: keepNodeUuid: false, useCache: true
2026-8-31 17:54:31-debug: Init all bundles start..., progress: 0%
2026-8-31 17:54:31-debug: Num of bundles: 3..., progress: 0%
2026-8-31 17:54:31-debug: 查询 Asset Bundle start, progress: 0%
2026-8-31 17:54:31-debug: // ---- build task 查询 Asset Bundle ----
2026-8-31 17:54:31-debug: Init bundle root assets start..., progress: 0%
2026-8-31 17:54:31-debug: Query preload assets/scripts from cc.config.json: 60f7195c-ec2a-45eb-ba94-8955f60e81d0,1c02ae6f-4492-4915-b8f8-7492a3b1e4cd,810e96e4-e456-4468-9b59-f4e8f39732c0,efe8e2a3-eace-427b-b4f1-cb8a937ec77d,e9aa9a3e-5b2b-4ac7-a2c7-073de2b2b24f,8bbdbcdd-5cd4-4100-b6d5-b7c9625b6107,50f4348b-c883-4e2f-8f11-ce233b859fa1,fda095cb-831d-4601-ad94-846013963de8,f92806d7-1768-443f-afe8-12bcde84d0f0,dd3a144d-ab7f-41f0-82b8-2e43a090d496,f0416e68-0200-4b77-a926-4f9d16e494da,511d2633-09a7-4bdd-ac42-f778032124b3,5d45aa00-e064-4938-b314-4265f0c2258c,9361fd90-ba52-4f84-aa93-6e878fd576ca,970b0598-bcb0-4714-91fb-2e81440dccd8,bcd64cc6-2dd9-43f6-abbe-66318d332032,d930590d-bb92-4cc8-8bd1-23cd027f9edf,a3cd009f-0ab0-420d-9278-b9fdab939bbc,6a2d0734-bd9e-4ddf-946e-caa52498cb75,c27215d8-6835-4b68-bfbb-bdeac6100c04,b5d6115f-0370-4d7c-aad3-c194cc71cf98,d1346436-ac96-4271-b863-1f4fdead95b0,971bdb23-3ff6-43eb-b422-1c30165a3663,17debcc3-0a6b-4b8a-b00b-dc58b885581e,711ebe11-f673-4cd9-9a83-63c60ba54c5b,c0143906-9aed-447e-9436-2ae8512d1b6e,14da1725-c4c2-42b4-ab08-ee0aeb6898b3,081cab31-dccd-428e-8652-f2404cc81c47,78e0584a-4343-4727-8f37-e14e65c2a2db,ba21476f-2866-4f81-9c4d-6e359316e448,871c3b6c-7379-419d-bda3-794b239ab90d,1d08ef62-a503-4ce2-8b9a-46c90873f7d3,ff9b0199-ce04-4cfe-86cc-6c719f08d6e4,de1c2107-70c8-4021-8459-6399f24d01c6,cbf30902-517f-40dc-af90-a550bac27cf1,5c601d96-e4c7-4698-991b-7ee674b11079
2026-8-31 17:54:31-debug:   Number of all scripts: 7
2026-8-31 17:54:31-debug:   Number of other assets: 318
2026-8-31 17:54:31-debug: Init bundle root assets success..., progress: 0%
2026-8-31 17:54:31-debug:   Number of all scenes: 1
2026-8-31 17:54:31-debug: // ---- build task 查询 Asset Bundle ---- (18ms)
2026-8-31 17:54:31-log: run build task 查询 Asset Bundle success in 18 ms√, progress: 5%
2026-8-31 17:54:31-debug: [Build Memory track]: 查询 Asset Bundle start:230.99MB, end 230.90MB, increase: -94.35KB
2026-8-31 17:54:31-debug: 查询 Asset Bundle start, progress: 5%
2026-8-31 17:54:31-debug: // ---- build task 查询 Asset Bundle ----
2026-8-31 17:54:31-debug: // ---- build task 查询 Asset Bundle ---- (11ms)
2026-8-31 17:54:31-log: run build task 查询 Asset Bundle success in 11 ms√, progress: 10%
2026-8-31 17:54:31-debug: [Build Memory track]: 查询 Asset Bundle start:230.93MB, end 230.30MB, increase: -640.25KB
2026-8-31 17:54:31-debug: 整理部分构建选项内数据到 settings.json start, progress: 10%
2026-8-31 17:54:31-debug: // ---- build task 整理部分构建选项内数据到 settings.json ----
2026-8-31 17:54:31-debug: // ---- build task 整理部分构建选项内数据到 settings.json ---- (2ms)
2026-8-31 17:54:31-log: run build task 整理部分构建选项内数据到 settings.json success in 2 ms√, progress: 12%
2026-8-31 17:54:31-debug: // ---- build task 填充脚本数据到 settings.json ----
2026-8-31 17:54:31-debug: [Build Memory track]: 整理部分构建选项内数据到 settings.json start:230.33MB, end 230.36MB, increase: 27.62KB
2026-8-31 17:54:31-debug: 填充脚本数据到 settings.json start, progress: 12%
2026-8-31 17:54:31-debug: // ---- build task 填充脚本数据到 settings.json ---- (3ms)
2026-8-31 17:54:31-log: run build task 填充脚本数据到 settings.json success in 3 ms√, progress: 13%
2026-8-31 17:54:31-debug: 整理部分构建选项内数据到 settings.json start, progress: 13%
2026-8-31 17:54:31-debug: [Build Memory track]: 填充脚本数据到 settings.json start:230.39MB, end 230.42MB, increase: 26.98KB
2026-8-31 17:54:31-debug: // ---- build task 整理部分构建选项内数据到 settings.json ----
2026-8-31 17:54:31-debug: // ---- build task 整理部分构建选项内数据到 settings.json ---- (7ms)
2026-8-31 17:54:31-log: run build task 整理部分构建选项内数据到 settings.json success in 7 ms√, progress: 15%
2026-8-31 17:54:31-debug: [Build Memory track]: 整理部分构建选项内数据到 settings.json start:230.45MB, end 230.58MB, increase: 139.32KB
2026-8-31 17:54:31-debug: refresh db internal success
2026-8-31 17:54:31-debug: refresh db assets success
2026-8-31 17:54:31-debug: Run asset db hook engine-extends:afterRefresh ...
2026-8-31 17:54:31-debug: Run asset db hook engine-extends:afterRefresh success!
2026-8-31 17:54:31-debug: asset-db:refresh-all-database (166ms)
2026-8-31 17:54:31-debug: asset-db:worker-effect-data-processing (4ms)
2026-8-31 17:54:31-debug: asset-db-hook-engine-extends-afterRefresh (4ms)
2026-8-31 17:54:35-debug: Query all assets info in project
2026-8-31 17:54:35-debug: init custom config: keepNodeUuid: false, useCache: true
2026-8-31 17:54:35-debug: Skip compress image, progress: 0%
2026-8-31 17:54:35-debug: Init all bundles start..., progress: 0%
2026-8-31 17:54:35-debug: // ---- build task 查询 Asset Bundle ----
2026-8-31 17:54:35-debug: 查询 Asset Bundle start, progress: 0%
2026-8-31 17:54:35-debug: Num of bundles: 3..., progress: 0%
2026-8-31 17:54:35-debug: Init bundle root assets start..., progress: 0%
2026-8-31 17:54:35-debug: Query preload assets/scripts from cc.config.json: 60f7195c-ec2a-45eb-ba94-8955f60e81d0,1c02ae6f-4492-4915-b8f8-7492a3b1e4cd,810e96e4-e456-4468-9b59-f4e8f39732c0,efe8e2a3-eace-427b-b4f1-cb8a937ec77d,e9aa9a3e-5b2b-4ac7-a2c7-073de2b2b24f,8bbdbcdd-5cd4-4100-b6d5-b7c9625b6107,50f4348b-c883-4e2f-8f11-ce233b859fa1,fda095cb-831d-4601-ad94-846013963de8,f92806d7-1768-443f-afe8-12bcde84d0f0,dd3a144d-ab7f-41f0-82b8-2e43a090d496,f0416e68-0200-4b77-a926-4f9d16e494da,511d2633-09a7-4bdd-ac42-f778032124b3,5d45aa00-e064-4938-b314-4265f0c2258c,9361fd90-ba52-4f84-aa93-6e878fd576ca,970b0598-bcb0-4714-91fb-2e81440dccd8,bcd64cc6-2dd9-43f6-abbe-66318d332032,d930590d-bb92-4cc8-8bd1-23cd027f9edf,a3cd009f-0ab0-420d-9278-b9fdab939bbc,6a2d0734-bd9e-4ddf-946e-caa52498cb75,c27215d8-6835-4b68-bfbb-bdeac6100c04,b5d6115f-0370-4d7c-aad3-c194cc71cf98,d1346436-ac96-4271-b863-1f4fdead95b0,971bdb23-3ff6-43eb-b422-1c30165a3663,17debcc3-0a6b-4b8a-b00b-dc58b885581e,711ebe11-f673-4cd9-9a83-63c60ba54c5b,c0143906-9aed-447e-9436-2ae8512d1b6e,14da1725-c4c2-42b4-ab08-ee0aeb6898b3,081cab31-dccd-428e-8652-f2404cc81c47,78e0584a-4343-4727-8f37-e14e65c2a2db,ba21476f-2866-4f81-9c4d-6e359316e448,871c3b6c-7379-419d-bda3-794b239ab90d,1d08ef62-a503-4ce2-8b9a-46c90873f7d3,ff9b0199-ce04-4cfe-86cc-6c719f08d6e4,de1c2107-70c8-4021-8459-6399f24d01c6,cbf30902-517f-40dc-af90-a550bac27cf1,5c601d96-e4c7-4698-991b-7ee674b11079
2026-8-31 17:54:35-debug:   Number of all scenes: 1
2026-8-31 17:54:35-debug:   Number of other assets: 318
2026-8-31 17:54:35-debug: Init bundle root assets success..., progress: 0%
2026-8-31 17:54:35-debug: // ---- build task 查询 Asset Bundle ---- (8ms)
2026-8-31 17:54:35-log: run build task 查询 Asset Bundle success in 8 ms√, progress: 5%
2026-8-31 17:54:35-debug: [Build Memory track]: 查询 Asset Bundle start:231.90MB, end 230.84MB, increase: -1086.88KB
2026-8-31 17:54:35-debug: 查询 Asset Bundle start, progress: 5%
2026-8-31 17:54:35-debug: // ---- build task 查询 Asset Bundle ----
2026-8-31 17:54:35-debug:   Number of all scripts: 7
2026-8-31 17:54:35-debug: // ---- build task 查询 Asset Bundle ---- (4ms)
2026-8-31 17:54:35-log: run build task 查询 Asset Bundle success in 4 ms√, progress: 10%
2026-8-31 17:54:35-debug: 整理部分构建选项内数据到 settings.json start, progress: 10%
2026-8-31 17:54:35-debug: [Build Memory track]: 查询 Asset Bundle start:230.87MB, end 230.98MB, increase: 107.32KB
2026-8-31 17:54:35-debug: // ---- build task 整理部分构建选项内数据到 settings.json ----
2026-8-31 17:54:35-debug: // ---- build task 整理部分构建选项内数据到 settings.json ---- (2ms)
2026-8-31 17:54:35-log: run build task 整理部分构建选项内数据到 settings.json success in 2 ms√, progress: 12%
2026-8-31 17:54:35-debug: // ---- build task 填充脚本数据到 settings.json ----
2026-8-31 17:54:35-debug: [Build Memory track]: 整理部分构建选项内数据到 settings.json start:231.01MB, end 231.03MB, increase: 27.64KB
2026-8-31 17:54:35-debug: 填充脚本数据到 settings.json start, progress: 12%
2026-8-31 17:54:35-debug: // ---- build task 填充脚本数据到 settings.json ---- (2ms)
2026-8-31 17:54:35-debug: [Build Memory track]: 填充脚本数据到 settings.json start:231.06MB, end 231.09MB, increase: 27.02KB
2026-8-31 17:54:35-log: run build task 填充脚本数据到 settings.json success in 2 ms√, progress: 13%
2026-8-31 17:54:35-debug: 整理部分构建选项内数据到 settings.json start, progress: 13%
2026-8-31 17:54:35-debug: // ---- build task 整理部分构建选项内数据到 settings.json ----
2026-8-31 17:54:35-debug: // ---- build task 整理部分构建选项内数据到 settings.json ---- (7ms)
2026-8-31 17:54:35-log: run build task 整理部分构建选项内数据到 settings.json success in 7 ms√, progress: 15%
2026-8-31 17:54:35-debug: [Build Memory track]: 整理部分构建选项内数据到 settings.json start:231.12MB, end 231.27MB, increase: 148.01KB
2026-8-31 17:54:39-debug: Query all assets info in project
2026-8-31 17:54:39-debug: init custom config: keepNodeUuid: false, useCache: true
2026-8-31 17:54:39-debug: Skip compress image, progress: 0%
2026-8-31 17:54:39-debug: Init all bundles start..., progress: 0%
2026-8-31 17:54:39-debug: // ---- build task 查询 Asset Bundle ----
2026-8-31 17:54:39-debug: 查询 Asset Bundle start, progress: 0%
2026-8-31 17:54:39-debug: Num of bundles: 3..., progress: 0%
2026-8-31 17:54:39-debug: Init bundle root assets start..., progress: 0%
2026-8-31 17:54:39-debug: Query preload assets/scripts from cc.config.json: 60f7195c-ec2a-45eb-ba94-8955f60e81d0,1c02ae6f-4492-4915-b8f8-7492a3b1e4cd,810e96e4-e456-4468-9b59-f4e8f39732c0,efe8e2a3-eace-427b-b4f1-cb8a937ec77d,e9aa9a3e-5b2b-4ac7-a2c7-073de2b2b24f,8bbdbcdd-5cd4-4100-b6d5-b7c9625b6107,50f4348b-c883-4e2f-8f11-ce233b859fa1,fda095cb-831d-4601-ad94-846013963de8,f92806d7-1768-443f-afe8-12bcde84d0f0,dd3a144d-ab7f-41f0-82b8-2e43a090d496,f0416e68-0200-4b77-a926-4f9d16e494da,511d2633-09a7-4bdd-ac42-f778032124b3,5d45aa00-e064-4938-b314-4265f0c2258c,9361fd90-ba52-4f84-aa93-6e878fd576ca,970b0598-bcb0-4714-91fb-2e81440dccd8,bcd64cc6-2dd9-43f6-abbe-66318d332032,d930590d-bb92-4cc8-8bd1-23cd027f9edf,a3cd009f-0ab0-420d-9278-b9fdab939bbc,6a2d0734-bd9e-4ddf-946e-caa52498cb75,c27215d8-6835-4b68-bfbb-bdeac6100c04,b5d6115f-0370-4d7c-aad3-c194cc71cf98,d1346436-ac96-4271-b863-1f4fdead95b0,971bdb23-3ff6-43eb-b422-1c30165a3663,17debcc3-0a6b-4b8a-b00b-dc58b885581e,711ebe11-f673-4cd9-9a83-63c60ba54c5b,c0143906-9aed-447e-9436-2ae8512d1b6e,14da1725-c4c2-42b4-ab08-ee0aeb6898b3,081cab31-dccd-428e-8652-f2404cc81c47,78e0584a-4343-4727-8f37-e14e65c2a2db,ba21476f-2866-4f81-9c4d-6e359316e448,871c3b6c-7379-419d-bda3-794b239ab90d,1d08ef62-a503-4ce2-8b9a-46c90873f7d3,ff9b0199-ce04-4cfe-86cc-6c719f08d6e4,de1c2107-70c8-4021-8459-6399f24d01c6,cbf30902-517f-40dc-af90-a550bac27cf1,5c601d96-e4c7-4698-991b-7ee674b11079
2026-8-31 17:54:39-debug:   Number of all scenes: 1
2026-8-31 17:54:39-debug:   Number of all scripts: 7
2026-8-31 17:54:39-debug: Init bundle root assets success..., progress: 0%
2026-8-31 17:54:39-debug:   Number of other assets: 318
2026-8-31 17:54:39-log: run build task 查询 Asset Bundle success in 9 ms√, progress: 5%
2026-8-31 17:54:39-debug: // ---- build task 查询 Asset Bundle ---- (9ms)
2026-8-31 17:54:39-debug: [Build Memory track]: 查询 Asset Bundle start:232.03MB, end 230.88MB, increase: -1184.44KB
2026-8-31 17:54:39-debug: 查询 Asset Bundle start, progress: 5%
2026-8-31 17:54:39-debug: // ---- build task 查询 Asset Bundle ----
2026-8-31 17:54:39-debug: // ---- build task 查询 Asset Bundle ---- (4ms)
2026-8-31 17:54:39-log: run build task 查询 Asset Bundle success in 4 ms√, progress: 10%
2026-8-31 17:54:39-debug: 整理部分构建选项内数据到 settings.json start, progress: 10%
2026-8-31 17:54:39-debug: [Build Memory track]: 查询 Asset Bundle start:230.91MB, end 231.01MB, increase: 104.73KB
2026-8-31 17:54:39-debug: // ---- build task 整理部分构建选项内数据到 settings.json ----
2026-8-31 17:54:39-debug: // ---- build task 整理部分构建选项内数据到 settings.json ---- (1ms)
2026-8-31 17:54:39-log: run build task 整理部分构建选项内数据到 settings.json success in 1 ms√, progress: 12%
2026-8-31 17:54:39-debug: [Build Memory track]: 整理部分构建选项内数据到 settings.json start:231.04MB, end 231.07MB, increase: 27.64KB
2026-8-31 17:54:39-debug: 填充脚本数据到 settings.json start, progress: 12%
2026-8-31 17:54:39-debug: // ---- build task 填充脚本数据到 settings.json ----
2026-8-31 17:54:39-log: run build task 填充脚本数据到 settings.json success in 1 ms√, progress: 13%
2026-8-31 17:54:39-debug: [Build Memory track]: 填充脚本数据到 settings.json start:231.10MB, end 231.12MB, increase: 26.96KB
2026-8-31 17:54:39-debug: 整理部分构建选项内数据到 settings.json start, progress: 13%
2026-8-31 17:54:39-debug: // ---- build task 填充脚本数据到 settings.json ---- (1ms)
2026-8-31 17:54:39-debug: // ---- build task 整理部分构建选项内数据到 settings.json ----
2026-8-31 17:54:39-debug: // ---- build task 整理部分构建选项内数据到 settings.json ---- (7ms)
2026-8-31 17:54:39-log: run build task 整理部分构建选项内数据到 settings.json success in 7 ms√, progress: 15%
2026-8-31 17:54:39-debug: [Build Memory track]: 整理部分构建选项内数据到 settings.json start:231.16MB, end 231.30MB, increase: 144.99KB
2026-8-31 17:54:57-debug: refresh db internal success
2026-8-31 17:54:57-debug: refresh db assets success
2026-8-31 17:54:57-debug: Run asset db hook engine-extends:afterRefresh ...
2026-8-31 17:54:57-debug: Run asset db hook engine-extends:afterRefresh success!
2026-8-31 17:54:57-debug: asset-db:refresh-all-database (106ms)
2026-8-31 17:54:57-debug: asset-db-hook-engine-extends-afterRefresh (1ms)
2026-8-31 17:55:01-debug: refresh db internal success
2026-8-31 17:55:01-debug: refresh db assets success
2026-8-31 17:55:01-debug: Run asset db hook engine-extends:afterRefresh ...
2026-8-31 17:55:01-debug: Run asset db hook engine-extends:afterRefresh success!
2026-8-31 17:55:01-debug: asset-db:refresh-all-database (98ms)
2026-8-31 17:55:01-debug: asset-db-hook-engine-extends-afterRefresh (1ms)
2026-8-31 17:55:43-debug: refresh db internal success
2026-8-31 17:55:43-debug: %cImport%c: D:\GameByself\Cocos\Project1\assets\Scripts\Car.tsbackground: #aaff85; color: #000;color: #000;
2026-8-31 17:55:43-debug: Run asset db hook engine-extends:afterRefresh ...
2026-8-31 17:55:43-debug: Run asset db hook engine-extends:afterRefresh success!
2026-8-31 17:55:43-debug: refresh db assets success
2026-8-31 17:55:43-debug: asset-db:refresh-all-database (106ms)
2026-8-31 17:55:43-debug: asset-db:worker-effect-data-processing (1ms)
2026-8-31 17:55:43-debug: asset-db-hook-engine-extends-afterRefresh (2ms)
2026-8-31 17:55:44-debug: Query all assets info in project
2026-8-31 17:55:44-debug: init custom config: keepNodeUuid: false, useCache: true
2026-8-31 17:55:44-debug: Skip compress image, progress: 0%
2026-8-31 17:55:44-debug: Init all bundles start..., progress: 0%
2026-8-31 17:55:44-debug: // ---- build task 查询 Asset Bundle ----
2026-8-31 17:55:44-debug: Num of bundles: 3..., progress: 0%
2026-8-31 17:55:44-debug: 查询 Asset Bundle start, progress: 0%
2026-8-31 17:55:44-debug: Init bundle root assets start..., progress: 0%
2026-8-31 17:55:44-debug: Query preload assets/scripts from cc.config.json: 60f7195c-ec2a-45eb-ba94-8955f60e81d0,1c02ae6f-4492-4915-b8f8-7492a3b1e4cd,810e96e4-e456-4468-9b59-f4e8f39732c0,efe8e2a3-eace-427b-b4f1-cb8a937ec77d,e9aa9a3e-5b2b-4ac7-a2c7-073de2b2b24f,8bbdbcdd-5cd4-4100-b6d5-b7c9625b6107,50f4348b-c883-4e2f-8f11-ce233b859fa1,fda095cb-831d-4601-ad94-846013963de8,f92806d7-1768-443f-afe8-12bcde84d0f0,dd3a144d-ab7f-41f0-82b8-2e43a090d496,f0416e68-0200-4b77-a926-4f9d16e494da,511d2633-09a7-4bdd-ac42-f778032124b3,5d45aa00-e064-4938-b314-4265f0c2258c,9361fd90-ba52-4f84-aa93-6e878fd576ca,970b0598-bcb0-4714-91fb-2e81440dccd8,bcd64cc6-2dd9-43f6-abbe-66318d332032,d930590d-bb92-4cc8-8bd1-23cd027f9edf,a3cd009f-0ab0-420d-9278-b9fdab939bbc,6a2d0734-bd9e-4ddf-946e-caa52498cb75,c27215d8-6835-4b68-bfbb-bdeac6100c04,b5d6115f-0370-4d7c-aad3-c194cc71cf98,d1346436-ac96-4271-b863-1f4fdead95b0,971bdb23-3ff6-43eb-b422-1c30165a3663,17debcc3-0a6b-4b8a-b00b-dc58b885581e,711ebe11-f673-4cd9-9a83-63c60ba54c5b,c0143906-9aed-447e-9436-2ae8512d1b6e,14da1725-c4c2-42b4-ab08-ee0aeb6898b3,081cab31-dccd-428e-8652-f2404cc81c47,78e0584a-4343-4727-8f37-e14e65c2a2db,ba21476f-2866-4f81-9c4d-6e359316e448,871c3b6c-7379-419d-bda3-794b239ab90d,1d08ef62-a503-4ce2-8b9a-46c90873f7d3,ff9b0199-ce04-4cfe-86cc-6c719f08d6e4,de1c2107-70c8-4021-8459-6399f24d01c6,cbf30902-517f-40dc-af90-a550bac27cf1,5c601d96-e4c7-4698-991b-7ee674b11079
2026-8-31 17:55:44-debug:   Number of all scenes: 1
2026-8-31 17:55:44-debug:   Number of all scripts: 7
2026-8-31 17:55:44-debug: Init bundle root assets success..., progress: 0%
2026-8-31 17:55:44-debug:   Number of other assets: 318
2026-8-31 17:55:44-log: run build task 查询 Asset Bundle success in 11 ms√, progress: 5%
2026-8-31 17:55:44-debug: [Build Memory track]: 查询 Asset Bundle start:234.45MB, end 234.17MB, increase: -283.84KB
2026-8-31 17:55:44-debug: 查询 Asset Bundle start, progress: 5%
2026-8-31 17:55:44-debug: // ---- build task 查询 Asset Bundle ---- (11ms)
2026-8-31 17:55:44-debug: // ---- build task 查询 Asset Bundle ----
2026-8-31 17:55:44-debug: // ---- build task 查询 Asset Bundle ---- (4ms)
2026-8-31 17:55:44-log: run build task 查询 Asset Bundle success in 4 ms√, progress: 10%
2026-8-31 17:55:44-debug: [Build Memory track]: 查询 Asset Bundle start:234.20MB, end 234.31MB, increase: 104.46KB
2026-8-31 17:55:44-debug: 整理部分构建选项内数据到 settings.json start, progress: 10%
2026-8-31 17:55:44-debug: // ---- build task 整理部分构建选项内数据到 settings.json ----
2026-8-31 17:55:44-debug: // ---- build task 整理部分构建选项内数据到 settings.json ---- (1ms)
2026-8-31 17:55:44-log: run build task 整理部分构建选项内数据到 settings.json success in 1 ms√, progress: 12%
2026-8-31 17:55:44-debug: // ---- build task 填充脚本数据到 settings.json ----
2026-8-31 17:55:44-debug: [Build Memory track]: 整理部分构建选项内数据到 settings.json start:234.34MB, end 234.36MB, increase: 27.64KB
2026-8-31 17:55:44-debug: 填充脚本数据到 settings.json start, progress: 12%
2026-8-31 17:55:44-debug: // ---- build task 填充脚本数据到 settings.json ---- (2ms)
2026-8-31 17:55:44-log: run build task 填充脚本数据到 settings.json success in 2 ms√, progress: 13%
2026-8-31 17:55:44-debug: [Build Memory track]: 填充脚本数据到 settings.json start:234.39MB, end 234.42MB, increase: 27.02KB
2026-8-31 17:55:44-debug: 整理部分构建选项内数据到 settings.json start, progress: 13%
2026-8-31 17:55:44-debug: // ---- build task 整理部分构建选项内数据到 settings.json ----
2026-8-31 17:55:44-debug: // ---- build task 整理部分构建选项内数据到 settings.json ---- (5ms)
2026-8-31 17:55:44-log: run build task 整理部分构建选项内数据到 settings.json success in 5 ms√, progress: 15%
2026-8-31 17:55:44-debug: [Build Memory track]: 整理部分构建选项内数据到 settings.json start:234.45MB, end 234.59MB, increase: 137.15KB
2026-8-31 17:56:33-debug: refresh db internal success
2026-8-31 17:56:33-debug: %cImport%c: D:\GameByself\Cocos\Project1\assets\Scripts\Car.tsbackground: #aaff85; color: #000;color: #000;
2026-8-31 17:56:33-debug: refresh db assets success
2026-8-31 17:56:33-debug: Run asset db hook engine-extends:afterRefresh ...
2026-8-31 17:56:33-debug: Run asset db hook engine-extends:afterRefresh success!
2026-8-31 17:56:33-debug: asset-db:refresh-all-database (104ms)
2026-8-31 17:56:33-debug: asset-db:worker-effect-data-processing (1ms)
2026-8-31 17:56:33-debug: asset-db-hook-engine-extends-afterRefresh (2ms)
2026-8-31 17:56:34-debug: Query all assets info in project
2026-8-31 17:56:34-debug: init custom config: keepNodeUuid: false, useCache: true
2026-8-31 17:56:34-debug: Skip compress image, progress: 0%
2026-8-31 17:56:34-debug: Num of bundles: 3..., progress: 0%
2026-8-31 17:56:34-debug: 查询 Asset Bundle start, progress: 0%
2026-8-31 17:56:34-debug: // ---- build task 查询 Asset Bundle ----
2026-8-31 17:56:34-debug: Init bundle root assets start..., progress: 0%
2026-8-31 17:56:34-debug: Init all bundles start..., progress: 0%
2026-8-31 17:56:34-debug: Query preload assets/scripts from cc.config.json: 60f7195c-ec2a-45eb-ba94-8955f60e81d0,1c02ae6f-4492-4915-b8f8-7492a3b1e4cd,810e96e4-e456-4468-9b59-f4e8f39732c0,efe8e2a3-eace-427b-b4f1-cb8a937ec77d,e9aa9a3e-5b2b-4ac7-a2c7-073de2b2b24f,8bbdbcdd-5cd4-4100-b6d5-b7c9625b6107,50f4348b-c883-4e2f-8f11-ce233b859fa1,fda095cb-831d-4601-ad94-846013963de8,f92806d7-1768-443f-afe8-12bcde84d0f0,dd3a144d-ab7f-41f0-82b8-2e43a090d496,f0416e68-0200-4b77-a926-4f9d16e494da,511d2633-09a7-4bdd-ac42-f778032124b3,5d45aa00-e064-4938-b314-4265f0c2258c,9361fd90-ba52-4f84-aa93-6e878fd576ca,970b0598-bcb0-4714-91fb-2e81440dccd8,bcd64cc6-2dd9-43f6-abbe-66318d332032,d930590d-bb92-4cc8-8bd1-23cd027f9edf,a3cd009f-0ab0-420d-9278-b9fdab939bbc,6a2d0734-bd9e-4ddf-946e-caa52498cb75,c27215d8-6835-4b68-bfbb-bdeac6100c04,b5d6115f-0370-4d7c-aad3-c194cc71cf98,d1346436-ac96-4271-b863-1f4fdead95b0,971bdb23-3ff6-43eb-b422-1c30165a3663,17debcc3-0a6b-4b8a-b00b-dc58b885581e,711ebe11-f673-4cd9-9a83-63c60ba54c5b,c0143906-9aed-447e-9436-2ae8512d1b6e,14da1725-c4c2-42b4-ab08-ee0aeb6898b3,081cab31-dccd-428e-8652-f2404cc81c47,78e0584a-4343-4727-8f37-e14e65c2a2db,ba21476f-2866-4f81-9c4d-6e359316e448,871c3b6c-7379-419d-bda3-794b239ab90d,1d08ef62-a503-4ce2-8b9a-46c90873f7d3,ff9b0199-ce04-4cfe-86cc-6c719f08d6e4,de1c2107-70c8-4021-8459-6399f24d01c6,cbf30902-517f-40dc-af90-a550bac27cf1,5c601d96-e4c7-4698-991b-7ee674b11079
2026-8-31 17:56:34-debug:   Number of all scenes: 1
2026-8-31 17:56:34-debug:   Number of other assets: 318
2026-8-31 17:56:34-debug: Init bundle root assets success..., progress: 0%
2026-8-31 17:56:34-debug:   Number of all scripts: 7
2026-8-31 17:56:34-debug: // ---- build task 查询 Asset Bundle ---- (8ms)
2026-8-31 17:56:34-log: run build task 查询 Asset Bundle success in 8 ms√, progress: 5%
2026-8-31 17:56:34-debug: 查询 Asset Bundle start, progress: 5%
2026-8-31 17:56:34-debug: [Build Memory track]: 查询 Asset Bundle start:235.94MB, end 235.70MB, increase: -247.16KB
2026-8-31 17:56:34-debug: // ---- build task 查询 Asset Bundle ----
2026-8-31 17:56:34-debug: // ---- build task 查询 Asset Bundle ---- (3ms)
2026-8-31 17:56:34-log: run build task 查询 Asset Bundle success in 3 ms√, progress: 10%
2026-8-31 17:56:34-debug: // ---- build task 整理部分构建选项内数据到 settings.json ----
2026-8-31 17:56:34-debug: 整理部分构建选项内数据到 settings.json start, progress: 10%
2026-8-31 17:56:34-debug: [Build Memory track]: 查询 Asset Bundle start:235.73MB, end 235.83MB, increase: 104.25KB
2026-8-31 17:56:34-debug: // ---- build task 整理部分构建选项内数据到 settings.json ---- (2ms)
2026-8-31 17:56:34-log: run build task 整理部分构建选项内数据到 settings.json success in 2 ms√, progress: 12%
2026-8-31 17:56:34-debug: 填充脚本数据到 settings.json start, progress: 12%
2026-8-31 17:56:34-debug: [Build Memory track]: 整理部分构建选项内数据到 settings.json start:235.86MB, end 235.12MB, increase: -759.54KB
2026-8-31 17:56:34-debug: // ---- build task 填充脚本数据到 settings.json ----
2026-8-31 17:56:34-debug: // ---- build task 填充脚本数据到 settings.json ---- (1ms)
2026-8-31 17:56:34-log: run build task 填充脚本数据到 settings.json success in 1 ms√, progress: 13%
2026-8-31 17:56:34-debug: [Build Memory track]: 填充脚本数据到 settings.json start:235.15MB, end 235.18MB, increase: 26.99KB
2026-8-31 17:56:34-debug: 整理部分构建选项内数据到 settings.json start, progress: 13%
2026-8-31 17:56:34-debug: // ---- build task 整理部分构建选项内数据到 settings.json ----
2026-8-31 17:56:34-debug: // ---- build task 整理部分构建选项内数据到 settings.json ---- (5ms)
2026-8-31 17:56:34-log: run build task 整理部分构建选项内数据到 settings.json success in 5 ms√, progress: 15%
2026-8-31 17:56:34-debug: [Build Memory track]: 整理部分构建选项内数据到 settings.json start:235.21MB, end 235.34MB, increase: 132.39KB
2026-8-31 17:56:52-debug: refresh db internal success
2026-8-31 17:56:52-debug: %cImport%c: D:\GameByself\Cocos\Project1\assets\Scripts\Car.tsbackground: #aaff85; color: #000;color: #000;
2026-8-31 17:56:52-debug: refresh db assets success
2026-8-31 17:56:52-debug: Run asset db hook engine-extends:afterRefresh ...
2026-8-31 17:56:52-debug: Run asset db hook engine-extends:afterRefresh success!
2026-8-31 17:56:52-debug: asset-db:refresh-all-database (102ms)
2026-8-31 17:56:52-debug: asset-db:worker-effect-data-processing (1ms)
2026-8-31 17:56:52-debug: asset-db-hook-engine-extends-afterRefresh (1ms)
2026-8-31 17:56:53-debug: Query all assets info in project
2026-8-31 17:56:53-debug: init custom config: keepNodeUuid: false, useCache: true
2026-8-31 17:56:53-debug: Skip compress image, progress: 0%
2026-8-31 17:56:53-debug: Init all bundles start..., progress: 0%
2026-8-31 17:56:53-debug: // ---- build task 查询 Asset Bundle ----
2026-8-31 17:56:53-debug: Num of bundles: 3..., progress: 0%
2026-8-31 17:56:53-debug: 查询 Asset Bundle start, progress: 0%
2026-8-31 17:56:53-debug: Init bundle root assets start..., progress: 0%
2026-8-31 17:56:53-debug: Query preload assets/scripts from cc.config.json: 60f7195c-ec2a-45eb-ba94-8955f60e81d0,1c02ae6f-4492-4915-b8f8-7492a3b1e4cd,810e96e4-e456-4468-9b59-f4e8f39732c0,efe8e2a3-eace-427b-b4f1-cb8a937ec77d,e9aa9a3e-5b2b-4ac7-a2c7-073de2b2b24f,8bbdbcdd-5cd4-4100-b6d5-b7c9625b6107,50f4348b-c883-4e2f-8f11-ce233b859fa1,fda095cb-831d-4601-ad94-846013963de8,f92806d7-1768-443f-afe8-12bcde84d0f0,dd3a144d-ab7f-41f0-82b8-2e43a090d496,f0416e68-0200-4b77-a926-4f9d16e494da,511d2633-09a7-4bdd-ac42-f778032124b3,5d45aa00-e064-4938-b314-4265f0c2258c,9361fd90-ba52-4f84-aa93-6e878fd576ca,970b0598-bcb0-4714-91fb-2e81440dccd8,bcd64cc6-2dd9-43f6-abbe-66318d332032,d930590d-bb92-4cc8-8bd1-23cd027f9edf,a3cd009f-0ab0-420d-9278-b9fdab939bbc,6a2d0734-bd9e-4ddf-946e-caa52498cb75,c27215d8-6835-4b68-bfbb-bdeac6100c04,b5d6115f-0370-4d7c-aad3-c194cc71cf98,d1346436-ac96-4271-b863-1f4fdead95b0,971bdb23-3ff6-43eb-b422-1c30165a3663,17debcc3-0a6b-4b8a-b00b-dc58b885581e,711ebe11-f673-4cd9-9a83-63c60ba54c5b,c0143906-9aed-447e-9436-2ae8512d1b6e,14da1725-c4c2-42b4-ab08-ee0aeb6898b3,081cab31-dccd-428e-8652-f2404cc81c47,78e0584a-4343-4727-8f37-e14e65c2a2db,ba21476f-2866-4f81-9c4d-6e359316e448,871c3b6c-7379-419d-bda3-794b239ab90d,1d08ef62-a503-4ce2-8b9a-46c90873f7d3,ff9b0199-ce04-4cfe-86cc-6c719f08d6e4,de1c2107-70c8-4021-8459-6399f24d01c6,cbf30902-517f-40dc-af90-a550bac27cf1,5c601d96-e4c7-4698-991b-7ee674b11079
2026-8-31 17:56:53-debug:   Number of all scripts: 7
2026-8-31 17:56:53-debug:   Number of other assets: 318
2026-8-31 17:56:53-debug: Init bundle root assets success..., progress: 0%
2026-8-31 17:56:53-debug:   Number of all scenes: 1
2026-8-31 17:56:53-debug: // ---- build task 查询 Asset Bundle ---- (8ms)
2026-8-31 17:56:53-log: run build task 查询 Asset Bundle success in 8 ms√, progress: 5%
2026-8-31 17:56:53-debug: [Build Memory track]: 查询 Asset Bundle start:236.75MB, end 236.47MB, increase: -288.67KB
2026-8-31 17:56:53-debug: 查询 Asset Bundle start, progress: 5%
2026-8-31 17:56:53-debug: // ---- build task 查询 Asset Bundle ----
2026-8-31 17:56:53-debug: // ---- build task 查询 Asset Bundle ---- (4ms)
2026-8-31 17:56:53-log: run build task 查询 Asset Bundle success in 4 ms√, progress: 10%
2026-8-31 17:56:53-debug: [Build Memory track]: 查询 Asset Bundle start:236.50MB, end 236.60MB, increase: 103.45KB
2026-8-31 17:56:53-debug: // ---- build task 整理部分构建选项内数据到 settings.json ----
2026-8-31 17:56:53-debug: 整理部分构建选项内数据到 settings.json start, progress: 10%
2026-8-31 17:56:53-debug: [Build Memory track]: 整理部分构建选项内数据到 settings.json start:236.64MB, end 236.65MB, increase: 17.51KB
2026-8-31 17:56:53-debug: 填充脚本数据到 settings.json start, progress: 12%
2026-8-31 17:56:53-log: run build task 整理部分构建选项内数据到 settings.json success in √, progress: 12%
2026-8-31 17:56:53-debug: // ---- build task 填充脚本数据到 settings.json ----
2026-8-31 17:56:53-debug: // ---- build task 填充脚本数据到 settings.json ---- (1ms)
2026-8-31 17:56:53-log: run build task 填充脚本数据到 settings.json success in 1 ms√, progress: 13%
2026-8-31 17:56:53-debug: [Build Memory track]: 填充脚本数据到 settings.json start:236.68MB, end 236.71MB, increase: 26.24KB
2026-8-31 17:56:53-debug: 整理部分构建选项内数据到 settings.json start, progress: 13%
2026-8-31 17:56:53-debug: // ---- build task 整理部分构建选项内数据到 settings.json ----
2026-8-31 17:56:53-debug: // ---- build task 整理部分构建选项内数据到 settings.json ---- (6ms)
2026-8-31 17:56:53-log: run build task 整理部分构建选项内数据到 settings.json success in 6 ms√, progress: 15%
2026-8-31 17:56:53-debug: [Build Memory track]: 整理部分构建选项内数据到 settings.json start:236.74MB, end 236.88MB, increase: 145.84KB
2026-8-31 17:57:07-debug: refresh db internal success
2026-8-31 17:57:07-debug: refresh db assets success
2026-8-31 17:57:07-debug: Run asset db hook engine-extends:afterRefresh success!
2026-8-31 17:57:07-debug: Run asset db hook engine-extends:afterRefresh ...
2026-8-31 17:57:07-debug: asset-db:refresh-all-database (144ms)
2026-8-31 17:57:07-debug: asset-db:worker-effect-data-processing (2ms)
2026-8-31 17:57:07-debug: asset-db-hook-engine-extends-afterRefresh (3ms)
2026-8-31 17:57:14-debug: refresh db internal success
2026-8-31 17:57:14-debug: refresh db assets success
2026-8-31 17:57:14-debug: Run asset db hook engine-extends:afterRefresh ...
2026-8-31 17:57:14-debug: Run asset db hook engine-extends:afterRefresh success!
2026-8-31 17:57:14-debug: asset-db:refresh-all-database (103ms)
2026-8-31 17:57:14-debug: asset-db-hook-engine-extends-afterRefresh (1ms)
2026-8-31 17:57:27-debug: refresh db internal success
2026-8-31 17:57:27-debug: refresh db assets success
2026-8-31 17:57:27-debug: Run asset db hook engine-extends:afterRefresh ...
2026-8-31 17:57:27-debug: Run asset db hook engine-extends:afterRefresh success!
2026-8-31 17:57:27-debug: asset-db:worker-effect-data-processing (2ms)
2026-8-31 17:57:27-debug: asset-db:refresh-all-database (108ms)
2026-8-31 17:57:27-debug: asset-db-hook-engine-extends-afterRefresh (2ms)
2026-8-31 17:57:52-debug: %cImport%c: D:\GameByself\Cocos\Project1\assets\Scenes\scene.scenebackground: #aaff85; color: #000;color: #000;
2026-8-31 17:57:52-debug: asset-db:reimport-assetcb02e093-8bba-4046-8e6e-d0462e7be5da (17ms)
2026-8-31 17:57:57-debug: refresh db internal success
2026-8-31 17:57:57-debug: %cImport%c: D:\GameByself\Cocos\Project1\assets\Scripts\Car.tsbackground: #aaff85; color: #000;color: #000;
2026-8-31 17:57:57-debug: Run asset db hook engine-extends:afterRefresh ...
2026-8-31 17:57:57-debug: Run asset db hook engine-extends:afterRefresh success!
2026-8-31 17:57:57-debug: refresh db assets success
2026-8-31 17:57:57-debug: asset-db:refresh-all-database (108ms)
2026-8-31 17:57:57-debug: asset-db:worker-effect-data-processing (1ms)
2026-8-31 17:57:57-debug: asset-db-hook-engine-extends-afterRefresh (1ms)
2026-8-31 17:57:59-debug: Query all assets info in project
2026-8-31 17:57:59-debug: init custom config: keepNodeUuid: false, useCache: true
2026-8-31 17:57:59-debug: Skip compress image, progress: 0%
2026-8-31 17:57:59-debug: Init all bundles start..., progress: 0%
2026-8-31 17:57:59-debug: // ---- build task 查询 Asset Bundle ----
2026-8-31 17:57:59-debug: Init bundle root assets start..., progress: 0%
2026-8-31 17:57:59-debug: Num of bundles: 3..., progress: 0%
2026-8-31 17:57:59-debug: 查询 Asset Bundle start, progress: 0%
2026-8-31 17:57:59-debug: Query preload assets/scripts from cc.config.json: 60f7195c-ec2a-45eb-ba94-8955f60e81d0,1c02ae6f-4492-4915-b8f8-7492a3b1e4cd,810e96e4-e456-4468-9b59-f4e8f39732c0,efe8e2a3-eace-427b-b4f1-cb8a937ec77d,e9aa9a3e-5b2b-4ac7-a2c7-073de2b2b24f,8bbdbcdd-5cd4-4100-b6d5-b7c9625b6107,50f4348b-c883-4e2f-8f11-ce233b859fa1,fda095cb-831d-4601-ad94-846013963de8,f92806d7-1768-443f-afe8-12bcde84d0f0,dd3a144d-ab7f-41f0-82b8-2e43a090d496,f0416e68-0200-4b77-a926-4f9d16e494da,511d2633-09a7-4bdd-ac42-f778032124b3,5d45aa00-e064-4938-b314-4265f0c2258c,9361fd90-ba52-4f84-aa93-6e878fd576ca,970b0598-bcb0-4714-91fb-2e81440dccd8,bcd64cc6-2dd9-43f6-abbe-66318d332032,d930590d-bb92-4cc8-8bd1-23cd027f9edf,a3cd009f-0ab0-420d-9278-b9fdab939bbc,6a2d0734-bd9e-4ddf-946e-caa52498cb75,c27215d8-6835-4b68-bfbb-bdeac6100c04,b5d6115f-0370-4d7c-aad3-c194cc71cf98,d1346436-ac96-4271-b863-1f4fdead95b0,971bdb23-3ff6-43eb-b422-1c30165a3663,17debcc3-0a6b-4b8a-b00b-dc58b885581e,711ebe11-f673-4cd9-9a83-63c60ba54c5b,c0143906-9aed-447e-9436-2ae8512d1b6e,14da1725-c4c2-42b4-ab08-ee0aeb6898b3,081cab31-dccd-428e-8652-f2404cc81c47,78e0584a-4343-4727-8f37-e14e65c2a2db,ba21476f-2866-4f81-9c4d-6e359316e448,871c3b6c-7379-419d-bda3-794b239ab90d,1d08ef62-a503-4ce2-8b9a-46c90873f7d3,ff9b0199-ce04-4cfe-86cc-6c719f08d6e4,de1c2107-70c8-4021-8459-6399f24d01c6,cbf30902-517f-40dc-af90-a550bac27cf1,5c601d96-e4c7-4698-991b-7ee674b11079
2026-8-31 17:57:59-debug:   Number of all scenes: 1
2026-8-31 17:57:59-debug:   Number of all scripts: 7
2026-8-31 17:57:59-debug: Init bundle root assets success..., progress: 0%
2026-8-31 17:57:59-debug:   Number of other assets: 318
2026-8-31 17:57:59-debug: // ---- build task 查询 Asset Bundle ---- (8ms)
2026-8-31 17:57:59-log: run build task 查询 Asset Bundle success in 8 ms√, progress: 5%
2026-8-31 17:57:59-debug: // ---- build task 查询 Asset Bundle ----
2026-8-31 17:57:59-debug: 查询 Asset Bundle start, progress: 5%
2026-8-31 17:57:59-debug: [Build Memory track]: 查询 Asset Bundle start:240.97MB, end 240.69MB, increase: -283.41KB
2026-8-31 17:57:59-debug: // ---- build task 查询 Asset Bundle ---- (4ms)
2026-8-31 17:57:59-log: run build task 查询 Asset Bundle success in 4 ms√, progress: 10%
2026-8-31 17:57:59-debug: [Build Memory track]: 查询 Asset Bundle start:240.73MB, end 240.83MB, increase: 104.44KB
2026-8-31 17:57:59-debug: 整理部分构建选项内数据到 settings.json start, progress: 10%
2026-8-31 17:57:59-debug: // ---- build task 整理部分构建选项内数据到 settings.json ----
2026-8-31 17:57:59-debug: // ---- build task 整理部分构建选项内数据到 settings.json ---- (1ms)
2026-8-31 17:57:59-debug: [Build Memory track]: 整理部分构建选项内数据到 settings.json start:240.86MB, end 240.89MB, increase: 27.67KB
2026-8-31 17:57:59-log: run build task 整理部分构建选项内数据到 settings.json success in 1 ms√, progress: 12%
2026-8-31 17:57:59-debug: 填充脚本数据到 settings.json start, progress: 12%
2026-8-31 17:57:59-debug: // ---- build task 填充脚本数据到 settings.json ----
2026-8-31 17:57:59-debug: // ---- build task 填充脚本数据到 settings.json ---- (3ms)
2026-8-31 17:57:59-log: run build task 填充脚本数据到 settings.json success in 3 ms√, progress: 13%
2026-8-31 17:57:59-debug: 整理部分构建选项内数据到 settings.json start, progress: 13%
2026-8-31 17:57:59-debug: [Build Memory track]: 填充脚本数据到 settings.json start:240.92MB, end 240.94MB, increase: 26.99KB
2026-8-31 17:57:59-debug: // ---- build task 整理部分构建选项内数据到 settings.json ----
2026-8-31 17:57:59-debug: // ---- build task 整理部分构建选项内数据到 settings.json ---- (6ms)
2026-8-31 17:57:59-log: run build task 整理部分构建选项内数据到 settings.json success in 6 ms√, progress: 15%
2026-8-31 17:57:59-debug: [Build Memory track]: 整理部分构建选项内数据到 settings.json start:240.97MB, end 241.11MB, increase: 139.21KB
2026-8-31 17:58:10-debug: refresh db internal success
2026-8-31 17:58:10-debug: refresh db assets success
2026-8-31 17:58:10-debug: Run asset db hook engine-extends:afterRefresh ...
2026-8-31 17:58:10-debug: Run asset db hook engine-extends:afterRefresh success!
2026-8-31 17:58:10-debug: asset-db:refresh-all-database (125ms)
2026-8-31 17:58:10-debug: asset-db:worker-effect-data-processing (5ms)
2026-8-31 17:58:10-debug: asset-db-hook-engine-extends-afterRefresh (6ms)
2026-8-31 17:58:38-debug: refresh db internal success
2026-8-31 17:58:38-debug: refresh db assets success
2026-8-31 17:58:38-debug: Run asset db hook engine-extends:afterRefresh ...
2026-8-31 17:58:38-debug: Run asset db hook engine-extends:afterRefresh success!
2026-8-31 17:58:38-debug: asset-db:refresh-all-database (98ms)
2026-8-31 17:58:38-debug: asset-db:worker-effect-data-processing (1ms)
2026-8-31 17:58:38-debug: asset-db-hook-engine-extends-afterRefresh (2ms)
2026-8-31 17:59:30-debug: refresh db internal success
2026-8-31 17:59:30-debug: refresh db assets success
2026-8-31 17:59:30-debug: Run asset db hook engine-extends:afterRefresh ...
2026-8-31 17:59:30-debug: Run asset db hook engine-extends:afterRefresh success!
2026-8-31 17:59:30-debug: asset-db:refresh-all-database (100ms)
2026-8-31 17:59:30-debug: asset-db:worker-effect-data-processing (1ms)
2026-8-31 17:59:30-debug: asset-db-hook-engine-extends-afterRefresh (1ms)
2026-8-31 17:59:34-debug: %cImport%c: D:\GameByself\Cocos\Project1\assets\Scenes\scene.scenebackground: #aaff85; color: #000;color: #000;
2026-8-31 17:59:34-debug: asset-db:reimport-assetcb02e093-8bba-4046-8e6e-d0462e7be5da (12ms)
2026-8-31 18:00:17-debug: refresh db internal success
2026-8-31 18:00:17-debug: refresh db assets success
2026-8-31 18:00:17-debug: Run asset db hook engine-extends:afterRefresh ...
2026-8-31 18:00:17-debug: Run asset db hook engine-extends:afterRefresh success!
2026-8-31 18:00:17-debug: asset-db:refresh-all-database (98ms)
2026-8-31 18:00:17-debug: asset-db:worker-effect-data-processing (1ms)
2026-8-31 18:00:17-debug: asset-db-hook-engine-extends-afterRefresh (1ms)
2026-8-31 18:00:24-debug: refresh db internal success
2026-8-31 18:00:24-debug: refresh db assets success
2026-8-31 18:00:24-debug: Run asset db hook engine-extends:afterRefresh ...
2026-8-31 18:00:24-debug: Run asset db hook engine-extends:afterRefresh success!
2026-8-31 18:00:24-debug: asset-db:worker-effect-data-processing (2ms)
2026-8-31 18:00:24-debug: asset-db:refresh-all-database (115ms)
2026-8-31 18:00:24-debug: asset-db-hook-engine-extends-afterRefresh (2ms)
2026-8-31 18:00:26-debug: refresh db internal success
2026-8-31 18:00:26-debug: refresh db assets success
2026-8-31 18:00:26-debug: Run asset db hook engine-extends:afterRefresh ...
2026-8-31 18:00:26-debug: Run asset db hook engine-extends:afterRefresh success!
2026-8-31 18:00:26-debug: asset-db:refresh-all-database (102ms)
2026-8-31 18:00:26-debug: asset-db:worker-effect-data-processing (1ms)
2026-8-31 18:00:26-debug: asset-db-hook-engine-extends-afterRefresh (1ms)
2026-8-31 18:00:26-debug: %cImport%c: D:\GameByself\Cocos\Project1\assets\Scenes\scene.scenebackground: #aaff85; color: #000;color: #000;
2026-8-31 18:00:26-debug: asset-db:reimport-assetcb02e093-8bba-4046-8e6e-d0462e7be5da (14ms)
2026-8-31 18:02:27-debug: refresh db internal success
2026-8-31 18:02:27-debug: %cImport%c: D:\GameByself\Cocos\Project1\assets\Scripts\Car.tsbackground: #aaff85; color: #000;color: #000;
2026-8-31 18:02:27-debug: refresh db assets success
2026-8-31 18:02:27-debug: Run asset db hook engine-extends:afterRefresh ...
2026-8-31 18:02:27-debug: Run asset db hook engine-extends:afterRefresh success!
2026-8-31 18:02:27-debug: asset-db:refresh-all-database (116ms)
2026-8-31 18:02:27-debug: asset-db:worker-effect-data-processing (2ms)
2026-8-31 18:02:27-debug: asset-db-hook-engine-extends-afterRefresh (3ms)
2026-8-31 18:02:29-debug: Query all assets info in project
2026-8-31 18:02:29-debug: init custom config: keepNodeUuid: false, useCache: true
2026-8-31 18:02:29-debug: Skip compress image, progress: 0%
2026-8-31 18:02:29-debug: Init all bundles start..., progress: 0%
2026-8-31 18:02:29-debug: // ---- build task 查询 Asset Bundle ----
2026-8-31 18:02:29-debug: 查询 Asset Bundle start, progress: 0%
2026-8-31 18:02:29-debug: Num of bundles: 3..., progress: 0%
2026-8-31 18:02:29-debug: Init bundle root assets start..., progress: 0%
2026-8-31 18:02:29-debug: Query preload assets/scripts from cc.config.json: 60f7195c-ec2a-45eb-ba94-8955f60e81d0,1c02ae6f-4492-4915-b8f8-7492a3b1e4cd,810e96e4-e456-4468-9b59-f4e8f39732c0,efe8e2a3-eace-427b-b4f1-cb8a937ec77d,e9aa9a3e-5b2b-4ac7-a2c7-073de2b2b24f,8bbdbcdd-5cd4-4100-b6d5-b7c9625b6107,50f4348b-c883-4e2f-8f11-ce233b859fa1,fda095cb-831d-4601-ad94-846013963de8,f92806d7-1768-443f-afe8-12bcde84d0f0,dd3a144d-ab7f-41f0-82b8-2e43a090d496,f0416e68-0200-4b77-a926-4f9d16e494da,511d2633-09a7-4bdd-ac42-f778032124b3,5d45aa00-e064-4938-b314-4265f0c2258c,9361fd90-ba52-4f84-aa93-6e878fd576ca,970b0598-bcb0-4714-91fb-2e81440dccd8,bcd64cc6-2dd9-43f6-abbe-66318d332032,d930590d-bb92-4cc8-8bd1-23cd027f9edf,a3cd009f-0ab0-420d-9278-b9fdab939bbc,6a2d0734-bd9e-4ddf-946e-caa52498cb75,c27215d8-6835-4b68-bfbb-bdeac6100c04,b5d6115f-0370-4d7c-aad3-c194cc71cf98,d1346436-ac96-4271-b863-1f4fdead95b0,971bdb23-3ff6-43eb-b422-1c30165a3663,17debcc3-0a6b-4b8a-b00b-dc58b885581e,711ebe11-f673-4cd9-9a83-63c60ba54c5b,c0143906-9aed-447e-9436-2ae8512d1b6e,14da1725-c4c2-42b4-ab08-ee0aeb6898b3,081cab31-dccd-428e-8652-f2404cc81c47,78e0584a-4343-4727-8f37-e14e65c2a2db,ba21476f-2866-4f81-9c4d-6e359316e448,871c3b6c-7379-419d-bda3-794b239ab90d,1d08ef62-a503-4ce2-8b9a-46c90873f7d3,ff9b0199-ce04-4cfe-86cc-6c719f08d6e4,de1c2107-70c8-4021-8459-6399f24d01c6,cbf30902-517f-40dc-af90-a550bac27cf1,5c601d96-e4c7-4698-991b-7ee674b11079
2026-8-31 18:02:29-debug:   Number of all scenes: 1
2026-8-31 18:02:29-debug:   Number of other assets: 318
2026-8-31 18:02:29-debug: Init bundle root assets success..., progress: 0%
2026-8-31 18:02:29-debug:   Number of all scripts: 7
2026-8-31 18:02:29-log: run build task 查询 Asset Bundle success in 10 ms√, progress: 5%
2026-8-31 18:02:29-debug: [Build Memory track]: 查询 Asset Bundle start:224.28MB, end 224.06MB, increase: -220.34KB
2026-8-31 18:02:29-debug: 查询 Asset Bundle start, progress: 5%
2026-8-31 18:02:29-debug: // ---- build task 查询 Asset Bundle ---- (10ms)
2026-8-31 18:02:29-debug: // ---- build task 查询 Asset Bundle ----
2026-8-31 18:02:29-debug: // ---- build task 查询 Asset Bundle ---- (5ms)
2026-8-31 18:02:29-log: run build task 查询 Asset Bundle success in 5 ms√, progress: 10%
2026-8-31 18:02:29-debug: [Build Memory track]: 查询 Asset Bundle start:224.09MB, end 224.19MB, increase: 103.99KB
2026-8-31 18:02:29-debug: 整理部分构建选项内数据到 settings.json start, progress: 10%
2026-8-31 18:02:29-debug: // ---- build task 整理部分构建选项内数据到 settings.json ----
2026-8-31 18:02:29-debug: // ---- build task 整理部分构建选项内数据到 settings.json ---- (2ms)
2026-8-31 18:02:29-log: run build task 整理部分构建选项内数据到 settings.json success in 2 ms√, progress: 12%
2026-8-31 18:02:29-debug: [Build Memory track]: 整理部分构建选项内数据到 settings.json start:224.22MB, end 224.25MB, increase: 26.96KB
2026-8-31 18:02:29-debug: 填充脚本数据到 settings.json start, progress: 12%
2026-8-31 18:02:29-debug: // ---- build task 填充脚本数据到 settings.json ----
2026-8-31 18:02:29-debug: // ---- build task 填充脚本数据到 settings.json ---- (2ms)
2026-8-31 18:02:29-log: run build task 填充脚本数据到 settings.json success in 2 ms√, progress: 13%
2026-8-31 18:02:29-debug: [Build Memory track]: 填充脚本数据到 settings.json start:224.28MB, end 224.31MB, increase: 26.31KB
2026-8-31 18:02:29-debug: // ---- build task 整理部分构建选项内数据到 settings.json ----
2026-8-31 18:02:29-debug: 整理部分构建选项内数据到 settings.json start, progress: 13%
2026-8-31 18:02:29-debug: // ---- build task 整理部分构建选项内数据到 settings.json ---- (6ms)
2026-8-31 18:02:29-log: run build task 整理部分构建选项内数据到 settings.json success in 6 ms√, progress: 15%
2026-8-31 18:02:29-debug: [Build Memory track]: 整理部分构建选项内数据到 settings.json start:224.34MB, end 224.47MB, increase: 130.81KB
2026-8-31 18:02:46-debug: refresh db internal success
2026-8-31 18:02:46-debug: refresh db assets success
2026-8-31 18:02:46-debug: Run asset db hook engine-extends:afterRefresh ...
2026-8-31 18:02:46-debug: Run asset db hook engine-extends:afterRefresh success!
2026-8-31 18:02:46-debug: asset-db:refresh-all-database (119ms)
2026-8-31 18:02:46-debug: asset-db:worker-effect-data-processing (2ms)
2026-8-31 18:02:46-debug: asset-db-hook-engine-extends-afterRefresh (3ms)
2026-8-31 18:02:52-debug: refresh db internal success
2026-8-31 18:02:52-debug: %cImport%c: D:\GameByself\Cocos\Project1\assets\Scripts\Car.tsbackground: #aaff85; color: #000;color: #000;
2026-8-31 18:02:52-debug: refresh db assets success
2026-8-31 18:02:52-debug: Run asset db hook engine-extends:afterRefresh ...
2026-8-31 18:02:52-debug: Run asset db hook engine-extends:afterRefresh success!
2026-8-31 18:02:52-debug: asset-db:refresh-all-database (111ms)
2026-8-31 18:02:52-debug: asset-db:worker-effect-data-processing (3ms)
2026-8-31 18:02:52-debug: asset-db-hook-engine-extends-afterRefresh (3ms)
2026-8-31 18:02:55-debug: Query all assets info in project
2026-8-31 18:02:55-debug: init custom config: keepNodeUuid: false, useCache: true
2026-8-31 18:02:55-debug: Skip compress image, progress: 0%
2026-8-31 18:02:55-debug: Init all bundles start..., progress: 0%
2026-8-31 18:02:55-debug: // ---- build task 查询 Asset Bundle ----
2026-8-31 18:02:55-debug: Num of bundles: 3..., progress: 0%
2026-8-31 18:02:55-debug: 查询 Asset Bundle start, progress: 0%
2026-8-31 18:02:55-debug: Init bundle root assets start..., progress: 0%
2026-8-31 18:02:55-debug: Query preload assets/scripts from cc.config.json: 60f7195c-ec2a-45eb-ba94-8955f60e81d0,1c02ae6f-4492-4915-b8f8-7492a3b1e4cd,810e96e4-e456-4468-9b59-f4e8f39732c0,efe8e2a3-eace-427b-b4f1-cb8a937ec77d,e9aa9a3e-5b2b-4ac7-a2c7-073de2b2b24f,8bbdbcdd-5cd4-4100-b6d5-b7c9625b6107,50f4348b-c883-4e2f-8f11-ce233b859fa1,fda095cb-831d-4601-ad94-846013963de8,f92806d7-1768-443f-afe8-12bcde84d0f0,dd3a144d-ab7f-41f0-82b8-2e43a090d496,f0416e68-0200-4b77-a926-4f9d16e494da,511d2633-09a7-4bdd-ac42-f778032124b3,5d45aa00-e064-4938-b314-4265f0c2258c,9361fd90-ba52-4f84-aa93-6e878fd576ca,970b0598-bcb0-4714-91fb-2e81440dccd8,bcd64cc6-2dd9-43f6-abbe-66318d332032,d930590d-bb92-4cc8-8bd1-23cd027f9edf,a3cd009f-0ab0-420d-9278-b9fdab939bbc,6a2d0734-bd9e-4ddf-946e-caa52498cb75,c27215d8-6835-4b68-bfbb-bdeac6100c04,b5d6115f-0370-4d7c-aad3-c194cc71cf98,d1346436-ac96-4271-b863-1f4fdead95b0,971bdb23-3ff6-43eb-b422-1c30165a3663,17debcc3-0a6b-4b8a-b00b-dc58b885581e,711ebe11-f673-4cd9-9a83-63c60ba54c5b,c0143906-9aed-447e-9436-2ae8512d1b6e,14da1725-c4c2-42b4-ab08-ee0aeb6898b3,081cab31-dccd-428e-8652-f2404cc81c47,78e0584a-4343-4727-8f37-e14e65c2a2db,ba21476f-2866-4f81-9c4d-6e359316e448,871c3b6c-7379-419d-bda3-794b239ab90d,1d08ef62-a503-4ce2-8b9a-46c90873f7d3,ff9b0199-ce04-4cfe-86cc-6c719f08d6e4,de1c2107-70c8-4021-8459-6399f24d01c6,cbf30902-517f-40dc-af90-a550bac27cf1,5c601d96-e4c7-4698-991b-7ee674b11079
2026-8-31 18:02:55-debug:   Number of all scenes: 1
2026-8-31 18:02:55-debug:   Number of all scripts: 7
2026-8-31 18:02:55-debug:   Number of other assets: 318
2026-8-31 18:02:55-debug: Init bundle root assets success..., progress: 0%
2026-8-31 18:02:55-debug: // ---- build task 查询 Asset Bundle ---- (8ms)
2026-8-31 18:02:55-log: run build task 查询 Asset Bundle success in 8 ms√, progress: 5%
2026-8-31 18:02:55-debug: 查询 Asset Bundle start, progress: 5%
2026-8-31 18:02:55-debug: [Build Memory track]: 查询 Asset Bundle start:227.10MB, end 227.76MB, increase: 668.18KB
2026-8-31 18:02:55-debug: // ---- build task 查询 Asset Bundle ----
2026-8-31 18:02:55-debug: // ---- build task 查询 Asset Bundle ---- (3ms)
2026-8-31 18:02:55-debug: [Build Memory track]: 查询 Asset Bundle start:227.79MB, end 227.89MB, increase: 103.06KB
2026-8-31 18:02:55-log: run build task 查询 Asset Bundle success in 3 ms√, progress: 10%
2026-8-31 18:02:55-debug: 整理部分构建选项内数据到 settings.json start, progress: 10%
2026-8-31 18:02:55-debug: // ---- build task 整理部分构建选项内数据到 settings.json ----
2026-8-31 18:02:55-debug: // ---- build task 整理部分构建选项内数据到 settings.json ---- (2ms)
2026-8-31 18:02:55-log: run build task 整理部分构建选项内数据到 settings.json success in 2 ms√, progress: 12%
2026-8-31 18:02:55-debug: 填充脚本数据到 settings.json start, progress: 12%
2026-8-31 18:02:55-debug: [Build Memory track]: 整理部分构建选项内数据到 settings.json start:227.92MB, end 227.95MB, increase: 27.02KB
2026-8-31 18:02:55-debug: // ---- build task 填充脚本数据到 settings.json ----
2026-8-31 18:02:55-debug: // ---- build task 填充脚本数据到 settings.json ---- (1ms)
2026-8-31 18:02:55-log: run build task 填充脚本数据到 settings.json success in 1 ms√, progress: 13%
2026-8-31 18:02:55-debug: 整理部分构建选项内数据到 settings.json start, progress: 13%
2026-8-31 18:02:55-debug: [Build Memory track]: 填充脚本数据到 settings.json start:227.98MB, end 228.00MB, increase: 26.34KB
2026-8-31 18:02:55-debug: // ---- build task 整理部分构建选项内数据到 settings.json ----
2026-8-31 18:02:55-debug: // ---- build task 整理部分构建选项内数据到 settings.json ---- (7ms)
2026-8-31 18:02:55-log: run build task 整理部分构建选项内数据到 settings.json success in 7 ms√, progress: 15%
2026-8-31 18:02:55-debug: [Build Memory track]: 整理部分构建选项内数据到 settings.json start:228.03MB, end 226.70MB, increase: -1361.56KB
2026-8-31 18:03:09-debug: refresh db internal success
2026-8-31 18:03:09-debug: refresh db assets success
2026-8-31 18:03:09-debug: Run asset db hook engine-extends:afterRefresh ...
2026-8-31 18:03:09-debug: Run asset db hook engine-extends:afterRefresh success!
2026-8-31 18:03:09-debug: asset-db:refresh-all-database (144ms)
2026-8-31 18:03:09-debug: asset-db:worker-effect-data-processing (5ms)
2026-8-31 18:03:09-debug: asset-db-hook-engine-extends-afterRefresh (6ms)
2026-8-31 18:03:41-debug: refresh db internal success
2026-8-31 18:03:41-debug: refresh db assets success
2026-8-31 18:03:41-debug: Run asset db hook engine-extends:afterRefresh ...
2026-8-31 18:03:41-debug: Run asset db hook engine-extends:afterRefresh success!
2026-8-31 18:03:41-debug: asset-db:refresh-all-database (126ms)
2026-8-31 18:03:41-debug: asset-db:worker-effect-data-processing (3ms)
2026-8-31 18:03:41-debug: asset-db-hook-engine-extends-afterRefresh (4ms)
2026-8-31 18:04:05-debug: refresh db internal success
2026-8-31 18:04:05-debug: refresh db assets success
2026-8-31 18:04:05-debug: Run asset db hook engine-extends:afterRefresh ...
2026-8-31 18:04:05-debug: Run asset db hook engine-extends:afterRefresh success!
2026-8-31 18:04:05-debug: asset-db:refresh-all-database (104ms)
2026-8-31 18:04:05-debug: asset-db:worker-effect-data-processing (1ms)
2026-8-31 18:04:05-debug: asset-db-hook-engine-extends-afterRefresh (2ms)
2026-8-31 18:04:38-debug: refresh db internal success
2026-8-31 18:04:38-debug: refresh db assets success
2026-8-31 18:04:38-debug: Run asset db hook engine-extends:afterRefresh ...
2026-8-31 18:04:38-debug: Run asset db hook engine-extends:afterRefresh success!
2026-8-31 18:04:38-debug: asset-db:refresh-all-database (107ms)
2026-8-31 18:04:38-debug: asset-db:worker-effect-data-processing (2ms)
2026-8-31 18:04:38-debug: asset-db-hook-engine-extends-afterRefresh (3ms)
2026-8-31 18:04:49-debug: refresh db internal success
2026-8-31 18:04:49-debug: refresh db assets success
2026-8-31 18:04:49-debug: Run asset db hook engine-extends:afterRefresh ...
2026-8-31 18:04:49-debug: Run asset db hook engine-extends:afterRefresh success!
2026-8-31 18:04:49-debug: asset-db:refresh-all-database (106ms)
2026-8-31 18:04:49-debug: asset-db:worker-effect-data-processing (1ms)
2026-8-31 18:04:49-debug: asset-db-hook-engine-extends-afterRefresh (2ms)
2026-8-31 18:05:28-debug: %cImport%c: D:\GameByself\Cocos\Project1\assets\Scenes\scene.scenebackground: #aaff85; color: #000;color: #000;
2026-8-31 18:05:28-debug: asset-db:reimport-assetcb02e093-8bba-4046-8e6e-d0462e7be5da (16ms)
2026-8-31 18:05:33-debug: refresh db internal success
2026-8-31 18:05:33-debug: refresh db assets success
2026-8-31 18:05:33-debug: Run asset db hook engine-extends:afterRefresh ...
2026-8-31 18:05:33-debug: Run asset db hook engine-extends:afterRefresh success!
2026-8-31 18:05:33-debug: asset-db:refresh-all-database (199ms)
2026-8-31 18:05:33-debug: asset-db:worker-effect-data-processing (7ms)
2026-8-31 18:05:33-debug: asset-db-hook-engine-extends-afterRefresh (7ms)
2026-8-31 18:05:34-debug: Query all assets info in project
2026-8-31 18:05:34-debug: init custom config: keepNodeUuid: false, useCache: true
2026-8-31 18:05:34-debug: Skip compress image, progress: 0%
2026-8-31 18:05:34-debug: Init all bundles start..., progress: 0%
2026-8-31 18:05:34-debug: // ---- build task 查询 Asset Bundle ----
2026-8-31 18:05:34-debug: Num of bundles: 3..., progress: 0%
2026-8-31 18:05:34-debug: 查询 Asset Bundle start, progress: 0%
2026-8-31 18:05:34-debug: Init bundle root assets start..., progress: 0%
2026-8-31 18:05:34-debug: Query preload assets/scripts from cc.config.json: 60f7195c-ec2a-45eb-ba94-8955f60e81d0,1c02ae6f-4492-4915-b8f8-7492a3b1e4cd,810e96e4-e456-4468-9b59-f4e8f39732c0,efe8e2a3-eace-427b-b4f1-cb8a937ec77d,e9aa9a3e-5b2b-4ac7-a2c7-073de2b2b24f,8bbdbcdd-5cd4-4100-b6d5-b7c9625b6107,50f4348b-c883-4e2f-8f11-ce233b859fa1,fda095cb-831d-4601-ad94-846013963de8,f92806d7-1768-443f-afe8-12bcde84d0f0,dd3a144d-ab7f-41f0-82b8-2e43a090d496,f0416e68-0200-4b77-a926-4f9d16e494da,511d2633-09a7-4bdd-ac42-f778032124b3,5d45aa00-e064-4938-b314-4265f0c2258c,9361fd90-ba52-4f84-aa93-6e878fd576ca,970b0598-bcb0-4714-91fb-2e81440dccd8,bcd64cc6-2dd9-43f6-abbe-66318d332032,d930590d-bb92-4cc8-8bd1-23cd027f9edf,a3cd009f-0ab0-420d-9278-b9fdab939bbc,6a2d0734-bd9e-4ddf-946e-caa52498cb75,c27215d8-6835-4b68-bfbb-bdeac6100c04,b5d6115f-0370-4d7c-aad3-c194cc71cf98,d1346436-ac96-4271-b863-1f4fdead95b0,971bdb23-3ff6-43eb-b422-1c30165a3663,17debcc3-0a6b-4b8a-b00b-dc58b885581e,711ebe11-f673-4cd9-9a83-63c60ba54c5b,c0143906-9aed-447e-9436-2ae8512d1b6e,14da1725-c4c2-42b4-ab08-ee0aeb6898b3,081cab31-dccd-428e-8652-f2404cc81c47,78e0584a-4343-4727-8f37-e14e65c2a2db,ba21476f-2866-4f81-9c4d-6e359316e448,871c3b6c-7379-419d-bda3-794b239ab90d,1d08ef62-a503-4ce2-8b9a-46c90873f7d3,ff9b0199-ce04-4cfe-86cc-6c719f08d6e4,de1c2107-70c8-4021-8459-6399f24d01c6,cbf30902-517f-40dc-af90-a550bac27cf1,5c601d96-e4c7-4698-991b-7ee674b11079
2026-8-31 18:05:34-debug:   Number of all scenes: 1
2026-8-31 18:05:34-debug:   Number of all scripts: 7
2026-8-31 18:05:34-debug: Init bundle root assets success..., progress: 0%
2026-8-31 18:05:34-debug: // ---- build task 查询 Asset Bundle ---- (7ms)
2026-8-31 18:05:34-debug: [Build Memory track]: 查询 Asset Bundle start:235.45MB, end 234.57MB, increase: -902.82KB
2026-8-31 18:05:34-debug: 查询 Asset Bundle start, progress: 5%
2026-8-31 18:05:34-log: run build task 查询 Asset Bundle success in 7 ms√, progress: 5%
2026-8-31 18:05:34-debug: // ---- build task 查询 Asset Bundle ----
2026-8-31 18:05:34-debug:   Number of other assets: 318
2026-8-31 18:05:34-debug: // ---- build task 查询 Asset Bundle ---- (4ms)
2026-8-31 18:05:34-log: run build task 查询 Asset Bundle success in 4 ms√, progress: 10%
2026-8-31 18:05:34-debug: 整理部分构建选项内数据到 settings.json start, progress: 10%
2026-8-31 18:05:34-debug: [Build Memory track]: 查询 Asset Bundle start:234.60MB, end 234.70MB, increase: 105.96KB
2026-8-31 18:05:34-debug: // ---- build task 整理部分构建选项内数据到 settings.json ----
2026-8-31 18:05:34-debug: // ---- build task 整理部分构建选项内数据到 settings.json ---- (2ms)
2026-8-31 18:05:34-debug: [Build Memory track]: 整理部分构建选项内数据到 settings.json start:234.73MB, end 234.76MB, increase: 26.99KB
2026-8-31 18:05:34-debug: 填充脚本数据到 settings.json start, progress: 12%
2026-8-31 18:05:34-log: run build task 整理部分构建选项内数据到 settings.json success in 2 ms√, progress: 12%
2026-8-31 18:05:34-debug: // ---- build task 填充脚本数据到 settings.json ----
2026-8-31 18:05:34-debug: // ---- build task 填充脚本数据到 settings.json ---- (2ms)
2026-8-31 18:05:34-log: run build task 填充脚本数据到 settings.json success in 2 ms√, progress: 13%
2026-8-31 18:05:34-debug: [Build Memory track]: 填充脚本数据到 settings.json start:234.79MB, end 234.81MB, increase: 26.45KB
2026-8-31 18:05:34-debug: 整理部分构建选项内数据到 settings.json start, progress: 13%
2026-8-31 18:05:34-debug: // ---- build task 整理部分构建选项内数据到 settings.json ----
2026-8-31 18:05:34-log: run build task 整理部分构建选项内数据到 settings.json success in 4 ms√, progress: 15%
2026-8-31 18:05:34-debug: [Build Memory track]: 整理部分构建选项内数据到 settings.json start:234.85MB, end 234.98MB, increase: 134.63KB
2026-8-31 18:05:34-debug: // ---- build task 整理部分构建选项内数据到 settings.json ---- (4ms)
2026-8-31 18:05:38-debug: refresh db internal success
2026-8-31 18:05:38-debug: refresh db assets success
2026-8-31 18:05:38-debug: Run asset db hook engine-extends:afterRefresh ...
2026-8-31 18:05:38-debug: Run asset db hook engine-extends:afterRefresh success!
2026-8-31 18:05:38-debug: asset-db:refresh-all-database (135ms)
2026-8-31 18:05:38-debug: asset-db:worker-effect-data-processing (5ms)
2026-8-31 18:05:38-debug: asset-db-hook-engine-extends-afterRefresh (6ms)
2026-8-31 18:05:40-debug: refresh db internal success
2026-8-31 18:05:40-debug: refresh db assets success
2026-8-31 18:05:40-debug: Run asset db hook engine-extends:afterRefresh ...
2026-8-31 18:05:40-debug: Run asset db hook engine-extends:afterRefresh success!
2026-8-31 18:05:40-debug: asset-db:refresh-all-database (105ms)
2026-8-31 18:05:40-debug: asset-db:worker-effect-data-processing (2ms)
2026-8-31 18:05:40-debug: asset-db-hook-engine-extends-afterRefresh (2ms)
2026-8-31 18:06:04-debug: refresh db internal success
2026-8-31 18:06:04-debug: Run asset db hook engine-extends:afterRefresh ...
2026-8-31 18:06:04-debug: Run asset db hook engine-extends:afterRefresh success!
2026-8-31 18:06:04-debug: refresh db assets success
2026-8-31 18:06:04-debug: asset-db:refresh-all-database (120ms)
2026-8-31 18:06:04-debug: asset-db:worker-effect-data-processing (2ms)
2026-8-31 18:06:04-debug: asset-db-hook-engine-extends-afterRefresh (2ms)
2026-8-31 18:06:18-debug: refresh db internal success
2026-8-31 18:06:18-debug: refresh db assets success
2026-8-31 18:06:18-debug: Run asset db hook engine-extends:afterRefresh ...
2026-8-31 18:06:18-debug: Run asset db hook engine-extends:afterRefresh success!
2026-8-31 18:06:18-debug: asset-db:refresh-all-database (104ms)
2026-8-31 18:06:18-debug: asset-db:worker-effect-data-processing (2ms)
2026-8-31 18:06:18-debug: asset-db-hook-engine-extends-afterRefresh (2ms)
2026-8-31 18:06:31-debug: refresh db internal success
2026-8-31 18:06:31-debug: refresh db assets success
2026-8-31 18:06:31-debug: Run asset db hook engine-extends:afterRefresh ...
2026-8-31 18:06:31-debug: Run asset db hook engine-extends:afterRefresh success!
2026-8-31 18:06:31-debug: asset-db:refresh-all-database (109ms)
2026-8-31 18:06:31-debug: asset-db:worker-effect-data-processing (2ms)
2026-8-31 18:06:31-debug: asset-db-hook-engine-extends-afterRefresh (2ms)
2026-8-31 18:06:41-debug: refresh db internal success
2026-8-31 18:06:41-debug: refresh db assets success
2026-8-31 18:06:41-debug: Run asset db hook engine-extends:afterRefresh success!
2026-8-31 18:06:41-debug: Run asset db hook engine-extends:afterRefresh ...
2026-8-31 18:06:41-debug: asset-db:refresh-all-database (127ms)
2026-8-31 18:06:41-debug: asset-db:worker-effect-data-processing (2ms)
2026-8-31 18:06:41-debug: asset-db-hook-engine-extends-afterRefresh (2ms)
2026-8-31 18:10:23-debug: refresh db internal success
2026-8-31 18:10:23-debug: refresh db assets success
2026-8-31 18:10:23-debug: Run asset db hook engine-extends:afterRefresh ...
2026-8-31 18:10:23-debug: Run asset db hook engine-extends:afterRefresh success!
2026-8-31 18:10:23-debug: asset-db:refresh-all-database (99ms)
2026-8-31 18:10:23-debug: asset-db:worker-effect-data-processing (1ms)
2026-8-31 18:10:23-debug: asset-db-hook-engine-extends-afterRefresh (1ms)
2026-8-31 18:11:17-debug: refresh db internal success
2026-8-31 18:11:17-debug: refresh db assets success
2026-8-31 18:11:17-debug: Run asset db hook engine-extends:afterRefresh ...
2026-8-31 18:11:17-debug: Run asset db hook engine-extends:afterRefresh success!
2026-8-31 18:11:17-debug: asset-db:refresh-all-database (103ms)
2026-8-31 18:11:17-debug: asset-db:worker-effect-data-processing (1ms)
2026-8-31 18:11:17-debug: asset-db-hook-engine-extends-afterRefresh (2ms)
2026-8-31 18:12:06-debug: refresh db internal success
2026-8-31 18:12:06-debug: refresh db assets success
2026-8-31 18:12:06-debug: Run asset db hook engine-extends:afterRefresh ...
2026-8-31 18:12:06-debug: Run asset db hook engine-extends:afterRefresh success!
2026-8-31 18:12:06-debug: asset-db:refresh-all-database (104ms)
2026-8-31 18:12:06-debug: asset-db:worker-effect-data-processing (1ms)
2026-8-31 18:12:06-debug: asset-db-hook-engine-extends-afterRefresh (2ms)
2026-8-31 18:14:37-debug: %cImport%c: D:\GameByself\Cocos\Project1\assets\Scenes\scene.scenebackground: #aaff85; color: #000;color: #000;
2026-8-31 18:14:37-debug: asset-db:reimport-assetcb02e093-8bba-4046-8e6e-d0462e7be5da (19ms)
2026-8-31 18:14:38-debug: Query all assets info in project
2026-8-31 18:14:38-debug: init custom config: keepNodeUuid: false, useCache: true
2026-8-31 18:14:38-debug: Skip compress image, progress: 0%
2026-8-31 18:14:38-debug: Init all bundles start..., progress: 0%
2026-8-31 18:14:38-debug: // ---- build task 查询 Asset Bundle ----
2026-8-31 18:14:38-debug: 查询 Asset Bundle start, progress: 0%
2026-8-31 18:14:38-debug: Num of bundles: 3..., progress: 0%
2026-8-31 18:14:38-debug: Init bundle root assets start..., progress: 0%
2026-8-31 18:14:38-debug:   Number of all scenes: 1
2026-8-31 18:14:38-debug:   Number of all scripts: 7
2026-8-31 18:14:38-debug: Query preload assets/scripts from cc.config.json: 60f7195c-ec2a-45eb-ba94-8955f60e81d0,1c02ae6f-4492-4915-b8f8-7492a3b1e4cd,810e96e4-e456-4468-9b59-f4e8f39732c0,efe8e2a3-eace-427b-b4f1-cb8a937ec77d,e9aa9a3e-5b2b-4ac7-a2c7-073de2b2b24f,8bbdbcdd-5cd4-4100-b6d5-b7c9625b6107,50f4348b-c883-4e2f-8f11-ce233b859fa1,fda095cb-831d-4601-ad94-846013963de8,f92806d7-1768-443f-afe8-12bcde84d0f0,dd3a144d-ab7f-41f0-82b8-2e43a090d496,f0416e68-0200-4b77-a926-4f9d16e494da,511d2633-09a7-4bdd-ac42-f778032124b3,5d45aa00-e064-4938-b314-4265f0c2258c,9361fd90-ba52-4f84-aa93-6e878fd576ca,970b0598-bcb0-4714-91fb-2e81440dccd8,bcd64cc6-2dd9-43f6-abbe-66318d332032,d930590d-bb92-4cc8-8bd1-23cd027f9edf,a3cd009f-0ab0-420d-9278-b9fdab939bbc,6a2d0734-bd9e-4ddf-946e-caa52498cb75,c27215d8-6835-4b68-bfbb-bdeac6100c04,b5d6115f-0370-4d7c-aad3-c194cc71cf98,d1346436-ac96-4271-b863-1f4fdead95b0,971bdb23-3ff6-43eb-b422-1c30165a3663,17debcc3-0a6b-4b8a-b00b-dc58b885581e,711ebe11-f673-4cd9-9a83-63c60ba54c5b,c0143906-9aed-447e-9436-2ae8512d1b6e,14da1725-c4c2-42b4-ab08-ee0aeb6898b3,081cab31-dccd-428e-8652-f2404cc81c47,78e0584a-4343-4727-8f37-e14e65c2a2db,ba21476f-2866-4f81-9c4d-6e359316e448,871c3b6c-7379-419d-bda3-794b239ab90d,1d08ef62-a503-4ce2-8b9a-46c90873f7d3,ff9b0199-ce04-4cfe-86cc-6c719f08d6e4,de1c2107-70c8-4021-8459-6399f24d01c6,cbf30902-517f-40dc-af90-a550bac27cf1,5c601d96-e4c7-4698-991b-7ee674b11079
2026-8-31 18:14:38-debug: Init bundle root assets success..., progress: 0%
2026-8-31 18:14:38-debug:   Number of other assets: 318
2026-8-31 18:14:38-debug: // ---- build task 查询 Asset Bundle ---- (6ms)
2026-8-31 18:14:38-log: run build task 查询 Asset Bundle success in 6 ms√, progress: 5%
2026-8-31 18:14:38-debug: 查询 Asset Bundle start, progress: 5%
2026-8-31 18:14:38-debug: [Build Memory track]: 查询 Asset Bundle start:243.41MB, end 243.13MB, increase: -286.64KB
2026-8-31 18:14:38-debug: // ---- build task 查询 Asset Bundle ----
2026-8-31 18:14:38-debug: // ---- build task 查询 Asset Bundle ---- (3ms)
2026-8-31 18:14:38-log: run build task 查询 Asset Bundle success in 3 ms√, progress: 10%
2026-8-31 18:14:38-debug: [Build Memory track]: 查询 Asset Bundle start:243.16MB, end 243.26MB, increase: 103.69KB
2026-8-31 18:14:38-debug: 整理部分构建选项内数据到 settings.json start, progress: 10%
2026-8-31 18:14:38-debug: // ---- build task 整理部分构建选项内数据到 settings.json ----
2026-8-31 18:14:38-debug: // ---- build task 整理部分构建选项内数据到 settings.json ---- (1ms)
2026-8-31 18:14:38-log: run build task 整理部分构建选项内数据到 settings.json success in 1 ms√, progress: 12%
2026-8-31 18:14:38-debug: [Build Memory track]: 整理部分构建选项内数据到 settings.json start:243.30MB, end 243.32MB, increase: 26.83KB
2026-8-31 18:14:38-debug: 填充脚本数据到 settings.json start, progress: 12%
2026-8-31 18:14:38-debug: // ---- build task 填充脚本数据到 settings.json ----
2026-8-31 18:14:38-debug: // ---- build task 填充脚本数据到 settings.json ---- (1ms)
2026-8-31 18:14:38-log: run build task 填充脚本数据到 settings.json success in 1 ms√, progress: 13%
2026-8-31 18:14:38-debug: [Build Memory track]: 填充脚本数据到 settings.json start:243.35MB, end 243.38MB, increase: 26.34KB
2026-8-31 18:14:38-debug: 整理部分构建选项内数据到 settings.json start, progress: 13%
2026-8-31 18:14:38-debug: // ---- build task 整理部分构建选项内数据到 settings.json ----
2026-8-31 18:14:38-debug: // ---- build task 整理部分构建选项内数据到 settings.json ---- (4ms)
2026-8-31 18:14:38-log: run build task 整理部分构建选项内数据到 settings.json success in 4 ms√, progress: 15%
2026-8-31 18:14:38-debug: [Build Memory track]: 整理部分构建选项内数据到 settings.json start:243.41MB, end 243.54MB, increase: 130.57KB
2026-8-31 18:14:47-debug: refresh db internal success
2026-8-31 18:14:47-debug: refresh db assets success
2026-8-31 18:14:47-debug: Run asset db hook engine-extends:afterRefresh ...
2026-8-31 18:14:47-debug: Run asset db hook engine-extends:afterRefresh success!
2026-8-31 18:14:47-debug: asset-db:refresh-all-database (200ms)
2026-8-31 18:14:47-debug: asset-db:worker-effect-data-processing (5ms)
2026-8-31 18:14:47-debug: asset-db-hook-engine-extends-afterRefresh (5ms)
2026-8-31 18:16:11-debug: %cImport%c: D:\GameByself\Cocos\Project1\assets\Scenes\scene.scenebackground: #aaff85; color: #000;color: #000;
2026-8-31 18:16:11-debug: asset-db:reimport-assetcb02e093-8bba-4046-8e6e-d0462e7be5da (13ms)
2026-8-31 18:16:15-debug: refresh db internal success
2026-8-31 18:16:15-debug: refresh db assets success
2026-8-31 18:16:15-debug: Run asset db hook engine-extends:afterRefresh ...
2026-8-31 18:16:15-debug: Run asset db hook engine-extends:afterRefresh success!
2026-8-31 18:16:15-debug: asset-db:refresh-all-database (103ms)
2026-8-31 18:16:15-debug: asset-db:worker-effect-data-processing (1ms)
2026-8-31 18:16:15-debug: asset-db-hook-engine-extends-afterRefresh (2ms)
2026-8-31 18:17:52-debug: refresh db internal success
2026-8-31 18:17:52-debug: refresh db assets success
2026-8-31 18:17:52-debug: Run asset db hook engine-extends:afterRefresh ...
2026-8-31 18:17:52-debug: Run asset db hook engine-extends:afterRefresh success!
2026-8-31 18:17:52-debug: asset-db:refresh-all-database (113ms)
2026-8-31 18:17:52-debug: asset-db:worker-effect-data-processing (2ms)
2026-8-31 18:17:52-debug: asset-db-hook-engine-extends-afterRefresh (2ms)
2026-8-31 18:18:14-debug: refresh db internal success
2026-8-31 18:18:14-debug: %cImport%c: D:\GameByself\Cocos\Project1\assets\Scripts\Car.tsbackground: #aaff85; color: #000;color: #000;
2026-8-31 18:18:14-debug: Run asset db hook engine-extends:afterRefresh ...
2026-8-31 18:18:14-debug: Run asset db hook engine-extends:afterRefresh success!
2026-8-31 18:18:14-debug: refresh db assets success
2026-8-31 18:18:14-debug: asset-db:refresh-all-database (113ms)
2026-8-31 18:18:14-debug: asset-db:worker-effect-data-processing (3ms)
2026-8-31 18:18:14-debug: asset-db-hook-engine-extends-afterRefresh (4ms)
2026-8-31 18:18:28-debug: refresh db internal success
2026-8-31 18:18:28-debug: refresh db assets success
2026-8-31 18:18:28-debug: Run asset db hook engine-extends:afterRefresh ...
2026-8-31 18:18:28-debug: Run asset db hook engine-extends:afterRefresh success!
2026-8-31 18:18:28-debug: asset-db:refresh-all-database (103ms)
2026-8-31 18:18:28-debug: asset-db:worker-effect-data-processing (2ms)
2026-8-31 18:18:28-debug: asset-db-hook-engine-extends-afterRefresh (2ms)
2026-8-31 18:18:50-debug: refresh db internal success
2026-8-31 18:18:50-debug: %cImport%c: D:\GameByself\Cocos\Project1\assets\Scripts\Car.tsbackground: #aaff85; color: #000;color: #000;
2026-8-31 18:18:50-debug: refresh db assets success
2026-8-31 18:18:50-debug: Run asset db hook engine-extends:afterRefresh ...
2026-8-31 18:18:50-debug: Run asset db hook engine-extends:afterRefresh success!
2026-8-31 18:18:50-debug: asset-db:refresh-all-database (113ms)
2026-8-31 18:18:50-debug: asset-db:worker-effect-data-processing (4ms)
2026-8-31 18:18:50-debug: asset-db-hook-engine-extends-afterRefresh (4ms)
2026-8-31 18:19:01-debug: refresh db internal success
2026-8-31 18:19:01-debug: refresh db assets success
2026-8-31 18:19:01-debug: Run asset db hook engine-extends:afterRefresh ...
2026-8-31 18:19:01-debug: Run asset db hook engine-extends:afterRefresh success!
2026-8-31 18:19:01-debug: asset-db:refresh-all-database (102ms)
2026-8-31 18:19:01-debug: asset-db:worker-effect-data-processing (2ms)
2026-8-31 18:19:01-debug: asset-db-hook-engine-extends-afterRefresh (2ms)
2026-8-31 18:19:43-debug: refresh db internal success
2026-8-31 18:19:43-debug: refresh db assets success
2026-8-31 18:19:43-debug: Run asset db hook engine-extends:afterRefresh ...
2026-8-31 18:19:43-debug: Run asset db hook engine-extends:afterRefresh success!
2026-8-31 18:19:43-debug: asset-db:refresh-all-database (104ms)
2026-8-31 18:19:43-debug: asset-db:worker-effect-data-processing (2ms)
2026-8-31 18:19:43-debug: asset-db-hook-engine-extends-afterRefresh (2ms)
2026-8-31 18:21:41-debug: refresh db internal success
2026-8-31 18:21:41-debug: refresh db assets success
2026-8-31 18:21:41-debug: Run asset db hook engine-extends:afterRefresh ...
2026-8-31 18:21:41-debug: Run asset db hook engine-extends:afterRefresh success!
2026-8-31 18:21:41-debug: asset-db:refresh-all-database (112ms)
2026-8-31 18:21:41-debug: asset-db:worker-effect-data-processing (2ms)
2026-8-31 18:21:41-debug: asset-db-hook-engine-extends-afterRefresh (3ms)
2026-8-31 18:22:06-debug: refresh db internal success
2026-8-31 18:22:06-debug: %cImport%c: D:\GameByself\Cocos\Project1\assets\Scripts\Car.tsbackground: #aaff85; color: #000;color: #000;
2026-8-31 18:22:06-debug: refresh db assets success
2026-8-31 18:22:06-debug: Run asset db hook engine-extends:afterRefresh ...
2026-8-31 18:22:06-debug: Run asset db hook engine-extends:afterRefresh success!
2026-8-31 18:22:06-debug: asset-db:refresh-all-database (117ms)
2026-8-31 18:22:06-debug: asset-db:worker-effect-data-processing (1ms)
2026-8-31 18:22:06-debug: asset-db-hook-engine-extends-afterRefresh (2ms)
2026-8-31 18:22:35-debug: refresh db internal success
2026-8-31 18:22:35-debug: %cImport%c: D:\GameByself\Cocos\Project1\assets\Scripts\Car.tsbackground: #aaff85; color: #000;color: #000;
2026-8-31 18:22:35-debug: refresh db assets success
2026-8-31 18:22:35-debug: Run asset db hook engine-extends:afterRefresh ...
2026-8-31 18:22:35-debug: Run asset db hook engine-extends:afterRefresh success!
2026-8-31 18:22:35-debug: asset-db:refresh-all-database (112ms)
2026-8-31 18:22:35-debug: asset-db:worker-effect-data-processing (3ms)
2026-8-31 18:22:35-debug: asset-db-hook-engine-extends-afterRefresh (4ms)
2026-8-31 18:22:37-debug: refresh db internal success
2026-8-31 18:22:37-debug: refresh db assets success
2026-8-31 18:22:37-debug: Run asset db hook engine-extends:afterRefresh ...
2026-8-31 18:22:37-debug: Run asset db hook engine-extends:afterRefresh success!
2026-8-31 18:22:37-debug: asset-db:refresh-all-database (105ms)
2026-8-31 18:22:37-debug: asset-db:worker-effect-data-processing (1ms)
2026-8-31 18:22:37-debug: asset-db-hook-engine-extends-afterRefresh (2ms)
2026-8-31 18:22:41-debug: refresh db internal success
2026-8-31 18:22:41-debug: refresh db assets success
2026-8-31 18:22:41-debug: Run asset db hook engine-extends:afterRefresh ...
2026-8-31 18:22:41-debug: Run asset db hook engine-extends:afterRefresh success!
2026-8-31 18:22:41-debug: asset-db:refresh-all-database (110ms)
2026-8-31 18:22:41-debug: asset-db:worker-effect-data-processing (1ms)
2026-8-31 18:22:41-debug: asset-db-hook-engine-extends-afterRefresh (2ms)
2026-8-31 18:23:53-debug: refresh db internal success
2026-8-31 18:23:53-debug: refresh db assets success
2026-8-31 18:23:53-debug: Run asset db hook engine-extends:afterRefresh ...
2026-8-31 18:23:53-debug: Run asset db hook engine-extends:afterRefresh success!
2026-8-31 18:23:53-debug: asset-db:refresh-all-database (100ms)
2026-8-31 18:23:53-debug: asset-db:worker-effect-data-processing (2ms)
2026-8-31 18:23:53-debug: asset-db-hook-engine-extends-afterRefresh (3ms)
2026-8-31 18:25:00-debug: refresh db internal success
2026-8-31 18:25:00-debug: refresh db assets success
2026-8-31 18:25:00-debug: Run asset db hook engine-extends:afterRefresh ...
2026-8-31 18:25:00-debug: Run asset db hook engine-extends:afterRefresh success!
2026-8-31 18:25:00-debug: asset-db:refresh-all-database (105ms)
2026-8-31 18:25:00-debug: asset-db:worker-effect-data-processing (1ms)
2026-8-31 18:25:00-debug: asset-db-hook-engine-extends-afterRefresh (1ms)
2026-8-31 18:26:03-debug: refresh db internal success
2026-8-31 18:26:03-debug: refresh db assets success
2026-8-31 18:26:03-debug: Run asset db hook engine-extends:afterRefresh ...
2026-8-31 18:26:03-debug: Run asset db hook engine-extends:afterRefresh success!
2026-8-31 18:26:03-debug: asset-db:refresh-all-database (101ms)
2026-8-31 18:26:03-debug: asset-db:worker-effect-data-processing (2ms)
2026-8-31 18:26:03-debug: asset-db-hook-engine-extends-afterRefresh (2ms)
2026-8-31 18:28:26-debug: refresh db internal success
2026-8-31 18:28:26-debug: refresh db assets success
2026-8-31 18:28:26-debug: Run asset db hook engine-extends:afterRefresh ...
2026-8-31 18:28:26-debug: Run asset db hook engine-extends:afterRefresh success!
2026-8-31 18:28:26-debug: asset-db:refresh-all-database (98ms)
2026-8-31 18:28:26-debug: asset-db:worker-effect-data-processing (1ms)
2026-8-31 18:28:26-debug: asset-db-hook-engine-extends-afterRefresh (1ms)
2026-8-31 18:31:48-debug: refresh db internal success
2026-8-31 18:31:48-debug: %cImport%c: D:\GameByself\Cocos\Project1\assets\Scripts\Car.tsbackground: #aaff85; color: #000;color: #000;
2026-8-31 18:31:48-debug: refresh db assets success
2026-8-31 18:31:48-debug: Run asset db hook engine-extends:afterRefresh ...
2026-8-31 18:31:48-debug: Run asset db hook engine-extends:afterRefresh success!
2026-8-31 18:31:48-debug: asset-db:refresh-all-database (113ms)
2026-8-31 18:31:48-debug: asset-db:worker-effect-data-processing (1ms)
2026-8-31 18:31:48-debug: asset-db-hook-engine-extends-afterRefresh (2ms)
2026-8-31 18:31:50-debug: %cImport%c: D:\GameByself\Cocos\Project1\assets\Scenes\scene.scenebackground: #aaff85; color: #000;color: #000;
2026-8-31 18:31:50-debug: asset-db:reimport-assetcb02e093-8bba-4046-8e6e-d0462e7be5da (17ms)
2026-8-31 18:31:55-debug: Query all assets info in project
2026-8-31 18:31:55-debug: init custom config: keepNodeUuid: false, useCache: true
2026-8-31 18:31:55-debug: Skip compress image, progress: 0%
2026-8-31 18:31:55-debug: Init all bundles start..., progress: 0%
2026-8-31 18:31:55-debug: 查询 Asset Bundle start, progress: 0%
2026-8-31 18:31:55-debug: // ---- build task 查询 Asset Bundle ----
2026-8-31 18:31:55-debug: Init bundle root assets start..., progress: 0%
2026-8-31 18:31:55-debug: Num of bundles: 3..., progress: 0%
2026-8-31 18:31:55-debug: Query preload assets/scripts from cc.config.json: 60f7195c-ec2a-45eb-ba94-8955f60e81d0,1c02ae6f-4492-4915-b8f8-7492a3b1e4cd,810e96e4-e456-4468-9b59-f4e8f39732c0,efe8e2a3-eace-427b-b4f1-cb8a937ec77d,e9aa9a3e-5b2b-4ac7-a2c7-073de2b2b24f,8bbdbcdd-5cd4-4100-b6d5-b7c9625b6107,50f4348b-c883-4e2f-8f11-ce233b859fa1,fda095cb-831d-4601-ad94-846013963de8,f92806d7-1768-443f-afe8-12bcde84d0f0,dd3a144d-ab7f-41f0-82b8-2e43a090d496,f0416e68-0200-4b77-a926-4f9d16e494da,511d2633-09a7-4bdd-ac42-f778032124b3,5d45aa00-e064-4938-b314-4265f0c2258c,9361fd90-ba52-4f84-aa93-6e878fd576ca,970b0598-bcb0-4714-91fb-2e81440dccd8,bcd64cc6-2dd9-43f6-abbe-66318d332032,d930590d-bb92-4cc8-8bd1-23cd027f9edf,a3cd009f-0ab0-420d-9278-b9fdab939bbc,6a2d0734-bd9e-4ddf-946e-caa52498cb75,c27215d8-6835-4b68-bfbb-bdeac6100c04,b5d6115f-0370-4d7c-aad3-c194cc71cf98,d1346436-ac96-4271-b863-1f4fdead95b0,971bdb23-3ff6-43eb-b422-1c30165a3663,17debcc3-0a6b-4b8a-b00b-dc58b885581e,711ebe11-f673-4cd9-9a83-63c60ba54c5b,c0143906-9aed-447e-9436-2ae8512d1b6e,14da1725-c4c2-42b4-ab08-ee0aeb6898b3,081cab31-dccd-428e-8652-f2404cc81c47,78e0584a-4343-4727-8f37-e14e65c2a2db,ba21476f-2866-4f81-9c4d-6e359316e448,871c3b6c-7379-419d-bda3-794b239ab90d,1d08ef62-a503-4ce2-8b9a-46c90873f7d3,ff9b0199-ce04-4cfe-86cc-6c719f08d6e4,de1c2107-70c8-4021-8459-6399f24d01c6,cbf30902-517f-40dc-af90-a550bac27cf1,5c601d96-e4c7-4698-991b-7ee674b11079
2026-8-31 18:31:55-debug:   Number of all scenes: 1
2026-8-31 18:31:55-debug:   Number of other assets: 318
2026-8-31 18:31:55-debug: Init bundle root assets success..., progress: 0%
2026-8-31 18:31:55-log: run build task 查询 Asset Bundle success in 8 ms√, progress: 5%
2026-8-31 18:31:55-debug: 查询 Asset Bundle start, progress: 5%
2026-8-31 18:31:55-debug: [Build Memory track]: 查询 Asset Bundle start:240.91MB, end 240.69MB, increase: -223.41KB
2026-8-31 18:31:55-debug:   Number of all scripts: 7
2026-8-31 18:31:55-debug: // ---- build task 查询 Asset Bundle ---- (8ms)
2026-8-31 18:31:55-debug: // ---- build task 查询 Asset Bundle ----
2026-8-31 18:31:55-debug: // ---- build task 查询 Asset Bundle ---- (3ms)
2026-8-31 18:31:55-log: run build task 查询 Asset Bundle success in 3 ms√, progress: 10%
2026-8-31 18:31:55-debug: // ---- build task 整理部分构建选项内数据到 settings.json ----
2026-8-31 18:31:55-debug: [Build Memory track]: 查询 Asset Bundle start:240.73MB, end 240.83MB, increase: 105.82KB
2026-8-31 18:31:55-debug: 整理部分构建选项内数据到 settings.json start, progress: 10%
2026-8-31 18:31:55-debug: // ---- build task 整理部分构建选项内数据到 settings.json ---- (2ms)
2026-8-31 18:31:55-log: run build task 整理部分构建选项内数据到 settings.json success in 2 ms√, progress: 12%
2026-8-31 18:31:55-debug: 填充脚本数据到 settings.json start, progress: 12%
2026-8-31 18:31:55-debug: [Build Memory track]: 整理部分构建选项内数据到 settings.json start:240.86MB, end 240.89MB, increase: 26.84KB
2026-8-31 18:31:55-debug: // ---- build task 填充脚本数据到 settings.json ----
2026-8-31 18:31:55-debug: // ---- build task 填充脚本数据到 settings.json ---- (2ms)
2026-8-31 18:31:55-log: run build task 填充脚本数据到 settings.json success in 2 ms√, progress: 13%
2026-8-31 18:31:55-debug: [Build Memory track]: 填充脚本数据到 settings.json start:240.92MB, end 240.94MB, increase: 26.36KB
2026-8-31 18:31:55-debug: 整理部分构建选项内数据到 settings.json start, progress: 13%
2026-8-31 18:31:55-debug: // ---- build task 整理部分构建选项内数据到 settings.json ----
2026-8-31 18:31:55-debug: // ---- build task 整理部分构建选项内数据到 settings.json ---- (4ms)
2026-8-31 18:31:55-log: run build task 整理部分构建选项内数据到 settings.json success in 4 ms√, progress: 15%
2026-8-31 18:31:55-debug: [Build Memory track]: 整理部分构建选项内数据到 settings.json start:240.97MB, end 241.10MB, increase: 130.57KB
2026-8-31 18:32:08-debug: refresh db internal success
2026-8-31 18:32:08-debug: refresh db assets success
2026-8-31 18:32:08-debug: Run asset db hook engine-extends:afterRefresh ...
2026-8-31 18:32:08-debug: Run asset db hook engine-extends:afterRefresh success!
2026-8-31 18:32:08-debug: asset-db:refresh-all-database (124ms)
2026-8-31 18:32:08-debug: asset-db:worker-effect-data-processing (2ms)
2026-8-31 18:32:08-debug: asset-db-hook-engine-extends-afterRefresh (2ms)
2026-8-31 18:32:53-debug: refresh db internal success
2026-8-31 18:32:53-debug: %cImport%c: D:\GameByself\Cocos\Project1\assets\Scripts\Car.tsbackground: #aaff85; color: #000;color: #000;
2026-8-31 18:32:53-debug: refresh db assets success
2026-8-31 18:32:53-debug: Run asset db hook engine-extends:afterRefresh ...
2026-8-31 18:32:53-debug: Run asset db hook engine-extends:afterRefresh success!
2026-8-31 18:32:53-debug: asset-db:refresh-all-database (107ms)
2026-8-31 18:32:53-debug: asset-db:worker-effect-data-processing (2ms)
2026-8-31 18:32:53-debug: asset-db-hook-engine-extends-afterRefresh (2ms)
2026-8-31 18:32:54-debug: Query all assets info in project
2026-8-31 18:32:54-debug: init custom config: keepNodeUuid: false, useCache: true
2026-8-31 18:32:54-debug: Skip compress image, progress: 0%
2026-8-31 18:32:54-debug: Init all bundles start..., progress: 0%
2026-8-31 18:32:54-debug: 查询 Asset Bundle start, progress: 0%
2026-8-31 18:32:54-debug: Init bundle root assets start..., progress: 0%
2026-8-31 18:32:54-debug: // ---- build task 查询 Asset Bundle ----
2026-8-31 18:32:54-debug: Num of bundles: 3..., progress: 0%
2026-8-31 18:32:54-debug: Query preload assets/scripts from cc.config.json: 60f7195c-ec2a-45eb-ba94-8955f60e81d0,1c02ae6f-4492-4915-b8f8-7492a3b1e4cd,810e96e4-e456-4468-9b59-f4e8f39732c0,efe8e2a3-eace-427b-b4f1-cb8a937ec77d,e9aa9a3e-5b2b-4ac7-a2c7-073de2b2b24f,8bbdbcdd-5cd4-4100-b6d5-b7c9625b6107,50f4348b-c883-4e2f-8f11-ce233b859fa1,fda095cb-831d-4601-ad94-846013963de8,f92806d7-1768-443f-afe8-12bcde84d0f0,dd3a144d-ab7f-41f0-82b8-2e43a090d496,f0416e68-0200-4b77-a926-4f9d16e494da,511d2633-09a7-4bdd-ac42-f778032124b3,5d45aa00-e064-4938-b314-4265f0c2258c,9361fd90-ba52-4f84-aa93-6e878fd576ca,970b0598-bcb0-4714-91fb-2e81440dccd8,bcd64cc6-2dd9-43f6-abbe-66318d332032,d930590d-bb92-4cc8-8bd1-23cd027f9edf,a3cd009f-0ab0-420d-9278-b9fdab939bbc,6a2d0734-bd9e-4ddf-946e-caa52498cb75,c27215d8-6835-4b68-bfbb-bdeac6100c04,b5d6115f-0370-4d7c-aad3-c194cc71cf98,d1346436-ac96-4271-b863-1f4fdead95b0,971bdb23-3ff6-43eb-b422-1c30165a3663,17debcc3-0a6b-4b8a-b00b-dc58b885581e,711ebe11-f673-4cd9-9a83-63c60ba54c5b,c0143906-9aed-447e-9436-2ae8512d1b6e,14da1725-c4c2-42b4-ab08-ee0aeb6898b3,081cab31-dccd-428e-8652-f2404cc81c47,78e0584a-4343-4727-8f37-e14e65c2a2db,ba21476f-2866-4f81-9c4d-6e359316e448,871c3b6c-7379-419d-bda3-794b239ab90d,1d08ef62-a503-4ce2-8b9a-46c90873f7d3,ff9b0199-ce04-4cfe-86cc-6c719f08d6e4,de1c2107-70c8-4021-8459-6399f24d01c6,cbf30902-517f-40dc-af90-a550bac27cf1,5c601d96-e4c7-4698-991b-7ee674b11079
2026-8-31 18:32:54-debug:   Number of all scenes: 1
2026-8-31 18:32:54-debug:   Number of all scripts: 7
2026-8-31 18:32:54-debug:   Number of other assets: 318
2026-8-31 18:32:54-debug: Init bundle root assets success..., progress: 0%
2026-8-31 18:32:54-debug: // ---- build task 查询 Asset Bundle ---- (12ms)
2026-8-31 18:32:54-log: run build task 查询 Asset Bundle success in 12 ms√, progress: 5%
2026-8-31 18:32:54-debug: [Build Memory track]: 查询 Asset Bundle start:243.87MB, end 243.56MB, increase: -319.98KB
2026-8-31 18:32:54-debug: 查询 Asset Bundle start, progress: 5%
2026-8-31 18:32:54-debug: // ---- build task 查询 Asset Bundle ----
2026-8-31 18:32:54-debug: // ---- build task 查询 Asset Bundle ---- (6ms)
2026-8-31 18:32:54-log: run build task 查询 Asset Bundle success in 6 ms√, progress: 10%
2026-8-31 18:32:54-debug: // ---- build task 整理部分构建选项内数据到 settings.json ----
2026-8-31 18:32:54-debug: [Build Memory track]: 查询 Asset Bundle start:243.59MB, end 243.69MB, increase: 102.65KB
2026-8-31 18:32:54-debug: 整理部分构建选项内数据到 settings.json start, progress: 10%
2026-8-31 18:32:54-debug: // ---- build task 整理部分构建选项内数据到 settings.json ---- (3ms)
2026-8-31 18:32:54-log: run build task 整理部分构建选项内数据到 settings.json success in 3 ms√, progress: 12%
2026-8-31 18:32:54-debug: [Build Memory track]: 整理部分构建选项内数据到 settings.json start:243.72MB, end 242.99MB, increase: -752.18KB
2026-8-31 18:32:54-debug: 填充脚本数据到 settings.json start, progress: 12%
2026-8-31 18:32:54-debug: // ---- build task 填充脚本数据到 settings.json ----
2026-8-31 18:32:54-debug: // ---- build task 填充脚本数据到 settings.json ---- (3ms)
2026-8-31 18:32:54-log: run build task 填充脚本数据到 settings.json success in 3 ms√, progress: 13%
2026-8-31 18:32:54-debug: 整理部分构建选项内数据到 settings.json start, progress: 13%
2026-8-31 18:32:54-debug: [Build Memory track]: 填充脚本数据到 settings.json start:243.02MB, end 243.04MB, increase: 26.22KB
2026-8-31 18:32:54-debug: // ---- build task 整理部分构建选项内数据到 settings.json ----
2026-8-31 18:32:54-debug: // ---- build task 整理部分构建选项内数据到 settings.json ---- (10ms)
2026-8-31 18:32:54-log: run build task 整理部分构建选项内数据到 settings.json success in 10 ms√, progress: 15%
2026-8-31 18:32:54-debug: [Build Memory track]: 整理部分构建选项内数据到 settings.json start:243.08MB, end 243.21MB, increase: 140.60KB
2026-8-31 18:33:02-debug: refresh db internal success
2026-8-31 18:33:02-debug: refresh db assets success
2026-8-31 18:33:02-debug: Run asset db hook engine-extends:afterRefresh ...
2026-8-31 18:33:02-debug: Run asset db hook engine-extends:afterRefresh success!
2026-8-31 18:33:02-debug: asset-db:refresh-all-database (112ms)
2026-8-31 18:33:02-debug: asset-db:worker-effect-data-processing (2ms)
2026-8-31 18:33:02-debug: asset-db-hook-engine-extends-afterRefresh (2ms)
2026-8-31 18:33:21-debug: Query all assets info in project
2026-8-31 18:33:21-debug: init custom config: keepNodeUuid: false, useCache: true
2026-8-31 18:33:21-debug: Skip compress image, progress: 0%
2026-8-31 18:33:21-debug: Init all bundles start..., progress: 0%
2026-8-31 18:33:21-debug: // ---- build task 查询 Asset Bundle ----
2026-8-31 18:33:21-debug: Init bundle root assets start..., progress: 0%
2026-8-31 18:33:21-debug: 查询 Asset Bundle start, progress: 0%
2026-8-31 18:33:21-debug: Num of bundles: 3..., progress: 0%
2026-8-31 18:33:21-debug: Query preload assets/scripts from cc.config.json: 60f7195c-ec2a-45eb-ba94-8955f60e81d0,1c02ae6f-4492-4915-b8f8-7492a3b1e4cd,810e96e4-e456-4468-9b59-f4e8f39732c0,efe8e2a3-eace-427b-b4f1-cb8a937ec77d,e9aa9a3e-5b2b-4ac7-a2c7-073de2b2b24f,8bbdbcdd-5cd4-4100-b6d5-b7c9625b6107,50f4348b-c883-4e2f-8f11-ce233b859fa1,fda095cb-831d-4601-ad94-846013963de8,f92806d7-1768-443f-afe8-12bcde84d0f0,dd3a144d-ab7f-41f0-82b8-2e43a090d496,f0416e68-0200-4b77-a926-4f9d16e494da,511d2633-09a7-4bdd-ac42-f778032124b3,5d45aa00-e064-4938-b314-4265f0c2258c,9361fd90-ba52-4f84-aa93-6e878fd576ca,970b0598-bcb0-4714-91fb-2e81440dccd8,bcd64cc6-2dd9-43f6-abbe-66318d332032,d930590d-bb92-4cc8-8bd1-23cd027f9edf,a3cd009f-0ab0-420d-9278-b9fdab939bbc,6a2d0734-bd9e-4ddf-946e-caa52498cb75,c27215d8-6835-4b68-bfbb-bdeac6100c04,b5d6115f-0370-4d7c-aad3-c194cc71cf98,d1346436-ac96-4271-b863-1f4fdead95b0,971bdb23-3ff6-43eb-b422-1c30165a3663,17debcc3-0a6b-4b8a-b00b-dc58b885581e,711ebe11-f673-4cd9-9a83-63c60ba54c5b,c0143906-9aed-447e-9436-2ae8512d1b6e,14da1725-c4c2-42b4-ab08-ee0aeb6898b3,081cab31-dccd-428e-8652-f2404cc81c47,78e0584a-4343-4727-8f37-e14e65c2a2db,ba21476f-2866-4f81-9c4d-6e359316e448,871c3b6c-7379-419d-bda3-794b239ab90d,1d08ef62-a503-4ce2-8b9a-46c90873f7d3,ff9b0199-ce04-4cfe-86cc-6c719f08d6e4,de1c2107-70c8-4021-8459-6399f24d01c6,cbf30902-517f-40dc-af90-a550bac27cf1,5c601d96-e4c7-4698-991b-7ee674b11079
2026-8-31 18:33:21-debug:   Number of all scripts: 7
2026-8-31 18:33:21-debug:   Number of other assets: 318
2026-8-31 18:33:21-debug: Init bundle root assets success..., progress: 0%
2026-8-31 18:33:21-debug:   Number of all scenes: 1
2026-8-31 18:33:21-debug: // ---- build task 查询 Asset Bundle ---- (9ms)
2026-8-31 18:33:21-log: run build task 查询 Asset Bundle success in 9 ms√, progress: 5%
2026-8-31 18:33:21-debug: 查询 Asset Bundle start, progress: 5%
2026-8-31 18:33:21-debug: [Build Memory track]: 查询 Asset Bundle start:244.46MB, end 244.17MB, increase: -293.36KB
2026-8-31 18:33:21-debug: // ---- build task 查询 Asset Bundle ----
2026-8-31 18:33:21-debug: // ---- build task 查询 Asset Bundle ---- (4ms)
2026-8-31 18:33:21-log: run build task 查询 Asset Bundle success in 4 ms√, progress: 10%
2026-8-31 18:33:21-debug: [Build Memory track]: 查询 Asset Bundle start:244.20MB, end 244.30MB, increase: 102.58KB
2026-8-31 18:33:21-debug: 整理部分构建选项内数据到 settings.json start, progress: 10%
2026-8-31 18:33:21-debug: // ---- build task 整理部分构建选项内数据到 settings.json ----
2026-8-31 18:33:21-debug: // ---- build task 整理部分构建选项内数据到 settings.json ---- (1ms)
2026-8-31 18:33:21-debug: [Build Memory track]: 整理部分构建选项内数据到 settings.json start:244.34MB, end 244.36MB, increase: 26.90KB
2026-8-31 18:33:21-log: run build task 整理部分构建选项内数据到 settings.json success in 1 ms√, progress: 12%
2026-8-31 18:33:21-debug: 填充脚本数据到 settings.json start, progress: 12%
2026-8-31 18:33:21-debug: // ---- build task 填充脚本数据到 settings.json ----
2026-8-31 18:33:21-debug: // ---- build task 填充脚本数据到 settings.json ---- (2ms)
2026-8-31 18:33:21-log: run build task 填充脚本数据到 settings.json success in 2 ms√, progress: 13%
2026-8-31 18:33:21-debug: [Build Memory track]: 填充脚本数据到 settings.json start:244.39MB, end 244.42MB, increase: 26.25KB
2026-8-31 18:33:21-debug: 整理部分构建选项内数据到 settings.json start, progress: 13%
2026-8-31 18:33:21-debug: // ---- build task 整理部分构建选项内数据到 settings.json ----
2026-8-31 18:33:21-debug: // ---- build task 整理部分构建选项内数据到 settings.json ---- (6ms)
2026-8-31 18:33:21-log: run build task 整理部分构建选项内数据到 settings.json success in 6 ms√, progress: 15%
2026-8-31 18:33:21-debug: [Build Memory track]: 整理部分构建选项内数据到 settings.json start:244.45MB, end 244.57MB, increase: 126.27KB
2026-8-31 18:33:23-debug: refresh db internal success
2026-8-31 18:33:23-debug: refresh db assets success
2026-8-31 18:33:23-debug: Run asset db hook engine-extends:afterRefresh ...
2026-8-31 18:33:23-debug: Run asset db hook engine-extends:afterRefresh success!
2026-8-31 18:33:23-debug: asset-db:refresh-all-database (238ms)
2026-8-31 18:33:23-debug: asset-db:worker-effect-data-processing (7ms)
2026-8-31 18:33:23-debug: asset-db-hook-engine-extends-afterRefresh (7ms)
2026-8-31 18:33:24-debug: %cImport%c: D:\GameByself\Cocos\Project1\assets\Scenes\scene.scenebackground: #aaff85; color: #000;color: #000;
2026-8-31 18:33:24-debug: asset-db:reimport-assetcb02e093-8bba-4046-8e6e-d0462e7be5da (16ms)
2026-8-31 18:33:26-debug: Query all assets info in project
2026-8-31 18:33:26-debug: init custom config: keepNodeUuid: false, useCache: true
2026-8-31 18:33:26-debug: Skip compress image, progress: 0%
2026-8-31 18:33:26-debug: Init all bundles start..., progress: 0%
2026-8-31 18:33:26-debug: // ---- build task 查询 Asset Bundle ----
2026-8-31 18:33:26-debug: Init bundle root assets start..., progress: 0%
2026-8-31 18:33:26-debug: 查询 Asset Bundle start, progress: 0%
2026-8-31 18:33:26-debug: Num of bundles: 3..., progress: 0%
2026-8-31 18:33:26-debug: Query preload assets/scripts from cc.config.json: 60f7195c-ec2a-45eb-ba94-8955f60e81d0,1c02ae6f-4492-4915-b8f8-7492a3b1e4cd,810e96e4-e456-4468-9b59-f4e8f39732c0,efe8e2a3-eace-427b-b4f1-cb8a937ec77d,e9aa9a3e-5b2b-4ac7-a2c7-073de2b2b24f,8bbdbcdd-5cd4-4100-b6d5-b7c9625b6107,50f4348b-c883-4e2f-8f11-ce233b859fa1,fda095cb-831d-4601-ad94-846013963de8,f92806d7-1768-443f-afe8-12bcde84d0f0,dd3a144d-ab7f-41f0-82b8-2e43a090d496,f0416e68-0200-4b77-a926-4f9d16e494da,511d2633-09a7-4bdd-ac42-f778032124b3,5d45aa00-e064-4938-b314-4265f0c2258c,9361fd90-ba52-4f84-aa93-6e878fd576ca,970b0598-bcb0-4714-91fb-2e81440dccd8,bcd64cc6-2dd9-43f6-abbe-66318d332032,d930590d-bb92-4cc8-8bd1-23cd027f9edf,a3cd009f-0ab0-420d-9278-b9fdab939bbc,6a2d0734-bd9e-4ddf-946e-caa52498cb75,c27215d8-6835-4b68-bfbb-bdeac6100c04,b5d6115f-0370-4d7c-aad3-c194cc71cf98,d1346436-ac96-4271-b863-1f4fdead95b0,971bdb23-3ff6-43eb-b422-1c30165a3663,17debcc3-0a6b-4b8a-b00b-dc58b885581e,711ebe11-f673-4cd9-9a83-63c60ba54c5b,c0143906-9aed-447e-9436-2ae8512d1b6e,14da1725-c4c2-42b4-ab08-ee0aeb6898b3,081cab31-dccd-428e-8652-f2404cc81c47,78e0584a-4343-4727-8f37-e14e65c2a2db,ba21476f-2866-4f81-9c4d-6e359316e448,871c3b6c-7379-419d-bda3-794b239ab90d,1d08ef62-a503-4ce2-8b9a-46c90873f7d3,ff9b0199-ce04-4cfe-86cc-6c719f08d6e4,de1c2107-70c8-4021-8459-6399f24d01c6,cbf30902-517f-40dc-af90-a550bac27cf1,5c601d96-e4c7-4698-991b-7ee674b11079
2026-8-31 18:33:26-debug:   Number of all scenes: 1
2026-8-31 18:33:26-debug:   Number of all scripts: 7
2026-8-31 18:33:26-debug:   Number of other assets: 318
2026-8-31 18:33:26-debug: Init bundle root assets success..., progress: 0%
2026-8-31 18:33:26-debug: // ---- build task 查询 Asset Bundle ---- (8ms)
2026-8-31 18:33:26-debug: [Build Memory track]: 查询 Asset Bundle start:223.67MB, end 224.35MB, increase: 699.44KB
2026-8-31 18:33:26-debug: 查询 Asset Bundle start, progress: 5%
2026-8-31 18:33:26-log: run build task 查询 Asset Bundle success in 8 ms√, progress: 5%
2026-8-31 18:33:26-debug: // ---- build task 查询 Asset Bundle ----
2026-8-31 18:33:26-debug: // ---- build task 查询 Asset Bundle ---- (4ms)
2026-8-31 18:33:26-debug: [Build Memory track]: 查询 Asset Bundle start:224.39MB, end 222.98MB, increase: -1443.75KB
2026-8-31 18:33:26-log: run build task 查询 Asset Bundle success in 4 ms√, progress: 10%
2026-8-31 18:33:26-debug: 整理部分构建选项内数据到 settings.json start, progress: 10%
2026-8-31 18:33:26-debug: // ---- build task 整理部分构建选项内数据到 settings.json ----
2026-8-31 18:33:26-debug: // ---- build task 整理部分构建选项内数据到 settings.json ---- (2ms)
2026-8-31 18:33:26-log: run build task 整理部分构建选项内数据到 settings.json success in 2 ms√, progress: 12%
2026-8-31 18:33:26-debug: // ---- build task 填充脚本数据到 settings.json ----
2026-8-31 18:33:26-debug: [Build Memory track]: 整理部分构建选项内数据到 settings.json start:223.01MB, end 223.03MB, increase: 27.79KB
2026-8-31 18:33:26-debug: 填充脚本数据到 settings.json start, progress: 12%
2026-8-31 18:33:26-debug: // ---- build task 填充脚本数据到 settings.json ---- (2ms)
2026-8-31 18:33:26-log: run build task 填充脚本数据到 settings.json success in 2 ms√, progress: 13%
2026-8-31 18:33:26-debug: [Build Memory track]: 填充脚本数据到 settings.json start:223.06MB, end 223.09MB, increase: 26.36KB
2026-8-31 18:33:26-debug: 整理部分构建选项内数据到 settings.json start, progress: 13%
2026-8-31 18:33:26-debug: // ---- build task 整理部分构建选项内数据到 settings.json ----
2026-8-31 18:33:26-debug: // ---- build task 整理部分构建选项内数据到 settings.json ---- (5ms)
2026-8-31 18:33:26-log: run build task 整理部分构建选项内数据到 settings.json success in 5 ms√, progress: 15%
2026-8-31 18:33:26-debug: [Build Memory track]: 整理部分构建选项内数据到 settings.json start:223.12MB, end 223.25MB, increase: 133.75KB
2026-8-31 18:33:43-debug: Query all assets info in project
2026-8-31 18:33:43-debug: init custom config: keepNodeUuid: false, useCache: true
2026-8-31 18:33:43-debug: Skip compress image, progress: 0%
2026-8-31 18:33:43-debug: Init all bundles start..., progress: 0%
2026-8-31 18:33:43-debug: // ---- build task 查询 Asset Bundle ----
2026-8-31 18:33:43-debug: Num of bundles: 3..., progress: 0%
2026-8-31 18:33:43-debug: 查询 Asset Bundle start, progress: 0%
2026-8-31 18:33:43-debug: Init bundle root assets start..., progress: 0%
2026-8-31 18:33:43-debug: Query preload assets/scripts from cc.config.json: 60f7195c-ec2a-45eb-ba94-8955f60e81d0,1c02ae6f-4492-4915-b8f8-7492a3b1e4cd,810e96e4-e456-4468-9b59-f4e8f39732c0,efe8e2a3-eace-427b-b4f1-cb8a937ec77d,e9aa9a3e-5b2b-4ac7-a2c7-073de2b2b24f,8bbdbcdd-5cd4-4100-b6d5-b7c9625b6107,50f4348b-c883-4e2f-8f11-ce233b859fa1,fda095cb-831d-4601-ad94-846013963de8,f92806d7-1768-443f-afe8-12bcde84d0f0,dd3a144d-ab7f-41f0-82b8-2e43a090d496,f0416e68-0200-4b77-a926-4f9d16e494da,511d2633-09a7-4bdd-ac42-f778032124b3,5d45aa00-e064-4938-b314-4265f0c2258c,9361fd90-ba52-4f84-aa93-6e878fd576ca,970b0598-bcb0-4714-91fb-2e81440dccd8,bcd64cc6-2dd9-43f6-abbe-66318d332032,d930590d-bb92-4cc8-8bd1-23cd027f9edf,a3cd009f-0ab0-420d-9278-b9fdab939bbc,6a2d0734-bd9e-4ddf-946e-caa52498cb75,c27215d8-6835-4b68-bfbb-bdeac6100c04,b5d6115f-0370-4d7c-aad3-c194cc71cf98,d1346436-ac96-4271-b863-1f4fdead95b0,971bdb23-3ff6-43eb-b422-1c30165a3663,17debcc3-0a6b-4b8a-b00b-dc58b885581e,711ebe11-f673-4cd9-9a83-63c60ba54c5b,c0143906-9aed-447e-9436-2ae8512d1b6e,14da1725-c4c2-42b4-ab08-ee0aeb6898b3,081cab31-dccd-428e-8652-f2404cc81c47,78e0584a-4343-4727-8f37-e14e65c2a2db,ba21476f-2866-4f81-9c4d-6e359316e448,871c3b6c-7379-419d-bda3-794b239ab90d,1d08ef62-a503-4ce2-8b9a-46c90873f7d3,ff9b0199-ce04-4cfe-86cc-6c719f08d6e4,de1c2107-70c8-4021-8459-6399f24d01c6,cbf30902-517f-40dc-af90-a550bac27cf1,5c601d96-e4c7-4698-991b-7ee674b11079
2026-8-31 18:33:43-debug:   Number of all scenes: 1
2026-8-31 18:33:43-debug:   Number of all scripts: 7
2026-8-31 18:33:43-debug:   Number of other assets: 318
2026-8-31 18:33:43-debug: // ---- build task 查询 Asset Bundle ---- (7ms)
2026-8-31 18:33:43-debug: [Build Memory track]: 查询 Asset Bundle start:224.11MB, end 223.03MB, increase: -1107.66KB
2026-8-31 18:33:43-debug: 查询 Asset Bundle start, progress: 5%
2026-8-31 18:33:43-debug: Init bundle root assets success..., progress: 0%
2026-8-31 18:33:43-log: run build task 查询 Asset Bundle success in 7 ms√, progress: 5%
2026-8-31 18:33:43-debug: // ---- build task 查询 Asset Bundle ----
2026-8-31 18:33:43-debug: // ---- build task 查询 Asset Bundle ---- (4ms)
2026-8-31 18:33:43-log: run build task 查询 Asset Bundle success in 4 ms√, progress: 10%
2026-8-31 18:33:43-debug: 整理部分构建选项内数据到 settings.json start, progress: 10%
2026-8-31 18:33:43-debug: // ---- build task 整理部分构建选项内数据到 settings.json ----
2026-8-31 18:33:43-debug: [Build Memory track]: 查询 Asset Bundle start:223.06MB, end 223.16MB, increase: 105.59KB
2026-8-31 18:33:43-debug: // ---- build task 整理部分构建选项内数据到 settings.json ---- (2ms)
2026-8-31 18:33:43-log: run build task 整理部分构建选项内数据到 settings.json success in 2 ms√, progress: 12%
2026-8-31 18:33:43-debug: 填充脚本数据到 settings.json start, progress: 12%
2026-8-31 18:33:43-debug: [Build Memory track]: 整理部分构建选项内数据到 settings.json start:223.20MB, end 223.22MB, increase: 26.83KB
2026-8-31 18:33:43-debug: // ---- build task 填充脚本数据到 settings.json ----
2026-8-31 18:33:43-debug: // ---- build task 填充脚本数据到 settings.json ---- (1ms)
2026-8-31 18:33:43-log: run build task 填充脚本数据到 settings.json success in 1 ms√, progress: 13%
2026-8-31 18:33:43-debug: 整理部分构建选项内数据到 settings.json start, progress: 13%
2026-8-31 18:33:43-debug: // ---- build task 整理部分构建选项内数据到 settings.json ----
2026-8-31 18:33:43-debug: [Build Memory track]: 填充脚本数据到 settings.json start:223.25MB, end 223.28MB, increase: 25.42KB
2026-8-31 18:33:43-debug: // ---- build task 整理部分构建选项内数据到 settings.json ---- (6ms)
2026-8-31 18:33:43-log: run build task 整理部分构建选项内数据到 settings.json success in 6 ms√, progress: 15%
2026-8-31 18:33:43-debug: [Build Memory track]: 整理部分构建选项内数据到 settings.json start:223.31MB, end 223.44MB, increase: 131.44KB
2026-8-31 18:33:54-debug: refresh db internal success
2026-8-31 18:33:54-debug: refresh db assets success
2026-8-31 18:33:54-debug: Run asset db hook engine-extends:afterRefresh ...
2026-8-31 18:33:54-debug: Run asset db hook engine-extends:afterRefresh success!
2026-8-31 18:33:54-debug: asset-db:refresh-all-database (124ms)
2026-8-31 18:33:54-debug: asset-db:worker-effect-data-processing (3ms)
2026-8-31 18:33:54-debug: asset-db-hook-engine-extends-afterRefresh (3ms)
2026-8-31 18:36:43-debug: %cImport%c: D:\GameByself\Cocos\Project1\assets\Scenes\scene.scenebackground: #aaff85; color: #000;color: #000;
2026-8-31 18:36:43-debug: asset-db:reimport-assetcb02e093-8bba-4046-8e6e-d0462e7be5da (18ms)
2026-8-31 18:36:43-debug: Query all assets info in project
2026-8-31 18:36:43-debug: init custom config: keepNodeUuid: false, useCache: true
2026-8-31 18:36:43-debug: Skip compress image, progress: 0%
2026-8-31 18:36:43-debug: Init all bundles start..., progress: 0%
2026-8-31 18:36:43-debug: Num of bundles: 3..., progress: 0%
2026-8-31 18:36:43-debug: Init bundle root assets start..., progress: 0%
2026-8-31 18:36:43-debug: 查询 Asset Bundle start, progress: 0%
2026-8-31 18:36:43-debug: // ---- build task 查询 Asset Bundle ----
2026-8-31 18:36:43-debug: Query preload assets/scripts from cc.config.json: 60f7195c-ec2a-45eb-ba94-8955f60e81d0,1c02ae6f-4492-4915-b8f8-7492a3b1e4cd,810e96e4-e456-4468-9b59-f4e8f39732c0,efe8e2a3-eace-427b-b4f1-cb8a937ec77d,e9aa9a3e-5b2b-4ac7-a2c7-073de2b2b24f,8bbdbcdd-5cd4-4100-b6d5-b7c9625b6107,50f4348b-c883-4e2f-8f11-ce233b859fa1,fda095cb-831d-4601-ad94-846013963de8,f92806d7-1768-443f-afe8-12bcde84d0f0,dd3a144d-ab7f-41f0-82b8-2e43a090d496,f0416e68-0200-4b77-a926-4f9d16e494da,511d2633-09a7-4bdd-ac42-f778032124b3,5d45aa00-e064-4938-b314-4265f0c2258c,9361fd90-ba52-4f84-aa93-6e878fd576ca,970b0598-bcb0-4714-91fb-2e81440dccd8,bcd64cc6-2dd9-43f6-abbe-66318d332032,d930590d-bb92-4cc8-8bd1-23cd027f9edf,a3cd009f-0ab0-420d-9278-b9fdab939bbc,6a2d0734-bd9e-4ddf-946e-caa52498cb75,c27215d8-6835-4b68-bfbb-bdeac6100c04,b5d6115f-0370-4d7c-aad3-c194cc71cf98,d1346436-ac96-4271-b863-1f4fdead95b0,971bdb23-3ff6-43eb-b422-1c30165a3663,17debcc3-0a6b-4b8a-b00b-dc58b885581e,711ebe11-f673-4cd9-9a83-63c60ba54c5b,c0143906-9aed-447e-9436-2ae8512d1b6e,14da1725-c4c2-42b4-ab08-ee0aeb6898b3,081cab31-dccd-428e-8652-f2404cc81c47,78e0584a-4343-4727-8f37-e14e65c2a2db,ba21476f-2866-4f81-9c4d-6e359316e448,871c3b6c-7379-419d-bda3-794b239ab90d,1d08ef62-a503-4ce2-8b9a-46c90873f7d3,ff9b0199-ce04-4cfe-86cc-6c719f08d6e4,de1c2107-70c8-4021-8459-6399f24d01c6,cbf30902-517f-40dc-af90-a550bac27cf1,5c601d96-e4c7-4698-991b-7ee674b11079
2026-8-31 18:36:43-debug:   Number of all scenes: 1
2026-8-31 18:36:43-debug:   Number of other assets: 318
2026-8-31 18:36:43-debug: Init bundle root assets success..., progress: 0%
2026-8-31 18:36:43-debug:   Number of all scripts: 7
2026-8-31 18:36:43-debug: // ---- build task 查询 Asset Bundle ---- (9ms)
2026-8-31 18:36:43-log: run build task 查询 Asset Bundle success in 9 ms√, progress: 5%
2026-8-31 18:36:43-debug: 查询 Asset Bundle start, progress: 5%
2026-8-31 18:36:43-debug: [Build Memory track]: 查询 Asset Bundle start:224.86MB, end 224.75MB, increase: -118.61KB
2026-8-31 18:36:43-debug: // ---- build task 查询 Asset Bundle ----
2026-8-31 18:36:43-debug: // ---- build task 查询 Asset Bundle ---- (4ms)
2026-8-31 18:36:43-log: run build task 查询 Asset Bundle success in 4 ms√, progress: 10%
2026-8-31 18:36:43-debug: // ---- build task 整理部分构建选项内数据到 settings.json ----
2026-8-31 18:36:43-debug: [Build Memory track]: 查询 Asset Bundle start:224.78MB, end 224.88MB, increase: 102.59KB
2026-8-31 18:36:43-debug: 整理部分构建选项内数据到 settings.json start, progress: 10%
2026-8-31 18:36:43-debug: // ---- build task 整理部分构建选项内数据到 settings.json ---- (3ms)
2026-8-31 18:36:43-log: run build task 整理部分构建选项内数据到 settings.json success in 3 ms√, progress: 12%
2026-8-31 18:36:43-debug: 填充脚本数据到 settings.json start, progress: 12%
2026-8-31 18:36:43-debug: [Build Memory track]: 整理部分构建选项内数据到 settings.json start:224.91MB, end 224.18MB, increase: -747.15KB
2026-8-31 18:36:43-debug: // ---- build task 填充脚本数据到 settings.json ----
2026-8-31 18:36:43-debug: // ---- build task 填充脚本数据到 settings.json ---- (1ms)
2026-8-31 18:36:43-log: run build task 填充脚本数据到 settings.json success in 1 ms√, progress: 13%
2026-8-31 18:36:43-debug: [Build Memory track]: 填充脚本数据到 settings.json start:224.21MB, end 224.24MB, increase: 26.32KB
2026-8-31 18:36:43-debug: // ---- build task 整理部分构建选项内数据到 settings.json ----
2026-8-31 18:36:43-debug: 整理部分构建选项内数据到 settings.json start, progress: 13%
2026-8-31 18:36:43-debug: // ---- build task 整理部分构建选项内数据到 settings.json ---- (7ms)
2026-8-31 18:36:43-log: run build task 整理部分构建选项内数据到 settings.json success in 7 ms√, progress: 15%
2026-8-31 18:36:43-debug: [Build Memory track]: 整理部分构建选项内数据到 settings.json start:224.27MB, end 224.40MB, increase: 133.75KB
2026-8-31 18:36:44-debug: Query all assets info in project
2026-8-31 18:36:44-debug: init custom config: keepNodeUuid: false, useCache: true
2026-8-31 18:36:44-debug: Skip compress image, progress: 0%
2026-8-31 18:36:44-debug: Num of bundles: 3..., progress: 0%
2026-8-31 18:36:44-debug: 查询 Asset Bundle start, progress: 0%
2026-8-31 18:36:44-debug: Init all bundles start..., progress: 0%
2026-8-31 18:36:44-debug: // ---- build task 查询 Asset Bundle ----
2026-8-31 18:36:44-debug: Init bundle root assets start..., progress: 0%
2026-8-31 18:36:44-debug: Query preload assets/scripts from cc.config.json: 60f7195c-ec2a-45eb-ba94-8955f60e81d0,1c02ae6f-4492-4915-b8f8-7492a3b1e4cd,810e96e4-e456-4468-9b59-f4e8f39732c0,efe8e2a3-eace-427b-b4f1-cb8a937ec77d,e9aa9a3e-5b2b-4ac7-a2c7-073de2b2b24f,8bbdbcdd-5cd4-4100-b6d5-b7c9625b6107,50f4348b-c883-4e2f-8f11-ce233b859fa1,fda095cb-831d-4601-ad94-846013963de8,f92806d7-1768-443f-afe8-12bcde84d0f0,dd3a144d-ab7f-41f0-82b8-2e43a090d496,f0416e68-0200-4b77-a926-4f9d16e494da,511d2633-09a7-4bdd-ac42-f778032124b3,5d45aa00-e064-4938-b314-4265f0c2258c,9361fd90-ba52-4f84-aa93-6e878fd576ca,970b0598-bcb0-4714-91fb-2e81440dccd8,bcd64cc6-2dd9-43f6-abbe-66318d332032,d930590d-bb92-4cc8-8bd1-23cd027f9edf,a3cd009f-0ab0-420d-9278-b9fdab939bbc,6a2d0734-bd9e-4ddf-946e-caa52498cb75,c27215d8-6835-4b68-bfbb-bdeac6100c04,b5d6115f-0370-4d7c-aad3-c194cc71cf98,d1346436-ac96-4271-b863-1f4fdead95b0,971bdb23-3ff6-43eb-b422-1c30165a3663,17debcc3-0a6b-4b8a-b00b-dc58b885581e,711ebe11-f673-4cd9-9a83-63c60ba54c5b,c0143906-9aed-447e-9436-2ae8512d1b6e,14da1725-c4c2-42b4-ab08-ee0aeb6898b3,081cab31-dccd-428e-8652-f2404cc81c47,78e0584a-4343-4727-8f37-e14e65c2a2db,ba21476f-2866-4f81-9c4d-6e359316e448,871c3b6c-7379-419d-bda3-794b239ab90d,1d08ef62-a503-4ce2-8b9a-46c90873f7d3,ff9b0199-ce04-4cfe-86cc-6c719f08d6e4,de1c2107-70c8-4021-8459-6399f24d01c6,cbf30902-517f-40dc-af90-a550bac27cf1,5c601d96-e4c7-4698-991b-7ee674b11079
2026-8-31 18:36:44-debug:   Number of all scripts: 7
2026-8-31 18:36:44-debug:   Number of other assets: 318
2026-8-31 18:36:44-debug: Init bundle root assets success..., progress: 0%
2026-8-31 18:36:44-debug:   Number of all scenes: 1
2026-8-31 18:36:44-debug: // ---- build task 查询 Asset Bundle ---- (10ms)
2026-8-31 18:36:44-debug: [Build Memory track]: 查询 Asset Bundle start:224.76MB, end 224.52MB, increase: -250.76KB
2026-8-31 18:36:44-log: run build task 查询 Asset Bundle success in 10 ms√, progress: 5%
2026-8-31 18:36:44-debug: 查询 Asset Bundle start, progress: 5%
2026-8-31 18:36:44-debug: // ---- build task 查询 Asset Bundle ----
2026-8-31 18:36:44-debug: // ---- build task 查询 Asset Bundle ---- (4ms)
2026-8-31 18:36:44-log: run build task 查询 Asset Bundle success in 4 ms√, progress: 10%
2026-8-31 18:36:44-debug: [Build Memory track]: 查询 Asset Bundle start:224.55MB, end 224.65MB, increase: 102.61KB
2026-8-31 18:36:44-debug: 整理部分构建选项内数据到 settings.json start, progress: 10%
2026-8-31 18:36:44-debug: // ---- build task 整理部分构建选项内数据到 settings.json ----
2026-8-31 18:36:44-debug: // ---- build task 整理部分构建选项内数据到 settings.json ---- (2ms)
2026-8-31 18:36:44-log: run build task 整理部分构建选项内数据到 settings.json success in 2 ms√, progress: 12%
2026-8-31 18:36:44-debug: // ---- build task 填充脚本数据到 settings.json ----
2026-8-31 18:36:44-debug: [Build Memory track]: 整理部分构建选项内数据到 settings.json start:224.68MB, end 224.71MB, increase: 26.80KB
2026-8-31 18:36:44-debug: 填充脚本数据到 settings.json start, progress: 12%
2026-8-31 18:36:44-debug: // ---- build task 填充脚本数据到 settings.json ---- (2ms)
2026-8-31 18:36:44-log: run build task 填充脚本数据到 settings.json success in 2 ms√, progress: 13%
2026-8-31 18:36:44-debug: [Build Memory track]: 填充脚本数据到 settings.json start:224.74MB, end 224.76MB, increase: 26.47KB
2026-8-31 18:36:44-debug: 整理部分构建选项内数据到 settings.json start, progress: 13%
2026-8-31 18:36:44-debug: // ---- build task 整理部分构建选项内数据到 settings.json ----
2026-8-31 18:36:44-debug: // ---- build task 整理部分构建选项内数据到 settings.json ---- (6ms)
2026-8-31 18:36:44-log: run build task 整理部分构建选项内数据到 settings.json success in 6 ms√, progress: 15%
2026-8-31 18:36:44-debug: [Build Memory track]: 整理部分构建选项内数据到 settings.json start:224.79MB, end 224.92MB, increase: 126.34KB
2026-8-31 18:36:48-debug: refresh db internal success
2026-8-31 18:36:48-debug: refresh db assets success
2026-8-31 18:36:48-debug: Run asset db hook engine-extends:afterRefresh ...
2026-8-31 18:36:48-debug: Run asset db hook engine-extends:afterRefresh success!
2026-8-31 18:36:48-debug: asset-db:refresh-all-database (128ms)
2026-8-31 18:36:49-debug: asset-db-hook-engine-extends-afterRefresh (1ms)
2026-8-31 18:36:48-debug: asset-db:worker-effect-data-processing (1ms)
2026-8-31 18:36:56-debug: %cImport%c: D:\GameByself\Cocos\Project1\assets\Scenes\scene.scenebackground: #aaff85; color: #000;color: #000;
2026-8-31 18:36:56-debug: asset-db:reimport-assetcb02e093-8bba-4046-8e6e-d0462e7be5da (15ms)
2026-8-31 18:36:57-debug: Query all assets info in project
2026-8-31 18:36:57-debug: init custom config: keepNodeUuid: false, useCache: true
2026-8-31 18:36:57-debug: Skip compress image, progress: 0%
2026-8-31 18:36:57-debug: Init all bundles start..., progress: 0%
2026-8-31 18:36:57-debug: // ---- build task 查询 Asset Bundle ----
2026-8-31 18:36:57-debug: Num of bundles: 3..., progress: 0%
2026-8-31 18:36:57-debug: 查询 Asset Bundle start, progress: 0%
2026-8-31 18:36:57-debug: Init bundle root assets start..., progress: 0%
2026-8-31 18:36:57-debug: Query preload assets/scripts from cc.config.json: 60f7195c-ec2a-45eb-ba94-8955f60e81d0,1c02ae6f-4492-4915-b8f8-7492a3b1e4cd,810e96e4-e456-4468-9b59-f4e8f39732c0,efe8e2a3-eace-427b-b4f1-cb8a937ec77d,e9aa9a3e-5b2b-4ac7-a2c7-073de2b2b24f,8bbdbcdd-5cd4-4100-b6d5-b7c9625b6107,50f4348b-c883-4e2f-8f11-ce233b859fa1,fda095cb-831d-4601-ad94-846013963de8,f92806d7-1768-443f-afe8-12bcde84d0f0,dd3a144d-ab7f-41f0-82b8-2e43a090d496,f0416e68-0200-4b77-a926-4f9d16e494da,511d2633-09a7-4bdd-ac42-f778032124b3,5d45aa00-e064-4938-b314-4265f0c2258c,9361fd90-ba52-4f84-aa93-6e878fd576ca,970b0598-bcb0-4714-91fb-2e81440dccd8,bcd64cc6-2dd9-43f6-abbe-66318d332032,d930590d-bb92-4cc8-8bd1-23cd027f9edf,a3cd009f-0ab0-420d-9278-b9fdab939bbc,6a2d0734-bd9e-4ddf-946e-caa52498cb75,c27215d8-6835-4b68-bfbb-bdeac6100c04,b5d6115f-0370-4d7c-aad3-c194cc71cf98,d1346436-ac96-4271-b863-1f4fdead95b0,971bdb23-3ff6-43eb-b422-1c30165a3663,17debcc3-0a6b-4b8a-b00b-dc58b885581e,711ebe11-f673-4cd9-9a83-63c60ba54c5b,c0143906-9aed-447e-9436-2ae8512d1b6e,14da1725-c4c2-42b4-ab08-ee0aeb6898b3,081cab31-dccd-428e-8652-f2404cc81c47,78e0584a-4343-4727-8f37-e14e65c2a2db,ba21476f-2866-4f81-9c4d-6e359316e448,871c3b6c-7379-419d-bda3-794b239ab90d,1d08ef62-a503-4ce2-8b9a-46c90873f7d3,ff9b0199-ce04-4cfe-86cc-6c719f08d6e4,de1c2107-70c8-4021-8459-6399f24d01c6,cbf30902-517f-40dc-af90-a550bac27cf1,5c601d96-e4c7-4698-991b-7ee674b11079
2026-8-31 18:36:57-debug:   Number of all scripts: 7
2026-8-31 18:36:57-debug: Init bundle root assets success..., progress: 0%
2026-8-31 18:36:57-debug:   Number of all scenes: 1
2026-8-31 18:36:57-debug:   Number of other assets: 318
2026-8-31 18:36:57-debug: // ---- build task 查询 Asset Bundle ---- (11ms)
2026-8-31 18:36:57-log: run build task 查询 Asset Bundle success in 11 ms√, progress: 5%
2026-8-31 18:36:57-debug: [Build Memory track]: 查询 Asset Bundle start:227.60MB, end 225.63MB, increase: -2023.68KB
2026-8-31 18:36:57-debug: // ---- build task 查询 Asset Bundle ----
2026-8-31 18:36:57-debug: 查询 Asset Bundle start, progress: 5%
2026-8-31 18:36:57-debug: // ---- build task 查询 Asset Bundle ---- (2ms)
2026-8-31 18:36:57-debug: [Build Memory track]: 查询 Asset Bundle start:225.66MB, end 225.77MB, increase: 120.54KB
2026-8-31 18:36:57-debug: 整理部分构建选项内数据到 settings.json start, progress: 10%
2026-8-31 18:36:57-log: run build task 查询 Asset Bundle success in 2 ms√, progress: 10%
2026-8-31 18:36:57-debug: // ---- build task 整理部分构建选项内数据到 settings.json ----
2026-8-31 18:36:57-debug: [Build Memory track]: 整理部分构建选项内数据到 settings.json start:225.81MB, end 225.83MB, increase: 26.37KB
2026-8-31 18:36:57-debug: // ---- build task 整理部分构建选项内数据到 settings.json ---- (1ms)
2026-8-31 18:36:57-log: run build task 整理部分构建选项内数据到 settings.json success in 1 ms√, progress: 12%
2026-8-31 18:36:57-debug: 填充脚本数据到 settings.json start, progress: 12%
2026-8-31 18:36:57-debug: // ---- build task 填充脚本数据到 settings.json ----
2026-8-31 18:36:57-debug: // ---- build task 填充脚本数据到 settings.json ---- (2ms)
2026-8-31 18:36:57-log: run build task 填充脚本数据到 settings.json success in 2 ms√, progress: 13%
2026-8-31 18:36:57-debug: // ---- build task 整理部分构建选项内数据到 settings.json ----
2026-8-31 18:36:57-debug: [Build Memory track]: 填充脚本数据到 settings.json start:225.86MB, end 225.89MB, increase: 27.19KB
2026-8-31 18:36:57-debug: 整理部分构建选项内数据到 settings.json start, progress: 13%
2026-8-31 18:36:57-debug: // ---- build task 整理部分构建选项内数据到 settings.json ---- (5ms)
2026-8-31 18:36:57-debug: [Build Memory track]: 整理部分构建选项内数据到 settings.json start:225.92MB, end 226.05MB, increase: 136.39KB
2026-8-31 18:36:57-log: run build task 整理部分构建选项内数据到 settings.json success in 5 ms√, progress: 15%
2026-8-31 18:38:27-debug: %cImport%c: D:\GameByself\Cocos\Project1\assets\Scenes\scene.scenebackground: #aaff85; color: #000;color: #000;
2026-8-31 18:38:27-debug: asset-db:reimport-assetcb02e093-8bba-4046-8e6e-d0462e7be5da (14ms)
2026-8-31 18:38:28-debug: Query all assets info in project
2026-8-31 18:38:28-debug: init custom config: keepNodeUuid: false, useCache: true
2026-8-31 18:38:28-debug: Skip compress image, progress: 0%
2026-8-31 18:38:28-debug: Init all bundles start..., progress: 0%
2026-8-31 18:38:28-debug: // ---- build task 查询 Asset Bundle ----
2026-8-31 18:38:28-debug: Init bundle root assets start..., progress: 0%
2026-8-31 18:38:28-debug: Num of bundles: 3..., progress: 0%
2026-8-31 18:38:28-debug: 查询 Asset Bundle start, progress: 0%
2026-8-31 18:38:28-debug: Query preload assets/scripts from cc.config.json: 60f7195c-ec2a-45eb-ba94-8955f60e81d0,1c02ae6f-4492-4915-b8f8-7492a3b1e4cd,810e96e4-e456-4468-9b59-f4e8f39732c0,efe8e2a3-eace-427b-b4f1-cb8a937ec77d,e9aa9a3e-5b2b-4ac7-a2c7-073de2b2b24f,8bbdbcdd-5cd4-4100-b6d5-b7c9625b6107,50f4348b-c883-4e2f-8f11-ce233b859fa1,fda095cb-831d-4601-ad94-846013963de8,f92806d7-1768-443f-afe8-12bcde84d0f0,dd3a144d-ab7f-41f0-82b8-2e43a090d496,f0416e68-0200-4b77-a926-4f9d16e494da,511d2633-09a7-4bdd-ac42-f778032124b3,5d45aa00-e064-4938-b314-4265f0c2258c,9361fd90-ba52-4f84-aa93-6e878fd576ca,970b0598-bcb0-4714-91fb-2e81440dccd8,bcd64cc6-2dd9-43f6-abbe-66318d332032,d930590d-bb92-4cc8-8bd1-23cd027f9edf,a3cd009f-0ab0-420d-9278-b9fdab939bbc,6a2d0734-bd9e-4ddf-946e-caa52498cb75,c27215d8-6835-4b68-bfbb-bdeac6100c04,b5d6115f-0370-4d7c-aad3-c194cc71cf98,d1346436-ac96-4271-b863-1f4fdead95b0,971bdb23-3ff6-43eb-b422-1c30165a3663,17debcc3-0a6b-4b8a-b00b-dc58b885581e,711ebe11-f673-4cd9-9a83-63c60ba54c5b,c0143906-9aed-447e-9436-2ae8512d1b6e,14da1725-c4c2-42b4-ab08-ee0aeb6898b3,081cab31-dccd-428e-8652-f2404cc81c47,78e0584a-4343-4727-8f37-e14e65c2a2db,ba21476f-2866-4f81-9c4d-6e359316e448,871c3b6c-7379-419d-bda3-794b239ab90d,1d08ef62-a503-4ce2-8b9a-46c90873f7d3,ff9b0199-ce04-4cfe-86cc-6c719f08d6e4,de1c2107-70c8-4021-8459-6399f24d01c6,cbf30902-517f-40dc-af90-a550bac27cf1,5c601d96-e4c7-4698-991b-7ee674b11079
2026-8-31 18:38:28-debug:   Number of all scenes: 1
2026-8-31 18:38:28-debug:   Number of all scripts: 7
2026-8-31 18:38:28-debug:   Number of other assets: 318
2026-8-31 18:38:28-debug: Init bundle root assets success..., progress: 0%
2026-8-31 18:38:28-debug: // ---- build task 查询 Asset Bundle ---- (12ms)
2026-8-31 18:38:28-log: run build task 查询 Asset Bundle success in 12 ms√, progress: 5%
2026-8-31 18:38:28-debug: [Build Memory track]: 查询 Asset Bundle start:225.81MB, end 225.60MB, increase: -209.24KB
2026-8-31 18:38:28-debug: 查询 Asset Bundle start, progress: 5%
2026-8-31 18:38:28-debug: // ---- build task 查询 Asset Bundle ----
2026-8-31 18:38:28-debug: // ---- build task 查询 Asset Bundle ---- (4ms)
2026-8-31 18:38:28-log: run build task 查询 Asset Bundle success in 4 ms√, progress: 10%
2026-8-31 18:38:28-debug: [Build Memory track]: 查询 Asset Bundle start:225.63MB, end 225.74MB, increase: 105.64KB
2026-8-31 18:38:28-debug: 整理部分构建选项内数据到 settings.json start, progress: 10%
2026-8-31 18:38:28-debug: // ---- build task 整理部分构建选项内数据到 settings.json ----
2026-8-31 18:38:28-debug: // ---- build task 整理部分构建选项内数据到 settings.json ---- (3ms)
2026-8-31 18:38:28-debug: [Build Memory track]: 整理部分构建选项内数据到 settings.json start:225.77MB, end 225.79MB, increase: 26.90KB
2026-8-31 18:38:28-debug: 填充脚本数据到 settings.json start, progress: 12%
2026-8-31 18:38:28-log: run build task 整理部分构建选项内数据到 settings.json success in 3 ms√, progress: 12%
2026-8-31 18:38:28-debug: // ---- build task 填充脚本数据到 settings.json ----
2026-8-31 18:38:28-log: run build task 填充脚本数据到 settings.json success in 3 ms√, progress: 13%
2026-8-31 18:38:28-debug: [Build Memory track]: 填充脚本数据到 settings.json start:225.82MB, end 225.85MB, increase: 26.22KB
2026-8-31 18:38:28-debug: 整理部分构建选项内数据到 settings.json start, progress: 13%
2026-8-31 18:38:28-debug: // ---- build task 填充脚本数据到 settings.json ---- (3ms)
2026-8-31 18:38:28-debug: // ---- build task 整理部分构建选项内数据到 settings.json ----
2026-8-31 18:38:28-debug: // ---- build task 整理部分构建选项内数据到 settings.json ---- (15ms)
2026-8-31 18:38:28-log: run build task 整理部分构建选项内数据到 settings.json success in 15 ms√, progress: 15%
2026-8-31 18:38:28-debug: [Build Memory track]: 整理部分构建选项内数据到 settings.json start:225.88MB, end 226.00MB, increase: 126.40KB
2026-8-31 18:38:29-debug: Query all assets info in project
2026-8-31 18:38:29-debug: init custom config: keepNodeUuid: false, useCache: true
2026-8-31 18:38:29-debug: Skip compress image, progress: 0%
2026-8-31 18:38:29-debug: Init all bundles start..., progress: 0%
2026-8-31 18:38:29-debug: // ---- build task 查询 Asset Bundle ----
2026-8-31 18:38:29-debug: 查询 Asset Bundle start, progress: 0%
2026-8-31 18:38:29-debug: Init bundle root assets start..., progress: 0%
2026-8-31 18:38:29-debug: Num of bundles: 3..., progress: 0%
2026-8-31 18:38:29-debug: Query preload assets/scripts from cc.config.json: 60f7195c-ec2a-45eb-ba94-8955f60e81d0,1c02ae6f-4492-4915-b8f8-7492a3b1e4cd,810e96e4-e456-4468-9b59-f4e8f39732c0,efe8e2a3-eace-427b-b4f1-cb8a937ec77d,e9aa9a3e-5b2b-4ac7-a2c7-073de2b2b24f,8bbdbcdd-5cd4-4100-b6d5-b7c9625b6107,50f4348b-c883-4e2f-8f11-ce233b859fa1,fda095cb-831d-4601-ad94-846013963de8,f92806d7-1768-443f-afe8-12bcde84d0f0,dd3a144d-ab7f-41f0-82b8-2e43a090d496,f0416e68-0200-4b77-a926-4f9d16e494da,511d2633-09a7-4bdd-ac42-f778032124b3,5d45aa00-e064-4938-b314-4265f0c2258c,9361fd90-ba52-4f84-aa93-6e878fd576ca,970b0598-bcb0-4714-91fb-2e81440dccd8,bcd64cc6-2dd9-43f6-abbe-66318d332032,d930590d-bb92-4cc8-8bd1-23cd027f9edf,a3cd009f-0ab0-420d-9278-b9fdab939bbc,6a2d0734-bd9e-4ddf-946e-caa52498cb75,c27215d8-6835-4b68-bfbb-bdeac6100c04,b5d6115f-0370-4d7c-aad3-c194cc71cf98,d1346436-ac96-4271-b863-1f4fdead95b0,971bdb23-3ff6-43eb-b422-1c30165a3663,17debcc3-0a6b-4b8a-b00b-dc58b885581e,711ebe11-f673-4cd9-9a83-63c60ba54c5b,c0143906-9aed-447e-9436-2ae8512d1b6e,14da1725-c4c2-42b4-ab08-ee0aeb6898b3,081cab31-dccd-428e-8652-f2404cc81c47,78e0584a-4343-4727-8f37-e14e65c2a2db,ba21476f-2866-4f81-9c4d-6e359316e448,871c3b6c-7379-419d-bda3-794b239ab90d,1d08ef62-a503-4ce2-8b9a-46c90873f7d3,ff9b0199-ce04-4cfe-86cc-6c719f08d6e4,de1c2107-70c8-4021-8459-6399f24d01c6,cbf30902-517f-40dc-af90-a550bac27cf1,5c601d96-e4c7-4698-991b-7ee674b11079
2026-8-31 18:38:29-debug:   Number of all scenes: 1
2026-8-31 18:38:29-debug:   Number of all scripts: 7
2026-8-31 18:38:29-debug:   Number of other assets: 318
2026-8-31 18:38:29-debug: Init bundle root assets success..., progress: 0%
2026-8-31 18:38:29-debug: // ---- build task 查询 Asset Bundle ---- (8ms)
2026-8-31 18:38:29-log: run build task 查询 Asset Bundle success in 8 ms√, progress: 5%
2026-8-31 18:38:29-debug: // ---- build task 查询 Asset Bundle ----
2026-8-31 18:38:29-debug: 查询 Asset Bundle start, progress: 5%
2026-8-31 18:38:29-debug: [Build Memory track]: 查询 Asset Bundle start:226.38MB, end 226.26MB, increase: -126.15KB
2026-8-31 18:38:29-debug: // ---- build task 查询 Asset Bundle ---- (4ms)
2026-8-31 18:38:29-log: run build task 查询 Asset Bundle success in 4 ms√, progress: 10%
2026-8-31 18:38:29-debug: [Build Memory track]: 查询 Asset Bundle start:226.29MB, end 225.68MB, increase: -627.68KB
2026-8-31 18:38:29-debug: 整理部分构建选项内数据到 settings.json start, progress: 10%
2026-8-31 18:38:29-debug: // ---- build task 整理部分构建选项内数据到 settings.json ----
2026-8-31 18:38:29-debug: // ---- build task 整理部分构建选项内数据到 settings.json ---- (1ms)
2026-8-31 18:38:29-log: run build task 整理部分构建选项内数据到 settings.json success in 1 ms√, progress: 12%
2026-8-31 18:38:29-debug: [Build Memory track]: 整理部分构建选项内数据到 settings.json start:225.71MB, end 225.73MB, increase: 26.90KB
2026-8-31 18:38:29-debug: 填充脚本数据到 settings.json start, progress: 12%
2026-8-31 18:38:29-debug: // ---- build task 填充脚本数据到 settings.json ----
2026-8-31 18:38:29-debug: // ---- build task 填充脚本数据到 settings.json ---- (2ms)
2026-8-31 18:38:29-log: run build task 填充脚本数据到 settings.json success in 2 ms√, progress: 13%
2026-8-31 18:38:29-debug: // ---- build task 整理部分构建选项内数据到 settings.json ----
2026-8-31 18:38:29-debug: [Build Memory track]: 填充脚本数据到 settings.json start:225.77MB, end 225.79MB, increase: 26.27KB
2026-8-31 18:38:29-debug: 整理部分构建选项内数据到 settings.json start, progress: 13%
2026-8-31 18:38:29-debug: // ---- build task 整理部分构建选项内数据到 settings.json ---- (6ms)
2026-8-31 18:38:29-log: run build task 整理部分构建选项内数据到 settings.json success in 6 ms√, progress: 15%
2026-8-31 18:38:29-debug: [Build Memory track]: 整理部分构建选项内数据到 settings.json start:225.82MB, end 225.95MB, increase: 126.43KB
2026-8-31 18:38:37-debug: Query all assets info in project
2026-8-31 18:38:37-debug: init custom config: keepNodeUuid: false, useCache: true
2026-8-31 18:38:37-debug: Skip compress image, progress: 0%
2026-8-31 18:38:37-debug: Init all bundles start..., progress: 0%
2026-8-31 18:38:37-debug: // ---- build task 查询 Asset Bundle ----
2026-8-31 18:38:37-debug: Init bundle root assets start..., progress: 0%
2026-8-31 18:38:37-debug: Num of bundles: 3..., progress: 0%
2026-8-31 18:38:37-debug: 查询 Asset Bundle start, progress: 0%
2026-8-31 18:38:37-debug: Query preload assets/scripts from cc.config.json: 60f7195c-ec2a-45eb-ba94-8955f60e81d0,1c02ae6f-4492-4915-b8f8-7492a3b1e4cd,810e96e4-e456-4468-9b59-f4e8f39732c0,efe8e2a3-eace-427b-b4f1-cb8a937ec77d,e9aa9a3e-5b2b-4ac7-a2c7-073de2b2b24f,8bbdbcdd-5cd4-4100-b6d5-b7c9625b6107,50f4348b-c883-4e2f-8f11-ce233b859fa1,fda095cb-831d-4601-ad94-846013963de8,f92806d7-1768-443f-afe8-12bcde84d0f0,dd3a144d-ab7f-41f0-82b8-2e43a090d496,f0416e68-0200-4b77-a926-4f9d16e494da,511d2633-09a7-4bdd-ac42-f778032124b3,5d45aa00-e064-4938-b314-4265f0c2258c,9361fd90-ba52-4f84-aa93-6e878fd576ca,970b0598-bcb0-4714-91fb-2e81440dccd8,bcd64cc6-2dd9-43f6-abbe-66318d332032,d930590d-bb92-4cc8-8bd1-23cd027f9edf,a3cd009f-0ab0-420d-9278-b9fdab939bbc,6a2d0734-bd9e-4ddf-946e-caa52498cb75,c27215d8-6835-4b68-bfbb-bdeac6100c04,b5d6115f-0370-4d7c-aad3-c194cc71cf98,d1346436-ac96-4271-b863-1f4fdead95b0,971bdb23-3ff6-43eb-b422-1c30165a3663,17debcc3-0a6b-4b8a-b00b-dc58b885581e,711ebe11-f673-4cd9-9a83-63c60ba54c5b,c0143906-9aed-447e-9436-2ae8512d1b6e,14da1725-c4c2-42b4-ab08-ee0aeb6898b3,081cab31-dccd-428e-8652-f2404cc81c47,78e0584a-4343-4727-8f37-e14e65c2a2db,ba21476f-2866-4f81-9c4d-6e359316e448,871c3b6c-7379-419d-bda3-794b239ab90d,1d08ef62-a503-4ce2-8b9a-46c90873f7d3,ff9b0199-ce04-4cfe-86cc-6c719f08d6e4,de1c2107-70c8-4021-8459-6399f24d01c6,cbf30902-517f-40dc-af90-a550bac27cf1,5c601d96-e4c7-4698-991b-7ee674b11079
2026-8-31 18:38:37-debug:   Number of all scenes: 1
2026-8-31 18:38:37-debug:   Number of all scripts: 7
2026-8-31 18:38:37-debug:   Number of other assets: 318
2026-8-31 18:38:37-debug: Init bundle root assets success..., progress: 0%
2026-8-31 18:38:37-debug: // ---- build task 查询 Asset Bundle ---- (9ms)
2026-8-31 18:38:37-log: run build task 查询 Asset Bundle success in 9 ms√, progress: 5%
2026-8-31 18:38:37-debug: 查询 Asset Bundle start, progress: 5%
2026-8-31 18:38:37-debug: [Build Memory track]: 查询 Asset Bundle start:226.23MB, end 225.96MB, increase: -271.37KB
2026-8-31 18:38:37-debug: // ---- build task 查询 Asset Bundle ----
2026-8-31 18:38:37-log: run build task 查询 Asset Bundle success in 2 ms√, progress: 10%
2026-8-31 18:38:37-debug: 整理部分构建选项内数据到 settings.json start, progress: 10%
2026-8-31 18:38:37-debug: [Build Memory track]: 查询 Asset Bundle start:225.99MB, end 226.09MB, increase: 102.46KB
2026-8-31 18:38:37-debug: // ---- build task 查询 Asset Bundle ---- (2ms)
2026-8-31 18:38:37-debug: // ---- build task 整理部分构建选项内数据到 settings.json ----
2026-8-31 18:38:37-debug: // ---- build task 整理部分构建选项内数据到 settings.json ---- (1ms)
2026-8-31 18:38:37-log: run build task 整理部分构建选项内数据到 settings.json success in 1 ms√, progress: 12%
2026-8-31 18:38:37-debug: 填充脚本数据到 settings.json start, progress: 12%
2026-8-31 18:38:37-debug: [Build Memory track]: 整理部分构建选项内数据到 settings.json start:226.13MB, end 226.15MB, increase: 26.87KB
2026-8-31 18:38:37-debug: // ---- build task 填充脚本数据到 settings.json ----
2026-8-31 18:38:37-debug: // ---- build task 填充脚本数据到 settings.json ---- (2ms)
2026-8-31 18:38:37-log: run build task 填充脚本数据到 settings.json success in 2 ms√, progress: 13%
2026-8-31 18:38:37-debug: 整理部分构建选项内数据到 settings.json start, progress: 13%
2026-8-31 18:38:37-debug: [Build Memory track]: 填充脚本数据到 settings.json start:226.18MB, end 226.21MB, increase: 26.25KB
2026-8-31 18:38:37-debug: // ---- build task 整理部分构建选项内数据到 settings.json ----
2026-8-31 18:38:37-debug: // ---- build task 整理部分构建选项内数据到 settings.json ---- (8ms)
2026-8-31 18:38:37-log: run build task 整理部分构建选项内数据到 settings.json success in 8 ms√, progress: 15%
2026-8-31 18:38:37-debug: [Build Memory track]: 整理部分构建选项内数据到 settings.json start:226.24MB, end 226.36MB, increase: 126.38KB
2026-8-31 18:38:41-debug: refresh db internal success
2026-8-31 18:38:41-debug: refresh db assets success
2026-8-31 18:38:41-debug: Run asset db hook engine-extends:afterRefresh ...
2026-8-31 18:38:41-debug: Run asset db hook engine-extends:afterRefresh success!
2026-8-31 18:38:41-debug: asset-db:refresh-all-database (105ms)
2026-8-31 18:38:41-debug: asset-db:worker-effect-data-processing (2ms)
2026-8-31 18:38:41-debug: asset-db-hook-engine-extends-afterRefresh (2ms)
2026-8-31 18:39:06-debug: %cImport%c: D:\GameByself\Cocos\Project1\assets\Scenes\scene.scenebackground: #aaff85; color: #000;color: #000;
2026-8-31 18:39:06-debug: asset-db:reimport-assetcb02e093-8bba-4046-8e6e-d0462e7be5da (18ms)
2026-8-31 18:39:07-debug: Query all assets info in project
2026-8-31 18:39:07-debug: init custom config: keepNodeUuid: false, useCache: true
2026-8-31 18:39:07-debug: Skip compress image, progress: 0%
2026-8-31 18:39:07-debug: Init all bundles start..., progress: 0%
2026-8-31 18:39:07-debug: // ---- build task 查询 Asset Bundle ----
2026-8-31 18:39:07-debug: 查询 Asset Bundle start, progress: 0%
2026-8-31 18:39:07-debug: Init bundle root assets start..., progress: 0%
2026-8-31 18:39:07-debug: Num of bundles: 3..., progress: 0%
2026-8-31 18:39:07-debug: Query preload assets/scripts from cc.config.json: 60f7195c-ec2a-45eb-ba94-8955f60e81d0,1c02ae6f-4492-4915-b8f8-7492a3b1e4cd,810e96e4-e456-4468-9b59-f4e8f39732c0,efe8e2a3-eace-427b-b4f1-cb8a937ec77d,e9aa9a3e-5b2b-4ac7-a2c7-073de2b2b24f,8bbdbcdd-5cd4-4100-b6d5-b7c9625b6107,50f4348b-c883-4e2f-8f11-ce233b859fa1,fda095cb-831d-4601-ad94-846013963de8,f92806d7-1768-443f-afe8-12bcde84d0f0,dd3a144d-ab7f-41f0-82b8-2e43a090d496,f0416e68-0200-4b77-a926-4f9d16e494da,511d2633-09a7-4bdd-ac42-f778032124b3,5d45aa00-e064-4938-b314-4265f0c2258c,9361fd90-ba52-4f84-aa93-6e878fd576ca,970b0598-bcb0-4714-91fb-2e81440dccd8,bcd64cc6-2dd9-43f6-abbe-66318d332032,d930590d-bb92-4cc8-8bd1-23cd027f9edf,a3cd009f-0ab0-420d-9278-b9fdab939bbc,6a2d0734-bd9e-4ddf-946e-caa52498cb75,c27215d8-6835-4b68-bfbb-bdeac6100c04,b5d6115f-0370-4d7c-aad3-c194cc71cf98,d1346436-ac96-4271-b863-1f4fdead95b0,971bdb23-3ff6-43eb-b422-1c30165a3663,17debcc3-0a6b-4b8a-b00b-dc58b885581e,711ebe11-f673-4cd9-9a83-63c60ba54c5b,c0143906-9aed-447e-9436-2ae8512d1b6e,14da1725-c4c2-42b4-ab08-ee0aeb6898b3,081cab31-dccd-428e-8652-f2404cc81c47,78e0584a-4343-4727-8f37-e14e65c2a2db,ba21476f-2866-4f81-9c4d-6e359316e448,871c3b6c-7379-419d-bda3-794b239ab90d,1d08ef62-a503-4ce2-8b9a-46c90873f7d3,ff9b0199-ce04-4cfe-86cc-6c719f08d6e4,de1c2107-70c8-4021-8459-6399f24d01c6,cbf30902-517f-40dc-af90-a550bac27cf1,5c601d96-e4c7-4698-991b-7ee674b11079
2026-8-31 18:39:07-debug:   Number of all scripts: 7
2026-8-31 18:39:07-debug:   Number of other assets: 318
2026-8-31 18:39:07-debug: Init bundle root assets success..., progress: 0%
2026-8-31 18:39:07-debug:   Number of all scenes: 1
2026-8-31 18:39:07-debug: // ---- build task 查询 Asset Bundle ---- (14ms)
2026-8-31 18:39:07-log: run build task 查询 Asset Bundle success in 14 ms√, progress: 5%
2026-8-31 18:39:07-debug: 查询 Asset Bundle start, progress: 5%
2026-8-31 18:39:07-debug: // ---- build task 查询 Asset Bundle ----
2026-8-31 18:39:07-debug: [Build Memory track]: 查询 Asset Bundle start:227.14MB, end 226.89MB, increase: -249.41KB
2026-8-31 18:39:07-log: run build task 查询 Asset Bundle success in 10 ms√, progress: 10%
2026-8-31 18:39:07-debug: [Build Memory track]: 查询 Asset Bundle start:226.92MB, end 227.02MB, increase: 103.16KB
2026-8-31 18:39:07-debug: // ---- build task 查询 Asset Bundle ---- (10ms)
2026-8-31 18:39:07-debug: 整理部分构建选项内数据到 settings.json start, progress: 10%
2026-8-31 18:39:07-debug: // ---- build task 整理部分构建选项内数据到 settings.json ----
2026-8-31 18:39:07-debug: // ---- build task 整理部分构建选项内数据到 settings.json ---- (2ms)
2026-8-31 18:39:07-log: run build task 整理部分构建选项内数据到 settings.json success in 2 ms√, progress: 12%
2026-8-31 18:39:07-debug: [Build Memory track]: 整理部分构建选项内数据到 settings.json start:227.05MB, end 227.08MB, increase: 26.80KB
2026-8-31 18:39:07-debug: 填充脚本数据到 settings.json start, progress: 12%
2026-8-31 18:39:07-debug: // ---- build task 填充脚本数据到 settings.json ----
2026-8-31 18:39:07-debug: // ---- build task 填充脚本数据到 settings.json ---- (9ms)
2026-8-31 18:39:07-debug: [Build Memory track]: 填充脚本数据到 settings.json start:227.11MB, end 227.14MB, increase: 26.32KB
2026-8-31 18:39:07-debug: 整理部分构建选项内数据到 settings.json start, progress: 13%
2026-8-31 18:39:07-log: run build task 填充脚本数据到 settings.json success in 9 ms√, progress: 13%
2026-8-31 18:39:07-debug: // ---- build task 整理部分构建选项内数据到 settings.json ----
2026-8-31 18:39:07-log: run build task 整理部分构建选项内数据到 settings.json success in 19 ms√, progress: 15%
2026-8-31 18:39:07-debug: [Build Memory track]: 整理部分构建选项内数据到 settings.json start:227.17MB, end 227.29MB, increase: 127.32KB
2026-8-31 18:39:07-debug: // ---- build task 整理部分构建选项内数据到 settings.json ---- (19ms)
2026-8-31 18:39:07-debug: Query all assets info in project
2026-8-31 18:39:07-debug: init custom config: keepNodeUuid: false, useCache: true
2026-8-31 18:39:07-debug: Skip compress image, progress: 0%
2026-8-31 18:39:07-debug: Init all bundles start..., progress: 0%
2026-8-31 18:39:07-debug: // ---- build task 查询 Asset Bundle ----
2026-8-31 18:39:07-debug: Num of bundles: 3..., progress: 0%
2026-8-31 18:39:07-debug: Init bundle root assets start..., progress: 0%
2026-8-31 18:39:07-debug: 查询 Asset Bundle start, progress: 0%
2026-8-31 18:39:07-debug: Query preload assets/scripts from cc.config.json: 60f7195c-ec2a-45eb-ba94-8955f60e81d0,1c02ae6f-4492-4915-b8f8-7492a3b1e4cd,810e96e4-e456-4468-9b59-f4e8f39732c0,efe8e2a3-eace-427b-b4f1-cb8a937ec77d,e9aa9a3e-5b2b-4ac7-a2c7-073de2b2b24f,8bbdbcdd-5cd4-4100-b6d5-b7c9625b6107,50f4348b-c883-4e2f-8f11-ce233b859fa1,fda095cb-831d-4601-ad94-846013963de8,f92806d7-1768-443f-afe8-12bcde84d0f0,dd3a144d-ab7f-41f0-82b8-2e43a090d496,f0416e68-0200-4b77-a926-4f9d16e494da,511d2633-09a7-4bdd-ac42-f778032124b3,5d45aa00-e064-4938-b314-4265f0c2258c,9361fd90-ba52-4f84-aa93-6e878fd576ca,970b0598-bcb0-4714-91fb-2e81440dccd8,bcd64cc6-2dd9-43f6-abbe-66318d332032,d930590d-bb92-4cc8-8bd1-23cd027f9edf,a3cd009f-0ab0-420d-9278-b9fdab939bbc,6a2d0734-bd9e-4ddf-946e-caa52498cb75,c27215d8-6835-4b68-bfbb-bdeac6100c04,b5d6115f-0370-4d7c-aad3-c194cc71cf98,d1346436-ac96-4271-b863-1f4fdead95b0,971bdb23-3ff6-43eb-b422-1c30165a3663,17debcc3-0a6b-4b8a-b00b-dc58b885581e,711ebe11-f673-4cd9-9a83-63c60ba54c5b,c0143906-9aed-447e-9436-2ae8512d1b6e,14da1725-c4c2-42b4-ab08-ee0aeb6898b3,081cab31-dccd-428e-8652-f2404cc81c47,78e0584a-4343-4727-8f37-e14e65c2a2db,ba21476f-2866-4f81-9c4d-6e359316e448,871c3b6c-7379-419d-bda3-794b239ab90d,1d08ef62-a503-4ce2-8b9a-46c90873f7d3,ff9b0199-ce04-4cfe-86cc-6c719f08d6e4,de1c2107-70c8-4021-8459-6399f24d01c6,cbf30902-517f-40dc-af90-a550bac27cf1,5c601d96-e4c7-4698-991b-7ee674b11079
2026-8-31 18:39:07-debug:   Number of other assets: 318
2026-8-31 18:39:07-debug: Init bundle root assets success..., progress: 0%
2026-8-31 18:39:07-debug:   Number of all scripts: 7
2026-8-31 18:39:07-debug:   Number of all scenes: 1
2026-8-31 18:39:07-debug: // ---- build task 查询 Asset Bundle ---- (9ms)
2026-8-31 18:39:07-log: run build task 查询 Asset Bundle success in 9 ms√, progress: 5%
2026-8-31 18:39:07-debug: 查询 Asset Bundle start, progress: 5%
2026-8-31 18:39:07-debug: [Build Memory track]: 查询 Asset Bundle start:227.66MB, end 227.50MB, increase: -164.22KB
2026-8-31 18:39:07-debug: // ---- build task 查询 Asset Bundle ----
2026-8-31 18:39:07-debug: // ---- build task 查询 Asset Bundle ---- (6ms)
2026-8-31 18:39:07-log: run build task 查询 Asset Bundle success in 6 ms√, progress: 10%
2026-8-31 18:39:07-debug: // ---- build task 整理部分构建选项内数据到 settings.json ----
2026-8-31 18:39:07-debug: [Build Memory track]: 查询 Asset Bundle start:227.53MB, end 227.63MB, increase: 102.83KB
2026-8-31 18:39:07-debug: 整理部分构建选项内数据到 settings.json start, progress: 10%
2026-8-31 18:39:07-log: run build task 整理部分构建选项内数据到 settings.json success in 3 ms√, progress: 12%
2026-8-31 18:39:07-debug: [Build Memory track]: 整理部分构建选项内数据到 settings.json start:227.66MB, end 226.92MB, increase: -754.38KB
2026-8-31 18:39:07-debug: 填充脚本数据到 settings.json start, progress: 12%
2026-8-31 18:39:07-debug: // ---- build task 整理部分构建选项内数据到 settings.json ---- (3ms)
2026-8-31 18:39:07-debug: // ---- build task 填充脚本数据到 settings.json ----
2026-8-31 18:39:07-debug: // ---- build task 填充脚本数据到 settings.json ---- (3ms)
2026-8-31 18:39:07-log: run build task 填充脚本数据到 settings.json success in 3 ms√, progress: 13%
2026-8-31 18:39:07-debug: [Build Memory track]: 填充脚本数据到 settings.json start:226.95MB, end 226.98MB, increase: 26.32KB
2026-8-31 18:39:07-debug: 整理部分构建选项内数据到 settings.json start, progress: 13%
2026-8-31 18:39:07-debug: // ---- build task 整理部分构建选项内数据到 settings.json ----
2026-8-31 18:39:07-debug: // ---- build task 整理部分构建选项内数据到 settings.json ---- (11ms)
2026-8-31 18:39:07-log: run build task 整理部分构建选项内数据到 settings.json success in 11 ms√, progress: 15%
2026-8-31 18:39:07-debug: [Build Memory track]: 整理部分构建选项内数据到 settings.json start:227.01MB, end 227.14MB, increase: 134.55KB
2026-8-31 18:39:14-debug: Query all assets info in project
2026-8-31 18:39:14-debug: init custom config: keepNodeUuid: false, useCache: true
2026-8-31 18:39:14-debug: Skip compress image, progress: 0%
2026-8-31 18:39:14-debug: Num of bundles: 3..., progress: 0%
2026-8-31 18:39:14-debug: Init all bundles start..., progress: 0%
2026-8-31 18:39:14-debug: 查询 Asset Bundle start, progress: 0%
2026-8-31 18:39:14-debug: // ---- build task 查询 Asset Bundle ----
2026-8-31 18:39:14-debug: Init bundle root assets start..., progress: 0%
2026-8-31 18:39:14-debug: Query preload assets/scripts from cc.config.json: 60f7195c-ec2a-45eb-ba94-8955f60e81d0,1c02ae6f-4492-4915-b8f8-7492a3b1e4cd,810e96e4-e456-4468-9b59-f4e8f39732c0,efe8e2a3-eace-427b-b4f1-cb8a937ec77d,e9aa9a3e-5b2b-4ac7-a2c7-073de2b2b24f,8bbdbcdd-5cd4-4100-b6d5-b7c9625b6107,50f4348b-c883-4e2f-8f11-ce233b859fa1,fda095cb-831d-4601-ad94-846013963de8,f92806d7-1768-443f-afe8-12bcde84d0f0,dd3a144d-ab7f-41f0-82b8-2e43a090d496,f0416e68-0200-4b77-a926-4f9d16e494da,511d2633-09a7-4bdd-ac42-f778032124b3,5d45aa00-e064-4938-b314-4265f0c2258c,9361fd90-ba52-4f84-aa93-6e878fd576ca,970b0598-bcb0-4714-91fb-2e81440dccd8,bcd64cc6-2dd9-43f6-abbe-66318d332032,d930590d-bb92-4cc8-8bd1-23cd027f9edf,a3cd009f-0ab0-420d-9278-b9fdab939bbc,6a2d0734-bd9e-4ddf-946e-caa52498cb75,c27215d8-6835-4b68-bfbb-bdeac6100c04,b5d6115f-0370-4d7c-aad3-c194cc71cf98,d1346436-ac96-4271-b863-1f4fdead95b0,971bdb23-3ff6-43eb-b422-1c30165a3663,17debcc3-0a6b-4b8a-b00b-dc58b885581e,711ebe11-f673-4cd9-9a83-63c60ba54c5b,c0143906-9aed-447e-9436-2ae8512d1b6e,14da1725-c4c2-42b4-ab08-ee0aeb6898b3,081cab31-dccd-428e-8652-f2404cc81c47,78e0584a-4343-4727-8f37-e14e65c2a2db,ba21476f-2866-4f81-9c4d-6e359316e448,871c3b6c-7379-419d-bda3-794b239ab90d,1d08ef62-a503-4ce2-8b9a-46c90873f7d3,ff9b0199-ce04-4cfe-86cc-6c719f08d6e4,de1c2107-70c8-4021-8459-6399f24d01c6,cbf30902-517f-40dc-af90-a550bac27cf1,5c601d96-e4c7-4698-991b-7ee674b11079
2026-8-31 18:39:14-debug:   Number of other assets: 318
2026-8-31 18:39:14-debug: Init bundle root assets success..., progress: 0%
2026-8-31 18:39:14-debug:   Number of all scenes: 1
2026-8-31 18:39:14-debug:   Number of all scripts: 7
2026-8-31 18:39:14-debug: // ---- build task 查询 Asset Bundle ---- (8ms)
2026-8-31 18:39:14-log: run build task 查询 Asset Bundle success in 8 ms√, progress: 5%
2026-8-31 18:39:14-debug: 查询 Asset Bundle start, progress: 5%
2026-8-31 18:39:14-debug: [Build Memory track]: 查询 Asset Bundle start:227.44MB, end 227.18MB, increase: -264.50KB
2026-8-31 18:39:14-debug: // ---- build task 查询 Asset Bundle ----
2026-8-31 18:39:14-debug: // ---- build task 查询 Asset Bundle ---- (3ms)
2026-8-31 18:39:14-log: run build task 查询 Asset Bundle success in 3 ms√, progress: 10%
2026-8-31 18:39:14-debug: 整理部分构建选项内数据到 settings.json start, progress: 10%
2026-8-31 18:39:14-debug: [Build Memory track]: 查询 Asset Bundle start:227.21MB, end 227.31MB, increase: 102.52KB
2026-8-31 18:39:14-debug: // ---- build task 整理部分构建选项内数据到 settings.json ----
2026-8-31 18:39:14-debug: // ---- build task 整理部分构建选项内数据到 settings.json ---- (2ms)
2026-8-31 18:39:14-log: run build task 整理部分构建选项内数据到 settings.json success in 2 ms√, progress: 12%
2026-8-31 18:39:14-debug: [Build Memory track]: 整理部分构建选项内数据到 settings.json start:227.34MB, end 227.37MB, increase: 26.86KB
2026-8-31 18:39:14-debug: 填充脚本数据到 settings.json start, progress: 12%
2026-8-31 18:39:14-debug: // ---- build task 填充脚本数据到 settings.json ----
2026-8-31 18:39:14-log: run build task 填充脚本数据到 settings.json success in √, progress: 13%
2026-8-31 18:39:14-debug: [Build Memory track]: 填充脚本数据到 settings.json start:227.40MB, end 227.41MB, increase: 15.78KB
2026-8-31 18:39:14-debug: 整理部分构建选项内数据到 settings.json start, progress: 13%
2026-8-31 18:39:14-debug: // ---- build task 整理部分构建选项内数据到 settings.json ----
2026-8-31 18:39:14-debug: // ---- build task 整理部分构建选项内数据到 settings.json ---- (6ms)
2026-8-31 18:39:14-log: run build task 整理部分构建选项内数据到 settings.json success in 6 ms√, progress: 15%
2026-8-31 18:39:14-debug: [Build Memory track]: 整理部分构建选项内数据到 settings.json start:227.44MB, end 227.57MB, increase: 126.10KB
2026-8-31 18:39:20-debug: Query all assets info in project
2026-8-31 18:39:20-debug: init custom config: keepNodeUuid: false, useCache: true
2026-8-31 18:39:20-debug: Skip compress image, progress: 0%
2026-8-31 18:39:20-debug: Init all bundles start..., progress: 0%
2026-8-31 18:39:20-debug: // ---- build task 查询 Asset Bundle ----
2026-8-31 18:39:20-debug: Num of bundles: 3..., progress: 0%
2026-8-31 18:39:20-debug: 查询 Asset Bundle start, progress: 0%
2026-8-31 18:39:20-debug: Init bundle root assets start..., progress: 0%
2026-8-31 18:39:20-debug: Query preload assets/scripts from cc.config.json: 60f7195c-ec2a-45eb-ba94-8955f60e81d0,1c02ae6f-4492-4915-b8f8-7492a3b1e4cd,810e96e4-e456-4468-9b59-f4e8f39732c0,efe8e2a3-eace-427b-b4f1-cb8a937ec77d,e9aa9a3e-5b2b-4ac7-a2c7-073de2b2b24f,8bbdbcdd-5cd4-4100-b6d5-b7c9625b6107,50f4348b-c883-4e2f-8f11-ce233b859fa1,fda095cb-831d-4601-ad94-846013963de8,f92806d7-1768-443f-afe8-12bcde84d0f0,dd3a144d-ab7f-41f0-82b8-2e43a090d496,f0416e68-0200-4b77-a926-4f9d16e494da,511d2633-09a7-4bdd-ac42-f778032124b3,5d45aa00-e064-4938-b314-4265f0c2258c,9361fd90-ba52-4f84-aa93-6e878fd576ca,970b0598-bcb0-4714-91fb-2e81440dccd8,bcd64cc6-2dd9-43f6-abbe-66318d332032,d930590d-bb92-4cc8-8bd1-23cd027f9edf,a3cd009f-0ab0-420d-9278-b9fdab939bbc,6a2d0734-bd9e-4ddf-946e-caa52498cb75,c27215d8-6835-4b68-bfbb-bdeac6100c04,b5d6115f-0370-4d7c-aad3-c194cc71cf98,d1346436-ac96-4271-b863-1f4fdead95b0,971bdb23-3ff6-43eb-b422-1c30165a3663,17debcc3-0a6b-4b8a-b00b-dc58b885581e,711ebe11-f673-4cd9-9a83-63c60ba54c5b,c0143906-9aed-447e-9436-2ae8512d1b6e,14da1725-c4c2-42b4-ab08-ee0aeb6898b3,081cab31-dccd-428e-8652-f2404cc81c47,78e0584a-4343-4727-8f37-e14e65c2a2db,ba21476f-2866-4f81-9c4d-6e359316e448,871c3b6c-7379-419d-bda3-794b239ab90d,1d08ef62-a503-4ce2-8b9a-46c90873f7d3,ff9b0199-ce04-4cfe-86cc-6c719f08d6e4,de1c2107-70c8-4021-8459-6399f24d01c6,cbf30902-517f-40dc-af90-a550bac27cf1,5c601d96-e4c7-4698-991b-7ee674b11079
2026-8-31 18:39:20-debug:   Number of all scripts: 7
2026-8-31 18:39:20-debug:   Number of other assets: 318
2026-8-31 18:39:20-debug: Init bundle root assets success..., progress: 0%
2026-8-31 18:39:20-debug:   Number of all scenes: 1
2026-8-31 18:39:20-debug: // ---- build task 查询 Asset Bundle ---- (7ms)
2026-8-31 18:39:20-debug: [Build Memory track]: 查询 Asset Bundle start:227.68MB, end 227.38MB, increase: -305.13KB
2026-8-31 18:39:20-debug: 查询 Asset Bundle start, progress: 5%
2026-8-31 18:39:20-log: run build task 查询 Asset Bundle success in 7 ms√, progress: 5%
2026-8-31 18:39:20-debug: // ---- build task 查询 Asset Bundle ----
2026-8-31 18:39:20-debug: // ---- build task 查询 Asset Bundle ---- (4ms)
2026-8-31 18:39:20-log: run build task 查询 Asset Bundle success in 4 ms√, progress: 10%
2026-8-31 18:39:20-debug: [Build Memory track]: 查询 Asset Bundle start:227.41MB, end 227.51MB, increase: 102.50KB
2026-8-31 18:39:20-debug: 整理部分构建选项内数据到 settings.json start, progress: 10%
2026-8-31 18:39:20-debug: // ---- build task 整理部分构建选项内数据到 settings.json ----
2026-8-31 18:39:20-debug: // ---- build task 整理部分构建选项内数据到 settings.json ---- (2ms)
2026-8-31 18:39:20-log: run build task 整理部分构建选项内数据到 settings.json success in 2 ms√, progress: 12%
2026-8-31 18:39:20-debug: 填充脚本数据到 settings.json start, progress: 12%
2026-8-31 18:39:20-debug: [Build Memory track]: 整理部分构建选项内数据到 settings.json start:227.55MB, end 227.57MB, increase: 26.83KB
2026-8-31 18:39:20-debug: // ---- build task 填充脚本数据到 settings.json ----
2026-8-31 18:39:20-debug: // ---- build task 填充脚本数据到 settings.json ---- (2ms)
2026-8-31 18:39:20-log: run build task 填充脚本数据到 settings.json success in 2 ms√, progress: 13%
2026-8-31 18:39:20-debug: [Build Memory track]: 填充脚本数据到 settings.json start:227.60MB, end 227.63MB, increase: 26.29KB
2026-8-31 18:39:20-debug: 整理部分构建选项内数据到 settings.json start, progress: 13%
2026-8-31 18:39:20-debug: // ---- build task 整理部分构建选项内数据到 settings.json ----
2026-8-31 18:39:20-debug: // ---- build task 整理部分构建选项内数据到 settings.json ---- (7ms)
2026-8-31 18:39:20-log: run build task 整理部分构建选项内数据到 settings.json success in 7 ms√, progress: 15%
2026-8-31 18:39:20-debug: [Build Memory track]: 整理部分构建选项内数据到 settings.json start:227.66MB, end 227.08MB, increase: -595.12KB
2026-8-31 18:39:29-debug: refresh db internal success
2026-8-31 18:39:29-debug: refresh db assets success
2026-8-31 18:39:29-debug: Run asset db hook engine-extends:afterRefresh ...
2026-8-31 18:39:29-debug: Run asset db hook engine-extends:afterRefresh success!
2026-8-31 18:39:29-debug: asset-db:refresh-all-database (141ms)
2026-8-31 18:39:29-debug: asset-db:worker-effect-data-processing (7ms)
2026-8-31 18:39:29-debug: asset-db-hook-engine-extends-afterRefresh (8ms)
2026-8-31 18:40:10-debug: refresh db internal success
2026-8-31 18:40:10-debug: refresh db assets success
2026-8-31 18:40:10-debug: Run asset db hook engine-extends:afterRefresh ...
2026-8-31 18:40:10-debug: Run asset db hook engine-extends:afterRefresh success!
2026-8-31 18:40:10-debug: asset-db:refresh-all-database (133ms)
2026-8-31 18:40:10-debug: asset-db:worker-effect-data-processing (1ms)
2026-8-31 18:40:10-debug: asset-db-hook-engine-extends-afterRefresh (1ms)
2026-8-31 20:14:07-debug: refresh db internal success
2026-8-31 20:14:07-debug: refresh db assets success
2026-8-31 20:14:07-debug: Run asset db hook engine-extends:afterRefresh success!
2026-8-31 20:14:07-debug: Run asset db hook engine-extends:afterRefresh ...
2026-8-31 20:14:07-debug: asset-db:refresh-all-database (110ms)
2026-8-31 20:14:07-debug: asset-db:worker-effect-data-processing (1ms)
2026-8-31 20:14:07-debug: asset-db-hook-engine-extends-afterRefresh (2ms)
2026-8-31 20:14:20-debug: refresh db internal success
2026-8-31 20:14:20-debug: refresh db assets success
2026-8-31 20:14:20-debug: Run asset db hook engine-extends:afterRefresh ...
2026-8-31 20:14:20-debug: Run asset db hook engine-extends:afterRefresh success!
2026-8-31 20:14:20-debug: asset-db:refresh-all-database (104ms)
2026-8-31 20:14:20-debug: asset-db:worker-effect-data-processing (1ms)
2026-8-31 20:14:20-debug: asset-db-hook-engine-extends-afterRefresh (2ms)
2026-8-31 20:14:33-debug: refresh db internal success
2026-8-31 20:14:33-debug: refresh db assets success
2026-8-31 20:14:33-debug: Run asset db hook engine-extends:afterRefresh ...
2026-8-31 20:14:33-debug: Run asset db hook engine-extends:afterRefresh success!
2026-8-31 20:14:33-debug: asset-db:worker-effect-data-processing (2ms)
2026-8-31 20:14:33-debug: asset-db:refresh-all-database (102ms)
2026-8-31 20:14:33-debug: asset-db-hook-engine-extends-afterRefresh (3ms)
2026-8-31 20:14:35-debug: refresh db internal success
2026-8-31 20:14:35-debug: refresh db assets success
2026-8-31 20:14:35-debug: Run asset db hook engine-extends:afterRefresh ...
2026-8-31 20:14:35-debug: Run asset db hook engine-extends:afterRefresh success!
2026-8-31 20:14:35-debug: asset-db:refresh-all-database (112ms)
2026-8-31 20:14:35-debug: asset-db:worker-effect-data-processing (2ms)
2026-8-31 20:14:35-debug: asset-db-hook-engine-extends-afterRefresh (2ms)
2026-8-31 20:14:38-debug: refresh db internal success
2026-8-31 20:14:38-debug: refresh db assets success
2026-8-31 20:14:38-debug: Run asset db hook engine-extends:afterRefresh ...
2026-8-31 20:14:38-debug: Run asset db hook engine-extends:afterRefresh success!
2026-8-31 20:14:38-debug: asset-db:refresh-all-database (111ms)
2026-8-31 20:14:38-debug: asset-db:worker-effect-data-processing (3ms)
2026-8-31 20:14:38-debug: asset-db-hook-engine-extends-afterRefresh (3ms)
2026-8-31 20:15:09-debug: refresh db internal success
2026-8-31 20:15:09-debug: refresh db assets success
2026-8-31 20:15:09-debug: Run asset db hook engine-extends:afterRefresh ...
2026-8-31 20:15:09-debug: Run asset db hook engine-extends:afterRefresh success!
2026-8-31 20:15:09-debug: asset-db:refresh-all-database (105ms)
2026-8-31 20:15:09-debug: asset-db:worker-effect-data-processing (2ms)
2026-8-31 20:15:09-debug: asset-db-hook-engine-extends-afterRefresh (2ms)
2026-8-31 20:16:46-debug: refresh db internal success
2026-8-31 20:16:46-debug: refresh db assets success
2026-8-31 20:16:46-debug: Run asset db hook engine-extends:afterRefresh ...
2026-8-31 20:16:46-debug: Run asset db hook engine-extends:afterRefresh success!
2026-8-31 20:16:46-debug: asset-db:refresh-all-database (99ms)
2026-8-31 20:16:46-debug: asset-db:worker-effect-data-processing (2ms)
2026-8-31 20:16:46-debug: asset-db-hook-engine-extends-afterRefresh (2ms)
2026-8-31 20:17:15-debug: refresh db internal success
2026-8-31 20:17:15-debug: refresh db assets success
2026-8-31 20:17:15-debug: Run asset db hook engine-extends:afterRefresh ...
2026-8-31 20:17:15-debug: Run asset db hook engine-extends:afterRefresh success!
2026-8-31 20:17:15-debug: asset-db:refresh-all-database (103ms)
2026-8-31 20:17:15-debug: asset-db:worker-effect-data-processing (1ms)
2026-8-31 20:17:15-debug: asset-db-hook-engine-extends-afterRefresh (2ms)
2026-8-31 20:17:44-debug: refresh db internal success
2026-8-31 20:17:44-debug: refresh db assets success
2026-8-31 20:17:44-debug: Run asset db hook engine-extends:afterRefresh ...
2026-8-31 20:17:44-debug: asset-db:worker-effect-data-processing (1ms)
2026-8-31 20:17:44-debug: Run asset db hook engine-extends:afterRefresh success!
2026-8-31 20:17:44-debug: asset-db-hook-engine-extends-afterRefresh (1ms)
2026-8-31 20:17:44-debug: asset-db:refresh-all-database (100ms)
2026-8-31 20:18:34-debug: refresh db internal success
2026-8-31 20:18:34-debug: %cImport%c: D:\GameByself\Cocos\Project1\assets\Scripts\Car.tsbackground: #aaff85; color: #000;color: #000;
2026-8-31 20:18:34-debug: refresh db assets success
2026-8-31 20:18:34-debug: Run asset db hook engine-extends:afterRefresh ...
2026-8-31 20:18:34-debug: Run asset db hook engine-extends:afterRefresh success!
2026-8-31 20:18:34-debug: asset-db:refresh-all-database (111ms)
2026-8-31 20:18:34-debug: asset-db:worker-effect-data-processing (4ms)
2026-8-31 20:18:34-debug: asset-db-hook-engine-extends-afterRefresh (5ms)
2026-8-31 20:18:36-debug: Query all assets info in project
2026-8-31 20:18:36-debug: init custom config: keepNodeUuid: false, useCache: true
2026-8-31 20:18:36-debug: Skip compress image, progress: 0%
2026-8-31 20:18:36-debug: Init all bundles start..., progress: 0%
2026-8-31 20:18:36-debug: // ---- build task 查询 Asset Bundle ----
2026-8-31 20:18:36-debug: Num of bundles: 3..., progress: 0%
2026-8-31 20:18:36-debug: 查询 Asset Bundle start, progress: 0%
2026-8-31 20:18:36-debug: Init bundle root assets start..., progress: 0%
2026-8-31 20:18:36-debug: Query preload assets/scripts from cc.config.json: 60f7195c-ec2a-45eb-ba94-8955f60e81d0,1c02ae6f-4492-4915-b8f8-7492a3b1e4cd,810e96e4-e456-4468-9b59-f4e8f39732c0,efe8e2a3-eace-427b-b4f1-cb8a937ec77d,e9aa9a3e-5b2b-4ac7-a2c7-073de2b2b24f,8bbdbcdd-5cd4-4100-b6d5-b7c9625b6107,50f4348b-c883-4e2f-8f11-ce233b859fa1,fda095cb-831d-4601-ad94-846013963de8,f92806d7-1768-443f-afe8-12bcde84d0f0,dd3a144d-ab7f-41f0-82b8-2e43a090d496,f0416e68-0200-4b77-a926-4f9d16e494da,511d2633-09a7-4bdd-ac42-f778032124b3,5d45aa00-e064-4938-b314-4265f0c2258c,9361fd90-ba52-4f84-aa93-6e878fd576ca,970b0598-bcb0-4714-91fb-2e81440dccd8,bcd64cc6-2dd9-43f6-abbe-66318d332032,d930590d-bb92-4cc8-8bd1-23cd027f9edf,a3cd009f-0ab0-420d-9278-b9fdab939bbc,6a2d0734-bd9e-4ddf-946e-caa52498cb75,c27215d8-6835-4b68-bfbb-bdeac6100c04,b5d6115f-0370-4d7c-aad3-c194cc71cf98,d1346436-ac96-4271-b863-1f4fdead95b0,971bdb23-3ff6-43eb-b422-1c30165a3663,17debcc3-0a6b-4b8a-b00b-dc58b885581e,711ebe11-f673-4cd9-9a83-63c60ba54c5b,c0143906-9aed-447e-9436-2ae8512d1b6e,14da1725-c4c2-42b4-ab08-ee0aeb6898b3,081cab31-dccd-428e-8652-f2404cc81c47,78e0584a-4343-4727-8f37-e14e65c2a2db,ba21476f-2866-4f81-9c4d-6e359316e448,871c3b6c-7379-419d-bda3-794b239ab90d,1d08ef62-a503-4ce2-8b9a-46c90873f7d3,ff9b0199-ce04-4cfe-86cc-6c719f08d6e4,de1c2107-70c8-4021-8459-6399f24d01c6,cbf30902-517f-40dc-af90-a550bac27cf1,5c601d96-e4c7-4698-991b-7ee674b11079
2026-8-31 20:18:36-debug:   Number of all scenes: 1
2026-8-31 20:18:36-debug: Init bundle root assets success..., progress: 0%
2026-8-31 20:18:36-debug:   Number of all scripts: 7
2026-8-31 20:18:36-debug:   Number of other assets: 318
2026-8-31 20:18:36-debug: // ---- build task 查询 Asset Bundle ---- (9ms)
2026-8-31 20:18:36-log: run build task 查询 Asset Bundle success in 9 ms√, progress: 5%
2026-8-31 20:18:36-debug: [Build Memory track]: 查询 Asset Bundle start:240.12MB, end 240.01MB, increase: -112.63KB
2026-8-31 20:18:36-debug: 查询 Asset Bundle start, progress: 5%
2026-8-31 20:18:36-debug: // ---- build task 查询 Asset Bundle ----
2026-8-31 20:18:36-debug: // ---- build task 查询 Asset Bundle ---- (6ms)
2026-8-31 20:18:36-log: run build task 查询 Asset Bundle success in 6 ms√, progress: 10%
2026-8-31 20:18:36-debug: [Build Memory track]: 查询 Asset Bundle start:240.04MB, end 240.15MB, increase: 105.10KB
2026-8-31 20:18:36-debug: 整理部分构建选项内数据到 settings.json start, progress: 10%
2026-8-31 20:18:36-debug: // ---- build task 整理部分构建选项内数据到 settings.json ----
2026-8-31 20:18:36-debug: // ---- build task 整理部分构建选项内数据到 settings.json ---- (1ms)
2026-8-31 20:18:36-log: run build task 整理部分构建选项内数据到 settings.json success in 1 ms√, progress: 12%
2026-8-31 20:18:36-debug: [Build Memory track]: 整理部分构建选项内数据到 settings.json start:240.18MB, end 240.20MB, increase: 26.98KB
2026-8-31 20:18:36-debug: 填充脚本数据到 settings.json start, progress: 12%
2026-8-31 20:18:36-debug: // ---- build task 填充脚本数据到 settings.json ----
2026-8-31 20:18:36-debug: // ---- build task 填充脚本数据到 settings.json ---- (2ms)
2026-8-31 20:18:36-log: run build task 填充脚本数据到 settings.json success in 2 ms√, progress: 13%
2026-8-31 20:18:36-debug: 整理部分构建选项内数据到 settings.json start, progress: 13%
2026-8-31 20:18:36-debug: [Build Memory track]: 填充脚本数据到 settings.json start:240.23MB, end 240.26MB, increase: 26.22KB
2026-8-31 20:18:36-debug: // ---- build task 整理部分构建选项内数据到 settings.json ----
2026-8-31 20:18:36-log: run build task 整理部分构建选项内数据到 settings.json success in 8 ms√, progress: 15%
2026-8-31 20:18:36-debug: [Build Memory track]: 整理部分构建选项内数据到 settings.json start:240.29MB, end 240.42MB, increase: 127.69KB
2026-8-31 20:18:36-debug: // ---- build task 整理部分构建选项内数据到 settings.json ---- (8ms)
2026-8-31 20:18:49-debug: refresh db internal success
2026-8-31 20:18:49-debug: refresh db assets success
2026-8-31 20:18:49-debug: Run asset db hook engine-extends:afterRefresh ...
2026-8-31 20:18:49-debug: Run asset db hook engine-extends:afterRefresh success!
2026-8-31 20:18:49-debug: asset-db:refresh-all-database (106ms)
2026-8-31 20:18:49-debug: asset-db:worker-effect-data-processing (2ms)
2026-8-31 20:18:49-debug: asset-db-hook-engine-extends-afterRefresh (3ms)
2026-8-31 20:20:17-debug: refresh db internal success
2026-8-31 20:20:17-debug: %cImport%c: D:\GameByself\Cocos\Project1\assets\Scripts\Car.tsbackground: #aaff85; color: #000;color: #000;
2026-8-31 20:20:17-debug: refresh db assets success
2026-8-31 20:20:17-debug: Run asset db hook engine-extends:afterRefresh ...
2026-8-31 20:20:17-debug: Run asset db hook engine-extends:afterRefresh success!
2026-8-31 20:20:17-debug: asset-db:refresh-all-database (105ms)
2026-8-31 20:20:17-debug: asset-db:worker-effect-data-processing (3ms)
2026-8-31 20:20:17-debug: asset-db-hook-engine-extends-afterRefresh (3ms)
2026-8-31 20:20:18-debug: Query all assets info in project
2026-8-31 20:20:18-debug: init custom config: keepNodeUuid: false, useCache: true
2026-8-31 20:20:18-debug: Skip compress image, progress: 0%
2026-8-31 20:20:18-debug: Init all bundles start..., progress: 0%
2026-8-31 20:20:18-debug: // ---- build task 查询 Asset Bundle ----
2026-8-31 20:20:18-debug: Num of bundles: 3..., progress: 0%
2026-8-31 20:20:18-debug: 查询 Asset Bundle start, progress: 0%
2026-8-31 20:20:18-debug: Init bundle root assets start..., progress: 0%
2026-8-31 20:20:18-debug: Query preload assets/scripts from cc.config.json: 60f7195c-ec2a-45eb-ba94-8955f60e81d0,1c02ae6f-4492-4915-b8f8-7492a3b1e4cd,810e96e4-e456-4468-9b59-f4e8f39732c0,efe8e2a3-eace-427b-b4f1-cb8a937ec77d,e9aa9a3e-5b2b-4ac7-a2c7-073de2b2b24f,8bbdbcdd-5cd4-4100-b6d5-b7c9625b6107,50f4348b-c883-4e2f-8f11-ce233b859fa1,fda095cb-831d-4601-ad94-846013963de8,f92806d7-1768-443f-afe8-12bcde84d0f0,dd3a144d-ab7f-41f0-82b8-2e43a090d496,f0416e68-0200-4b77-a926-4f9d16e494da,511d2633-09a7-4bdd-ac42-f778032124b3,5d45aa00-e064-4938-b314-4265f0c2258c,9361fd90-ba52-4f84-aa93-6e878fd576ca,970b0598-bcb0-4714-91fb-2e81440dccd8,bcd64cc6-2dd9-43f6-abbe-66318d332032,d930590d-bb92-4cc8-8bd1-23cd027f9edf,a3cd009f-0ab0-420d-9278-b9fdab939bbc,6a2d0734-bd9e-4ddf-946e-caa52498cb75,c27215d8-6835-4b68-bfbb-bdeac6100c04,b5d6115f-0370-4d7c-aad3-c194cc71cf98,d1346436-ac96-4271-b863-1f4fdead95b0,971bdb23-3ff6-43eb-b422-1c30165a3663,17debcc3-0a6b-4b8a-b00b-dc58b885581e,711ebe11-f673-4cd9-9a83-63c60ba54c5b,c0143906-9aed-447e-9436-2ae8512d1b6e,14da1725-c4c2-42b4-ab08-ee0aeb6898b3,081cab31-dccd-428e-8652-f2404cc81c47,78e0584a-4343-4727-8f37-e14e65c2a2db,ba21476f-2866-4f81-9c4d-6e359316e448,871c3b6c-7379-419d-bda3-794b239ab90d,1d08ef62-a503-4ce2-8b9a-46c90873f7d3,ff9b0199-ce04-4cfe-86cc-6c719f08d6e4,de1c2107-70c8-4021-8459-6399f24d01c6,cbf30902-517f-40dc-af90-a550bac27cf1,5c601d96-e4c7-4698-991b-7ee674b11079
2026-8-31 20:20:18-debug:   Number of all scripts: 7
2026-8-31 20:20:18-debug:   Number of all scenes: 1
2026-8-31 20:20:18-debug:   Number of other assets: 318
2026-8-31 20:20:18-debug: Init bundle root assets success..., progress: 0%
2026-8-31 20:20:18-debug: // ---- build task 查询 Asset Bundle ---- (11ms)
2026-8-31 20:20:18-debug: 查询 Asset Bundle start, progress: 5%
2026-8-31 20:20:18-debug: [Build Memory track]: 查询 Asset Bundle start:242.78MB, end 242.51MB, increase: -283.28KB
2026-8-31 20:20:18-log: run build task 查询 Asset Bundle success in 11 ms√, progress: 5%
2026-8-31 20:20:18-debug: // ---- build task 查询 Asset Bundle ----
2026-8-31 20:20:18-debug: // ---- build task 查询 Asset Bundle ---- (9ms)
2026-8-31 20:20:18-log: run build task 查询 Asset Bundle success in 9 ms√, progress: 10%
2026-8-31 20:20:18-debug: 整理部分构建选项内数据到 settings.json start, progress: 10%
2026-8-31 20:20:18-debug: [Build Memory track]: 查询 Asset Bundle start:242.54MB, end 242.64MB, increase: 104.39KB
2026-8-31 20:20:18-debug: // ---- build task 整理部分构建选项内数据到 settings.json ----
2026-8-31 20:20:18-debug: // ---- build task 整理部分构建选项内数据到 settings.json ---- (2ms)
2026-8-31 20:20:18-debug: [Build Memory track]: 整理部分构建选项内数据到 settings.json start:242.67MB, end 242.70MB, increase: 27.57KB
2026-8-31 20:20:18-log: run build task 整理部分构建选项内数据到 settings.json success in 2 ms√, progress: 12%
2026-8-31 20:20:18-debug: 填充脚本数据到 settings.json start, progress: 12%
2026-8-31 20:20:18-debug: // ---- build task 填充脚本数据到 settings.json ----
2026-8-31 20:20:18-debug: // ---- build task 填充脚本数据到 settings.json ---- (5ms)
2026-8-31 20:20:18-log: run build task 填充脚本数据到 settings.json success in 5 ms√, progress: 13%
2026-8-31 20:20:18-debug: [Build Memory track]: 填充脚本数据到 settings.json start:242.73MB, end 242.75MB, increase: 26.25KB
2026-8-31 20:20:18-debug: 整理部分构建选项内数据到 settings.json start, progress: 13%
2026-8-31 20:20:18-debug: // ---- build task 整理部分构建选项内数据到 settings.json ----
2026-8-31 20:20:18-debug: // ---- build task 整理部分构建选项内数据到 settings.json ---- (6ms)
2026-8-31 20:20:18-log: run build task 整理部分构建选项内数据到 settings.json success in 6 ms√, progress: 15%
2026-8-31 20:20:18-debug: [Build Memory track]: 整理部分构建选项内数据到 settings.json start:242.79MB, end 242.92MB, increase: 136.64KB
2026-8-31 20:20:52-debug: refresh db internal success
2026-8-31 20:20:52-debug: %cImport%c: D:\GameByself\Cocos\Project1\assets\Scripts\Car.tsbackground: #aaff85; color: #000;color: #000;
2026-8-31 20:20:52-debug: refresh db assets success
2026-8-31 20:20:52-debug: Run asset db hook engine-extends:afterRefresh ...
2026-8-31 20:20:52-debug: Run asset db hook engine-extends:afterRefresh success!
2026-8-31 20:20:52-debug: asset-db:refresh-all-database (118ms)
2026-8-31 20:20:52-debug: asset-db:worker-effect-data-processing (2ms)
2026-8-31 20:20:52-debug: asset-db-hook-engine-extends-afterRefresh (4ms)
2026-8-31 20:20:53-debug: Query all assets info in project
2026-8-31 20:20:53-debug: init custom config: keepNodeUuid: false, useCache: true
2026-8-31 20:20:53-debug: Skip compress image, progress: 0%
2026-8-31 20:20:53-debug: Num of bundles: 3..., progress: 0%
2026-8-31 20:20:53-debug: Init all bundles start..., progress: 0%
2026-8-31 20:20:53-debug: 查询 Asset Bundle start, progress: 0%
2026-8-31 20:20:53-debug: // ---- build task 查询 Asset Bundle ----
2026-8-31 20:20:53-debug: Init bundle root assets start..., progress: 0%
2026-8-31 20:20:53-debug: Query preload assets/scripts from cc.config.json: 60f7195c-ec2a-45eb-ba94-8955f60e81d0,1c02ae6f-4492-4915-b8f8-7492a3b1e4cd,810e96e4-e456-4468-9b59-f4e8f39732c0,efe8e2a3-eace-427b-b4f1-cb8a937ec77d,e9aa9a3e-5b2b-4ac7-a2c7-073de2b2b24f,8bbdbcdd-5cd4-4100-b6d5-b7c9625b6107,50f4348b-c883-4e2f-8f11-ce233b859fa1,fda095cb-831d-4601-ad94-846013963de8,f92806d7-1768-443f-afe8-12bcde84d0f0,dd3a144d-ab7f-41f0-82b8-2e43a090d496,f0416e68-0200-4b77-a926-4f9d16e494da,511d2633-09a7-4bdd-ac42-f778032124b3,5d45aa00-e064-4938-b314-4265f0c2258c,9361fd90-ba52-4f84-aa93-6e878fd576ca,970b0598-bcb0-4714-91fb-2e81440dccd8,bcd64cc6-2dd9-43f6-abbe-66318d332032,d930590d-bb92-4cc8-8bd1-23cd027f9edf,a3cd009f-0ab0-420d-9278-b9fdab939bbc,6a2d0734-bd9e-4ddf-946e-caa52498cb75,c27215d8-6835-4b68-bfbb-bdeac6100c04,b5d6115f-0370-4d7c-aad3-c194cc71cf98,d1346436-ac96-4271-b863-1f4fdead95b0,971bdb23-3ff6-43eb-b422-1c30165a3663,17debcc3-0a6b-4b8a-b00b-dc58b885581e,711ebe11-f673-4cd9-9a83-63c60ba54c5b,c0143906-9aed-447e-9436-2ae8512d1b6e,14da1725-c4c2-42b4-ab08-ee0aeb6898b3,081cab31-dccd-428e-8652-f2404cc81c47,78e0584a-4343-4727-8f37-e14e65c2a2db,ba21476f-2866-4f81-9c4d-6e359316e448,871c3b6c-7379-419d-bda3-794b239ab90d,1d08ef62-a503-4ce2-8b9a-46c90873f7d3,ff9b0199-ce04-4cfe-86cc-6c719f08d6e4,de1c2107-70c8-4021-8459-6399f24d01c6,cbf30902-517f-40dc-af90-a550bac27cf1,5c601d96-e4c7-4698-991b-7ee674b11079
2026-8-31 20:20:53-debug:   Number of all scenes: 1
2026-8-31 20:20:53-debug:   Number of all scripts: 7
2026-8-31 20:20:53-debug:   Number of other assets: 318
2026-8-31 20:20:53-debug: Init bundle root assets success..., progress: 0%
2026-8-31 20:20:53-log: run build task 查询 Asset Bundle success in 16 ms√, progress: 5%
2026-8-31 20:20:53-debug: // ---- build task 查询 Asset Bundle ---- (16ms)
2026-8-31 20:20:53-debug: [Build Memory track]: 查询 Asset Bundle start:243.63MB, end 243.55MB, increase: -87.19KB
2026-8-31 20:20:53-debug: 查询 Asset Bundle start, progress: 5%
2026-8-31 20:20:53-debug: // ---- build task 查询 Asset Bundle ----
2026-8-31 20:20:53-debug: // ---- build task 查询 Asset Bundle ---- (7ms)
2026-8-31 20:20:53-log: run build task 查询 Asset Bundle success in 7 ms√, progress: 10%
2026-8-31 20:20:53-debug: [Build Memory track]: 查询 Asset Bundle start:243.58MB, end 243.68MB, increase: 102.09KB
2026-8-31 20:20:53-debug: 整理部分构建选项内数据到 settings.json start, progress: 10%
2026-8-31 20:20:53-debug: // ---- build task 整理部分构建选项内数据到 settings.json ----
2026-8-31 20:20:53-debug: // ---- build task 整理部分构建选项内数据到 settings.json ---- (4ms)
2026-8-31 20:20:53-log: run build task 整理部分构建选项内数据到 settings.json success in 4 ms√, progress: 12%
2026-8-31 20:20:53-debug: [Build Memory track]: 整理部分构建选项内数据到 settings.json start:243.71MB, end 243.74MB, increase: 29.26KB
2026-8-31 20:20:53-debug: // ---- build task 填充脚本数据到 settings.json ----
2026-8-31 20:20:53-debug: 填充脚本数据到 settings.json start, progress: 12%
2026-8-31 20:20:53-debug: // ---- build task 填充脚本数据到 settings.json ---- (14ms)
2026-8-31 20:20:53-log: run build task 填充脚本数据到 settings.json success in 14 ms√, progress: 13%
2026-8-31 20:20:53-debug: [Build Memory track]: 填充脚本数据到 settings.json start:243.77MB, end 243.79MB, increase: 27.96KB
2026-8-31 20:20:53-debug: 整理部分构建选项内数据到 settings.json start, progress: 13%
2026-8-31 20:20:53-debug: // ---- build task 整理部分构建选项内数据到 settings.json ----
2026-8-31 20:20:53-debug: // ---- build task 整理部分构建选项内数据到 settings.json ---- (38ms)
2026-8-31 20:20:53-log: run build task 整理部分构建选项内数据到 settings.json success in 38 ms√, progress: 15%
2026-8-31 20:20:53-debug: [Build Memory track]: 整理部分构建选项内数据到 settings.json start:243.82MB, end 244.01MB, increase: 186.33KB
2026-8-31 20:20:53-debug: Query all assets info in project
2026-8-31 20:20:53-debug: init custom config: keepNodeUuid: false, useCache: true
2026-8-31 20:20:53-debug: Skip compress image, progress: 0%
2026-8-31 20:20:53-debug: Init all bundles start..., progress: 0%
2026-8-31 20:20:53-debug: Num of bundles: 3..., progress: 0%
2026-8-31 20:20:53-debug: // ---- build task 查询 Asset Bundle ----
2026-8-31 20:20:53-debug: Init bundle root assets start..., progress: 0%
2026-8-31 20:20:53-debug: 查询 Asset Bundle start, progress: 0%
2026-8-31 20:20:53-debug: Query preload assets/scripts from cc.config.json: 60f7195c-ec2a-45eb-ba94-8955f60e81d0,1c02ae6f-4492-4915-b8f8-7492a3b1e4cd,810e96e4-e456-4468-9b59-f4e8f39732c0,efe8e2a3-eace-427b-b4f1-cb8a937ec77d,e9aa9a3e-5b2b-4ac7-a2c7-073de2b2b24f,8bbdbcdd-5cd4-4100-b6d5-b7c9625b6107,50f4348b-c883-4e2f-8f11-ce233b859fa1,fda095cb-831d-4601-ad94-846013963de8,f92806d7-1768-443f-afe8-12bcde84d0f0,dd3a144d-ab7f-41f0-82b8-2e43a090d496,f0416e68-0200-4b77-a926-4f9d16e494da,511d2633-09a7-4bdd-ac42-f778032124b3,5d45aa00-e064-4938-b314-4265f0c2258c,9361fd90-ba52-4f84-aa93-6e878fd576ca,970b0598-bcb0-4714-91fb-2e81440dccd8,bcd64cc6-2dd9-43f6-abbe-66318d332032,d930590d-bb92-4cc8-8bd1-23cd027f9edf,a3cd009f-0ab0-420d-9278-b9fdab939bbc,6a2d0734-bd9e-4ddf-946e-caa52498cb75,c27215d8-6835-4b68-bfbb-bdeac6100c04,b5d6115f-0370-4d7c-aad3-c194cc71cf98,d1346436-ac96-4271-b863-1f4fdead95b0,971bdb23-3ff6-43eb-b422-1c30165a3663,17debcc3-0a6b-4b8a-b00b-dc58b885581e,711ebe11-f673-4cd9-9a83-63c60ba54c5b,c0143906-9aed-447e-9436-2ae8512d1b6e,14da1725-c4c2-42b4-ab08-ee0aeb6898b3,081cab31-dccd-428e-8652-f2404cc81c47,78e0584a-4343-4727-8f37-e14e65c2a2db,ba21476f-2866-4f81-9c4d-6e359316e448,871c3b6c-7379-419d-bda3-794b239ab90d,1d08ef62-a503-4ce2-8b9a-46c90873f7d3,ff9b0199-ce04-4cfe-86cc-6c719f08d6e4,de1c2107-70c8-4021-8459-6399f24d01c6,cbf30902-517f-40dc-af90-a550bac27cf1,5c601d96-e4c7-4698-991b-7ee674b11079
2026-8-31 20:20:53-debug:   Number of other assets: 318
2026-8-31 20:20:53-debug:   Number of all scenes: 1
2026-8-31 20:20:53-debug: Init bundle root assets success..., progress: 0%
2026-8-31 20:20:53-debug:   Number of all scripts: 7
2026-8-31 20:20:53-debug: // ---- build task 查询 Asset Bundle ---- (10ms)
2026-8-31 20:20:53-log: run build task 查询 Asset Bundle success in 10 ms√, progress: 5%
2026-8-31 20:20:53-debug: 查询 Asset Bundle start, progress: 5%
2026-8-31 20:20:53-debug: [Build Memory track]: 查询 Asset Bundle start:244.37MB, end 244.28MB, increase: -93.08KB
2026-8-31 20:20:53-debug: // ---- build task 查询 Asset Bundle ----
2026-8-31 20:20:53-debug: // ---- build task 查询 Asset Bundle ---- (4ms)
2026-8-31 20:20:53-log: run build task 查询 Asset Bundle success in 4 ms√, progress: 10%
2026-8-31 20:20:53-debug: 整理部分构建选项内数据到 settings.json start, progress: 10%
2026-8-31 20:20:53-debug: // ---- build task 整理部分构建选项内数据到 settings.json ----
2026-8-31 20:20:53-debug: [Build Memory track]: 查询 Asset Bundle start:244.31MB, end 243.70MB, increase: -633.04KB
2026-8-31 20:20:53-debug: // ---- build task 整理部分构建选项内数据到 settings.json ---- (2ms)
2026-8-31 20:20:53-log: run build task 整理部分构建选项内数据到 settings.json success in 2 ms√, progress: 12%
2026-8-31 20:20:53-debug: 填充脚本数据到 settings.json start, progress: 12%
2026-8-31 20:20:53-debug: [Build Memory track]: 整理部分构建选项内数据到 settings.json start:243.73MB, end 243.75MB, increase: 27.08KB
2026-8-31 20:20:53-debug: // ---- build task 填充脚本数据到 settings.json ----
2026-8-31 20:20:53-debug: // ---- build task 填充脚本数据到 settings.json ---- (1ms)
2026-8-31 20:20:53-log: run build task 填充脚本数据到 settings.json success in 1 ms√, progress: 13%
2026-8-31 20:20:53-debug: [Build Memory track]: 填充脚本数据到 settings.json start:243.78MB, end 243.81MB, increase: 26.38KB
2026-8-31 20:20:53-debug: 整理部分构建选项内数据到 settings.json start, progress: 13%
2026-8-31 20:20:53-debug: // ---- build task 整理部分构建选项内数据到 settings.json ----
2026-8-31 20:20:53-debug: // ---- build task 整理部分构建选项内数据到 settings.json ---- (6ms)
2026-8-31 20:20:53-log: run build task 整理部分构建选项内数据到 settings.json success in 6 ms√, progress: 15%
2026-8-31 20:20:53-debug: [Build Memory track]: 整理部分构建选项内数据到 settings.json start:243.84MB, end 243.97MB, increase: 131.71KB
2026-8-31 20:21:03-debug: refresh db internal success
2026-8-31 20:21:03-debug: refresh db assets success
2026-8-31 20:21:03-debug: Run asset db hook engine-extends:afterRefresh ...
2026-8-31 20:21:03-debug: Run asset db hook engine-extends:afterRefresh success!
2026-8-31 20:21:03-debug: asset-db:refresh-all-database (178ms)
2026-8-31 20:21:03-debug: asset-db:worker-effect-data-processing (4ms)
2026-8-31 20:21:03-debug: asset-db-hook-engine-extends-afterRefresh (4ms)
2026-8-31 20:21:43-debug: refresh db internal success
2026-8-31 20:21:43-debug: Run asset db hook engine-extends:afterRefresh ...
2026-8-31 20:21:43-debug: Run asset db hook engine-extends:afterRefresh success!
2026-8-31 20:21:43-debug: refresh db assets success
2026-8-31 20:21:43-debug: asset-db:worker-effect-data-processing (1ms)
2026-8-31 20:21:43-debug: asset-db-hook-engine-extends-afterRefresh (3ms)
2026-8-31 20:21:43-debug: asset-db:refresh-all-database (110ms)
2026-8-31 20:21:43-debug: %cImport%c: D:\GameByself\Cocos\Project1\assets\Scenes\scene.scenebackground: #aaff85; color: #000;color: #000;
2026-8-31 20:21:43-debug: asset-db:reimport-assetcb02e093-8bba-4046-8e6e-d0462e7be5da (17ms)
2026-8-31 20:21:44-debug: Query all assets info in project
2026-8-31 20:21:44-debug: init custom config: keepNodeUuid: false, useCache: true
2026-8-31 20:21:44-debug: Skip compress image, progress: 0%
2026-8-31 20:21:44-debug: Init all bundles start..., progress: 0%
2026-8-31 20:21:44-debug: Num of bundles: 3..., progress: 0%
2026-8-31 20:21:44-debug: // ---- build task 查询 Asset Bundle ----
2026-8-31 20:21:44-debug: Init bundle root assets start..., progress: 0%
2026-8-31 20:21:44-debug: 查询 Asset Bundle start, progress: 0%
2026-8-31 20:21:44-debug: Query preload assets/scripts from cc.config.json: 60f7195c-ec2a-45eb-ba94-8955f60e81d0,1c02ae6f-4492-4915-b8f8-7492a3b1e4cd,810e96e4-e456-4468-9b59-f4e8f39732c0,efe8e2a3-eace-427b-b4f1-cb8a937ec77d,e9aa9a3e-5b2b-4ac7-a2c7-073de2b2b24f,8bbdbcdd-5cd4-4100-b6d5-b7c9625b6107,50f4348b-c883-4e2f-8f11-ce233b859fa1,fda095cb-831d-4601-ad94-846013963de8,f92806d7-1768-443f-afe8-12bcde84d0f0,dd3a144d-ab7f-41f0-82b8-2e43a090d496,f0416e68-0200-4b77-a926-4f9d16e494da,511d2633-09a7-4bdd-ac42-f778032124b3,5d45aa00-e064-4938-b314-4265f0c2258c,9361fd90-ba52-4f84-aa93-6e878fd576ca,970b0598-bcb0-4714-91fb-2e81440dccd8,bcd64cc6-2dd9-43f6-abbe-66318d332032,d930590d-bb92-4cc8-8bd1-23cd027f9edf,a3cd009f-0ab0-420d-9278-b9fdab939bbc,6a2d0734-bd9e-4ddf-946e-caa52498cb75,c27215d8-6835-4b68-bfbb-bdeac6100c04,b5d6115f-0370-4d7c-aad3-c194cc71cf98,d1346436-ac96-4271-b863-1f4fdead95b0,971bdb23-3ff6-43eb-b422-1c30165a3663,17debcc3-0a6b-4b8a-b00b-dc58b885581e,711ebe11-f673-4cd9-9a83-63c60ba54c5b,c0143906-9aed-447e-9436-2ae8512d1b6e,14da1725-c4c2-42b4-ab08-ee0aeb6898b3,081cab31-dccd-428e-8652-f2404cc81c47,78e0584a-4343-4727-8f37-e14e65c2a2db,ba21476f-2866-4f81-9c4d-6e359316e448,871c3b6c-7379-419d-bda3-794b239ab90d,1d08ef62-a503-4ce2-8b9a-46c90873f7d3,ff9b0199-ce04-4cfe-86cc-6c719f08d6e4,de1c2107-70c8-4021-8459-6399f24d01c6,cbf30902-517f-40dc-af90-a550bac27cf1,5c601d96-e4c7-4698-991b-7ee674b11079
2026-8-31 20:21:44-debug:   Number of all scenes: 1
2026-8-31 20:21:44-debug:   Number of all scripts: 7
2026-8-31 20:21:44-debug:   Number of other assets: 318
2026-8-31 20:21:44-debug: Init bundle root assets success..., progress: 0%
2026-8-31 20:21:44-debug: // ---- build task 查询 Asset Bundle ---- (13ms)
2026-8-31 20:21:44-log: run build task 查询 Asset Bundle success in 13 ms√, progress: 5%
2026-8-31 20:21:44-debug: [Build Memory track]: 查询 Asset Bundle start:224.24MB, end 224.16MB, increase: -80.83KB
2026-8-31 20:21:44-debug: 查询 Asset Bundle start, progress: 5%
2026-8-31 20:21:44-debug: // ---- build task 查询 Asset Bundle ----
2026-8-31 20:21:44-debug: // ---- build task 查询 Asset Bundle ---- (6ms)
2026-8-31 20:21:44-log: run build task 查询 Asset Bundle success in 6 ms√, progress: 10%
2026-8-31 20:21:44-debug: // ---- build task 整理部分构建选项内数据到 settings.json ----
2026-8-31 20:21:44-debug: [Build Memory track]: 查询 Asset Bundle start:224.19MB, end 224.29MB, increase: 102.90KB
2026-8-31 20:21:44-debug: 整理部分构建选项内数据到 settings.json start, progress: 10%
2026-8-31 20:21:44-debug: // ---- build task 整理部分构建选项内数据到 settings.json ---- (2ms)
2026-8-31 20:21:44-log: run build task 整理部分构建选项内数据到 settings.json success in 2 ms√, progress: 12%
2026-8-31 20:21:44-debug: 填充脚本数据到 settings.json start, progress: 12%
2026-8-31 20:21:44-debug: // ---- build task 填充脚本数据到 settings.json ----
2026-8-31 20:21:44-debug: [Build Memory track]: 整理部分构建选项内数据到 settings.json start:224.32MB, end 224.35MB, increase: 26.98KB
2026-8-31 20:21:44-log: run build task 填充脚本数据到 settings.json success in 2 ms√, progress: 13%
2026-8-31 20:21:44-debug: [Build Memory track]: 填充脚本数据到 settings.json start:224.38MB, end 224.40MB, increase: 26.54KB
2026-8-31 20:21:44-debug: 整理部分构建选项内数据到 settings.json start, progress: 13%
2026-8-31 20:21:44-debug: // ---- build task 填充脚本数据到 settings.json ---- (2ms)
2026-8-31 20:21:44-debug: // ---- build task 整理部分构建选项内数据到 settings.json ----
2026-8-31 20:21:44-debug: // ---- build task 整理部分构建选项内数据到 settings.json ---- (7ms)
2026-8-31 20:21:44-log: run build task 整理部分构建选项内数据到 settings.json success in 7 ms√, progress: 15%
2026-8-31 20:21:44-debug: [Build Memory track]: 整理部分构建选项内数据到 settings.json start:224.43MB, end 224.56MB, increase: 130.86KB
2026-8-31 20:21:45-debug: Query all assets info in project
2026-8-31 20:21:45-debug: init custom config: keepNodeUuid: false, useCache: true
2026-8-31 20:21:45-debug: Skip compress image, progress: 0%
2026-8-31 20:21:45-debug: Num of bundles: 3..., progress: 0%
2026-8-31 20:21:45-debug: 查询 Asset Bundle start, progress: 0%
2026-8-31 20:21:45-debug: Init bundle root assets start..., progress: 0%
2026-8-31 20:21:45-debug: // ---- build task 查询 Asset Bundle ----
2026-8-31 20:21:45-debug: Init all bundles start..., progress: 0%
2026-8-31 20:21:45-debug: Query preload assets/scripts from cc.config.json: 60f7195c-ec2a-45eb-ba94-8955f60e81d0,1c02ae6f-4492-4915-b8f8-7492a3b1e4cd,810e96e4-e456-4468-9b59-f4e8f39732c0,efe8e2a3-eace-427b-b4f1-cb8a937ec77d,e9aa9a3e-5b2b-4ac7-a2c7-073de2b2b24f,8bbdbcdd-5cd4-4100-b6d5-b7c9625b6107,50f4348b-c883-4e2f-8f11-ce233b859fa1,fda095cb-831d-4601-ad94-846013963de8,f92806d7-1768-443f-afe8-12bcde84d0f0,dd3a144d-ab7f-41f0-82b8-2e43a090d496,f0416e68-0200-4b77-a926-4f9d16e494da,511d2633-09a7-4bdd-ac42-f778032124b3,5d45aa00-e064-4938-b314-4265f0c2258c,9361fd90-ba52-4f84-aa93-6e878fd576ca,970b0598-bcb0-4714-91fb-2e81440dccd8,bcd64cc6-2dd9-43f6-abbe-66318d332032,d930590d-bb92-4cc8-8bd1-23cd027f9edf,a3cd009f-0ab0-420d-9278-b9fdab939bbc,6a2d0734-bd9e-4ddf-946e-caa52498cb75,c27215d8-6835-4b68-bfbb-bdeac6100c04,b5d6115f-0370-4d7c-aad3-c194cc71cf98,d1346436-ac96-4271-b863-1f4fdead95b0,971bdb23-3ff6-43eb-b422-1c30165a3663,17debcc3-0a6b-4b8a-b00b-dc58b885581e,711ebe11-f673-4cd9-9a83-63c60ba54c5b,c0143906-9aed-447e-9436-2ae8512d1b6e,14da1725-c4c2-42b4-ab08-ee0aeb6898b3,081cab31-dccd-428e-8652-f2404cc81c47,78e0584a-4343-4727-8f37-e14e65c2a2db,ba21476f-2866-4f81-9c4d-6e359316e448,871c3b6c-7379-419d-bda3-794b239ab90d,1d08ef62-a503-4ce2-8b9a-46c90873f7d3,ff9b0199-ce04-4cfe-86cc-6c719f08d6e4,de1c2107-70c8-4021-8459-6399f24d01c6,cbf30902-517f-40dc-af90-a550bac27cf1,5c601d96-e4c7-4698-991b-7ee674b11079
2026-8-31 20:21:45-debug:   Number of all scenes: 1
2026-8-31 20:21:45-debug:   Number of all scripts: 7
2026-8-31 20:21:45-debug: Init bundle root assets success..., progress: 0%
2026-8-31 20:21:45-debug:   Number of other assets: 318
2026-8-31 20:21:45-debug: // ---- build task 查询 Asset Bundle ---- (8ms)
2026-8-31 20:21:45-log: run build task 查询 Asset Bundle success in 8 ms√, progress: 5%
2026-8-31 20:21:45-debug: [Build Memory track]: 查询 Asset Bundle start:224.93MB, end 224.82MB, increase: -112.12KB
2026-8-31 20:21:45-debug: 查询 Asset Bundle start, progress: 5%
2026-8-31 20:21:45-debug: // ---- build task 查询 Asset Bundle ----
2026-8-31 20:21:45-debug: // ---- build task 查询 Asset Bundle ---- (5ms)
2026-8-31 20:21:45-log: run build task 查询 Asset Bundle success in 5 ms√, progress: 10%
2026-8-31 20:21:45-debug: 整理部分构建选项内数据到 settings.json start, progress: 10%
2026-8-31 20:21:45-debug: [Build Memory track]: 查询 Asset Bundle start:224.85MB, end 224.24MB, increase: -625.66KB
2026-8-31 20:21:45-debug: // ---- build task 整理部分构建选项内数据到 settings.json ----
2026-8-31 20:21:45-debug: // ---- build task 整理部分构建选项内数据到 settings.json ---- (2ms)
2026-8-31 20:21:45-log: run build task 整理部分构建选项内数据到 settings.json success in 2 ms√, progress: 12%
2026-8-31 20:21:45-debug: 填充脚本数据到 settings.json start, progress: 12%
2026-8-31 20:21:45-debug: [Build Memory track]: 整理部分构建选项内数据到 settings.json start:224.27MB, end 224.30MB, increase: 26.90KB
2026-8-31 20:21:45-debug: // ---- build task 填充脚本数据到 settings.json ----
2026-8-31 20:21:45-debug: // ---- build task 填充脚本数据到 settings.json ---- (3ms)
2026-8-31 20:21:45-debug: 整理部分构建选项内数据到 settings.json start, progress: 13%
2026-8-31 20:21:45-debug: [Build Memory track]: 填充脚本数据到 settings.json start:224.33MB, end 224.35MB, increase: 26.50KB
2026-8-31 20:21:45-log: run build task 填充脚本数据到 settings.json success in 3 ms√, progress: 13%
2026-8-31 20:21:45-debug: // ---- build task 整理部分构建选项内数据到 settings.json ----
2026-8-31 20:21:45-debug: // ---- build task 整理部分构建选项内数据到 settings.json ---- (6ms)
2026-8-31 20:21:45-log: run build task 整理部分构建选项内数据到 settings.json success in 6 ms√, progress: 15%
2026-8-31 20:21:45-debug: [Build Memory track]: 整理部分构建选项内数据到 settings.json start:224.38MB, end 224.51MB, increase: 126.55KB
2026-8-31 20:22:12-debug: Query all assets info in project
2026-8-31 20:22:12-debug: init custom config: keepNodeUuid: false, useCache: true
2026-8-31 20:22:12-debug: Skip compress image, progress: 0%
2026-8-31 20:22:12-debug: Init all bundles start..., progress: 0%
2026-8-31 20:22:12-debug: Num of bundles: 3..., progress: 0%
2026-8-31 20:22:12-debug: // ---- build task 查询 Asset Bundle ----
2026-8-31 20:22:12-debug: Init bundle root assets start..., progress: 0%
2026-8-31 20:22:12-debug: 查询 Asset Bundle start, progress: 0%
2026-8-31 20:22:12-debug: Query preload assets/scripts from cc.config.json: 60f7195c-ec2a-45eb-ba94-8955f60e81d0,1c02ae6f-4492-4915-b8f8-7492a3b1e4cd,810e96e4-e456-4468-9b59-f4e8f39732c0,efe8e2a3-eace-427b-b4f1-cb8a937ec77d,e9aa9a3e-5b2b-4ac7-a2c7-073de2b2b24f,8bbdbcdd-5cd4-4100-b6d5-b7c9625b6107,50f4348b-c883-4e2f-8f11-ce233b859fa1,fda095cb-831d-4601-ad94-846013963de8,f92806d7-1768-443f-afe8-12bcde84d0f0,dd3a144d-ab7f-41f0-82b8-2e43a090d496,f0416e68-0200-4b77-a926-4f9d16e494da,511d2633-09a7-4bdd-ac42-f778032124b3,5d45aa00-e064-4938-b314-4265f0c2258c,9361fd90-ba52-4f84-aa93-6e878fd576ca,970b0598-bcb0-4714-91fb-2e81440dccd8,bcd64cc6-2dd9-43f6-abbe-66318d332032,d930590d-bb92-4cc8-8bd1-23cd027f9edf,a3cd009f-0ab0-420d-9278-b9fdab939bbc,6a2d0734-bd9e-4ddf-946e-caa52498cb75,c27215d8-6835-4b68-bfbb-bdeac6100c04,b5d6115f-0370-4d7c-aad3-c194cc71cf98,d1346436-ac96-4271-b863-1f4fdead95b0,971bdb23-3ff6-43eb-b422-1c30165a3663,17debcc3-0a6b-4b8a-b00b-dc58b885581e,711ebe11-f673-4cd9-9a83-63c60ba54c5b,c0143906-9aed-447e-9436-2ae8512d1b6e,14da1725-c4c2-42b4-ab08-ee0aeb6898b3,081cab31-dccd-428e-8652-f2404cc81c47,78e0584a-4343-4727-8f37-e14e65c2a2db,ba21476f-2866-4f81-9c4d-6e359316e448,871c3b6c-7379-419d-bda3-794b239ab90d,1d08ef62-a503-4ce2-8b9a-46c90873f7d3,ff9b0199-ce04-4cfe-86cc-6c719f08d6e4,de1c2107-70c8-4021-8459-6399f24d01c6,cbf30902-517f-40dc-af90-a550bac27cf1,5c601d96-e4c7-4698-991b-7ee674b11079
2026-8-31 20:22:12-debug:   Number of all scenes: 1
2026-8-31 20:22:12-debug:   Number of other assets: 318
2026-8-31 20:22:12-debug: Init bundle root assets success..., progress: 0%
2026-8-31 20:22:12-debug:   Number of all scripts: 7
2026-8-31 20:22:12-debug: // ---- build task 查询 Asset Bundle ---- (11ms)
2026-8-31 20:22:12-log: run build task 查询 Asset Bundle success in 11 ms√, progress: 5%
2026-8-31 20:22:12-debug: [Build Memory track]: 查询 Asset Bundle start:225.14MB, end 224.92MB, increase: -227.81KB
2026-8-31 20:22:12-debug: 查询 Asset Bundle start, progress: 5%
2026-8-31 20:22:12-debug: // ---- build task 查询 Asset Bundle ----
2026-8-31 20:22:12-debug: // ---- build task 查询 Asset Bundle ---- (3ms)
2026-8-31 20:22:12-log: run build task 查询 Asset Bundle success in 3 ms√, progress: 10%
2026-8-31 20:22:12-debug: // ---- build task 整理部分构建选项内数据到 settings.json ----
2026-8-31 20:22:12-debug: 整理部分构建选项内数据到 settings.json start, progress: 10%
2026-8-31 20:22:12-debug: [Build Memory track]: 查询 Asset Bundle start:224.95MB, end 225.05MB, increase: 102.46KB
2026-8-31 20:22:12-log: run build task 整理部分构建选项内数据到 settings.json success in 2 ms√, progress: 12%
2026-8-31 20:22:12-debug: [Build Memory track]: 整理部分构建选项内数据到 settings.json start:225.08MB, end 224.34MB, increase: -756.04KB
2026-8-31 20:22:12-debug: 填充脚本数据到 settings.json start, progress: 12%
2026-8-31 20:22:12-debug: // ---- build task 整理部分构建选项内数据到 settings.json ---- (2ms)
2026-8-31 20:22:12-debug: // ---- build task 填充脚本数据到 settings.json ----
2026-8-31 20:22:12-debug: // ---- build task 填充脚本数据到 settings.json ---- (1ms)
2026-8-31 20:22:12-debug: [Build Memory track]: 填充脚本数据到 settings.json start:224.37MB, end 224.40MB, increase: 26.82KB
2026-8-31 20:22:12-debug: 整理部分构建选项内数据到 settings.json start, progress: 13%
2026-8-31 20:22:12-log: run build task 填充脚本数据到 settings.json success in 1 ms√, progress: 13%
2026-8-31 20:22:12-debug: // ---- build task 整理部分构建选项内数据到 settings.json ----
2026-8-31 20:22:12-debug: // ---- build task 整理部分构建选项内数据到 settings.json ---- (8ms)
2026-8-31 20:22:12-log: run build task 整理部分构建选项内数据到 settings.json success in 8 ms√, progress: 15%
2026-8-31 20:22:12-debug: [Build Memory track]: 整理部分构建选项内数据到 settings.json start:224.43MB, end 224.56MB, increase: 134.64KB
2026-8-31 20:22:24-debug: refresh db internal success
2026-8-31 20:22:24-debug: Run asset db hook engine-extends:afterRefresh ...
2026-8-31 20:22:24-debug: Run asset db hook engine-extends:afterRefresh success!
2026-8-31 20:22:24-debug: refresh db assets success
2026-8-31 20:22:24-debug: asset-db:worker-effect-data-processing (2ms)
2026-8-31 20:22:24-debug: asset-db:refresh-all-database (116ms)
2026-8-31 20:22:24-debug: asset-db-hook-engine-extends-afterRefresh (2ms)
2026-8-31 20:22:38-debug: refresh db internal success
2026-8-31 20:22:38-debug: refresh db assets success
2026-8-31 20:22:38-debug: Run asset db hook engine-extends:afterRefresh ...
2026-8-31 20:22:38-debug: Run asset db hook engine-extends:afterRefresh success!
2026-8-31 20:22:38-debug: asset-db:refresh-all-database (103ms)
2026-8-31 20:22:38-debug: asset-db:worker-effect-data-processing (2ms)
2026-8-31 20:22:38-debug: asset-db-hook-engine-extends-afterRefresh (2ms)
2026-8-31 20:22:41-debug: start move asset from D:\GameByself\Cocos\Project1\assets\Scenes\scene.scene -> D:\GameByself\Cocos\Project1\assets\Scenes\Car.scene...
2026-8-31 20:22:41-debug: start refresh asset from D:\GameByself\Cocos\Project1\assets\Scenes\Car.scene...
2026-8-31 20:22:41-debug: %cImport%c: D:\GameByself\Cocos\Project1\assets\Scenes\Car.scenebackground: #aaff85; color: #000;color: #000;
2026-8-31 20:22:41-debug: refresh asset D:\GameByself\Cocos\Project1\assets\Scenes success
2026-8-31 20:22:41-debug: start refresh asset from D:\GameByself\Cocos\Project1\assets\Scenes...
2026-8-31 20:22:41-debug: %cImport%c: D:\GameByself\Cocos\Project1\assets\Scenesbackground: #aaff85; color: #000;color: #000;
2026-8-31 20:22:41-debug: refresh asset D:\GameByself\Cocos\Project1\assets success
2026-8-31 20:22:41-debug: move asset from D:\GameByself\Cocos\Project1\assets\Scenes\scene.scene -> D:\GameByself\Cocos\Project1\assets\Scenes\Car.scene success
2026-8-31 20:22:42-debug: Query all assets info in project
2026-8-31 20:22:42-debug: init custom config: keepNodeUuid: false, useCache: true
2026-8-31 20:22:42-debug: Skip compress image, progress: 0%
2026-8-31 20:22:42-debug: Init all bundles start..., progress: 0%
2026-8-31 20:22:42-debug: // ---- build task 查询 Asset Bundle ----
2026-8-31 20:22:42-debug: Init bundle root assets start..., progress: 0%
2026-8-31 20:22:42-debug: 查询 Asset Bundle start, progress: 0%
2026-8-31 20:22:42-debug: Num of bundles: 3..., progress: 0%
2026-8-31 20:22:42-debug:   Number of all scenes: 1
2026-8-31 20:22:42-debug:   Number of all scripts: 7
2026-8-31 20:22:42-debug: Query preload assets/scripts from cc.config.json: 60f7195c-ec2a-45eb-ba94-8955f60e81d0,1c02ae6f-4492-4915-b8f8-7492a3b1e4cd,810e96e4-e456-4468-9b59-f4e8f39732c0,efe8e2a3-eace-427b-b4f1-cb8a937ec77d,e9aa9a3e-5b2b-4ac7-a2c7-073de2b2b24f,8bbdbcdd-5cd4-4100-b6d5-b7c9625b6107,50f4348b-c883-4e2f-8f11-ce233b859fa1,fda095cb-831d-4601-ad94-846013963de8,f92806d7-1768-443f-afe8-12bcde84d0f0,dd3a144d-ab7f-41f0-82b8-2e43a090d496,f0416e68-0200-4b77-a926-4f9d16e494da,511d2633-09a7-4bdd-ac42-f778032124b3,5d45aa00-e064-4938-b314-4265f0c2258c,9361fd90-ba52-4f84-aa93-6e878fd576ca,970b0598-bcb0-4714-91fb-2e81440dccd8,bcd64cc6-2dd9-43f6-abbe-66318d332032,d930590d-bb92-4cc8-8bd1-23cd027f9edf,a3cd009f-0ab0-420d-9278-b9fdab939bbc,6a2d0734-bd9e-4ddf-946e-caa52498cb75,c27215d8-6835-4b68-bfbb-bdeac6100c04,b5d6115f-0370-4d7c-aad3-c194cc71cf98,d1346436-ac96-4271-b863-1f4fdead95b0,971bdb23-3ff6-43eb-b422-1c30165a3663,17debcc3-0a6b-4b8a-b00b-dc58b885581e,711ebe11-f673-4cd9-9a83-63c60ba54c5b,c0143906-9aed-447e-9436-2ae8512d1b6e,14da1725-c4c2-42b4-ab08-ee0aeb6898b3,081cab31-dccd-428e-8652-f2404cc81c47,78e0584a-4343-4727-8f37-e14e65c2a2db,ba21476f-2866-4f81-9c4d-6e359316e448,871c3b6c-7379-419d-bda3-794b239ab90d,1d08ef62-a503-4ce2-8b9a-46c90873f7d3,ff9b0199-ce04-4cfe-86cc-6c719f08d6e4,de1c2107-70c8-4021-8459-6399f24d01c6,cbf30902-517f-40dc-af90-a550bac27cf1,5c601d96-e4c7-4698-991b-7ee674b11079
2026-8-31 20:22:42-debug:   Number of other assets: 318
2026-8-31 20:22:42-debug: Init bundle root assets success..., progress: 0%
2026-8-31 20:22:42-debug: // ---- build task 查询 Asset Bundle ---- (14ms)
2026-8-31 20:22:42-log: run build task 查询 Asset Bundle success in 14 ms√, progress: 5%
2026-8-31 20:22:42-debug: 查询 Asset Bundle start, progress: 5%
2026-8-31 20:22:42-debug: [Build Memory track]: 查询 Asset Bundle start:227.68MB, end 227.41MB, increase: -277.52KB
2026-8-31 20:22:42-debug: // ---- build task 查询 Asset Bundle ----
2026-8-31 20:22:42-debug: // ---- build task 查询 Asset Bundle ---- (8ms)
2026-8-31 20:22:42-log: run build task 查询 Asset Bundle success in 8 ms√, progress: 10%
2026-8-31 20:22:42-debug: // ---- build task 整理部分构建选项内数据到 settings.json ----
2026-8-31 20:22:42-debug: [Build Memory track]: 查询 Asset Bundle start:227.44MB, end 227.54MB, increase: 102.18KB
2026-8-31 20:22:42-debug: 整理部分构建选项内数据到 settings.json start, progress: 10%
2026-8-31 20:22:42-log: run build task 整理部分构建选项内数据到 settings.json success in 3 ms√, progress: 12%
2026-8-31 20:22:42-debug: [Build Memory track]: 整理部分构建选项内数据到 settings.json start:227.57MB, end 226.81MB, increase: -776.11KB
2026-8-31 20:22:42-debug: // ---- build task 整理部分构建选项内数据到 settings.json ---- (3ms)
2026-8-31 20:22:42-debug: // ---- build task 填充脚本数据到 settings.json ----
2026-8-31 20:22:42-debug: 填充脚本数据到 settings.json start, progress: 12%
2026-8-31 20:22:42-log: run build task 填充脚本数据到 settings.json success in 5 ms√, progress: 13%
2026-8-31 20:22:42-debug: [Build Memory track]: 填充脚本数据到 settings.json start:226.84MB, end 226.87MB, increase: 25.84KB
2026-8-31 20:22:42-debug: 整理部分构建选项内数据到 settings.json start, progress: 13%
2026-8-31 20:22:42-debug: // ---- build task 填充脚本数据到 settings.json ---- (5ms)
2026-8-31 20:22:42-debug: // ---- build task 整理部分构建选项内数据到 settings.json ----
2026-8-31 20:22:42-debug: // ---- build task 整理部分构建选项内数据到 settings.json ---- (15ms)
2026-8-31 20:22:42-log: run build task 整理部分构建选项内数据到 settings.json success in 15 ms√, progress: 15%
2026-8-31 20:22:42-debug: [Build Memory track]: 整理部分构建选项内数据到 settings.json start:226.90MB, end 227.04MB, increase: 144.18KB
2026-8-31 20:22:51-debug: refresh db internal success
2026-8-31 20:22:51-debug: refresh db assets success
2026-8-31 20:22:51-debug: Run asset db hook engine-extends:afterRefresh ...
2026-8-31 20:22:51-debug: Run asset db hook engine-extends:afterRefresh success!
2026-8-31 20:22:51-debug: asset-db:refresh-all-database (111ms)
2026-8-31 20:22:51-debug: asset-db:worker-effect-data-processing (1ms)
2026-8-31 20:22:51-debug: asset-db-hook-engine-extends-afterRefresh (2ms)
2026-8-31 20:23:06-debug: refresh db internal success
2026-8-31 20:23:06-debug: %cImport%c: D:\GameByself\Cocos\Project1\assets\Scripts\Car.tsbackground: #aaff85; color: #000;color: #000;
2026-8-31 20:23:06-debug: refresh db assets success
2026-8-31 20:23:06-debug: Run asset db hook engine-extends:afterRefresh ...
2026-8-31 20:23:06-debug: Run asset db hook engine-extends:afterRefresh success!
2026-8-31 20:23:06-debug: asset-db:refresh-all-database (125ms)
2026-8-31 20:23:06-debug: asset-db:worker-effect-data-processing (2ms)
2026-8-31 20:23:06-debug: asset-db-hook-engine-extends-afterRefresh (3ms)
2026-8-31 20:23:07-debug: %cImport%c: D:\GameByself\Cocos\Project1\assets\Scenes\Car.scenebackground: #aaff85; color: #000;color: #000;
2026-8-31 20:23:07-debug: asset-db:reimport-assetcb02e093-8bba-4046-8e6e-d0462e7be5da (18ms)
2026-8-31 20:23:08-debug: Query all assets info in project
2026-8-31 20:23:08-debug: init custom config: keepNodeUuid: false, useCache: true
2026-8-31 20:23:08-debug: Skip compress image, progress: 0%
2026-8-31 20:23:08-debug: Init all bundles start..., progress: 0%
2026-8-31 20:23:08-debug: // ---- build task 查询 Asset Bundle ----
2026-8-31 20:23:08-debug: 查询 Asset Bundle start, progress: 0%
2026-8-31 20:23:08-debug: Init bundle root assets start..., progress: 0%
2026-8-31 20:23:08-debug: Num of bundles: 3..., progress: 0%
2026-8-31 20:23:08-debug: Query preload assets/scripts from cc.config.json: 60f7195c-ec2a-45eb-ba94-8955f60e81d0,1c02ae6f-4492-4915-b8f8-7492a3b1e4cd,810e96e4-e456-4468-9b59-f4e8f39732c0,efe8e2a3-eace-427b-b4f1-cb8a937ec77d,e9aa9a3e-5b2b-4ac7-a2c7-073de2b2b24f,8bbdbcdd-5cd4-4100-b6d5-b7c9625b6107,50f4348b-c883-4e2f-8f11-ce233b859fa1,fda095cb-831d-4601-ad94-846013963de8,f92806d7-1768-443f-afe8-12bcde84d0f0,dd3a144d-ab7f-41f0-82b8-2e43a090d496,f0416e68-0200-4b77-a926-4f9d16e494da,511d2633-09a7-4bdd-ac42-f778032124b3,5d45aa00-e064-4938-b314-4265f0c2258c,9361fd90-ba52-4f84-aa93-6e878fd576ca,970b0598-bcb0-4714-91fb-2e81440dccd8,bcd64cc6-2dd9-43f6-abbe-66318d332032,d930590d-bb92-4cc8-8bd1-23cd027f9edf,a3cd009f-0ab0-420d-9278-b9fdab939bbc,6a2d0734-bd9e-4ddf-946e-caa52498cb75,c27215d8-6835-4b68-bfbb-bdeac6100c04,b5d6115f-0370-4d7c-aad3-c194cc71cf98,d1346436-ac96-4271-b863-1f4fdead95b0,971bdb23-3ff6-43eb-b422-1c30165a3663,17debcc3-0a6b-4b8a-b00b-dc58b885581e,711ebe11-f673-4cd9-9a83-63c60ba54c5b,c0143906-9aed-447e-9436-2ae8512d1b6e,14da1725-c4c2-42b4-ab08-ee0aeb6898b3,081cab31-dccd-428e-8652-f2404cc81c47,78e0584a-4343-4727-8f37-e14e65c2a2db,ba21476f-2866-4f81-9c4d-6e359316e448,871c3b6c-7379-419d-bda3-794b239ab90d,1d08ef62-a503-4ce2-8b9a-46c90873f7d3,ff9b0199-ce04-4cfe-86cc-6c719f08d6e4,de1c2107-70c8-4021-8459-6399f24d01c6,cbf30902-517f-40dc-af90-a550bac27cf1,5c601d96-e4c7-4698-991b-7ee674b11079
2026-8-31 20:23:08-debug:   Number of all scenes: 1
2026-8-31 20:23:08-debug:   Number of other assets: 318
2026-8-31 20:23:08-debug:   Number of all scripts: 7
2026-8-31 20:23:08-debug: Init bundle root assets success..., progress: 0%
2026-8-31 20:23:08-debug: // ---- build task 查询 Asset Bundle ---- (10ms)
2026-8-31 20:23:08-log: run build task 查询 Asset Bundle success in 10 ms√, progress: 5%
2026-8-31 20:23:08-debug: 查询 Asset Bundle start, progress: 5%
2026-8-31 20:23:08-debug: [Build Memory track]: 查询 Asset Bundle start:229.46MB, end 229.37MB, increase: -89.22KB
2026-8-31 20:23:08-debug: // ---- build task 查询 Asset Bundle ----
2026-8-31 20:23:08-debug: // ---- build task 查询 Asset Bundle ---- (5ms)
2026-8-31 20:23:08-log: run build task 查询 Asset Bundle success in 5 ms√, progress: 10%
2026-8-31 20:23:08-debug: [Build Memory track]: 查询 Asset Bundle start:229.40MB, end 229.50MB, increase: 102.75KB
2026-8-31 20:23:08-debug: 整理部分构建选项内数据到 settings.json start, progress: 10%
2026-8-31 20:23:08-debug: // ---- build task 整理部分构建选项内数据到 settings.json ----
2026-8-31 20:23:08-debug: // ---- build task 整理部分构建选项内数据到 settings.json ---- (3ms)
2026-8-31 20:23:08-log: run build task 整理部分构建选项内数据到 settings.json success in 3 ms√, progress: 12%
2026-8-31 20:23:08-debug: 填充脚本数据到 settings.json start, progress: 12%
2026-8-31 20:23:08-debug: [Build Memory track]: 整理部分构建选项内数据到 settings.json start:229.53MB, end 229.55MB, increase: 26.48KB
2026-8-31 20:23:08-debug: // ---- build task 填充脚本数据到 settings.json ----
2026-8-31 20:23:08-log: run build task 填充脚本数据到 settings.json success in 3 ms√, progress: 13%
2026-8-31 20:23:08-debug: [Build Memory track]: 填充脚本数据到 settings.json start:229.58MB, end 229.61MB, increase: 25.96KB
2026-8-31 20:23:08-debug: 整理部分构建选项内数据到 settings.json start, progress: 13%
2026-8-31 20:23:08-debug: // ---- build task 填充脚本数据到 settings.json ---- (3ms)
2026-8-31 20:23:08-debug: // ---- build task 整理部分构建选项内数据到 settings.json ----
2026-8-31 20:23:08-debug: // ---- build task 整理部分构建选项内数据到 settings.json ---- (6ms)
2026-8-31 20:23:08-log: run build task 整理部分构建选项内数据到 settings.json success in 6 ms√, progress: 15%
2026-8-31 20:23:08-debug: [Build Memory track]: 整理部分构建选项内数据到 settings.json start:229.64MB, end 229.76MB, increase: 125.82KB
2026-8-31 20:23:08-debug: Query all assets info in project
2026-8-31 20:23:08-debug: init custom config: keepNodeUuid: false, useCache: true
2026-8-31 20:23:08-debug: Skip compress image, progress: 0%
2026-8-31 20:23:08-debug: Init all bundles start..., progress: 0%
2026-8-31 20:23:08-debug: // ---- build task 查询 Asset Bundle ----
2026-8-31 20:23:08-debug: 查询 Asset Bundle start, progress: 0%
2026-8-31 20:23:08-debug: Num of bundles: 3..., progress: 0%
2026-8-31 20:23:08-debug: Init bundle root assets start..., progress: 0%
2026-8-31 20:23:08-debug: Query preload assets/scripts from cc.config.json: 60f7195c-ec2a-45eb-ba94-8955f60e81d0,1c02ae6f-4492-4915-b8f8-7492a3b1e4cd,810e96e4-e456-4468-9b59-f4e8f39732c0,efe8e2a3-eace-427b-b4f1-cb8a937ec77d,e9aa9a3e-5b2b-4ac7-a2c7-073de2b2b24f,8bbdbcdd-5cd4-4100-b6d5-b7c9625b6107,50f4348b-c883-4e2f-8f11-ce233b859fa1,fda095cb-831d-4601-ad94-846013963de8,f92806d7-1768-443f-afe8-12bcde84d0f0,dd3a144d-ab7f-41f0-82b8-2e43a090d496,f0416e68-0200-4b77-a926-4f9d16e494da,511d2633-09a7-4bdd-ac42-f778032124b3,5d45aa00-e064-4938-b314-4265f0c2258c,9361fd90-ba52-4f84-aa93-6e878fd576ca,970b0598-bcb0-4714-91fb-2e81440dccd8,bcd64cc6-2dd9-43f6-abbe-66318d332032,d930590d-bb92-4cc8-8bd1-23cd027f9edf,a3cd009f-0ab0-420d-9278-b9fdab939bbc,6a2d0734-bd9e-4ddf-946e-caa52498cb75,c27215d8-6835-4b68-bfbb-bdeac6100c04,b5d6115f-0370-4d7c-aad3-c194cc71cf98,d1346436-ac96-4271-b863-1f4fdead95b0,971bdb23-3ff6-43eb-b422-1c30165a3663,17debcc3-0a6b-4b8a-b00b-dc58b885581e,711ebe11-f673-4cd9-9a83-63c60ba54c5b,c0143906-9aed-447e-9436-2ae8512d1b6e,14da1725-c4c2-42b4-ab08-ee0aeb6898b3,081cab31-dccd-428e-8652-f2404cc81c47,78e0584a-4343-4727-8f37-e14e65c2a2db,ba21476f-2866-4f81-9c4d-6e359316e448,871c3b6c-7379-419d-bda3-794b239ab90d,1d08ef62-a503-4ce2-8b9a-46c90873f7d3,ff9b0199-ce04-4cfe-86cc-6c719f08d6e4,de1c2107-70c8-4021-8459-6399f24d01c6,cbf30902-517f-40dc-af90-a550bac27cf1,5c601d96-e4c7-4698-991b-7ee674b11079
2026-8-31 20:23:08-debug:   Number of all scenes: 1
2026-8-31 20:23:08-debug:   Number of all scripts: 7
2026-8-31 20:23:08-debug:   Number of other assets: 318
2026-8-31 20:23:08-debug: Init bundle root assets success..., progress: 0%
2026-8-31 20:23:08-debug: // ---- build task 查询 Asset Bundle ---- (11ms)
2026-8-31 20:23:08-debug: [Build Memory track]: 查询 Asset Bundle start:230.14MB, end 230.04MB, increase: -101.20KB
2026-8-31 20:23:08-debug: 查询 Asset Bundle start, progress: 5%
2026-8-31 20:23:08-log: run build task 查询 Asset Bundle success in 11 ms√, progress: 5%
2026-8-31 20:23:08-debug: // ---- build task 查询 Asset Bundle ----
2026-8-31 20:23:08-debug: // ---- build task 查询 Asset Bundle ---- (7ms)
2026-8-31 20:23:08-log: run build task 查询 Asset Bundle success in 7 ms√, progress: 10%
2026-8-31 20:23:08-debug: 整理部分构建选项内数据到 settings.json start, progress: 10%
2026-8-31 20:23:08-debug: [Build Memory track]: 查询 Asset Bundle start:230.07MB, end 229.45MB, increase: -636.51KB
2026-8-31 20:23:08-debug: // ---- build task 整理部分构建选项内数据到 settings.json ----
2026-8-31 20:23:08-debug: // ---- build task 整理部分构建选项内数据到 settings.json ---- (4ms)
2026-8-31 20:23:08-log: run build task 整理部分构建选项内数据到 settings.json success in 4 ms√, progress: 12%
2026-8-31 20:23:08-debug: [Build Memory track]: 整理部分构建选项内数据到 settings.json start:229.48MB, end 229.51MB, increase: 26.47KB
2026-8-31 20:23:08-debug: 填充脚本数据到 settings.json start, progress: 12%
2026-8-31 20:23:08-debug: // ---- build task 填充脚本数据到 settings.json ----
2026-8-31 20:23:08-debug: // ---- build task 填充脚本数据到 settings.json ---- (3ms)
2026-8-31 20:23:08-debug: [Build Memory track]: 填充脚本数据到 settings.json start:229.54MB, end 229.56MB, increase: 25.27KB
2026-8-31 20:23:08-log: run build task 填充脚本数据到 settings.json success in 3 ms√, progress: 13%
2026-8-31 20:23:08-debug: 整理部分构建选项内数据到 settings.json start, progress: 13%
2026-8-31 20:23:08-debug: // ---- build task 整理部分构建选项内数据到 settings.json ----
2026-8-31 20:23:08-log: run build task 整理部分构建选项内数据到 settings.json success in 11 ms√, progress: 15%
2026-8-31 20:23:08-debug: [Build Memory track]: 整理部分构建选项内数据到 settings.json start:229.59MB, end 229.72MB, increase: 126.46KB
2026-8-31 20:23:08-debug: // ---- build task 整理部分构建选项内数据到 settings.json ---- (11ms)
2026-8-31 20:28:10-debug: refresh db internal success
2026-8-31 20:28:10-debug: refresh db assets success
2026-8-31 20:28:10-debug: Run asset db hook engine-extends:afterRefresh ...
2026-8-31 20:28:10-debug: Run asset db hook engine-extends:afterRefresh success!
2026-8-31 20:28:10-debug: asset-db:refresh-all-database (106ms)
2026-8-31 20:28:10-debug: asset-db:worker-effect-data-processing (2ms)
2026-8-31 20:28:10-debug: asset-db-hook-engine-extends-afterRefresh (2ms)
2026-8-31 20:28:56-debug: refresh db internal success
2026-8-31 20:28:56-debug: refresh db assets success
2026-8-31 20:28:56-debug: Run asset db hook engine-extends:afterRefresh ...
2026-8-31 20:28:56-debug: Run asset db hook engine-extends:afterRefresh success!
2026-8-31 20:28:56-debug: asset-db:refresh-all-database (110ms)
2026-8-31 20:28:56-debug: asset-db-hook-engine-extends-afterRefresh (2ms)
2026-8-31 20:28:56-debug: asset-db:worker-effect-data-processing (2ms)
2026-8-31 20:29:19-debug: refresh db internal success
2026-8-31 20:29:19-debug: refresh db assets success
2026-8-31 20:29:19-debug: Run asset db hook engine-extends:afterRefresh ...
2026-8-31 20:29:19-debug: Run asset db hook engine-extends:afterRefresh success!
2026-8-31 20:29:19-debug: asset-db:refresh-all-database (133ms)
2026-8-31 20:29:19-debug: asset-db:worker-effect-data-processing (3ms)
2026-8-31 20:29:19-debug: asset-db-hook-engine-extends-afterRefresh (3ms)
2026-8-31 20:29:23-debug: refresh db internal success
2026-8-31 20:29:23-debug: refresh db assets success
2026-8-31 20:29:23-debug: Run asset db hook engine-extends:afterRefresh ...
2026-8-31 20:29:23-debug: Run asset db hook engine-extends:afterRefresh success!
2026-8-31 20:29:23-debug: asset-db:refresh-all-database (109ms)
2026-8-31 20:29:23-debug: asset-db:worker-effect-data-processing (2ms)
2026-8-31 20:29:23-debug: asset-db-hook-engine-extends-afterRefresh (2ms)
2026-8-31 20:29:26-debug: refresh db internal success
2026-8-31 20:29:26-debug: refresh db assets success
2026-8-31 20:29:26-debug: Run asset db hook engine-extends:afterRefresh ...
2026-8-31 20:29:26-debug: Run asset db hook engine-extends:afterRefresh success!
2026-8-31 20:29:26-debug: asset-db:refresh-all-database (107ms)
2026-8-31 20:29:26-debug: asset-db:worker-effect-data-processing (2ms)
2026-8-31 20:29:26-debug: asset-db-hook-engine-extends-afterRefresh (2ms)
2026-8-31 20:30:35-debug: refresh db internal success
2026-8-31 20:30:35-debug: refresh db assets success
2026-8-31 20:30:35-debug: Run asset db hook engine-extends:afterRefresh ...
2026-8-31 20:30:35-debug: Run asset db hook engine-extends:afterRefresh success!
2026-8-31 20:30:35-debug: asset-db:refresh-all-database (105ms)
2026-8-31 20:30:35-debug: asset-db:worker-effect-data-processing (2ms)
2026-8-31 20:30:35-debug: asset-db-hook-engine-extends-afterRefresh (3ms)
2026-8-31 20:30:41-debug: start refresh asset from D:\GameByself\Cocos\Project1\assets\resources\sound...
2026-8-31 20:30:41-debug: %cImport%c: D:\GameByself\Cocos\Project1\assets\resources\soundbackground: #aaff85; color: #000;color: #000;
2026-8-31 20:30:41-debug: refresh asset D:\GameByself\Cocos\Project1\assets\resources success
2026-8-31 20:30:41-debug: %cImport%c: D:\GameByself\Cocos\Project1\assets\resourcesbackground: #aaff85; color: #000;color: #000;
2026-8-31 20:30:44-debug: refresh db internal success
2026-8-31 20:30:44-debug: refresh db assets success
2026-8-31 20:30:44-debug: Run asset db hook engine-extends:afterRefresh ...
2026-8-31 20:30:44-debug: Run asset db hook engine-extends:afterRefresh success!
2026-8-31 20:30:44-debug: asset-db:refresh-all-database (116ms)
2026-8-31 20:30:44-debug: asset-db:worker-effect-data-processing (1ms)
2026-8-31 20:30:44-debug: asset-db-hook-engine-extends-afterRefresh (3ms)
2026-8-31 20:30:45-debug: start refresh asset from D:\GameByself\Cocos\Project1\assets\resources\sound\sound.mp3...
2026-8-31 20:30:45-debug: %cImport%c: D:\GameByself\Cocos\Project1\assets\resources\sound\sound.mp3background: #aaff85; color: #000;color: #000;
2026-8-31 20:30:45-debug: refresh asset D:\GameByself\Cocos\Project1\assets\resources\sound success
2026-8-31 20:30:45-debug: %cImport%c: D:\GameByself\Cocos\Project1\assets\resources\soundbackground: #aaff85; color: #000;color: #000;
2026-8-31 20:30:59-debug: refresh db internal success
2026-8-31 20:30:59-debug: refresh db assets success
2026-8-31 20:30:59-debug: Run asset db hook engine-extends:afterRefresh ...
2026-8-31 20:30:59-debug: Run asset db hook engine-extends:afterRefresh success!
2026-8-31 20:30:59-debug: asset-db:refresh-all-database (105ms)
2026-8-31 20:30:59-debug: asset-db:worker-effect-data-processing (2ms)
2026-8-31 20:30:59-debug: asset-db-hook-engine-extends-afterRefresh (2ms)
2026-8-31 20:31:00-debug: refresh db internal success
2026-8-31 20:31:00-debug: refresh db assets success
2026-8-31 20:31:00-debug: Run asset db hook engine-extends:afterRefresh ...
2026-8-31 20:31:00-debug: Run asset db hook engine-extends:afterRefresh success!
2026-8-31 20:31:00-debug: asset-db:refresh-all-database (108ms)
2026-8-31 20:31:00-debug: asset-db:worker-effect-data-processing (1ms)
2026-8-31 20:31:00-debug: asset-db-hook-engine-extends-afterRefresh (1ms)
2026-8-31 20:31:10-debug: refresh db internal success
2026-8-31 20:31:10-debug: refresh db assets success
2026-8-31 20:31:10-debug: Run asset db hook engine-extends:afterRefresh ...
2026-8-31 20:31:10-debug: asset-db:refresh-all-database (100ms)
2026-8-31 20:31:10-debug: Run asset db hook engine-extends:afterRefresh success!
2026-8-31 20:31:10-debug: asset-db:worker-effect-data-processing (2ms)
2026-8-31 20:31:10-debug: asset-db-hook-engine-extends-afterRefresh (2ms)
2026-8-31 20:33:25-debug: refresh db internal success
2026-8-31 20:33:25-debug: %cImport%c: D:\GameByself\Cocos\Project1\assets\Scripts\Car.tsbackground: #aaff85; color: #000;color: #000;
2026-8-31 20:33:25-debug: refresh db assets success
2026-8-31 20:33:25-debug: Run asset db hook engine-extends:afterRefresh ...
2026-8-31 20:33:25-debug: Run asset db hook engine-extends:afterRefresh success!
2026-8-31 20:33:25-debug: asset-db:refresh-all-database (100ms)
2026-8-31 20:33:25-debug: asset-db:worker-effect-data-processing (1ms)
2026-8-31 20:33:25-debug: asset-db-hook-engine-extends-afterRefresh (2ms)
2026-8-31 20:33:29-debug: Query all assets info in project
2026-8-31 20:33:29-debug: init custom config: keepNodeUuid: false, useCache: true
2026-8-31 20:33:29-debug: Skip compress image, progress: 0%
2026-8-31 20:33:29-debug: Num of bundles: 3..., progress: 0%
2026-8-31 20:33:29-debug: Init all bundles start..., progress: 0%
2026-8-31 20:33:29-debug: Init bundle root assets start..., progress: 0%
2026-8-31 20:33:29-debug: 查询 Asset Bundle start, progress: 0%
2026-8-31 20:33:29-debug: // ---- build task 查询 Asset Bundle ----
2026-8-31 20:33:29-debug: Query preload assets/scripts from cc.config.json: 60f7195c-ec2a-45eb-ba94-8955f60e81d0,1c02ae6f-4492-4915-b8f8-7492a3b1e4cd,810e96e4-e456-4468-9b59-f4e8f39732c0,efe8e2a3-eace-427b-b4f1-cb8a937ec77d,e9aa9a3e-5b2b-4ac7-a2c7-073de2b2b24f,8bbdbcdd-5cd4-4100-b6d5-b7c9625b6107,50f4348b-c883-4e2f-8f11-ce233b859fa1,fda095cb-831d-4601-ad94-846013963de8,f92806d7-1768-443f-afe8-12bcde84d0f0,dd3a144d-ab7f-41f0-82b8-2e43a090d496,f0416e68-0200-4b77-a926-4f9d16e494da,511d2633-09a7-4bdd-ac42-f778032124b3,5d45aa00-e064-4938-b314-4265f0c2258c,9361fd90-ba52-4f84-aa93-6e878fd576ca,970b0598-bcb0-4714-91fb-2e81440dccd8,bcd64cc6-2dd9-43f6-abbe-66318d332032,d930590d-bb92-4cc8-8bd1-23cd027f9edf,a3cd009f-0ab0-420d-9278-b9fdab939bbc,6a2d0734-bd9e-4ddf-946e-caa52498cb75,c27215d8-6835-4b68-bfbb-bdeac6100c04,b5d6115f-0370-4d7c-aad3-c194cc71cf98,d1346436-ac96-4271-b863-1f4fdead95b0,971bdb23-3ff6-43eb-b422-1c30165a3663,17debcc3-0a6b-4b8a-b00b-dc58b885581e,711ebe11-f673-4cd9-9a83-63c60ba54c5b,c0143906-9aed-447e-9436-2ae8512d1b6e,14da1725-c4c2-42b4-ab08-ee0aeb6898b3,081cab31-dccd-428e-8652-f2404cc81c47,78e0584a-4343-4727-8f37-e14e65c2a2db,ba21476f-2866-4f81-9c4d-6e359316e448,871c3b6c-7379-419d-bda3-794b239ab90d,1d08ef62-a503-4ce2-8b9a-46c90873f7d3,ff9b0199-ce04-4cfe-86cc-6c719f08d6e4,de1c2107-70c8-4021-8459-6399f24d01c6,cbf30902-517f-40dc-af90-a550bac27cf1,5c601d96-e4c7-4698-991b-7ee674b11079
2026-8-31 20:33:29-debug:   Number of all scenes: 1
2026-8-31 20:33:29-debug:   Number of other assets: 319
2026-8-31 20:33:29-debug: Init bundle root assets success..., progress: 0%
2026-8-31 20:33:29-debug:   Number of all scripts: 7
2026-8-31 20:33:29-debug: // ---- build task 查询 Asset Bundle ---- (10ms)
2026-8-31 20:33:29-log: run build task 查询 Asset Bundle success in 10 ms√, progress: 5%
2026-8-31 20:33:29-debug: 查询 Asset Bundle start, progress: 5%
2026-8-31 20:33:29-debug: [Build Memory track]: 查询 Asset Bundle start:240.82MB, end 240.70MB, increase: -114.01KB
2026-8-31 20:33:29-debug: // ---- build task 查询 Asset Bundle ----
2026-8-31 20:33:29-debug: // ---- build task 查询 Asset Bundle ---- (3ms)
2026-8-31 20:33:29-log: run build task 查询 Asset Bundle success in 3 ms√, progress: 10%
2026-8-31 20:33:29-debug: [Build Memory track]: 查询 Asset Bundle start:240.73MB, end 240.84MB, increase: 104.59KB
2026-8-31 20:33:29-debug: 整理部分构建选项内数据到 settings.json start, progress: 10%
2026-8-31 20:33:29-debug: // ---- build task 整理部分构建选项内数据到 settings.json ----
2026-8-31 20:33:29-debug: // ---- build task 整理部分构建选项内数据到 settings.json ---- (1ms)
2026-8-31 20:33:29-log: run build task 整理部分构建选项内数据到 settings.json success in 1 ms√, progress: 12%
2026-8-31 20:33:29-debug: [Build Memory track]: 整理部分构建选项内数据到 settings.json start:240.87MB, end 240.90MB, increase: 31.30KB
2026-8-31 20:33:29-debug: 填充脚本数据到 settings.json start, progress: 12%
2026-8-31 20:33:29-debug: // ---- build task 填充脚本数据到 settings.json ----
2026-8-31 20:33:29-debug: // ---- build task 填充脚本数据到 settings.json ---- (1ms)
2026-8-31 20:33:29-log: run build task 填充脚本数据到 settings.json success in 1 ms√, progress: 13%
2026-8-31 20:33:29-debug: [Build Memory track]: 填充脚本数据到 settings.json start:240.93MB, end 240.95MB, increase: 26.05KB
2026-8-31 20:33:29-debug: 整理部分构建选项内数据到 settings.json start, progress: 13%
2026-8-31 20:33:29-debug: // ---- build task 整理部分构建选项内数据到 settings.json ----
2026-8-31 20:33:29-log: run build task 整理部分构建选项内数据到 settings.json success in 5 ms√, progress: 15%
2026-8-31 20:33:29-debug: // ---- build task 整理部分构建选项内数据到 settings.json ---- (5ms)
2026-8-31 20:33:29-debug: [Build Memory track]: 整理部分构建选项内数据到 settings.json start:240.98MB, end 241.11MB, increase: 126.11KB
2026-8-31 20:33:42-debug: refresh db internal success
2026-8-31 20:33:42-debug: refresh db assets success
2026-8-31 20:33:42-debug: Run asset db hook engine-extends:afterRefresh ...
2026-8-31 20:33:42-debug: Run asset db hook engine-extends:afterRefresh success!
2026-8-31 20:33:42-debug: asset-db:refresh-all-database (102ms)
2026-8-31 20:33:42-debug: asset-db:worker-effect-data-processing (1ms)
2026-8-31 20:33:42-debug: asset-db-hook-engine-extends-afterRefresh (1ms)
2026-8-31 20:34:22-debug: refresh db internal success
2026-8-31 20:34:22-debug: refresh db assets success
2026-8-31 20:34:22-debug: Run asset db hook engine-extends:afterRefresh ...
2026-8-31 20:34:22-debug: Run asset db hook engine-extends:afterRefresh success!
2026-8-31 20:34:22-debug: asset-db:refresh-all-database (106ms)
2026-8-31 20:34:22-debug: asset-db:worker-effect-data-processing (2ms)
2026-8-31 20:34:22-debug: asset-db-hook-engine-extends-afterRefresh (2ms)
2026-8-31 20:34:35-debug: refresh db internal success
2026-8-31 20:34:35-debug: refresh db assets success
2026-8-31 20:34:35-debug: Run asset db hook engine-extends:afterRefresh ...
2026-8-31 20:34:35-debug: Run asset db hook engine-extends:afterRefresh success!
2026-8-31 20:34:35-debug: asset-db:refresh-all-database (103ms)
2026-8-31 20:34:35-debug: asset-db:worker-effect-data-processing (2ms)
2026-8-31 20:34:35-debug: asset-db-hook-engine-extends-afterRefresh (3ms)
2026-8-31 20:34:37-debug: refresh db internal success
2026-8-31 20:34:37-debug: refresh db assets success
2026-8-31 20:34:37-debug: Run asset db hook engine-extends:afterRefresh ...
2026-8-31 20:34:37-debug: Run asset db hook engine-extends:afterRefresh success!
2026-8-31 20:34:37-debug: asset-db:refresh-all-database (121ms)
2026-8-31 20:34:37-debug: asset-db:worker-effect-data-processing (5ms)
2026-8-31 20:34:37-debug: asset-db-hook-engine-extends-afterRefresh (5ms)
2026-8-31 20:34:55-debug: refresh db internal success
2026-8-31 20:34:55-debug: refresh db assets success
2026-8-31 20:34:55-debug: Run asset db hook engine-extends:afterRefresh ...
2026-8-31 20:34:55-debug: Run asset db hook engine-extends:afterRefresh success!
2026-8-31 20:34:55-debug: asset-db:refresh-all-database (104ms)
2026-8-31 20:34:55-debug: asset-db:worker-effect-data-processing (2ms)
2026-8-31 20:34:55-debug: asset-db-hook-engine-extends-afterRefresh (3ms)
2026-8-31 20:35:17-debug: refresh db internal success
2026-8-31 20:35:17-debug: %cImport%c: D:\GameByself\Cocos\Project1\assets\Scripts\Car.tsbackground: #aaff85; color: #000;color: #000;
2026-8-31 20:35:17-debug: refresh db assets success
2026-8-31 20:35:17-debug: Run asset db hook engine-extends:afterRefresh ...
2026-8-31 20:35:17-debug: Run asset db hook engine-extends:afterRefresh success!
2026-8-31 20:35:17-debug: asset-db:refresh-all-database (128ms)
2026-8-31 20:35:17-debug: asset-db:worker-effect-data-processing (3ms)
2026-8-31 20:35:17-debug: asset-db-hook-engine-extends-afterRefresh (3ms)
2026-8-31 20:35:18-debug: Query all assets info in project
2026-8-31 20:35:18-debug: init custom config: keepNodeUuid: false, useCache: true
2026-8-31 20:35:18-debug: Skip compress image, progress: 0%
2026-8-31 20:35:18-debug: Init all bundles start..., progress: 0%
2026-8-31 20:35:18-debug: // ---- build task 查询 Asset Bundle ----
2026-8-31 20:35:18-debug: 查询 Asset Bundle start, progress: 0%
2026-8-31 20:35:18-debug: Num of bundles: 3..., progress: 0%
2026-8-31 20:35:18-debug: Init bundle root assets start..., progress: 0%
2026-8-31 20:35:18-debug: Query preload assets/scripts from cc.config.json: 60f7195c-ec2a-45eb-ba94-8955f60e81d0,1c02ae6f-4492-4915-b8f8-7492a3b1e4cd,810e96e4-e456-4468-9b59-f4e8f39732c0,efe8e2a3-eace-427b-b4f1-cb8a937ec77d,e9aa9a3e-5b2b-4ac7-a2c7-073de2b2b24f,8bbdbcdd-5cd4-4100-b6d5-b7c9625b6107,50f4348b-c883-4e2f-8f11-ce233b859fa1,fda095cb-831d-4601-ad94-846013963de8,f92806d7-1768-443f-afe8-12bcde84d0f0,dd3a144d-ab7f-41f0-82b8-2e43a090d496,f0416e68-0200-4b77-a926-4f9d16e494da,511d2633-09a7-4bdd-ac42-f778032124b3,5d45aa00-e064-4938-b314-4265f0c2258c,9361fd90-ba52-4f84-aa93-6e878fd576ca,970b0598-bcb0-4714-91fb-2e81440dccd8,bcd64cc6-2dd9-43f6-abbe-66318d332032,d930590d-bb92-4cc8-8bd1-23cd027f9edf,a3cd009f-0ab0-420d-9278-b9fdab939bbc,6a2d0734-bd9e-4ddf-946e-caa52498cb75,c27215d8-6835-4b68-bfbb-bdeac6100c04,b5d6115f-0370-4d7c-aad3-c194cc71cf98,d1346436-ac96-4271-b863-1f4fdead95b0,971bdb23-3ff6-43eb-b422-1c30165a3663,17debcc3-0a6b-4b8a-b00b-dc58b885581e,711ebe11-f673-4cd9-9a83-63c60ba54c5b,c0143906-9aed-447e-9436-2ae8512d1b6e,14da1725-c4c2-42b4-ab08-ee0aeb6898b3,081cab31-dccd-428e-8652-f2404cc81c47,78e0584a-4343-4727-8f37-e14e65c2a2db,ba21476f-2866-4f81-9c4d-6e359316e448,871c3b6c-7379-419d-bda3-794b239ab90d,1d08ef62-a503-4ce2-8b9a-46c90873f7d3,ff9b0199-ce04-4cfe-86cc-6c719f08d6e4,de1c2107-70c8-4021-8459-6399f24d01c6,cbf30902-517f-40dc-af90-a550bac27cf1,5c601d96-e4c7-4698-991b-7ee674b11079
2026-8-31 20:35:18-debug:   Number of all scenes: 1
2026-8-31 20:35:18-debug:   Number of all scripts: 7
2026-8-31 20:35:18-debug: Init bundle root assets success..., progress: 0%
2026-8-31 20:35:18-debug:   Number of other assets: 319
2026-8-31 20:35:18-log: run build task 查询 Asset Bundle success in 11 ms√, progress: 5%
2026-8-31 20:35:18-debug: [Build Memory track]: 查询 Asset Bundle start:226.13MB, end 225.90MB, increase: -235.69KB
2026-8-31 20:35:18-debug: // ---- build task 查询 Asset Bundle ----
2026-8-31 20:35:18-debug: // ---- build task 查询 Asset Bundle ---- (11ms)
2026-8-31 20:35:18-debug: 查询 Asset Bundle start, progress: 5%
2026-8-31 20:35:18-debug: // ---- build task 查询 Asset Bundle ---- (4ms)
2026-8-31 20:35:18-log: run build task 查询 Asset Bundle success in 4 ms√, progress: 10%
2026-8-31 20:35:18-debug: [Build Memory track]: 查询 Asset Bundle start:225.93MB, end 226.03MB, increase: 102.32KB
2026-8-31 20:35:18-debug: 整理部分构建选项内数据到 settings.json start, progress: 10%
2026-8-31 20:35:18-debug: // ---- build task 整理部分构建选项内数据到 settings.json ----
2026-8-31 20:35:18-debug: // ---- build task 整理部分构建选项内数据到 settings.json ---- (2ms)
2026-8-31 20:35:18-log: run build task 整理部分构建选项内数据到 settings.json success in 2 ms√, progress: 12%
2026-8-31 20:35:18-debug: // ---- build task 填充脚本数据到 settings.json ----
2026-8-31 20:35:18-debug: [Build Memory track]: 整理部分构建选项内数据到 settings.json start:226.06MB, end 226.09MB, increase: 26.54KB
2026-8-31 20:35:18-debug: 填充脚本数据到 settings.json start, progress: 12%
2026-8-31 20:35:18-debug: // ---- build task 填充脚本数据到 settings.json ---- (1ms)
2026-8-31 20:35:18-log: run build task 填充脚本数据到 settings.json success in 1 ms√, progress: 13%
2026-8-31 20:35:18-debug: 整理部分构建选项内数据到 settings.json start, progress: 13%
2026-8-31 20:35:18-debug: [Build Memory track]: 填充脚本数据到 settings.json start:226.12MB, end 226.15MB, increase: 25.96KB
2026-8-31 20:35:18-debug: // ---- build task 整理部分构建选项内数据到 settings.json ----
2026-8-31 20:35:18-debug: // ---- build task 整理部分构建选项内数据到 settings.json ---- (7ms)
2026-8-31 20:35:18-log: run build task 整理部分构建选项内数据到 settings.json success in 7 ms√, progress: 15%
2026-8-31 20:35:18-debug: [Build Memory track]: 整理部分构建选项内数据到 settings.json start:226.18MB, end 225.60MB, increase: -594.63KB
2026-8-31 20:36:15-debug: refresh db internal success
2026-8-31 20:36:15-debug: refresh db assets success
2026-8-31 20:36:15-debug: Run asset db hook engine-extends:afterRefresh ...
2026-8-31 20:36:15-debug: Run asset db hook engine-extends:afterRefresh success!
2026-8-31 20:36:15-debug: asset-db:refresh-all-database (110ms)
2026-8-31 20:36:15-debug: asset-db:worker-effect-data-processing (1ms)
2026-8-31 20:36:15-debug: asset-db-hook-engine-extends-afterRefresh (1ms)
2026-8-31 20:36:59-debug: refresh db internal success
2026-8-31 20:36:59-debug: refresh db assets success
2026-8-31 20:36:59-debug: Run asset db hook engine-extends:afterRefresh ...
2026-8-31 20:36:59-debug: Run asset db hook engine-extends:afterRefresh success!
2026-8-31 20:36:59-debug: asset-db:refresh-all-database (105ms)
2026-8-31 20:36:59-debug: asset-db:worker-effect-data-processing (2ms)
2026-8-31 20:36:59-debug: asset-db-hook-engine-extends-afterRefresh (3ms)
2026-8-31 20:37:24-debug: %cImport%c: D:\GameByself\Cocos\Project1\assets\Scenes\Car.scenebackground: #aaff85; color: #000;color: #000;
2026-8-31 20:37:24-debug: asset-db:reimport-assetcb02e093-8bba-4046-8e6e-d0462e7be5da (27ms)
2026-8-31 20:37:25-debug: Query all assets info in project
2026-8-31 20:37:25-debug: init custom config: keepNodeUuid: false, useCache: true
2026-8-31 20:37:25-debug: Skip compress image, progress: 0%
2026-8-31 20:37:25-debug: Init all bundles start..., progress: 0%
2026-8-31 20:37:25-debug: // ---- build task 查询 Asset Bundle ----
2026-8-31 20:37:25-debug: Init bundle root assets start..., progress: 0%
2026-8-31 20:37:25-debug: Num of bundles: 3..., progress: 0%
2026-8-31 20:37:25-debug: 查询 Asset Bundle start, progress: 0%
2026-8-31 20:37:25-debug:   Number of all scenes: 1
2026-8-31 20:37:25-debug:   Number of all scripts: 7
2026-8-31 20:37:25-debug: Query preload assets/scripts from cc.config.json: 60f7195c-ec2a-45eb-ba94-8955f60e81d0,1c02ae6f-4492-4915-b8f8-7492a3b1e4cd,810e96e4-e456-4468-9b59-f4e8f39732c0,efe8e2a3-eace-427b-b4f1-cb8a937ec77d,e9aa9a3e-5b2b-4ac7-a2c7-073de2b2b24f,8bbdbcdd-5cd4-4100-b6d5-b7c9625b6107,50f4348b-c883-4e2f-8f11-ce233b859fa1,fda095cb-831d-4601-ad94-846013963de8,f92806d7-1768-443f-afe8-12bcde84d0f0,dd3a144d-ab7f-41f0-82b8-2e43a090d496,f0416e68-0200-4b77-a926-4f9d16e494da,511d2633-09a7-4bdd-ac42-f778032124b3,5d45aa00-e064-4938-b314-4265f0c2258c,9361fd90-ba52-4f84-aa93-6e878fd576ca,970b0598-bcb0-4714-91fb-2e81440dccd8,bcd64cc6-2dd9-43f6-abbe-66318d332032,d930590d-bb92-4cc8-8bd1-23cd027f9edf,a3cd009f-0ab0-420d-9278-b9fdab939bbc,6a2d0734-bd9e-4ddf-946e-caa52498cb75,c27215d8-6835-4b68-bfbb-bdeac6100c04,b5d6115f-0370-4d7c-aad3-c194cc71cf98,d1346436-ac96-4271-b863-1f4fdead95b0,971bdb23-3ff6-43eb-b422-1c30165a3663,17debcc3-0a6b-4b8a-b00b-dc58b885581e,711ebe11-f673-4cd9-9a83-63c60ba54c5b,c0143906-9aed-447e-9436-2ae8512d1b6e,14da1725-c4c2-42b4-ab08-ee0aeb6898b3,081cab31-dccd-428e-8652-f2404cc81c47,78e0584a-4343-4727-8f37-e14e65c2a2db,ba21476f-2866-4f81-9c4d-6e359316e448,871c3b6c-7379-419d-bda3-794b239ab90d,1d08ef62-a503-4ce2-8b9a-46c90873f7d3,ff9b0199-ce04-4cfe-86cc-6c719f08d6e4,de1c2107-70c8-4021-8459-6399f24d01c6,cbf30902-517f-40dc-af90-a550bac27cf1,5c601d96-e4c7-4698-991b-7ee674b11079
2026-8-31 20:37:25-debug:   Number of other assets: 319
2026-8-31 20:37:25-debug: Init bundle root assets success..., progress: 0%
2026-8-31 20:37:25-debug: // ---- build task 查询 Asset Bundle ---- (9ms)
2026-8-31 20:37:25-log: run build task 查询 Asset Bundle success in 9 ms√, progress: 5%
2026-8-31 20:37:25-debug: [Build Memory track]: 查询 Asset Bundle start:228.89MB, end 228.78MB, increase: -118.86KB
2026-8-31 20:37:25-debug: // ---- build task 查询 Asset Bundle ----
2026-8-31 20:37:25-debug: 查询 Asset Bundle start, progress: 5%
2026-8-31 20:37:25-debug: // ---- build task 查询 Asset Bundle ---- (4ms)
2026-8-31 20:37:25-debug: [Build Memory track]: 查询 Asset Bundle start:228.81MB, end 228.91MB, increase: 103.93KB
2026-8-31 20:37:25-debug: // ---- build task 整理部分构建选项内数据到 settings.json ----
2026-8-31 20:37:25-log: run build task 查询 Asset Bundle success in 4 ms√, progress: 10%
2026-8-31 20:37:25-debug: 整理部分构建选项内数据到 settings.json start, progress: 10%
2026-8-31 20:37:25-debug: // ---- build task 整理部分构建选项内数据到 settings.json ---- (3ms)
2026-8-31 20:37:25-log: run build task 整理部分构建选项内数据到 settings.json success in 3 ms√, progress: 12%
2026-8-31 20:37:25-debug: 填充脚本数据到 settings.json start, progress: 12%
2026-8-31 20:37:25-debug: [Build Memory track]: 整理部分构建选项内数据到 settings.json start:228.94MB, end 228.20MB, increase: -762.79KB
2026-8-31 20:37:25-debug: // ---- build task 填充脚本数据到 settings.json ----
2026-8-31 20:37:25-debug: // ---- build task 填充脚本数据到 settings.json ---- (3ms)
2026-8-31 20:37:25-log: run build task 填充脚本数据到 settings.json success in 3 ms√, progress: 13%
2026-8-31 20:37:25-debug: [Build Memory track]: 填充脚本数据到 settings.json start:228.23MB, end 228.25MB, increase: 25.96KB
2026-8-31 20:37:25-debug: 整理部分构建选项内数据到 settings.json start, progress: 13%
2026-8-31 20:37:25-debug: // ---- build task 整理部分构建选项内数据到 settings.json ----
2026-8-31 20:37:25-debug: // ---- build task 整理部分构建选项内数据到 settings.json ---- (7ms)
2026-8-31 20:37:25-log: run build task 整理部分构建选项内数据到 settings.json success in 7 ms√, progress: 15%
2026-8-31 20:37:25-debug: [Build Memory track]: 整理部分构建选项内数据到 settings.json start:228.28MB, end 228.41MB, increase: 134.96KB
2026-8-31 20:37:26-debug: Query all assets info in project
2026-8-31 20:37:26-debug: init custom config: keepNodeUuid: false, useCache: true
2026-8-31 20:37:26-debug: Skip compress image, progress: 0%
2026-8-31 20:37:26-debug: Init all bundles start..., progress: 0%
2026-8-31 20:37:26-debug: // ---- build task 查询 Asset Bundle ----
2026-8-31 20:37:26-debug: Init bundle root assets start..., progress: 0%
2026-8-31 20:37:26-debug: Num of bundles: 3..., progress: 0%
2026-8-31 20:37:26-debug: 查询 Asset Bundle start, progress: 0%
2026-8-31 20:37:26-debug: Query preload assets/scripts from cc.config.json: 60f7195c-ec2a-45eb-ba94-8955f60e81d0,1c02ae6f-4492-4915-b8f8-7492a3b1e4cd,810e96e4-e456-4468-9b59-f4e8f39732c0,efe8e2a3-eace-427b-b4f1-cb8a937ec77d,e9aa9a3e-5b2b-4ac7-a2c7-073de2b2b24f,8bbdbcdd-5cd4-4100-b6d5-b7c9625b6107,50f4348b-c883-4e2f-8f11-ce233b859fa1,fda095cb-831d-4601-ad94-846013963de8,f92806d7-1768-443f-afe8-12bcde84d0f0,dd3a144d-ab7f-41f0-82b8-2e43a090d496,f0416e68-0200-4b77-a926-4f9d16e494da,511d2633-09a7-4bdd-ac42-f778032124b3,5d45aa00-e064-4938-b314-4265f0c2258c,9361fd90-ba52-4f84-aa93-6e878fd576ca,970b0598-bcb0-4714-91fb-2e81440dccd8,bcd64cc6-2dd9-43f6-abbe-66318d332032,d930590d-bb92-4cc8-8bd1-23cd027f9edf,a3cd009f-0ab0-420d-9278-b9fdab939bbc,6a2d0734-bd9e-4ddf-946e-caa52498cb75,c27215d8-6835-4b68-bfbb-bdeac6100c04,b5d6115f-0370-4d7c-aad3-c194cc71cf98,d1346436-ac96-4271-b863-1f4fdead95b0,971bdb23-3ff6-43eb-b422-1c30165a3663,17debcc3-0a6b-4b8a-b00b-dc58b885581e,711ebe11-f673-4cd9-9a83-63c60ba54c5b,c0143906-9aed-447e-9436-2ae8512d1b6e,14da1725-c4c2-42b4-ab08-ee0aeb6898b3,081cab31-dccd-428e-8652-f2404cc81c47,78e0584a-4343-4727-8f37-e14e65c2a2db,ba21476f-2866-4f81-9c4d-6e359316e448,871c3b6c-7379-419d-bda3-794b239ab90d,1d08ef62-a503-4ce2-8b9a-46c90873f7d3,ff9b0199-ce04-4cfe-86cc-6c719f08d6e4,de1c2107-70c8-4021-8459-6399f24d01c6,cbf30902-517f-40dc-af90-a550bac27cf1,5c601d96-e4c7-4698-991b-7ee674b11079
2026-8-31 20:37:26-debug:   Number of all scenes: 1
2026-8-31 20:37:26-debug:   Number of all scripts: 7
2026-8-31 20:37:26-debug: Init bundle root assets success..., progress: 0%
2026-8-31 20:37:26-debug:   Number of other assets: 319
2026-8-31 20:37:26-debug: // ---- build task 查询 Asset Bundle ---- (11ms)
2026-8-31 20:37:26-log: run build task 查询 Asset Bundle success in 11 ms√, progress: 5%
2026-8-31 20:37:26-debug: [Build Memory track]: 查询 Asset Bundle start:228.79MB, end 228.57MB, increase: -218.45KB
2026-8-31 20:37:26-debug: 查询 Asset Bundle start, progress: 5%
2026-8-31 20:37:26-debug: // ---- build task 查询 Asset Bundle ----
2026-8-31 20:37:26-debug: // ---- build task 查询 Asset Bundle ---- (4ms)
2026-8-31 20:37:26-log: run build task 查询 Asset Bundle success in 4 ms√, progress: 10%
2026-8-31 20:37:26-debug: [Build Memory track]: 查询 Asset Bundle start:228.60MB, end 228.70MB, increase: 103.08KB
2026-8-31 20:37:26-debug: 整理部分构建选项内数据到 settings.json start, progress: 10%
2026-8-31 20:37:26-debug: // ---- build task 整理部分构建选项内数据到 settings.json ----
2026-8-31 20:37:26-debug: // ---- build task 整理部分构建选项内数据到 settings.json ---- (3ms)
2026-8-31 20:37:26-log: run build task 整理部分构建选项内数据到 settings.json success in 3 ms√, progress: 12%
2026-8-31 20:37:26-debug: [Build Memory track]: 整理部分构建选项内数据到 settings.json start:228.73MB, end 228.76MB, increase: 25.75KB
2026-8-31 20:37:26-debug: 填充脚本数据到 settings.json start, progress: 12%
2026-8-31 20:37:26-debug: // ---- build task 填充脚本数据到 settings.json ----
2026-8-31 20:37:26-debug: [Build Memory track]: 填充脚本数据到 settings.json start:228.79MB, end 228.82MB, increase: 26.69KB
2026-8-31 20:37:26-log: run build task 填充脚本数据到 settings.json success in 2 ms√, progress: 13%
2026-8-31 20:37:26-debug: // ---- build task 填充脚本数据到 settings.json ---- (2ms)
2026-8-31 20:37:26-debug: 整理部分构建选项内数据到 settings.json start, progress: 13%
2026-8-31 20:37:26-debug: // ---- build task 整理部分构建选项内数据到 settings.json ----
2026-8-31 20:37:26-debug: // ---- build task 整理部分构建选项内数据到 settings.json ---- (6ms)
2026-8-31 20:37:26-log: run build task 整理部分构建选项内数据到 settings.json success in 6 ms√, progress: 15%
2026-8-31 20:37:26-debug: [Build Memory track]: 整理部分构建选项内数据到 settings.json start:228.85MB, end 228.97MB, increase: 126.36KB
2026-8-31 20:37:40-debug: refresh db internal success
2026-8-31 20:37:40-debug: Run asset db hook engine-extends:afterRefresh ...
2026-8-31 20:37:40-debug: Run asset db hook engine-extends:afterRefresh success!
2026-8-31 20:37:40-debug: refresh db assets success
2026-8-31 20:37:40-debug: asset-db:refresh-all-database (115ms)
2026-8-31 20:37:40-debug: asset-db:worker-effect-data-processing (3ms)
2026-8-31 20:37:40-debug: asset-db-hook-engine-extends-afterRefresh (3ms)
2026-8-31 20:37:49-debug: refresh db internal success
2026-8-31 20:37:49-debug: %cImport%c: D:\GameByself\Cocos\Project1\assets\Scripts\Car.tsbackground: #aaff85; color: #000;color: #000;
2026-8-31 20:37:49-debug: refresh db assets success
2026-8-31 20:37:49-debug: Run asset db hook engine-extends:afterRefresh ...
2026-8-31 20:37:49-debug: Run asset db hook engine-extends:afterRefresh success!
2026-8-31 20:37:49-debug: asset-db:refresh-all-database (110ms)
2026-8-31 20:37:49-debug: asset-db:worker-effect-data-processing (3ms)
2026-8-31 20:37:49-debug: asset-db-hook-engine-extends-afterRefresh (4ms)
2026-8-31 20:37:51-debug: Query all assets info in project
2026-8-31 20:37:51-debug: init custom config: keepNodeUuid: false, useCache: true
2026-8-31 20:37:51-debug: Skip compress image, progress: 0%
2026-8-31 20:37:51-debug: Init all bundles start..., progress: 0%
2026-8-31 20:37:51-debug: // ---- build task 查询 Asset Bundle ----
2026-8-31 20:37:51-debug: Num of bundles: 3..., progress: 0%
2026-8-31 20:37:51-debug: 查询 Asset Bundle start, progress: 0%
2026-8-31 20:37:51-debug: Init bundle root assets start..., progress: 0%
2026-8-31 20:37:51-debug: Query preload assets/scripts from cc.config.json: 60f7195c-ec2a-45eb-ba94-8955f60e81d0,1c02ae6f-4492-4915-b8f8-7492a3b1e4cd,810e96e4-e456-4468-9b59-f4e8f39732c0,efe8e2a3-eace-427b-b4f1-cb8a937ec77d,e9aa9a3e-5b2b-4ac7-a2c7-073de2b2b24f,8bbdbcdd-5cd4-4100-b6d5-b7c9625b6107,50f4348b-c883-4e2f-8f11-ce233b859fa1,fda095cb-831d-4601-ad94-846013963de8,f92806d7-1768-443f-afe8-12bcde84d0f0,dd3a144d-ab7f-41f0-82b8-2e43a090d496,f0416e68-0200-4b77-a926-4f9d16e494da,511d2633-09a7-4bdd-ac42-f778032124b3,5d45aa00-e064-4938-b314-4265f0c2258c,9361fd90-ba52-4f84-aa93-6e878fd576ca,970b0598-bcb0-4714-91fb-2e81440dccd8,bcd64cc6-2dd9-43f6-abbe-66318d332032,d930590d-bb92-4cc8-8bd1-23cd027f9edf,a3cd009f-0ab0-420d-9278-b9fdab939bbc,6a2d0734-bd9e-4ddf-946e-caa52498cb75,c27215d8-6835-4b68-bfbb-bdeac6100c04,b5d6115f-0370-4d7c-aad3-c194cc71cf98,d1346436-ac96-4271-b863-1f4fdead95b0,971bdb23-3ff6-43eb-b422-1c30165a3663,17debcc3-0a6b-4b8a-b00b-dc58b885581e,711ebe11-f673-4cd9-9a83-63c60ba54c5b,c0143906-9aed-447e-9436-2ae8512d1b6e,14da1725-c4c2-42b4-ab08-ee0aeb6898b3,081cab31-dccd-428e-8652-f2404cc81c47,78e0584a-4343-4727-8f37-e14e65c2a2db,ba21476f-2866-4f81-9c4d-6e359316e448,871c3b6c-7379-419d-bda3-794b239ab90d,1d08ef62-a503-4ce2-8b9a-46c90873f7d3,ff9b0199-ce04-4cfe-86cc-6c719f08d6e4,de1c2107-70c8-4021-8459-6399f24d01c6,cbf30902-517f-40dc-af90-a550bac27cf1,5c601d96-e4c7-4698-991b-7ee674b11079
2026-8-31 20:37:51-debug:   Number of all scenes: 1
2026-8-31 20:37:51-debug:   Number of all scripts: 7
2026-8-31 20:37:51-debug: Init bundle root assets success..., progress: 0%
2026-8-31 20:37:51-debug:   Number of other assets: 319
2026-8-31 20:37:51-debug: // ---- build task 查询 Asset Bundle ---- (9ms)
2026-8-31 20:37:51-log: run build task 查询 Asset Bundle success in 9 ms√, progress: 5%
2026-8-31 20:37:51-debug: 查询 Asset Bundle start, progress: 5%
2026-8-31 20:37:51-debug: [Build Memory track]: 查询 Asset Bundle start:230.81MB, end 230.71MB, increase: -102.70KB
2026-8-31 20:37:51-debug: // ---- build task 查询 Asset Bundle ----
2026-8-31 20:37:51-debug: // ---- build task 查询 Asset Bundle ---- (5ms)
2026-8-31 20:37:51-debug: [Build Memory track]: 查询 Asset Bundle start:230.74MB, end 230.84MB, increase: 102.36KB
2026-8-31 20:37:51-log: run build task 查询 Asset Bundle success in 5 ms√, progress: 10%
2026-8-31 20:37:51-debug: 整理部分构建选项内数据到 settings.json start, progress: 10%
2026-8-31 20:37:51-debug: // ---- build task 整理部分构建选项内数据到 settings.json ----
2026-8-31 20:37:51-debug: // ---- build task 整理部分构建选项内数据到 settings.json ---- (1ms)
2026-8-31 20:37:51-log: run build task 整理部分构建选项内数据到 settings.json success in 1 ms√, progress: 12%
2026-8-31 20:37:51-debug: [Build Memory track]: 整理部分构建选项内数据到 settings.json start:230.87MB, end 230.90MB, increase: 26.46KB
2026-8-31 20:37:51-debug: 填充脚本数据到 settings.json start, progress: 12%
2026-8-31 20:37:51-debug: // ---- build task 填充脚本数据到 settings.json ----
2026-8-31 20:37:51-debug: // ---- build task 填充脚本数据到 settings.json ---- (2ms)
2026-8-31 20:37:51-log: run build task 填充脚本数据到 settings.json success in 2 ms√, progress: 13%
2026-8-31 20:37:51-debug: 整理部分构建选项内数据到 settings.json start, progress: 13%
2026-8-31 20:37:51-debug: [Build Memory track]: 填充脚本数据到 settings.json start:230.93MB, end 230.95MB, increase: 25.83KB
2026-8-31 20:37:51-debug: // ---- build task 整理部分构建选项内数据到 settings.json ----
2026-8-31 20:37:51-debug: // ---- build task 整理部分构建选项内数据到 settings.json ---- (6ms)
2026-8-31 20:37:51-log: run build task 整理部分构建选项内数据到 settings.json success in 6 ms√, progress: 15%
2026-8-31 20:37:51-debug: [Build Memory track]: 整理部分构建选项内数据到 settings.json start:230.98MB, end 231.11MB, increase: 125.80KB
2026-8-31 20:38:03-debug: refresh db internal success
2026-8-31 20:38:03-debug: refresh db assets success
2026-8-31 20:38:03-debug: Run asset db hook engine-extends:afterRefresh ...
2026-8-31 20:38:03-debug: Run asset db hook engine-extends:afterRefresh success!
2026-8-31 20:38:03-debug: asset-db:refresh-all-database (106ms)
2026-8-31 20:38:03-debug: asset-db:worker-effect-data-processing (2ms)
2026-8-31 20:38:03-debug: asset-db-hook-engine-extends-afterRefresh (2ms)
2026-8-31 20:38:10-debug: %cImport%c: D:\GameByself\Cocos\Project1\assets\Scenes\Car.scenebackground: #aaff85; color: #000;color: #000;
2026-8-31 20:38:10-debug: asset-db:reimport-assetcb02e093-8bba-4046-8e6e-d0462e7be5da (17ms)
2026-8-31 20:38:11-debug: Query all assets info in project
2026-8-31 20:38:11-debug: init custom config: keepNodeUuid: false, useCache: true
2026-8-31 20:38:11-debug: Skip compress image, progress: 0%
2026-8-31 20:38:11-debug: Num of bundles: 3..., progress: 0%
2026-8-31 20:38:11-debug: // ---- build task 查询 Asset Bundle ----
2026-8-31 20:38:11-debug: 查询 Asset Bundle start, progress: 0%
2026-8-31 20:38:11-debug: Init all bundles start..., progress: 0%
2026-8-31 20:38:11-debug: Init bundle root assets start..., progress: 0%
2026-8-31 20:38:11-debug:   Number of all scenes: 1
2026-8-31 20:38:11-debug:   Number of all scripts: 7
2026-8-31 20:38:11-debug: Query preload assets/scripts from cc.config.json: 60f7195c-ec2a-45eb-ba94-8955f60e81d0,1c02ae6f-4492-4915-b8f8-7492a3b1e4cd,810e96e4-e456-4468-9b59-f4e8f39732c0,efe8e2a3-eace-427b-b4f1-cb8a937ec77d,e9aa9a3e-5b2b-4ac7-a2c7-073de2b2b24f,8bbdbcdd-5cd4-4100-b6d5-b7c9625b6107,50f4348b-c883-4e2f-8f11-ce233b859fa1,fda095cb-831d-4601-ad94-846013963de8,f92806d7-1768-443f-afe8-12bcde84d0f0,dd3a144d-ab7f-41f0-82b8-2e43a090d496,f0416e68-0200-4b77-a926-4f9d16e494da,511d2633-09a7-4bdd-ac42-f778032124b3,5d45aa00-e064-4938-b314-4265f0c2258c,9361fd90-ba52-4f84-aa93-6e878fd576ca,970b0598-bcb0-4714-91fb-2e81440dccd8,bcd64cc6-2dd9-43f6-abbe-66318d332032,d930590d-bb92-4cc8-8bd1-23cd027f9edf,a3cd009f-0ab0-420d-9278-b9fdab939bbc,6a2d0734-bd9e-4ddf-946e-caa52498cb75,c27215d8-6835-4b68-bfbb-bdeac6100c04,b5d6115f-0370-4d7c-aad3-c194cc71cf98,d1346436-ac96-4271-b863-1f4fdead95b0,971bdb23-3ff6-43eb-b422-1c30165a3663,17debcc3-0a6b-4b8a-b00b-dc58b885581e,711ebe11-f673-4cd9-9a83-63c60ba54c5b,c0143906-9aed-447e-9436-2ae8512d1b6e,14da1725-c4c2-42b4-ab08-ee0aeb6898b3,081cab31-dccd-428e-8652-f2404cc81c47,78e0584a-4343-4727-8f37-e14e65c2a2db,ba21476f-2866-4f81-9c4d-6e359316e448,871c3b6c-7379-419d-bda3-794b239ab90d,1d08ef62-a503-4ce2-8b9a-46c90873f7d3,ff9b0199-ce04-4cfe-86cc-6c719f08d6e4,de1c2107-70c8-4021-8459-6399f24d01c6,cbf30902-517f-40dc-af90-a550bac27cf1,5c601d96-e4c7-4698-991b-7ee674b11079
2026-8-31 20:38:11-debug:   Number of other assets: 319
2026-8-31 20:38:11-debug: Init bundle root assets success..., progress: 0%
2026-8-31 20:38:11-debug: // ---- build task 查询 Asset Bundle ---- (12ms)
2026-8-31 20:38:11-debug: [Build Memory track]: 查询 Asset Bundle start:232.01MB, end 231.89MB, increase: -122.30KB
2026-8-31 20:38:11-log: run build task 查询 Asset Bundle success in 12 ms√, progress: 5%
2026-8-31 20:38:11-debug: // ---- build task 查询 Asset Bundle ----
2026-8-31 20:38:11-debug: 查询 Asset Bundle start, progress: 5%
2026-8-31 20:38:11-debug: // ---- build task 查询 Asset Bundle ---- (17ms)
2026-8-31 20:38:11-log: run build task 查询 Asset Bundle success in 17 ms√, progress: 10%
2026-8-31 20:38:11-debug: 整理部分构建选项内数据到 settings.json start, progress: 10%
2026-8-31 20:38:11-debug: [Build Memory track]: 查询 Asset Bundle start:231.92MB, end 232.02MB, increase: 103.81KB
2026-8-31 20:38:11-debug: // ---- build task 整理部分构建选项内数据到 settings.json ----
2026-8-31 20:38:11-debug: // ---- build task 整理部分构建选项内数据到 settings.json ---- (2ms)
2026-8-31 20:38:11-log: run build task 整理部分构建选项内数据到 settings.json success in 2 ms√, progress: 12%
2026-8-31 20:38:11-debug: 填充脚本数据到 settings.json start, progress: 12%
2026-8-31 20:38:11-debug: [Build Memory track]: 整理部分构建选项内数据到 settings.json start:232.05MB, end 232.08MB, increase: 26.39KB
2026-8-31 20:38:11-debug: // ---- build task 填充脚本数据到 settings.json ----
2026-8-31 20:38:11-debug: // ---- build task 填充脚本数据到 settings.json ---- (2ms)
2026-8-31 20:38:11-log: run build task 填充脚本数据到 settings.json success in 2 ms√, progress: 13%
2026-8-31 20:38:11-debug: 整理部分构建选项内数据到 settings.json start, progress: 13%
2026-8-31 20:38:11-debug: [Build Memory track]: 填充脚本数据到 settings.json start:232.11MB, end 232.13MB, increase: 29.36KB
2026-8-31 20:38:11-debug: // ---- build task 整理部分构建选项内数据到 settings.json ----
2026-8-31 20:38:11-debug: // ---- build task 整理部分构建选项内数据到 settings.json ---- (11ms)
2026-8-31 20:38:11-log: run build task 整理部分构建选项内数据到 settings.json success in 11 ms√, progress: 15%
2026-8-31 20:38:11-debug: [Build Memory track]: 整理部分构建选项内数据到 settings.json start:232.16MB, end 232.29MB, increase: 125.77KB
2026-8-31 20:38:23-debug: refresh db internal success
2026-8-31 20:38:23-debug: refresh db assets success
2026-8-31 20:38:23-debug: Run asset db hook engine-extends:afterRefresh ...
2026-8-31 20:38:23-debug: Run asset db hook engine-extends:afterRefresh success!
2026-8-31 20:38:23-debug: asset-db:refresh-all-database (120ms)
2026-8-31 20:38:23-debug: asset-db:worker-effect-data-processing (1ms)
2026-8-31 20:38:23-debug: asset-db-hook-engine-extends-afterRefresh (1ms)
2026-8-31 20:59:56-debug: refresh db internal success
2026-8-31 20:59:56-debug: refresh db assets success
2026-8-31 20:59:56-debug: Run asset db hook engine-extends:afterRefresh ...
2026-8-31 20:59:56-debug: Run asset db hook engine-extends:afterRefresh success!
2026-8-31 20:59:56-debug: asset-db:refresh-all-database (106ms)
2026-8-31 20:59:56-debug: asset-db:worker-effect-data-processing (2ms)
2026-8-31 20:59:56-debug: asset-db-hook-engine-extends-afterRefresh (2ms)
2026-8-31 21:10:57-debug: refresh db internal success
2026-8-31 21:10:57-debug: refresh db assets success
2026-8-31 21:10:57-debug: Run asset db hook engine-extends:afterRefresh ...
2026-8-31 21:10:57-debug: Run asset db hook engine-extends:afterRefresh success!
2026-8-31 21:10:57-debug: asset-db:refresh-all-database (103ms)
2026-8-31 21:10:57-debug: asset-db:worker-effect-data-processing (2ms)
2026-8-31 21:10:57-debug: asset-db-hook-engine-extends-afterRefresh (2ms)
2026-8-31 21:28:57-debug: refresh db internal success
2026-8-31 21:28:57-debug: refresh db assets success
2026-8-31 21:28:57-debug: Run asset db hook engine-extends:afterRefresh ...
2026-8-31 21:28:57-debug: Run asset db hook engine-extends:afterRefresh success!
2026-8-31 21:28:57-debug: asset-db:refresh-all-database (133ms)
2026-8-31 21:28:57-debug: asset-db:worker-effect-data-processing (2ms)
2026-8-31 21:28:57-debug: asset-db-hook-engine-extends-afterRefresh (3ms)
2026-8-31 21:39:01-debug: refresh db internal success
2026-8-31 21:39:01-debug: refresh db assets success
2026-8-31 21:39:01-debug: Run asset db hook engine-extends:afterRefresh ...
2026-8-31 21:39:01-debug: Run asset db hook engine-extends:afterRefresh success!
2026-8-31 21:39:01-debug: asset-db:refresh-all-database (114ms)
2026-8-31 21:39:01-debug: asset-db:worker-effect-data-processing (1ms)
2026-8-31 21:39:01-debug: asset-db-hook-engine-extends-afterRefresh (1ms)
